transaction_id,date,product,category,amount,payment_method
R100000,2025-09-22,Earphones,Accessories,213.0,UPI_APP
R100001,2025-09-22,Power bank,Accessories,359.0,CARD
R100002,2025-09-22,Bedsheet set,Home Essentials,561.0,UPI_QR
R100003,2025-09-22,Curtains,Home Essentials,813.0,UPI_QR
R100004,2025-09-22,Curtains,Home Essentials,1960.0,UPI_APP
R100005,2025-09-22,Smart TV 43in,Electronics,9790.0,UPI_QR
R100006,2025-09-22,Charger,Accessories,120.0,CASH
R100007,2025-09-22,Cookware set,Home Essentials,1380.0,CASH
R100008,2025-09-22,Power bank,Accessories,493.0,UPI_APP
R100009,2025-09-22,Mixer jar,Home Essentials,566.0,UPI_QR
R100010,2025-09-22,Gaming console,Electronics,13620.0,CASH
R100011,2025-09-22,Formal shirt,Apparel,1810.0,UPI_APP
R100012,2025-09-22,Phone case,Accessories,245.0,CARD
R100013,2025-09-22,Smart TV 43in,Electronics,21810.0,CARD
R100014,2025-09-22,Formal shirt,Apparel,1120.0,UPI_APP
R100015,2025-09-22,Power bank,Accessories,217.0,CASH
R100016,2025-09-22,Earphones,Accessories,241.0,CARD
R100017,2025-09-22,Phone case,Accessories,756.0,CASH
R100018,2025-09-22,Jacket,Apparel,1430.0,CASH
R100019,2025-09-22,Tablet,Electronics,81900.0,CARD
R100020,2025-09-22,Jacket,Apparel,1230.0,UPI_QR
R100021,2025-09-22,Jeans,Apparel,845.0,CARD
R100022,2025-09-22,Washing machine,Appliances,24480.0,CARD
R100023,2025-09-22,Sports shoes,Apparel,2300.0,UPI_APP
R100024,2025-09-22,Mixer jar,Home Essentials,1740.0,CARD
R100025,2025-09-23,Jeans,Apparel,1020.0,UPI_QR
R100026,2025-09-23,Screen guard,Accessories,708.0,UPI_APP
R100027,2025-09-23,Gaming console,Electronics,31400.0,CARD
R100028,2025-09-23,Smart TV 43in,Electronics,17200.0,CARD
R100029,2025-09-23,Power bank,Accessories,192.0,UPI_QR
R100030,2025-09-23,Tablet,Electronics,23000.0,UPI_APP
R100031,2025-09-23,Bedsheet set,Home Essentials,1300.0,UPI_QR
R100032,2025-09-23,Gaming console,Electronics,9990.0,UPI_QR
R100033,2025-09-23,Formal shirt,Apparel,2000.0,UPI_QR
R100034,2025-09-23,Power bank,Accessories,224.0,UPI_QR
R100035,2025-09-23,Smart TV 43in,Electronics,8970.0,CARD
R100036,2025-09-23,Soundbar,Electronics,26670.0,UPI_QR
R100037,2025-09-23,Screen guard,Accessories,444.0,CARD
R100038,2025-09-23,Bedsheet set,Home Essentials,230.0,UPI_QR
R100039,2025-09-23,Smartphone C,Mobiles,18900.0,CASH
R100040,2025-09-23,Sports shoes,Apparel,2990.0,UPI_APP
R100041,2025-09-23,Refrigerator,Appliances,22630.0,CARD
R100042,2025-09-23,Smartphone B,Mobiles,25130.0,UPI_QR
R100043,2025-09-23,Earphones,Accessories,390.0,UPI_APP
R100044,2025-09-23,Jeans,Apparel,2050.0,UPI_QR
R100045,2025-09-23,Air conditioner,Appliances,13300.0,UPI_QR
R100046,2025-09-23,Mixer jar,Home Essentials,633.0,UPI_QR
R100047,2025-09-23,Storage box,Home Essentials,634.0,UPI_QR
R100048,2025-09-23,Cookware set,Home Essentials,544.0,UPI_QR
R100049,2025-09-23,Tablet,Electronics,27290.0,CARD
R100050,2025-09-24,Smart TV 43in,Electronics,17080.0,UPI_APP
R100051,2025-09-24,Cookware set,Home Essentials,396.0,UPI_QR
R100052,2025-09-24,Air conditioner,Appliances,11720.0,UPI_QR
R100053,2025-09-24,Mixer jar,Home Essentials,1220.0,CASH
R100054,2025-09-24,Phone case,Accessories,763.0,UPI_QR
R100055,2025-09-24,Power bank,Accessories,780.0,UPI_QR
R100056,2025-09-24,Washing machine,Appliances,10840.0,UPI_APP
R100057,2025-09-24,Curtains,Home Essentials,972.0,UPI_APP
R100058,2025-09-24,Cookware set,Home Essentials,682.0,CASH
R100059,2025-09-24,Earphones,Accessories,452.0,CARD
R100060,2025-09-24,Mixer jar,Home Essentials,538.0,CARD
R100061,2025-09-24,Laptop,Electronics,7590.0,UPI_QR
R100062,2025-09-24,Phone case,Accessories,348.0,CASH
R100063,2025-09-24,Jacket,Apparel,1610.0,CASH
R100064,2025-09-24,Bed frame,Furniture,15160.0,CARD
R100065,2025-09-24,Screen guard,Accessories,435.0,UPI_QR
R100066,2025-09-24,Kurta set,Apparel,1790.0,CASH
R100067,2025-09-24,Earphones,Accessories,941.0,UPI_APP
R100068,2025-09-24,Smart TV 43in,Electronics,4340.0,UPI_APP
R100069,2025-09-24,Bed frame,Furniture,13530.0,UPI_QR
R100070,2025-09-24,Gaming console,Electronics,29060.0,CARD
R100071,2025-09-24,Dining table,Furniture,57040.0,CARD
R100072,2025-09-24,Smartphone A,Mobiles,19090.0,CARD
R100073,2025-09-24,Gaming console,Electronics,20290.0,CASH
R100074,2025-09-24,Soundbar,Electronics,8170.0,CARD
R100075,2025-09-24,Earphones,Accessories,161.0,CASH
R100076,2025-09-24,Kurta set,Apparel,1490.0,UPI_QR
R100077,2025-09-25,Cookware set,Home Essentials,240.0,CARD
R100078,2025-09-25,Bedsheet set,Home Essentials,671.0,UPI_APP
R100079,2025-09-25,Power bank,Accessories,279.0,UPI_QR
R100080,2025-09-25,Smartphone C,Mobiles,55850.0,UPI_QR
R100081,2025-09-25,Charger,Accessories,509.0,CARD
R100082,2025-09-25,Smart TV 43in,Electronics,7120.0,CARD
R100083,2025-09-25,Kurta set,Apparel,1080.0,UPI_QR
R100084,2025-09-25,Refrigerator,Appliances,24850.0,CARD
R100085,2025-09-25,Microwave,Appliances,30200.0,CARD
R100086,2025-09-25,Sports shoes,Apparel,1500.0,CARD
R100087,2025-09-25,Earphones,Accessories,338.0,UPI_QR
R100088,2025-09-25,Jacket,Apparel,1350.0,CASH
R100089,2025-09-25,Washing machine,Appliances,21280.0,UPI_QR
R100090,2025-09-25,Microwave,Appliances,51490.0,UPI_APP
R100091,2025-09-25,Jeans,Apparel,942.0,CASH
R100092,2025-09-25,Sofa set,Furniture,12150.0,UPI_QR
R100093,2025-09-25,Jeans,Apparel,1230.0,UPI_QR
R100094,2025-09-25,Washing machine,Appliances,16630.0,UPI_APP
R100095,2025-09-25,Mixer jar,Home Essentials,516.0,UPI_APP
R100096,2025-09-25,Refrigerator,Appliances,29060.0,UPI_QR
R100097,2025-09-25,Foldable phone,Mobiles,36460.0,UPI_QR
R100098,2025-09-25,Storage box,Home Essentials,910.0,CASH
R100099,2025-09-25,Jeans,Apparel,1300.0,CASH
R100100,2025-09-25,Cookware set,Home Essentials,670.0,UPI_APP
R100101,2025-09-25,Jeans,Apparel,3040.0,CARD
R100102,2025-09-25,Storage box,Home Essentials,619.0,CARD
R100103,2025-09-25,Water purifier,Appliances,25080.0,UPI_QR
R100104,2025-09-25,Washing machine,Appliances,33750.0,CARD
R100105,2025-09-25,Laptop,Electronics,20150.0,UPI_QR
R100106,2025-09-25,Screen guard,Accessories,288.0,UPI_QR
R100107,2025-09-25,Jacket,Apparel,2020.0,UPI_APP
R100108,2025-09-25,Jacket,Apparel,887.0,CASH
R100109,2025-09-25,Power bank,Accessories,912.0,CARD
R100110,2025-09-25,Air conditioner,Appliances,38710.0,UPI_QR
R100111,2025-09-25,Jacket,Apparel,2320.0,UPI_QR
R100112,2025-09-25,Laptop,Electronics,19430.0,UPI_APP
R100113,2025-09-25,Power bank,Accessories,808.0,UPI_QR
R100114,2025-09-25,Mixer jar,Home Essentials,794.0,CARD
R100115,2025-09-26,Sports shoes,Apparel,3030.0,UPI_APP
R100116,2025-09-26,Soundbar,Electronics,111040.0,UPI_APP
R100117,2025-09-26,Smartphone A,Mobiles,25730.0,UPI_APP
R100118,2025-09-26,Phone case,Accessories,364.0,UPI_QR
R100119,2025-09-26,Kurta set,Apparel,2310.0,CARD
R100120,2025-09-26,Tablet,Electronics,5760.0,CARD
R100121,2025-09-26,Charger,Accessories,327.0,CARD
R100122,2025-09-26,Power bank,Accessories,714.0,CARD
R100123,2025-09-26,Bed frame,Furniture,12790.0,CARD
R100124,2025-09-26,Curtains,Home Essentials,278.0,CARD
R100125,2025-09-26,Bed frame,Furniture,7050.0,CARD
R100126,2025-09-26,Jeans,Apparel,1930.0,CASH
R100127,2025-09-26,Soundbar,Electronics,103310.0,CARD
R100128,2025-09-26,Formal shirt,Apparel,813.0,UPI_QR
R100129,2025-09-26,Jeans,Apparel,1080.0,UPI_QR
R100130,2025-09-26,Tablet,Electronics,30670.0,CARD
R100131,2025-09-26,Refrigerator,Appliances,28760.0,CASH
R100132,2025-09-26,Dining table,Furniture,11550.0,UPI_QR
R100133,2025-09-26,Air conditioner,Appliances,56630.0,CARD
R100134,2025-09-26,Screen guard,Accessories,238.0,CARD
R100135,2025-09-26,Foldable phone,Mobiles,27660.0,CARD
R100136,2025-09-26,Jeans,Apparel,3110.0,CARD
R100137,2025-09-27,Jeans,Apparel,1730.0,UPI_APP
R100138,2025-09-27,Smart TV 43in,Electronics,10670.0,UPI_APP
R100139,2025-09-27,Jacket,Apparel,1280.0,CASH
R100140,2025-09-27,Screen guard,Accessories,446.0,UPI_QR
R100141,2025-09-27,Wardrobe,Furniture,17400.0,UPI_APP
R100142,2025-09-27,Power bank,Accessories,601.0,UPI_QR
R100143,2025-09-27,Phone case,Accessories,834.0,UPI_QR
R100144,2025-09-27,Gaming console,Electronics,35640.0,CARD
R100145,2025-09-27,Microwave,Appliances,7230.0,UPI_QR
R100146,2025-09-27,Refrigerator,Appliances,16850.0,UPI_QR
R100147,2025-09-27,Curtains,Home Essentials,523.0,UPI_APP
R100148,2025-09-27,Curtains,Home Essentials,917.0,UPI_QR
R100149,2025-09-27,Smartphone B,Mobiles,16340.0,CARD
R100150,2025-09-27,Phone case,Accessories,1260.0,UPI_QR
R100151,2025-09-27,Power bank,Accessories,325.0,UPI_QR
R100152,2025-09-27,Sports shoes,Apparel,1020.0,UPI_APP
R100153,2025-09-27,Jeans,Apparel,835.0,UPI_APP
R100154,2025-09-27,Refrigerator,Appliances,24370.0,UPI_APP
R100155,2025-09-27,Power bank,Accessories,1800.0,UPI_APP
R100156,2025-09-27,Screen guard,Accessories,333.0,CARD
R100157,2025-09-27,Water purifier,Appliances,9470.0,UPI_QR
R100158,2025-09-27,Gaming console,Electronics,17530.0,CASH
R100159,2025-09-27,Curtains,Home Essentials,2080.0,UPI_APP
R100160,2025-09-27,Power bank,Accessories,178.0,UPI_APP
R100161,2025-09-27,Gaming console,Electronics,36100.0,CARD
R100162,2025-09-27,Bed frame,Furniture,9730.0,UPI_APP
R100163,2025-09-27,Jeans,Apparel,1730.0,UPI_QR
R100164,2025-09-27,Mixer jar,Home Essentials,1390.0,CASH
R100165,2025-09-27,Formal shirt,Apparel,709.0,UPI_QR
R100166,2025-09-27,Jacket,Apparel,2070.0,CARD
R100167,2025-09-27,Storage box,Home Essentials,745.0,UPI_QR
R100168,2025-09-27,Gaming console,Electronics,10620.0,UPI_QR
R100169,2025-09-27,Water purifier,Appliances,41100.0,CARD
R100170,2025-09-27,Kurta set,Apparel,716.0,UPI_QR
R100171,2025-09-27,Jacket,Apparel,2960.0,UPI_QR
R100172,2025-09-27,Earphones,Accessories,99.0,CASH
R100173,2025-09-27,Phone case,Accessories,639.0,UPI_QR
R100174,2025-09-27,Tablet,Electronics,20290.0,CASH
R100175,2025-09-27,Screen guard,Accessories,853.0,CARD
R100176,2025-09-27,Screen guard,Accessories,862.0,UPI_QR
R100177,2025-09-27,Screen guard,Accessories,599.0,CASH
R100178,2025-09-27,Bedsheet set,Home Essentials,572.0,UPI_APP
R100179,2025-09-28,Sports shoes,Apparel,2920.0,CARD
R100180,2025-09-28,Screen guard,Accessories,1440.0,UPI_QR
R100181,2025-09-28,Phone case,Accessories,499.0,UPI_APP
R100182,2025-09-28,Charger,Accessories,269.0,CASH
R100183,2025-09-28,Jacket,Apparel,945.0,UPI_APP
R100184,2025-09-28,Formal shirt,Apparel,2140.0,UPI_QR
R100185,2025-09-28,Cookware set,Home Essentials,1700.0,UPI_APP
R100186,2025-09-28,Formal shirt,Apparel,2200.0,CARD
R100187,2025-09-28,Bedsheet set,Home Essentials,187.0,UPI_QR
R100188,2025-09-28,Cookware set,Home Essentials,592.0,CARD
R100189,2025-09-28,Power bank,Accessories,316.0,CARD
R100190,2025-09-28,Power bank,Accessories,510.0,CASH
R100191,2025-09-28,Formal shirt,Apparel,1000.0,UPI_QR
R100192,2025-09-28,Earphones,Accessories,800.0,CASH
R100193,2025-09-28,Charger,Accessories,944.0,CASH
R100194,2025-09-28,Power bank,Accessories,525.0,UPI_APP
R100195,2025-09-28,Phone case,Accessories,1610.0,CASH
R100196,2025-09-28,Soundbar,Electronics,8330.0,UPI_QR
R100197,2025-09-28,Kurta set,Apparel,1830.0,CARD
R100198,2025-09-28,Sports shoes,Apparel,1680.0,CARD
R100199,2025-09-28,Water purifier,Appliances,20060.0,UPI_APP
R100200,2025-09-28,Water purifier,Appliances,16140.0,CARD
R100201,2025-09-28,Formal shirt,Apparel,1320.0,UPI_QR
R100202,2025-09-28,Storage box,Home Essentials,535.0,UPI_APP
R100203,2025-09-28,Tablet,Electronics,15020.0,CASH
R100204,2025-09-28,Phone case,Accessories,1160.0,UPI_QR
R100205,2025-09-28,Screen guard,Accessories,465.0,UPI_QR
R100206,2025-09-28,Smart TV 43in,Electronics,16200.0,CARD
R100207,2025-09-28,Earphones,Accessories,509.0,UPI_QR
R100208,2025-09-28,Mixer jar,Home Essentials,155.0,CARD
R100209,2025-09-28,Office chair,Furniture,21370.0,UPI_APP
R100210,2025-09-28,Air conditioner,Appliances,20830.0,CARD
R100211,2025-09-28,Smartphone A,Mobiles,17140.0,CASH
R100212,2025-09-28,Power bank,Accessories,974.0,CARD
R100213,2025-09-28,Earphones,Accessories,108.0,CARD
R100214,2025-09-28,Formal shirt,Apparel,1330.0,CARD
R100215,2025-09-28,Storage box,Home Essentials,428.0,CARD
R100216,2025-09-28,Smartphone C,Mobiles,15350.0,UPI_APP
R100217,2025-09-28,Kurta set,Apparel,2030.0,UPI_QR
R100218,2025-09-28,Bedsheet set,Home Essentials,1320.0,UPI_QR
R100219,2025-09-28,Curtains,Home Essentials,535.0,CARD
R100220,2025-09-28,Sofa set,Furniture,15270.0,UPI_APP
R100221,2025-09-28,Earphones,Accessories,374.0,UPI_QR
R100222,2025-09-28,Refrigerator,Appliances,32940.0,UPI_QR
R100223,2025-09-28,Power bank,Accessories,178.0,CARD
R100224,2025-09-28,Power bank,Accessories,349.0,CARD
R100225,2025-09-28,Sports shoes,Apparel,2730.0,CARD
R100226,2025-09-28,Smart TV 43in,Electronics,20150.0,CARD
R100227,2025-09-28,Storage box,Home Essentials,283.0,CARD
R100228,2025-09-29,Charger,Accessories,562.0,UPI_QR
R100229,2025-09-29,Charger,Accessories,239.0,UPI_QR
R100230,2025-09-29,Air conditioner,Appliances,19870.0,UPI_QR
R100231,2025-09-29,Soundbar,Electronics,47410.0,CARD
R100232,2025-09-29,Screen guard,Accessories,1210.0,CASH
R100233,2025-09-29,Wardrobe,Furniture,6840.0,CARD
R100234,2025-09-29,Bedsheet set,Home Essentials,317.0,CARD
R100235,2025-09-29,Phone case,Accessories,677.0,UPI_QR
R100236,2025-09-29,Earphones,Accessories,1250.0,CARD
R100237,2025-09-29,Water purifier,Appliances,12630.0,UPI_APP
R100238,2025-09-29,Screen guard,Accessories,344.0,UPI_APP
R100239,2025-09-29,Gaming console,Electronics,34500.0,CARD
R100240,2025-09-29,Screen guard,Accessories,616.0,CASH
R100241,2025-09-29,Cookware set,Home Essentials,399.0,UPI_QR
R100242,2025-09-29,Foldable phone,Mobiles,10520.0,UPI_QR
R100243,2025-09-29,Power bank,Accessories,982.0,UPI_QR
R100244,2025-09-29,Water purifier,Appliances,14460.0,UPI_APP
R100245,2025-09-29,Kurta set,Apparel,1620.0,CARD
R100246,2025-09-29,Storage box,Home Essentials,507.0,UPI_QR
R100247,2025-09-29,Storage box,Home Essentials,610.0,CARD
R100248,2025-09-29,Formal shirt,Apparel,1320.0,UPI_APP
R100249,2025-09-30,Bedsheet set,Home Essentials,1190.0,CARD
R100250,2025-09-30,Power bank,Accessories,223.0,CARD
R100251,2025-09-30,Smartphone C,Mobiles,32800.0,UPI_APP
R100252,2025-09-30,Cookware set,Home Essentials,673.0,UPI_APP
R100253,2025-09-30,Charger,Accessories,730.0,CARD
R100254,2025-09-30,Screen guard,Accessories,1340.0,UPI_APP
R100255,2025-09-30,Earphones,Accessories,490.0,CARD
R100256,2025-09-30,Mixer jar,Home Essentials,1310.0,UPI_APP
R100257,2025-09-30,Microwave,Appliances,11230.0,CARD
R100258,2025-09-30,Earphones,Accessories,208.0,UPI_QR
R100259,2025-09-30,Smartphone C,Mobiles,17360.0,UPI_QR
R100260,2025-09-30,Earphones,Accessories,173.0,UPI_QR
R100261,2025-09-30,Screen guard,Accessories,949.0,UPI_QR
R100262,2025-09-30,Bed frame,Furniture,7400.0,UPI_APP
R100263,2025-09-30,Laptop,Electronics,21190.0,UPI_QR
R100264,2025-09-30,Soundbar,Electronics,11340.0,UPI_APP
R100265,2025-09-30,Smart TV 43in,Electronics,19520.0,UPI_QR
R100266,2025-09-30,Earphones,Accessories,943.0,UPI_QR
R100267,2025-09-30,Phone case,Accessories,333.0,UPI_QR
R100268,2025-09-30,Microwave,Appliances,26250.0,CASH
R100269,2025-09-30,Screen guard,Accessories,689.0,CARD
R100270,2025-09-30,Jeans,Apparel,1010.0,UPI_QR
R100271,2025-09-30,Screen guard,Accessories,412.0,UPI_QR
R100272,2025-09-30,Gaming console,Electronics,33350.0,CARD
R100273,2025-09-30,Phone case,Accessories,417.0,UPI_QR
R100274,2025-09-30,Wardrobe,Furniture,14350.0,UPI_QR
R100275,2025-09-30,Washing machine,Appliances,78770.0,UPI_APP
R100276,2025-09-30,Bedsheet set,Home Essentials,227.0,CARD
R100277,2025-09-30,Earphones,Accessories,495.0,UPI_QR
R100278,2025-09-30,Mixer jar,Home Essentials,1200.0,UPI_QR
R100279,2025-09-30,Bedsheet set,Home Essentials,424.0,CASH
R100280,2025-09-30,Office chair,Furniture,16350.0,UPI_APP
R100281,2025-09-30,Phone case,Accessories,393.0,CARD
R100282,2025-10-01,Storage box,Home Essentials,720.0,UPI_APP
R100283,2025-10-01,Earphones,Accessories,179.0,CARD
R100284,2025-10-01,Mixer jar,Home Essentials,1180.0,UPI_QR
R100285,2025-10-01,Bedsheet set,Home Essentials,637.0,CASH
R100286,2025-10-01,Soundbar,Electronics,11250.0,UPI_APP
R100287,2025-10-01,Curtains,Home Essentials,416.0,UPI_QR
R100288,2025-10-01,Laptop,Electronics,2570.0,CARD
R100289,2025-10-01,Office chair,Furniture,14030.0,UPI_QR
R100290,2025-10-01,Charger,Accessories,496.0,CARD
R100291,2025-10-01,Tablet,Electronics,11890.0,CASH
R100292,2025-10-01,Sports shoes,Apparel,633.0,UPI_QR
R100293,2025-10-01,Smartphone C,Mobiles,75030.0,CARD
R100294,2025-10-01,Charger,Accessories,855.0,UPI_QR
R100295,2025-10-01,Bed frame,Furniture,26230.0,CARD
R100296,2025-10-01,Screen guard,Accessories,254.0,UPI_APP
R100297,2025-10-01,Washing machine,Appliances,22050.0,UPI_QR
R100298,2025-10-01,Jacket,Apparel,1430.0,UPI_APP
R100299,2025-10-01,Earphones,Accessories,153.0,UPI_QR
R100300,2025-10-01,Soundbar,Electronics,6750.0,UPI_QR
R100301,2025-10-01,Washing machine,Appliances,32220.0,CARD
R100302,2025-10-01,Formal shirt,Apparel,2510.0,UPI_APP
R100303,2025-10-01,Formal shirt,Apparel,1090.0,CARD
R100304,2025-10-01,Bed frame,Furniture,29090.0,UPI_QR
R100305,2025-10-01,Water purifier,Appliances,10110.0,CARD
R100306,2025-10-01,Power bank,Accessories,172.0,CARD
R100307,2025-10-01,Gaming console,Electronics,22590.0,CARD
R100308,2025-10-01,Laptop,Electronics,24260.0,UPI_APP
R100309,2025-10-01,Formal shirt,Apparel,1490.0,UPI_QR
R100310,2025-10-01,Cookware set,Home Essentials,322.0,CARD
R100311,2025-10-01,Curtains,Home Essentials,414.0,CASH
R100312,2025-10-01,Screen guard,Accessories,327.0,CASH
R100313,2025-10-01,Cookware set,Home Essentials,1560.0,UPI_QR
R100314,2025-10-02,Formal shirt,Apparel,2680.0,UPI_APP
R100315,2025-10-02,Sports shoes,Apparel,888.0,CASH
R100316,2025-10-02,Earphones,Accessories,270.0,UPI_QR
R100317,2025-10-02,Soundbar,Electronics,11620.0,UPI_APP
R100318,2025-10-02,Mixer jar,Home Essentials,359.0,CARD
R100319,2025-10-02,Foldable phone,Mobiles,8910.0,CARD
R100320,2025-10-02,Cookware set,Home Essentials,585.0,UPI_APP
R100321,2025-10-02,Kurta set,Apparel,1170.0,UPI_QR
R100322,2025-10-02,Soundbar,Electronics,41420.0,UPI_APP
R100323,2025-10-02,Microwave,Appliances,30400.0,CARD
R100324,2025-10-02,Earphones,Accessories,486.0,UPI_QR
R100325,2025-10-02,Bedsheet set,Home Essentials,833.0,CASH
R100326,2025-10-02,Power bank,Accessories,501.0,UPI_APP
R100327,2025-10-02,Power bank,Accessories,539.0,CASH
R100328,2025-10-02,Earphones,Accessories,615.0,UPI_APP
R100329,2025-10-02,Sports shoes,Apparel,843.0,CARD
R100330,2025-10-02,Jeans,Apparel,1360.0,UPI_QR
R100331,2025-10-02,Storage box,Home Essentials,1180.0,UPI_APP
R100332,2025-10-02,Charger,Accessories,553.0,UPI_APP
R100333,2025-10-02,Jacket,Apparel,1510.0,UPI_QR
R100334,2025-10-02,Curtains,Home Essentials,950.0,UPI_QR
R100335,2025-10-02,Bed frame,Furniture,35260.0,CASH
R100336,2025-10-02,Jeans,Apparel,926.0,CARD
R100337,2025-10-03,Kurta set,Apparel,1730.0,CARD
R100338,2025-10-03,Jeans,Apparel,1560.0,CARD
R100339,2025-10-03,Power bank,Accessories,659.0,CARD
R100340,2025-10-03,Earphones,Accessories,670.0,UPI_QR
R100341,2025-10-03,Bed frame,Furniture,23830.0,UPI_APP
R100342,2025-10-03,Bedsheet set,Home Essentials,563.0,CASH
R100343,2025-10-03,Sports shoes,Apparel,1850.0,CARD
R100344,2025-10-03,Screen guard,Accessories,854.0,CARD
R100345,2025-10-03,Earphones,Accessories,669.0,UPI_QR
R100346,2025-10-03,Formal shirt,Apparel,1590.0,CASH
R100347,2025-10-03,Dining table,Furniture,15530.0,CASH
R100348,2025-10-03,Power bank,Accessories,356.0,UPI_QR
R100349,2025-10-03,Earphones,Accessories,833.0,UPI_QR
R100350,2025-10-03,Phone case,Accessories,497.0,CARD
R100351,2025-10-03,Phone case,Accessories,447.0,UPI_QR
R100352,2025-10-03,Cookware set,Home Essentials,1150.0,CASH
R100353,2025-10-03,Earphones,Accessories,487.0,UPI_QR
R100354,2025-10-03,Phone case,Accessories,1510.0,UPI_QR
R100355,2025-10-03,Laptop,Electronics,15520.0,CARD
R100356,2025-10-03,Screen guard,Accessories,693.0,CASH
R100357,2025-10-03,Power bank,Accessories,482.0,CARD
R100358,2025-10-03,Power bank,Accessories,681.0,UPI_QR
R100359,2025-10-03,Storage box,Home Essentials,930.0,CARD
R100360,2025-10-03,Smart TV 43in,Electronics,15420.0,CASH
R100361,2025-10-03,Jeans,Apparel,1640.0,CARD
R100362,2025-10-04,Refrigerator,Appliances,24200.0,CASH
R100363,2025-10-04,Storage box,Home Essentials,1610.0,UPI_QR
R100364,2025-10-04,Charger,Accessories,323.0,UPI_QR
R100365,2025-10-04,Washing machine,Appliances,13970.0,UPI_QR
R100366,2025-10-04,Mixer jar,Home Essentials,826.0,UPI_APP
R100367,2025-10-04,Power bank,Accessories,199.0,UPI_APP
R100368,2025-10-04,Laptop,Electronics,30150.0,CARD
R100369,2025-10-04,Charger,Accessories,283.0,UPI_QR
R100370,2025-10-04,Sports shoes,Apparel,1070.0,UPI_QR
R100371,2025-10-04,Bedsheet set,Home Essentials,496.0,CARD
R100372,2025-10-04,Formal shirt,Apparel,1050.0,CARD
R100373,2025-10-04,Jeans,Apparel,1590.0,CARD
R100374,2025-10-04,Phone case,Accessories,343.0,UPI_APP
R100375,2025-10-04,Charger,Accessories,384.0,UPI_QR
R100376,2025-10-04,Air conditioner,Appliances,22180.0,UPI_APP
R100377,2025-10-04,Earphones,Accessories,1750.0,UPI_QR
R100378,2025-10-04,Charger,Accessories,584.0,CASH
R100379,2025-10-04,Screen guard,Accessories,211.0,CASH
R100380,2025-10-04,Kurta set,Apparel,3390.0,CASH
R100381,2025-10-04,Power bank,Accessories,552.0,CARD
R100382,2025-10-04,Bedsheet set,Home Essentials,838.0,UPI_QR
R100383,2025-10-04,Water purifier,Appliances,14620.0,UPI_QR
R100384,2025-10-04,Office chair,Furniture,12070.0,UPI_APP
R100385,2025-10-04,Kurta set,Apparel,1320.0,CASH
R100386,2025-10-04,Charger,Accessories,608.0,UPI_APP
R100387,2025-10-04,Soundbar,Electronics,4760.0,CARD
R100388,2025-10-04,Phone case,Accessories,161.0,UPI_APP
R100389,2025-10-04,Wardrobe,Furniture,23260.0,UPI_QR
R100390,2025-10-04,Smartphone A,Mobiles,21060.0,UPI_APP
R100391,2025-10-04,Sports shoes,Apparel,768.0,CARD
R100392,2025-10-04,Dining table,Furniture,8870.0,CASH
R100393,2025-10-04,Power bank,Accessories,373.0,UPI_APP
R100394,2025-10-04,Cookware set,Home Essentials,400.0,UPI_QR
R100395,2025-10-04,Curtains,Home Essentials,781.0,CARD
R100396,2025-10-04,Refrigerator,Appliances,21810.0,UPI_APP
R100397,2025-10-04,Mixer jar,Home Essentials,1900.0,CARD
R100398,2025-10-04,Laptop,Electronics,54560.0,CARD
R100399,2025-10-04,Charger,Accessories,427.0,UPI_QR
R100400,2025-10-04,Smart TV 43in,Electronics,5690.0,UPI_QR
R100401,2025-10-04,Jacket,Apparel,1670.0,UPI_QR
R100402,2025-10-04,Storage box,Home Essentials,1140.0,UPI_QR
R100403,2025-10-04,Water purifier,Appliances,5600.0,CASH
R100404,2025-10-04,Charger,Accessories,296.0,UPI_APP
R100405,2025-10-04,Microwave,Appliances,29000.0,UPI_QR
R100406,2025-10-05,Laptop,Electronics,11810.0,CASH
R100407,2025-10-05,Formal shirt,Apparel,754.0,UPI_APP
R100408,2025-10-05,Sofa set,Furniture,20180.0,UPI_QR
R100409,2025-10-05,Tablet,Electronics,27020.0,UPI_QR
R100410,2025-10-05,Phone case,Accessories,501.0,UPI_APP
R100411,2025-10-05,Soundbar,Electronics,15920.0,UPI_APP
R100412,2025-10-05,Bedsheet set,Home Essentials,384.0,CARD
R100413,2025-10-05,Curtains,Home Essentials,849.0,UPI_QR
R100414,2025-10-05,Air conditioner,Appliances,26580.0,UPI_QR
R100415,2025-10-05,Wardrobe,Furniture,8660.0,UPI_APP
R100416,2025-10-05,Water purifier,Appliances,38830.0,CARD
R100417,2025-10-05,Cookware set,Home Essentials,947.0,UPI_QR
R100418,2025-10-05,Soundbar,Electronics,10300.0,CARD
R100419,2025-10-05,Jeans,Apparel,1920.0,CARD
R100420,2025-10-05,Refrigerator,Appliances,17950.0,UPI_QR
R100421,2025-10-05,Jacket,Apparel,1220.0,CARD
R100422,2025-10-05,Water purifier,Appliances,13610.0,CARD
R100423,2025-10-05,Gaming console,Electronics,3590.0,CARD
R100424,2025-10-05,Office chair,Furniture,10940.0,UPI_QR
R100425,2025-10-05,Smart TV 43in,Electronics,47060.0,UPI_QR
R100426,2025-10-05,Curtains,Home Essentials,836.0,CARD
R100427,2025-10-05,Water purifier,Appliances,8650.0,UPI_QR
R100428,2025-10-05,Phone case,Accessories,733.0,UPI_QR
R100429,2025-10-05,Gaming console,Electronics,3820.0,UPI_APP
R100430,2025-10-05,Screen guard,Accessories,470.0,UPI_QR
R100431,2025-10-05,Tablet,Electronics,30820.0,UPI_APP
R100432,2025-10-05,Charger,Accessories,619.0,CARD
R100433,2025-10-05,Screen guard,Accessories,985.0,UPI_APP
R100434,2025-10-05,Soundbar,Electronics,21980.0,CARD
R100435,2025-10-05,Gaming console,Electronics,24200.0,UPI_QR
R100436,2025-10-05,Office chair,Furniture,23230.0,UPI_APP
R100437,2025-10-05,Sports shoes,Apparel,955.0,UPI_QR
R100438,2025-10-05,Jacket,Apparel,1040.0,UPI_QR
R100439,2025-10-05,Washing machine,Appliances,9580.0,UPI_APP
R100440,2025-10-05,Kurta set,Apparel,1700.0,UPI_QR
R100441,2025-10-05,Tablet,Electronics,7730.0,UPI_QR
R100442,2025-10-05,Air conditioner,Appliances,18730.0,UPI_APP
R100443,2025-10-05,Dining table,Furniture,19820.0,UPI_APP
R100444,2025-10-05,Bed frame,Furniture,15580.0,CARD
R100445,2025-10-05,Curtains,Home Essentials,1010.0,UPI_APP
R100446,2025-10-05,Soundbar,Electronics,10970.0,CARD
R100447,2025-10-06,Refrigerator,Appliances,23330.0,CASH
R100448,2025-10-06,Formal shirt,Apparel,2460.0,UPI_APP
R100449,2025-10-06,Bedsheet set,Home Essentials,153.0,UPI_APP
R100450,2025-10-06,Washing machine,Appliances,36720.0,CARD
R100451,2025-10-06,Dining table,Furniture,10110.0,CARD
R100452,2025-10-06,Kurta set,Apparel,1660.0,UPI_QR
R100453,2025-10-06,Microwave,Appliances,23010.0,CASH
R100454,2025-10-06,Laptop,Electronics,37100.0,UPI_QR
R100455,2025-10-06,Jacket,Apparel,1480.0,CARD
R100456,2025-10-06,Smartphone C,Mobiles,65040.0,CARD
R100457,2025-10-06,Screen guard,Accessories,142.0,UPI_APP
R100458,2025-10-06,Curtains,Home Essentials,1660.0,CARD
R100459,2025-10-06,Kurta set,Apparel,393.0,UPI_APP
R100460,2025-10-06,Smart TV 43in,Electronics,11220.0,UPI_QR
R100461,2025-10-06,Gaming console,Electronics,33320.0,CARD
R100462,2025-10-06,Phone case,Accessories,381.0,UPI_APP
R100463,2025-10-06,Dining table,Furniture,6980.0,UPI_APP
R100464,2025-10-06,Earphones,Accessories,505.0,UPI_QR
R100465,2025-10-06,Jacket,Apparel,2110.0,UPI_QR
R100466,2025-10-06,Soundbar,Electronics,14910.0,CASH
R100467,2025-10-06,Foldable phone,Mobiles,28110.0,UPI_QR
R100468,2025-10-06,Smart TV 43in,Electronics,7570.0,UPI_APP
R100469,2025-10-06,Cookware set,Home Essentials,1260.0,UPI_QR
R100470,2025-10-06,Refrigerator,Appliances,13740.0,UPI_APP
R100471,2025-10-06,Jeans,Apparel,681.0,UPI_QR
R100472,2025-10-06,Water purifier,Appliances,9660.0,UPI_QR
R100473,2025-10-07,Water purifier,Appliances,14880.0,CARD
R100474,2025-10-07,Smartphone B,Mobiles,17760.0,UPI_QR
R100475,2025-10-07,Formal shirt,Apparel,1570.0,UPI_APP
R100476,2025-10-07,Kurta set,Apparel,1690.0,UPI_QR
R100477,2025-10-07,Microwave,Appliances,20330.0,UPI_APP
R100478,2025-10-07,Foldable phone,Mobiles,16140.0,CASH
R100479,2025-10-07,Smart TV 43in,Electronics,74600.0,CARD
R100480,2025-10-07,Earphones,Accessories,557.0,CASH
R100481,2025-10-07,Bedsheet set,Home Essentials,482.0,UPI_QR
R100482,2025-10-07,Air conditioner,Appliances,28870.0,UPI_QR
R100483,2025-10-07,Screen guard,Accessories,318.0,CARD
R100484,2025-10-07,Laptop,Electronics,33070.0,CASH
R100485,2025-10-07,Storage box,Home Essentials,749.0,CARD
R100486,2025-10-07,Soundbar,Electronics,20440.0,CARD
R100487,2025-10-07,Charger,Accessories,190.0,CARD
R100488,2025-10-07,Soundbar,Electronics,18160.0,UPI_APP
R100489,2025-10-07,Jacket,Apparel,5380.0,CARD
R100490,2025-10-07,Kurta set,Apparel,1010.0,UPI_APP
R100491,2025-10-07,Screen guard,Accessories,787.0,UPI_QR
R100492,2025-10-07,Jacket,Apparel,645.0,UPI_QR
R100493,2025-10-07,Office chair,Furniture,10880.0,UPI_QR
R100494,2025-10-07,Jacket,Apparel,808.0,UPI_APP
R100495,2025-10-07,Tablet,Electronics,7450.0,CARD
R100496,2025-10-07,Refrigerator,Appliances,21770.0,UPI_QR
R100497,2025-10-08,Formal shirt,Apparel,1090.0,UPI_QR
R100498,2025-10-08,Office chair,Furniture,5710.0,CASH
R100499,2025-10-08,Storage box,Home Essentials,507.0,CARD
R100500,2025-10-08,Dining table,Furniture,6010.0,CARD
R100501,2025-10-08,Tablet,Electronics,22060.0,UPI_QR
R100502,2025-10-08,Microwave,Appliances,25050.0,CARD
R100503,2025-10-08,Curtains,Home Essentials,909.0,UPI_APP
R100504,2025-10-08,Office chair,Furniture,13630.0,CARD
R100505,2025-10-08,Power bank,Accessories,1020.0,UPI_QR
R100506,2025-10-08,Screen guard,Accessories,413.0,UPI_QR
R100507,2025-10-08,Formal shirt,Apparel,2980.0,UPI_QR
R100508,2025-10-08,Wardrobe,Furniture,5080.0,CARD
R100509,2025-10-08,Phone case,Accessories,341.0,CARD
R100510,2025-10-08,Charger,Accessories,615.0,UPI_QR
R100511,2025-10-08,Jeans,Apparel,1180.0,CARD
R100512,2025-10-08,Office chair,Furniture,28400.0,CARD
R100513,2025-10-08,Bed frame,Furniture,9980.0,UPI_QR
R100514,2025-10-08,Washing machine,Appliances,44520.0,CARD
R100515,2025-10-08,Formal shirt,Apparel,3330.0,UPI_APP
R100516,2025-10-09,Air conditioner,Appliances,25450.0,UPI_QR
R100517,2025-10-09,Charger,Accessories,297.0,UPI_QR
R100518,2025-10-09,Tablet,Electronics,7990.0,CASH
R100519,2025-10-09,Jacket,Apparel,2800.0,CASH
R100520,2025-10-09,Cookware set,Home Essentials,722.0,UPI_APP
R100521,2025-10-09,Jacket,Apparel,2580.0,UPI_QR
R100522,2025-10-09,Kurta set,Apparel,3540.0,CARD
R100523,2025-10-09,Jacket,Apparel,1220.0,CASH
R100524,2025-10-09,Bedsheet set,Home Essentials,1190.0,CARD
R100525,2025-10-09,Water purifier,Appliances,12360.0,UPI_QR
R100526,2025-10-09,Washing machine,Appliances,11120.0,CARD
R100527,2025-10-09,Bed frame,Furniture,12780.0,UPI_APP
R100528,2025-10-09,Charger,Accessories,777.0,UPI_QR
R100529,2025-10-09,Earphones,Accessories,1730.0,CARD
R100530,2025-10-09,Bedsheet set,Home Essentials,398.0,UPI_QR
R100531,2025-10-09,Bed frame,Furniture,13950.0,CASH
R100532,2025-10-09,Curtains,Home Essentials,1260.0,CASH
R100533,2025-10-09,Air conditioner,Appliances,11490.0,CASH
R100534,2025-10-09,Refrigerator,Appliances,26640.0,CASH
R100535,2025-10-09,Formal shirt,Apparel,718.0,CARD
R100536,2025-10-09,Kurta set,Apparel,2260.0,CARD
R100537,2025-10-09,Office chair,Furniture,17270.0,CASH
R100538,2025-10-09,Smartphone B,Mobiles,36480.0,CARD
R100539,2025-10-09,Power bank,Accessories,377.0,CARD
R100540,2025-10-09,Storage box,Home Essentials,1190.0,UPI_QR
R100541,2025-10-09,Jeans,Apparel,1660.0,UPI_QR
R100542,2025-10-10,Power bank,Accessories,820.0,UPI_APP
R100543,2025-10-10,Formal shirt,Apparel,3900.0,UPI_QR
R100544,2025-10-10,Storage box,Home Essentials,1620.0,UPI_QR
R100545,2025-10-10,Charger,Accessories,382.0,CARD
R100546,2025-10-10,Formal shirt,Apparel,573.0,UPI_QR
R100547,2025-10-10,Earphones,Accessories,996.0,UPI_APP
R100548,2025-10-10,Sports shoes,Apparel,1630.0,CARD
R100549,2025-10-10,Screen guard,Accessories,381.0,UPI_QR
R100550,2025-10-10,Screen guard,Accessories,775.0,UPI_QR
R100551,2025-10-10,Sports shoes,Apparel,999.0,UPI_APP
R100552,2025-10-10,Gaming console,Electronics,9800.0,CARD
R100553,2025-10-10,Wardrobe,Furniture,5460.0,UPI_APP
R100554,2025-10-10,Screen guard,Accessories,319.0,CARD
R100555,2025-10-10,Jeans,Apparel,1670.0,CARD
R100556,2025-10-10,Smart TV 43in,Electronics,51690.0,CARD
R100557,2025-10-10,Mixer jar,Home Essentials,648.0,UPI_QR
R100558,2025-10-10,Jacket,Apparel,1300.0,UPI_QR
R100559,2025-10-10,Screen guard,Accessories,457.0,UPI_APP
R100560,2025-10-10,Tablet,Electronics,26370.0,UPI_QR
R100561,2025-10-10,Bedsheet set,Home Essentials,512.0,CASH
R100562,2025-10-10,Formal shirt,Apparel,2470.0,UPI_QR
R100563,2025-10-10,Bedsheet set,Home Essentials,345.0,UPI_QR
R100564,2025-10-10,Curtains,Home Essentials,729.0,UPI_APP
R100565,2025-10-10,Phone case,Accessories,1450.0,CARD
R100566,2025-10-10,Tablet,Electronics,10930.0,CASH
R100567,2025-10-10,Soundbar,Electronics,19550.0,CARD
R100568,2025-10-10,Office chair,Furniture,10440.0,UPI_QR
R100569,2025-10-10,Storage box,Home Essentials,900.0,UPI_QR
R100570,2025-10-10,Storage box,Home Essentials,674.0,UPI_QR
R100571,2025-10-10,Sports shoes,Apparel,1040.0,UPI_APP
R100572,2025-10-10,Storage box,Home Essentials,1700.0,CARD
R100573,2025-10-10,Power bank,Accessories,146.0,CARD
R100574,2025-10-10,Washing machine,Appliances,10110.0,UPI_QR
R100575,2025-10-10,Jeans,Apparel,4960.0,UPI_APP
R100576,2025-10-10,Formal shirt,Apparel,2070.0,CARD
R100577,2025-10-10,Smartphone B,Mobiles,43710.0,CARD
R100578,2025-10-10,Curtains,Home Essentials,1100.0,CARD
R100579,2025-10-10,Jacket,Apparel,737.0,UPI_QR
R100580,2025-10-10,Foldable phone,Mobiles,24320.0,UPI_QR
R100581,2025-10-10,Screen guard,Accessories,347.0,UPI_QR
R100582,2025-10-10,Storage box,Home Essentials,945.0,UPI_QR
R100583,2025-10-10,Smartphone B,Mobiles,28000.0,CARD
R100584,2025-10-10,Screen guard,Accessories,542.0,CASH
R100585,2025-10-10,Curtains,Home Essentials,813.0,UPI_QR
R100586,2025-10-10,Jacket,Apparel,470.0,CASH
R100587,2025-10-10,Storage box,Home Essentials,1530.0,CASH
R100588,2025-10-10,Charger,Accessories,876.0,UPI_APP
R100589,2025-10-10,Charger,Accessories,287.0,CARD
R100590,2025-10-10,Smart TV 43in,Electronics,191420.0,UPI_APP
R100591,2025-10-10,Curtains,Home Essentials,1560.0,UPI_QR
R100592,2025-10-10,Tablet,Electronics,14060.0,CARD
R100593,2025-10-10,Office chair,Furniture,22820.0,CARD
R100594,2025-10-10,Cookware set,Home Essentials,751.0,UPI_QR
R100595,2025-10-10,Bedsheet set,Home Essentials,407.0,UPI_APP
R100596,2025-10-10,Formal shirt,Apparel,1450.0,CARD
R100597,2025-10-10,Water purifier,Appliances,31190.0,UPI_QR
R100598,2025-10-10,Jacket,Apparel,1450.0,UPI_APP
R100599,2025-10-10,Soundbar,Electronics,15840.0,UPI_APP
R100600,2025-10-10,Foldable phone,Mobiles,25130.0,CASH
R100601,2025-10-10,Jeans,Apparel,2140.0,CASH
R100602,2025-10-10,Storage box,Home Essentials,350.0,UPI_APP
R100603,2025-10-10,Curtains,Home Essentials,814.0,CASH
R100604,2025-10-10,Washing machine,Appliances,54540.0,UPI_QR
R100605,2025-10-10,Earphones,Accessories,480.0,UPI_APP
R100606,2025-10-10,Charger,Accessories,128.0,UPI_QR
R100607,2025-10-10,Wardrobe,Furniture,5900.0,UPI_QR
R100608,2025-10-10,Soundbar,Electronics,2920.0,UPI_QR
R100609,2025-10-11,Kurta set,Apparel,1140.0,CARD
R100610,2025-10-11,Screen guard,Accessories,808.0,UPI_QR
R100611,2025-10-11,Jeans,Apparel,1570.0,UPI_QR
R100612,2025-10-11,Bedsheet set,Home Essentials,510.0,UPI_APP
R100613,2025-10-11,Charger,Accessories,487.0,UPI_QR
R100614,2025-10-11,Laptop,Electronics,7140.0,CARD
R100615,2025-10-11,Phone case,Accessories,790.0,UPI_QR
R100616,2025-10-11,Earphones,Accessories,763.0,CARD
R100617,2025-10-11,Jeans,Apparel,709.0,CARD
R100618,2025-10-11,Jeans,Apparel,2650.0,CASH
R100619,2025-10-11,Cookware set,Home Essentials,411.0,UPI_APP
R100620,2025-10-11,Charger,Accessories,241.0,UPI_QR
R100621,2025-10-11,Formal shirt,Apparel,2630.0,UPI_QR
R100622,2025-10-11,Washing machine,Appliances,26780.0,CARD
R100623,2025-10-11,Jeans,Apparel,3200.0,UPI_QR
R100624,2025-10-11,Cookware set,Home Essentials,715.0,CASH
R100625,2025-10-11,Curtains,Home Essentials,1070.0,UPI_APP
R100626,2025-10-11,Charger,Accessories,376.0,UPI_QR
R100627,2025-10-11,Formal shirt,Apparel,2410.0,CARD
R100628,2025-10-11,Gaming console,Electronics,27530.0,UPI_QR
R100629,2025-10-11,Charger,Accessories,309.0,CARD
R100630,2025-10-11,Water purifier,Appliances,11340.0,UPI_QR
R100631,2025-10-11,Kurta set,Apparel,883.0,CARD
R100632,2025-10-11,Gaming console,Electronics,20990.0,UPI_QR
R100633,2025-10-11,Microwave,Appliances,16650.0,UPI_QR
R100634,2025-10-11,Power bank,Accessories,290.0,UPI_QR
R100635,2025-10-11,Power bank,Accessories,233.0,UPI_QR
R100636,2025-10-11,Jeans,Apparel,1870.0,CASH
R100637,2025-10-11,Gaming console,Electronics,16320.0,CARD
R100638,2025-10-11,Sports shoes,Apparel,1490.0,CASH
R100639,2025-10-11,Power bank,Accessories,1200.0,CASH
R100640,2025-10-11,Bedsheet set,Home Essentials,786.0,UPI_QR
R100641,2025-10-11,Mixer jar,Home Essentials,645.0,CASH
R100642,2025-10-11,Sports shoes,Apparel,1690.0,UPI_QR
R100643,2025-10-11,Air conditioner,Appliances,16030.0,UPI_QR
R100644,2025-10-11,Phone case,Accessories,2820.0,CASH
R100645,2025-10-11,Jacket,Apparel,2050.0,UPI_QR
R100646,2025-10-11,Office chair,Furniture,35940.0,UPI_APP
R100647,2025-10-11,Phone case,Accessories,728.0,UPI_APP
R100648,2025-10-11,Tablet,Electronics,111570.0,CARD
R100649,2025-10-11,Kurta set,Apparel,790.0,UPI_QR
R100650,2025-10-11,Mixer jar,Home Essentials,515.0,UPI_QR
R100651,2025-10-11,Power bank,Accessories,335.0,CARD
R100652,2025-10-11,Formal shirt,Apparel,1470.0,CARD
R100653,2025-10-11,Power bank,Accessories,220.0,UPI_QR
R100654,2025-10-11,Earphones,Accessories,407.0,UPI_QR
R100655,2025-10-11,Earphones,Accessories,648.0,CASH
R100656,2025-10-11,Jeans,Apparel,1220.0,UPI_QR
R100657,2025-10-11,Wardrobe,Furniture,12490.0,UPI_QR
R100658,2025-10-11,Kurta set,Apparel,844.0,UPI_APP
R100659,2025-10-11,Tablet,Electronics,22460.0,UPI_QR
R100660,2025-10-11,Earphones,Accessories,824.0,UPI_QR
R100661,2025-10-11,Formal shirt,Apparel,1120.0,UPI_QR
R100662,2025-10-11,Smart TV 43in,Electronics,8080.0,UPI_APP
R100663,2025-10-11,Gaming console,Electronics,11520.0,UPI_QR
R100664,2025-10-11,Sports shoes,Apparel,1460.0,UPI_QR
R100665,2025-10-11,Storage box,Home Essentials,1410.0,CARD
R100666,2025-10-11,Earphones,Accessories,454.0,CASH
R100667,2025-10-11,Laptop,Electronics,8290.0,UPI_QR
R100668,2025-10-11,Curtains,Home Essentials,498.0,CARD
R100669,2025-10-11,Formal shirt,Apparel,2150.0,UPI_QR
R100670,2025-10-11,Cookware set,Home Essentials,920.0,UPI_QR
R100671,2025-10-11,Power bank,Accessories,578.0,UPI_QR
R100672,2025-10-11,Storage box,Home Essentials,850.0,CARD
R100673,2025-10-11,Washing machine,Appliances,27970.0,UPI_QR
R100674,2025-10-11,Refrigerator,Appliances,20610.0,UPI_APP
R100675,2025-10-11,Mixer jar,Home Essentials,1980.0,UPI_QR
R100676,2025-10-11,Power bank,Accessories,577.0,CARD
R100677,2025-10-11,Power bank,Accessories,1060.0,CARD
R100678,2025-10-11,Bedsheet set,Home Essentials,812.0,CASH
R100679,2025-10-11,Kurta set,Apparel,1250.0,UPI_APP
R100680,2025-10-11,Phone case,Accessories,481.0,CARD
R100681,2025-10-11,Formal shirt,Apparel,2160.0,CARD
R100682,2025-10-11,Charger,Accessories,464.0,CARD
R100683,2025-10-11,Power bank,Accessories,232.0,UPI_APP
R100684,2025-10-11,Smartphone C,Mobiles,24490.0,UPI_QR
R100685,2025-10-11,Formal shirt,Apparel,888.0,UPI_QR
R100686,2025-10-11,Jacket,Apparel,1800.0,UPI_QR
R100687,2025-10-11,Phone case,Accessories,244.0,UPI_QR
R100688,2025-10-11,Charger,Accessories,154.0,CARD
R100689,2025-10-11,Formal shirt,Apparel,1760.0,UPI_QR
R100690,2025-10-11,Power bank,Accessories,441.0,UPI_APP
R100691,2025-10-11,Power bank,Accessories,200.0,UPI_QR
R100692,2025-10-11,Microwave,Appliances,18830.0,UPI_APP
R100693,2025-10-11,Jacket,Apparel,2680.0,CASH
R100694,2025-10-11,Sports shoes,Apparel,2030.0,UPI_APP
R100695,2025-10-11,Jacket,Apparel,2570.0,UPI_QR
R100696,2025-10-11,Formal shirt,Apparel,1150.0,CARD
R100697,2025-10-11,Cookware set,Home Essentials,389.0,CASH
R100698,2025-10-11,Curtains,Home Essentials,1120.0,UPI_QR
R100699,2025-10-11,Screen guard,Accessories,1120.0,UPI_QR
R100700,2025-10-11,Sofa set,Furniture,10920.0,CARD
R100701,2025-10-12,Jeans,Apparel,2130.0,UPI_QR
R100702,2025-10-12,Screen guard,Accessories,837.0,CASH
R100703,2025-10-12,Charger,Accessories,588.0,UPI_QR
R100704,2025-10-12,Sports shoes,Apparel,1680.0,UPI_QR
R100705,2025-10-12,Jeans,Apparel,1960.0,UPI_QR
R100706,2025-10-12,Washing machine,Appliances,10720.0,UPI_QR
R100707,2025-10-12,Bedsheet set,Home Essentials,2990.0,UPI_QR
R100708,2025-10-12,Tablet,Electronics,9810.0,UPI_QR
R100709,2025-10-12,Kurta set,Apparel,2390.0,CASH
R100710,2025-10-12,Screen guard,Accessories,478.0,CARD
R100711,2025-10-12,Charger,Accessories,118.0,UPI_APP
R100712,2025-10-12,Formal shirt,Apparel,1030.0,CARD
R100713,2025-10-12,Sports shoes,Apparel,1200.0,UPI_QR
R100714,2025-10-12,Gaming console,Electronics,11970.0,UPI_APP
R100715,2025-10-12,Smartphone A,Mobiles,37540.0,UPI_QR
R100716,2025-10-12,Earphones,Accessories,553.0,UPI_APP
R100717,2025-10-12,Formal shirt,Apparel,1240.0,UPI_APP
R100718,2025-10-12,Refrigerator,Appliances,27930.0,UPI_QR
R100719,2025-10-12,Power bank,Accessories,603.0,CARD
R100720,2025-10-12,Foldable phone,Mobiles,36710.0,CARD
R100721,2025-10-12,Smart TV 43in,Electronics,9210.0,UPI_APP
R100722,2025-10-12,Charger,Accessories,588.0,CASH
R100723,2025-10-12,Formal shirt,Apparel,2190.0,CASH
R100724,2025-10-12,Screen guard,Accessories,671.0,UPI_QR
R100725,2025-10-12,Power bank,Accessories,410.0,UPI_APP
R100726,2025-10-12,Bed frame,Furniture,29980.0,CASH
R100727,2025-10-12,Storage box,Home Essentials,858.0,UPI_QR
R100728,2025-10-12,Kurta set,Apparel,1220.0,UPI_QR
R100729,2025-10-12,Earphones,Accessories,579.0,UPI_QR
R100730,2025-10-12,Water purifier,Appliances,9800.0,CARD
R100731,2025-10-12,Charger,Accessories,441.0,CASH
R100732,2025-10-12,Earphones,Accessories,372.0,UPI_APP
R100733,2025-10-12,Earphones,Accessories,444.0,UPI_QR
R100734,2025-10-12,Jacket,Apparel,1210.0,UPI_QR
R100735,2025-10-12,Microwave,Appliances,33810.0,UPI_QR
R100736,2025-10-12,Jacket,Apparel,1570.0,UPI_QR
R100737,2025-10-12,Smart TV 43in,Electronics,11970.0,UPI_QR
R100738,2025-10-12,Tablet,Electronics,5050.0,CASH
R100739,2025-10-12,Phone case,Accessories,260.0,UPI_APP
R100740,2025-10-12,Bedsheet set,Home Essentials,564.0,UPI_APP
R100741,2025-10-12,Wardrobe,Furniture,16310.0,CARD
R100742,2025-10-12,Cookware set,Home Essentials,1150.0,UPI_APP
R100743,2025-10-12,Laptop,Electronics,36980.0,UPI_APP
R100744,2025-10-12,Storage box,Home Essentials,684.0,UPI_QR
R100745,2025-10-12,Power bank,Accessories,474.0,UPI_QR
R100746,2025-10-12,Jeans,Apparel,3510.0,CARD
R100747,2025-10-12,Phone case,Accessories,572.0,CARD
R100748,2025-10-12,Kurta set,Apparel,2730.0,CASH
R100749,2025-10-12,Dining table,Furniture,6970.0,CARD
R100750,2025-10-12,Earphones,Accessories,196.0,CARD
R100751,2025-10-12,Gaming console,Electronics,11610.0,CARD
R100752,2025-10-12,Power bank,Accessories,233.0,UPI_QR
R100753,2025-10-12,Bedsheet set,Home Essentials,327.0,UPI_APP
R100754,2025-10-12,Kurta set,Apparel,1210.0,UPI_APP
R100755,2025-10-12,Jacket,Apparel,2840.0,CARD
R100756,2025-10-12,Curtains,Home Essentials,545.0,CARD
R100757,2025-10-12,Power bank,Accessories,754.0,CARD
R100758,2025-10-12,Formal shirt,Apparel,961.0,CASH
R100759,2025-10-12,Sports shoes,Apparel,312.0,UPI_APP
R100760,2025-10-12,Sports shoes,Apparel,1210.0,UPI_QR
R100761,2025-10-12,Earphones,Accessories,696.0,UPI_APP
R100762,2025-10-12,Sports shoes,Apparel,1850.0,CARD
R100763,2025-10-12,Gaming console,Electronics,9820.0,UPI_QR
R100764,2025-10-12,Soundbar,Electronics,71130.0,CARD
R100765,2025-10-12,Formal shirt,Apparel,2270.0,UPI_QR
R100766,2025-10-12,Smartphone B,Mobiles,47000.0,CARD
R100767,2025-10-12,Jacket,Apparel,1500.0,UPI_APP
R100768,2025-10-13,Power bank,Accessories,624.0,CASH
R100769,2025-10-13,Washing machine,Appliances,16740.0,UPI_QR
R100770,2025-10-13,Screen guard,Accessories,538.0,UPI_APP
R100771,2025-10-13,Microwave,Appliances,18560.0,CASH
R100772,2025-10-13,Curtains,Home Essentials,731.0,CASH
R100773,2025-10-13,Foldable phone,Mobiles,51290.0,CARD
R100774,2025-10-13,Dining table,Furniture,17890.0,UPI_QR
R100775,2025-10-13,Air conditioner,Appliances,9100.0,CARD
R100776,2025-10-13,Kurta set,Apparel,1080.0,UPI_QR
R100777,2025-10-13,Soundbar,Electronics,14040.0,CARD
R100778,2025-10-13,Curtains,Home Essentials,390.0,CARD
R100779,2025-10-13,Screen guard,Accessories,290.0,CASH
R100780,2025-10-13,Washing machine,Appliances,35420.0,CARD
R100781,2025-10-13,Jeans,Apparel,1150.0,CARD
R100782,2025-10-13,Jeans,Apparel,1760.0,CARD
R100783,2025-10-13,Water purifier,Appliances,30830.0,CARD
R100784,2025-10-13,Tablet,Electronics,7520.0,UPI_QR
R100785,2025-10-13,Charger,Accessories,587.0,CASH
R100786,2025-10-13,Earphones,Accessories,986.0,UPI_QR
R100787,2025-10-13,Earphones,Accessories,385.0,UPI_APP
R100788,2025-10-13,Sports shoes,Apparel,705.0,UPI_APP
R100789,2025-10-13,Earphones,Accessories,556.0,CARD
R100790,2025-10-13,Water purifier,Appliances,25450.0,UPI_APP
R100791,2025-10-13,Screen guard,Accessories,398.0,UPI_QR
R100792,2025-10-13,Smartphone B,Mobiles,32330.0,CARD
R100793,2025-10-13,Formal shirt,Apparel,812.0,UPI_QR
R100794,2025-10-13,Charger,Accessories,903.0,CARD
R100795,2025-10-13,Smart TV 43in,Electronics,10670.0,CARD
R100796,2025-10-13,Kurta set,Apparel,1300.0,CARD
R100797,2025-10-13,Water purifier,Appliances,10830.0,CARD
R100798,2025-10-13,Storage box,Home Essentials,921.0,UPI_QR
R100799,2025-10-13,Jacket,Apparel,1450.0,UPI_APP
R100800,2025-10-13,Earphones,Accessories,427.0,UPI_APP
R100801,2025-10-13,Mixer jar,Home Essentials,667.0,CARD
R100802,2025-10-13,Jacket,Apparel,1700.0,UPI_APP
R100803,2025-10-13,Curtains,Home Essentials,1000.0,CASH
R100804,2025-10-13,Smart TV 43in,Electronics,16690.0,CARD
R100805,2025-10-13,Jeans,Apparel,836.0,UPI_APP
R100806,2025-10-13,Cookware set,Home Essentials,587.0,UPI_QR
R100807,2025-10-13,Screen guard,Accessories,171.0,CASH
R100808,2025-10-13,Formal shirt,Apparel,618.0,UPI_APP
R100809,2025-10-13,Smartphone C,Mobiles,15880.0,UPI_APP
R100810,2025-10-13,Curtains,Home Essentials,686.0,CARD
R100811,2025-10-13,Tablet,Electronics,27290.0,UPI_APP
R100812,2025-10-13,Formal shirt,Apparel,3360.0,UPI_QR
R100813,2025-10-13,Power bank,Accessories,477.0,UPI_APP
R100814,2025-10-13,Smart TV 43in,Electronics,55710.0,UPI_QR
R100815,2025-10-13,Power bank,Accessories,374.0,CASH
R100816,2025-10-13,Storage box,Home Essentials,452.0,UPI_QR
R100817,2025-10-13,Phone case,Accessories,435.0,CASH
R100818,2025-10-13,Smartphone A,Mobiles,17560.0,UPI_QR
R100819,2025-10-13,Dining table,Furniture,20040.0,CARD
R100820,2025-10-13,Microwave,Appliances,20630.0,CARD
R100821,2025-10-13,Charger,Accessories,944.0,UPI_QR
R100822,2025-10-13,Charger,Accessories,236.0,UPI_APP
R100823,2025-10-13,Mixer jar,Home Essentials,877.0,UPI_APP
R100824,2025-10-13,Tablet,Electronics,12060.0,CARD
R100825,2025-10-13,Laptop,Electronics,91410.0,CASH
R100826,2025-10-14,Refrigerator,Appliances,35920.0,UPI_QR
R100827,2025-10-14,Microwave,Appliances,16110.0,UPI_QR
R100828,2025-10-14,Curtains,Home Essentials,930.0,UPI_QR
R100829,2025-10-14,Storage box,Home Essentials,539.0,UPI_APP
R100830,2025-10-14,Charger,Accessories,416.0,UPI_QR
R100831,2025-10-14,Charger,Accessories,177.0,UPI_APP
R100832,2025-10-14,Gaming console,Electronics,18050.0,CARD
R100833,2025-10-14,Soundbar,Electronics,71590.0,CARD
R100834,2025-10-14,Bedsheet set,Home Essentials,319.0,UPI_APP
R100835,2025-10-14,Washing machine,Appliances,7750.0,UPI_QR
R100836,2025-10-14,Jeans,Apparel,575.0,CARD
R100837,2025-10-14,Phone case,Accessories,283.0,CARD
R100838,2025-10-14,Kurta set,Apparel,839.0,CASH
R100839,2025-10-14,Phone case,Accessories,913.0,UPI_QR
R100840,2025-10-14,Mixer jar,Home Essentials,542.0,UPI_QR
R100841,2025-10-14,Charger,Accessories,290.0,UPI_QR
R100842,2025-10-14,Charger,Accessories,456.0,UPI_QR
R100843,2025-10-14,Mixer jar,Home Essentials,435.0,UPI_QR
R100844,2025-10-14,Smartphone A,Mobiles,11450.0,UPI_APP
R100845,2025-10-14,Cookware set,Home Essentials,1390.0,UPI_QR
R100846,2025-10-14,Charger,Accessories,627.0,CASH
R100847,2025-10-14,Screen guard,Accessories,332.0,UPI_APP
R100848,2025-10-14,Office chair,Furniture,12540.0,CARD
R100849,2025-10-14,Screen guard,Accessories,571.0,UPI_QR
R100850,2025-10-14,Earphones,Accessories,1240.0,UPI_APP
R100851,2025-10-14,Charger,Accessories,285.0,UPI_APP
R100852,2025-10-14,Bed frame,Furniture,29230.0,UPI_APP
R100853,2025-10-14,Earphones,Accessories,414.0,CARD
R100854,2025-10-14,Charger,Accessories,820.0,UPI_QR
R100855,2025-10-14,Smartphone A,Mobiles,28760.0,UPI_APP
R100856,2025-10-14,Formal shirt,Apparel,1870.0,UPI_QR
R100857,2025-10-14,Phone case,Accessories,480.0,UPI_APP
R100858,2025-10-14,Microwave,Appliances,69320.0,UPI_APP
R100859,2025-10-14,Refrigerator,Appliances,18010.0,CARD
R100860,2025-10-14,Screen guard,Accessories,334.0,CARD
R100861,2025-10-14,Mixer jar,Home Essentials,1290.0,UPI_QR
R100862,2025-10-14,Smartphone C,Mobiles,41920.0,UPI_QR
R100863,2025-10-14,Earphones,Accessories,289.0,UPI_QR
R100864,2025-10-14,Earphones,Accessories,868.0,UPI_QR
R100865,2025-10-14,Power bank,Accessories,265.0,UPI_QR
R100866,2025-10-14,Foldable phone,Mobiles,10790.0,CARD
R100867,2025-10-14,Formal shirt,Apparel,2770.0,CARD
R100868,2025-10-14,Power bank,Accessories,498.0,UPI_QR
R100869,2025-10-14,Kurta set,Apparel,3360.0,UPI_QR
R100870,2025-10-14,Formal shirt,Apparel,1940.0,UPI_QR
R100871,2025-10-14,Microwave,Appliances,20760.0,CARD
R100872,2025-10-14,Jacket,Apparel,1200.0,CASH
R100873,2025-10-14,Water purifier,Appliances,39630.0,CARD
R100874,2025-10-14,Earphones,Accessories,673.0,CARD
R100875,2025-10-14,Earphones,Accessories,607.0,UPI_APP
R100876,2025-10-14,Storage box,Home Essentials,320.0,CARD
R100877,2025-10-14,Tablet,Electronics,48710.0,CARD
R100878,2025-10-14,Laptop,Electronics,12650.0,UPI_QR
R100879,2025-10-14,Kurta set,Apparel,2410.0,UPI_APP
R100880,2025-10-14,Sports shoes,Apparel,3090.0,UPI_QR
R100881,2025-10-14,Smartphone B,Mobiles,16420.0,UPI_APP
R100882,2025-10-14,Jeans,Apparel,2050.0,CARD
R100883,2025-10-14,Screen guard,Accessories,2110.0,UPI_APP
R100884,2025-10-14,Phone case,Accessories,245.0,CARD
R100885,2025-10-14,Gaming console,Electronics,13150.0,CASH
R100886,2025-10-14,Bedsheet set,Home Essentials,478.0,UPI_QR
R100887,2025-10-14,Tablet,Electronics,59750.0,CARD
R100888,2025-10-14,Kurta set,Apparel,2040.0,CARD
R100889,2025-10-14,Bedsheet set,Home Essentials,1210.0,CARD
R100890,2025-10-14,Sofa set,Furniture,16500.0,CASH
R100891,2025-10-14,Refrigerator,Appliances,31630.0,CARD
R100892,2025-10-14,Charger,Accessories,906.0,UPI_APP
R100893,2025-10-14,Soundbar,Electronics,14530.0,UPI_QR
R100894,2025-10-14,Curtains,Home Essentials,1150.0,UPI_APP
R100895,2025-10-14,Formal shirt,Apparel,874.0,CARD
R100896,2025-10-14,Mixer jar,Home Essentials,452.0,UPI_QR
R100897,2025-10-14,Phone case,Accessories,283.0,UPI_APP
R100898,2025-10-14,Microwave,Appliances,38800.0,CARD
R100899,2025-10-14,Earphones,Accessories,2490.0,CASH
R100900,2025-10-15,Charger,Accessories,406.0,UPI_QR
R100901,2025-10-15,Charger,Accessories,239.0,UPI_APP
R100902,2025-10-15,Tablet,Electronics,38580.0,UPI_APP
R100903,2025-10-15,Gaming console,Electronics,16150.0,UPI_QR
R100904,2025-10-15,Phone case,Accessories,256.0,UPI_QR
R100905,2025-10-15,Charger,Accessories,725.0,UPI_QR
R100906,2025-10-15,Smart TV 43in,Electronics,13240.0,UPI_QR
R100907,2025-10-15,Power bank,Accessories,344.0,CASH
R100908,2025-10-15,Dining table,Furniture,10570.0,CARD
R100909,2025-10-15,Power bank,Accessories,122.0,UPI_QR
R100910,2025-10-15,Screen guard,Accessories,1060.0,UPI_APP
R100911,2025-10-15,Earphones,Accessories,779.0,CASH
R100912,2025-10-15,Smartphone B,Mobiles,19370.0,UPI_QR
R100913,2025-10-15,Jacket,Apparel,1540.0,UPI_QR
R100914,2025-10-15,Bed frame,Furniture,15590.0,UPI_APP
R100915,2025-10-15,Charger,Accessories,502.0,UPI_QR
R100916,2025-10-15,Charger,Accessories,638.0,UPI_QR
R100917,2025-10-15,Laptop,Electronics,23800.0,UPI_QR
R100918,2025-10-15,Earphones,Accessories,251.0,CASH
R100919,2025-10-15,Refrigerator,Appliances,19870.0,UPI_QR
R100920,2025-10-15,Curtains,Home Essentials,978.0,UPI_QR
R100921,2025-10-15,Smartphone B,Mobiles,56060.0,UPI_APP
R100922,2025-10-15,Smartphone B,Mobiles,39580.0,UPI_APP
R100923,2025-10-15,Phone case,Accessories,461.0,CARD
R100924,2025-10-15,Formal shirt,Apparel,2080.0,UPI_QR
R100925,2025-10-15,Wardrobe,Furniture,5680.0,CARD
R100926,2025-10-15,Earphones,Accessories,501.0,CARD
R100927,2025-10-15,Earphones,Accessories,549.0,UPI_APP
R100928,2025-10-15,Charger,Accessories,303.0,UPI_QR
R100929,2025-10-15,Power bank,Accessories,449.0,CASH
R100930,2025-10-15,Earphones,Accessories,599.0,UPI_QR
R100931,2025-10-15,Earphones,Accessories,468.0,UPI_QR
R100932,2025-10-15,Washing machine,Appliances,48120.0,CARD
R100933,2025-10-15,Power bank,Accessories,285.0,UPI_QR
R100934,2025-10-15,Tablet,Electronics,15930.0,CARD
R100935,2025-10-15,Charger,Accessories,360.0,UPI_QR
R100936,2025-10-15,Screen guard,Accessories,228.0,UPI_QR
R100937,2025-10-15,Water purifier,Appliances,36240.0,UPI_APP
R100938,2025-10-15,Formal shirt,Apparel,3230.0,UPI_QR
R100939,2025-10-15,Microwave,Appliances,23150.0,UPI_QR
R100940,2025-10-15,Charger,Accessories,483.0,UPI_QR
R100941,2025-10-15,Mixer jar,Home Essentials,1420.0,UPI_APP
R100942,2025-10-15,Formal shirt,Apparel,4920.0,CASH
R100943,2025-10-15,Laptop,Electronics,22500.0,UPI_QR
R100944,2025-10-15,Refrigerator,Appliances,18660.0,UPI_APP
R100945,2025-10-15,Wardrobe,Furniture,17910.0,CARD
R100946,2025-10-15,Mixer jar,Home Essentials,909.0,UPI_QR
R100947,2025-10-15,Sofa set,Furniture,12690.0,UPI_APP
R100948,2025-10-15,Mixer jar,Home Essentials,600.0,CARD
R100949,2025-10-15,Refrigerator,Appliances,15710.0,CARD
R100950,2025-10-16,Curtains,Home Essentials,727.0,UPI_QR
R100951,2025-10-16,Screen guard,Accessories,255.0,CASH
R100952,2025-10-16,Mixer jar,Home Essentials,547.0,CASH
R100953,2025-10-16,Cookware set,Home Essentials,757.0,UPI_APP
R100954,2025-10-16,Curtains,Home Essentials,602.0,CARD
R100955,2025-10-16,Smart TV 43in,Electronics,10680.0,CASH
R100956,2025-10-16,Earphones,Accessories,99.0,CARD
R100957,2025-10-16,Soundbar,Electronics,4390.0,UPI_APP
R100958,2025-10-16,Smartphone B,Mobiles,42760.0,UPI_QR
R100959,2025-10-16,Foldable phone,Mobiles,48020.0,UPI_QR
R100960,2025-10-16,Phone case,Accessories,455.0,CASH
R100961,2025-10-16,Wardrobe,Furniture,14260.0,UPI_APP
R100962,2025-10-16,Gaming console,Electronics,11300.0,UPI_QR
R100963,2025-10-16,Gaming console,Electronics,43180.0,UPI_QR
R100964,2025-10-16,Laptop,Electronics,50330.0,CARD
R100965,2025-10-16,Laptop,Electronics,25540.0,CARD
R100966,2025-10-16,Jeans,Apparel,1360.0,CARD
R100967,2025-10-16,Bedsheet set,Home Essentials,585.0,CARD
R100968,2025-10-16,Storage box,Home Essentials,1510.0,UPI_QR
R100969,2025-10-16,Smartphone B,Mobiles,20150.0,CASH
R100970,2025-10-16,Storage box,Home Essentials,344.0,UPI_QR
R100971,2025-10-16,Jeans,Apparel,1430.0,UPI_QR
R100972,2025-10-16,Screen guard,Accessories,225.0,CARD
R100973,2025-10-16,Curtains,Home Essentials,561.0,UPI_QR
R100974,2025-10-16,Kurta set,Apparel,1390.0,CARD
R100975,2025-10-16,Office chair,Furniture,10540.0,UPI_APP
R100976,2025-10-16,Bedsheet set,Home Essentials,751.0,CASH
R100977,2025-10-16,Soundbar,Electronics,17940.0,UPI_QR
R100978,2025-10-16,Sports shoes,Apparel,2200.0,UPI_APP
R100979,2025-10-16,Earphones,Accessories,568.0,UPI_QR
R100980,2025-10-16,Bedsheet set,Home Essentials,387.0,UPI_QR
R100981,2025-10-16,Kurta set,Apparel,831.0,CARD
R100982,2025-10-16,Earphones,Accessories,308.0,UPI_APP
R100983,2025-10-16,Earphones,Accessories,886.0,CARD
R100984,2025-10-16,Sofa set,Furniture,6820.0,CARD
R100985,2025-10-16,Smartphone B,Mobiles,21560.0,CASH
R100986,2025-10-16,Sports shoes,Apparel,914.0,UPI_APP
R100987,2025-10-16,Mixer jar,Home Essentials,892.0,UPI_QR
R100988,2025-10-16,Curtains,Home Essentials,420.0,CARD
R100989,2025-10-16,Cookware set,Home Essentials,493.0,CARD
R100990,2025-10-16,Formal shirt,Apparel,1850.0,CARD
R100991,2025-10-16,Jeans,Apparel,2200.0,CARD
R100992,2025-10-16,Foldable phone,Mobiles,17740.0,CASH
R100993,2025-10-16,Bedsheet set,Home Essentials,563.0,UPI_QR
R100994,2025-10-16,Screen guard,Accessories,435.0,CARD
R100995,2025-10-16,Jacket,Apparel,351.0,UPI_QR
R100996,2025-10-16,Kurta set,Apparel,1210.0,UPI_APP
R100997,2025-10-16,Washing machine,Appliances,18790.0,UPI_QR
R100998,2025-10-16,Kurta set,Apparel,1290.0,CARD
R100999,2025-10-16,Sports shoes,Apparel,1010.0,UPI_APP
R101000,2025-10-16,Smartphone A,Mobiles,9470.0,CARD
R101001,2025-10-16,Air conditioner,Appliances,53550.0,CARD
R101002,2025-10-16,Screen guard,Accessories,331.0,UPI_QR
R101003,2025-10-16,Smart TV 43in,Electronics,28630.0,UPI_QR
R101004,2025-10-16,Phone case,Accessories,173.0,CARD
R101005,2025-10-16,Wardrobe,Furniture,10870.0,UPI_QR
R101006,2025-10-16,Charger,Accessories,543.0,UPI_QR
R101007,2025-10-16,Cookware set,Home Essentials,1730.0,UPI_QR
R101008,2025-10-16,Kurta set,Apparel,632.0,UPI_QR
R101009,2025-10-16,Earphones,Accessories,565.0,CARD
R101010,2025-10-16,Microwave,Appliances,44290.0,CARD
R101011,2025-10-16,Kurta set,Apparel,1340.0,UPI_QR
R101012,2025-10-16,Smart TV 43in,Electronics,4780.0,CARD
R101013,2025-10-16,Earphones,Accessories,422.0,CARD
R101014,2025-10-16,Power bank,Accessories,487.0,UPI_APP
R101015,2025-10-16,Soundbar,Electronics,34330.0,UPI_QR
R101016,2025-10-17,Soundbar,Electronics,15040.0,UPI_QR
R101017,2025-10-17,Formal shirt,Apparel,1930.0,UPI_QR
R101018,2025-10-17,Earphones,Accessories,653.0,UPI_QR
R101019,2025-10-17,Jeans,Apparel,1990.0,UPI_QR
R101020,2025-10-17,Tablet,Electronics,9850.0,UPI_APP
R101021,2025-10-17,Phone case,Accessories,331.0,CARD
R101022,2025-10-17,Smart TV 43in,Electronics,19020.0,UPI_QR
R101023,2025-10-17,Gaming console,Electronics,12920.0,CARD
R101024,2025-10-17,Water purifier,Appliances,20290.0,UPI_APP
R101025,2025-10-17,Screen guard,Accessories,258.0,CARD
R101026,2025-10-17,Curtains,Home Essentials,382.0,CARD
R101027,2025-10-17,Charger,Accessories,481.0,CARD
R101028,2025-10-17,Screen guard,Accessories,577.0,UPI_APP
R101029,2025-10-17,Cookware set,Home Essentials,249.0,CASH
R101030,2025-10-17,Kurta set,Apparel,967.0,CARD
R101031,2025-10-17,Charger,Accessories,527.0,CARD
R101032,2025-10-17,Laptop,Electronics,25980.0,UPI_APP
R101033,2025-10-17,Charger,Accessories,1010.0,UPI_APP
R101034,2025-10-17,Earphones,Accessories,752.0,UPI_QR
R101035,2025-10-17,Jeans,Apparel,1510.0,UPI_QR
R101036,2025-10-17,Phone case,Accessories,1430.0,CARD
R101037,2025-10-17,Bedsheet set,Home Essentials,538.0,CASH
R101038,2025-10-17,Soundbar,Electronics,12520.0,UPI_APP
R101039,2025-10-17,Smartphone C,Mobiles,25810.0,CASH
R101040,2025-10-17,Air conditioner,Appliances,17340.0,CARD
R101041,2025-10-17,Power bank,Accessories,481.0,CARD
R101042,2025-10-17,Power bank,Accessories,214.0,UPI_APP
R101043,2025-10-17,Smart TV 43in,Electronics,14350.0,UPI_QR
R101044,2025-10-17,Tablet,Electronics,78080.0,CARD
R101045,2025-10-17,Kurta set,Apparel,2020.0,CASH
R101046,2025-10-17,Earphones,Accessories,515.0,CARD
R101047,2025-10-17,Laptop,Electronics,7930.0,UPI_QR
R101048,2025-10-17,Earphones,Accessories,322.0,CARD
R101049,2025-10-17,Formal shirt,Apparel,962.0,UPI_APP
R101050,2025-10-17,Screen guard,Accessories,509.0,UPI_APP
R101051,2025-10-17,Formal shirt,Apparel,1360.0,CARD
R101052,2025-10-17,Bedsheet set,Home Essentials,1320.0,UPI_APP
R101053,2025-10-17,Jacket,Apparel,1070.0,UPI_QR
R101054,2025-10-17,Phone case,Accessories,304.0,UPI_QR
R101055,2025-10-17,Laptop,Electronics,17270.0,UPI_QR
R101056,2025-10-17,Microwave,Appliances,11600.0,CARD
R101057,2025-10-17,Kurta set,Apparel,2060.0,CARD
R101058,2025-10-17,Screen guard,Accessories,862.0,CARD
R101059,2025-10-17,Smart TV 43in,Electronics,12080.0,UPI_QR
R101060,2025-10-17,Screen guard,Accessories,274.0,UPI_APP
R101061,2025-10-17,Cookware set,Home Essentials,528.0,UPI_QR
R101062,2025-10-17,Kurta set,Apparel,1890.0,CASH
R101063,2025-10-17,Sports shoes,Apparel,796.0,UPI_APP
R101064,2025-10-17,Screen guard,Accessories,685.0,CASH
R101065,2025-10-17,Power bank,Accessories,377.0,UPI_QR
R101066,2025-10-17,Power bank,Accessories,560.0,CASH
R101067,2025-10-17,Sports shoes,Apparel,1460.0,UPI_QR
R101068,2025-10-17,Gaming console,Electronics,23860.0,UPI_QR
R101069,2025-10-17,Phone case,Accessories,855.0,UPI_QR
R101070,2025-10-17,Charger,Accessories,902.0,UPI_QR
R101071,2025-10-17,Tablet,Electronics,24160.0,UPI_APP
R101072,2025-10-17,Screen guard,Accessories,488.0,CARD
R101073,2025-10-17,Sports shoes,Apparel,1760.0,UPI_APP
R101074,2025-10-17,Sports shoes,Apparel,742.0,CASH
R101075,2025-10-17,Charger,Accessories,453.0,UPI_APP
R101076,2025-10-17,Phone case,Accessories,736.0,UPI_QR
R101077,2025-10-17,Tablet,Electronics,64690.0,CARD
R101078,2025-10-17,Phone case,Accessories,858.0,CARD
R101079,2025-10-17,Office chair,Furniture,11180.0,UPI_APP
R101080,2025-10-17,Cookware set,Home Essentials,317.0,UPI_APP
R101081,2025-10-17,Kurta set,Apparel,1210.0,UPI_QR
R101082,2025-10-17,Earphones,Accessories,211.0,UPI_QR
R101083,2025-10-17,Phone case,Accessories,351.0,UPI_APP
R101084,2025-10-17,Bedsheet set,Home Essentials,460.0,UPI_QR
R101085,2025-10-17,Air conditioner,Appliances,34460.0,CARD
R101086,2025-10-17,Smartphone B,Mobiles,61700.0,CARD
R101087,2025-10-17,Tablet,Electronics,21070.0,CARD
R101088,2025-10-17,Wardrobe,Furniture,7460.0,UPI_APP
R101089,2025-10-18,Jeans,Apparel,1820.0,UPI_QR
R101090,2025-10-18,Sports shoes,Apparel,1940.0,UPI_QR
R101091,2025-10-18,Curtains,Home Essentials,1050.0,UPI_APP
R101092,2025-10-18,Earphones,Accessories,562.0,UPI_APP
R101093,2025-10-18,Storage box,Home Essentials,1350.0,UPI_QR
R101094,2025-10-18,Laptop,Electronics,6150.0,CARD
R101095,2025-10-18,Smart TV 43in,Electronics,2010.0,UPI_QR
R101096,2025-10-18,Kurta set,Apparel,1250.0,CARD
R101097,2025-10-18,Gaming console,Electronics,18870.0,UPI_QR
R101098,2025-10-18,Screen guard,Accessories,785.0,CARD
R101099,2025-10-18,Smartphone C,Mobiles,40270.0,UPI_QR
R101100,2025-10-18,Charger,Accessories,213.0,CARD
R101101,2025-10-18,Phone case,Accessories,659.0,CASH
R101102,2025-10-18,Smart TV 43in,Electronics,23190.0,CARD
R101103,2025-10-18,Phone case,Accessories,471.0,CASH
R101104,2025-10-18,Charger,Accessories,530.0,UPI_APP
R101105,2025-10-18,Cookware set,Home Essentials,909.0,UPI_QR
R101106,2025-10-18,Power bank,Accessories,508.0,UPI_APP
R101107,2025-10-18,Water purifier,Appliances,32920.0,UPI_APP
R101108,2025-10-18,Kurta set,Apparel,1020.0,CARD
R101109,2025-10-18,Jeans,Apparel,1180.0,UPI_APP
R101110,2025-10-18,Office chair,Furniture,10450.0,UPI_QR
R101111,2025-10-18,Smart TV 43in,Electronics,10970.0,UPI_APP
R101112,2025-10-18,Storage box,Home Essentials,676.0,UPI_APP
R101113,2025-10-18,Kurta set,Apparel,1100.0,UPI_APP
R101114,2025-10-18,Screen guard,Accessories,612.0,CARD
R101115,2025-10-18,Water purifier,Appliances,27420.0,CARD
R101116,2025-10-18,Smart TV 43in,Electronics,5820.0,UPI_QR
R101117,2025-10-18,Cookware set,Home Essentials,710.0,UPI_APP
R101118,2025-10-18,Kurta set,Apparel,967.0,UPI_QR
R101119,2025-10-18,Screen guard,Accessories,425.0,UPI_QR
R101120,2025-10-18,Tablet,Electronics,24810.0,UPI_QR
R101121,2025-10-18,Power bank,Accessories,358.0,UPI_APP
R101122,2025-10-18,Mixer jar,Home Essentials,382.0,UPI_QR
R101123,2025-10-18,Refrigerator,Appliances,17870.0,CASH
R101124,2025-10-18,Air conditioner,Appliances,22160.0,CASH
R101125,2025-10-18,Jeans,Apparel,1270.0,UPI_QR
R101126,2025-10-18,Soundbar,Electronics,103290.0,CARD
R101127,2025-10-18,Charger,Accessories,286.0,CARD
R101128,2025-10-18,Storage box,Home Essentials,731.0,UPI_QR
R101129,2025-10-18,Sports shoes,Apparel,3320.0,UPI_APP
R101130,2025-10-18,Phone case,Accessories,229.0,UPI_QR
R101131,2025-10-18,Mixer jar,Home Essentials,1000.0,UPI_APP
R101132,2025-10-18,Smartphone A,Mobiles,19240.0,CARD
R101133,2025-10-18,Bedsheet set,Home Essentials,576.0,UPI_APP
R101134,2025-10-18,Curtains,Home Essentials,653.0,CARD
R101135,2025-10-18,Cookware set,Home Essentials,377.0,UPI_QR
R101136,2025-10-18,Wardrobe,Furniture,17820.0,CARD
R101137,2025-10-18,Sports shoes,Apparel,702.0,UPI_QR
R101138,2025-10-18,Screen guard,Accessories,350.0,CARD
R101139,2025-10-18,Washing machine,Appliances,13460.0,CARD
R101140,2025-10-18,Jacket,Apparel,1360.0,UPI_APP
R101141,2025-10-18,Dining table,Furniture,4840.0,UPI_QR
R101142,2025-10-18,Kurta set,Apparel,1110.0,UPI_QR
R101143,2025-10-18,Refrigerator,Appliances,39460.0,CARD
R101144,2025-10-18,Sports shoes,Apparel,1910.0,CARD
R101145,2025-10-18,Jeans,Apparel,1410.0,UPI_QR
R101146,2025-10-18,Smart TV 43in,Electronics,60970.0,CARD
R101147,2025-10-18,Power bank,Accessories,493.0,CASH
R101148,2025-10-18,Microwave,Appliances,28880.0,CARD
R101149,2025-10-18,Phone case,Accessories,445.0,CARD
R101150,2025-10-18,Water purifier,Appliances,11280.0,UPI_QR
R101151,2025-10-18,Sports shoes,Apparel,945.0,CARD
R101152,2025-10-18,Storage box,Home Essentials,539.0,UPI_QR
R101153,2025-10-18,Kurta set,Apparel,1260.0,CARD
R101154,2025-10-18,Phone case,Accessories,360.0,CARD
R101155,2025-10-18,Sports shoes,Apparel,1360.0,UPI_QR
R101156,2025-10-18,Power bank,Accessories,750.0,UPI_QR
R101157,2025-10-18,Microwave,Appliances,87470.0,UPI_APP
R101158,2025-10-18,Phone case,Accessories,166.0,UPI_APP
R101159,2025-10-18,Power bank,Accessories,273.0,UPI_QR
R101160,2025-10-18,Earphones,Accessories,296.0,UPI_APP
R101161,2025-10-18,Soundbar,Electronics,17490.0,UPI_QR
R101162,2025-10-18,Soundbar,Electronics,6000.0,UPI_QR
R101163,2025-10-18,Phone case,Accessories,363.0,UPI_QR
R101164,2025-10-18,Cookware set,Home Essentials,1900.0,UPI_QR
R101165,2025-10-18,Earphones,Accessories,392.0,UPI_QR
R101166,2025-10-18,Washing machine,Appliances,32840.0,CARD
R101167,2025-10-18,Microwave,Appliances,12540.0,CARD
R101168,2025-10-18,Jeans,Apparel,2680.0,CARD
R101169,2025-10-18,Charger,Accessories,747.0,CARD
R101170,2025-10-18,Earphones,Accessories,972.0,UPI_QR
R101171,2025-10-18,Washing machine,Appliances,44000.0,CARD
R101172,2025-10-18,Earphones,Accessories,941.0,UPI_QR
R101173,2025-10-18,Dining table,Furniture,13380.0,UPI_QR
R101174,2025-10-18,Screen guard,Accessories,254.0,CASH
R101175,2025-10-18,Screen guard,Accessories,393.0,UPI_QR
R101176,2025-10-18,Sports shoes,Apparel,1940.0,UPI_APP
R101177,2025-10-18,Storage box,Home Essentials,366.0,CASH
R101178,2025-10-18,Foldable phone,Mobiles,8850.0,CASH
R101179,2025-10-18,Tablet,Electronics,4820.0,CARD
R101180,2025-10-18,Bedsheet set,Home Essentials,412.0,UPI_APP
R101181,2025-10-18,Storage box,Home Essentials,660.0,CASH
R101182,2025-10-18,Power bank,Accessories,429.0,UPI_QR
R101183,2025-10-19,Sports shoes,Apparel,1930.0,UPI_QR
R101184,2025-10-19,Sports shoes,Apparel,531.0,CASH
R101185,2025-10-19,Screen guard,Accessories,199.0,UPI_APP
R101186,2025-10-19,Air conditioner,Appliances,13400.0,UPI_QR
R101187,2025-10-19,Bedsheet set,Home Essentials,966.0,UPI_APP
R101188,2025-10-19,Refrigerator,Appliances,27640.0,CASH
R101189,2025-10-19,Dining table,Furniture,6740.0,CARD
R101190,2025-10-19,Water purifier,Appliances,48930.0,CARD
R101191,2025-10-19,Water purifier,Appliances,22100.0,UPI_APP
R101192,2025-10-19,Earphones,Accessories,268.0,CASH
R101193,2025-10-19,Curtains,Home Essentials,615.0,UPI_QR
R101194,2025-10-19,Storage box,Home Essentials,971.0,UPI_QR
R101195,2025-10-19,Smartphone A,Mobiles,52390.0,UPI_QR
R101196,2025-10-19,Power bank,Accessories,1640.0,CARD
R101197,2025-10-19,Air conditioner,Appliances,7820.0,CARD
R101198,2025-10-19,Jacket,Apparel,1110.0,UPI_QR
R101199,2025-10-19,Phone case,Accessories,497.0,UPI_QR
R101200,2025-10-19,Smart TV 43in,Electronics,5480.0,CARD
R101201,2025-10-19,Power bank,Accessories,287.0,UPI_QR
R101202,2025-10-19,Curtains,Home Essentials,356.0,CARD
R101203,2025-10-19,Jeans,Apparel,2470.0,UPI_QR
R101204,2025-10-19,Kurta set,Apparel,780.0,UPI_QR
R101205,2025-10-19,Refrigerator,Appliances,13190.0,CARD
R101206,2025-10-19,Kurta set,Apparel,2030.0,CARD
R101207,2025-10-19,Kurta set,Apparel,1010.0,UPI_QR
R101208,2025-10-19,Jacket,Apparel,712.0,CARD
R101209,2025-10-19,Curtains,Home Essentials,595.0,UPI_QR
R101210,2025-10-19,Screen guard,Accessories,675.0,CASH
R101211,2025-10-19,Kurta set,Apparel,3460.0,UPI_APP
R101212,2025-10-19,Formal shirt,Apparel,784.0,UPI_APP
R101213,2025-10-19,Sports shoes,Apparel,2370.0,UPI_QR
R101214,2025-10-19,Formal shirt,Apparel,3040.0,UPI_APP
R101215,2025-10-19,Sports shoes,Apparel,543.0,CARD
R101216,2025-10-19,Phone case,Accessories,346.0,CARD
R101217,2025-10-19,Foldable phone,Mobiles,19670.0,UPI_QR
R101218,2025-10-19,Formal shirt,Apparel,1840.0,CASH
R101219,2025-10-19,Laptop,Electronics,4480.0,UPI_QR
R101220,2025-10-19,Laptop,Electronics,18300.0,CARD
R101221,2025-10-19,Tablet,Electronics,20740.0,UPI_QR
R101222,2025-10-19,Sports shoes,Apparel,1760.0,UPI_QR
R101223,2025-10-19,Screen guard,Accessories,189.0,UPI_APP
R101224,2025-10-19,Phone case,Accessories,658.0,UPI_QR
R101225,2025-10-19,Charger,Accessories,244.0,UPI_APP
R101226,2025-10-19,Phone case,Accessories,505.0,CASH
R101227,2025-10-19,Curtains,Home Essentials,986.0,UPI_QR
R101228,2025-10-19,Laptop,Electronics,29750.0,UPI_QR
R101229,2025-10-19,Earphones,Accessories,138.0,UPI_QR
R101230,2025-10-19,Sports shoes,Apparel,899.0,UPI_QR
R101231,2025-10-19,Formal shirt,Apparel,639.0,UPI_QR
R101232,2025-10-19,Power bank,Accessories,145.0,UPI_APP
R101233,2025-10-19,Earphones,Accessories,564.0,CASH
R101234,2025-10-19,Tablet,Electronics,7590.0,CARD
R101235,2025-10-19,Air conditioner,Appliances,20300.0,CARD
R101236,2025-10-19,Refrigerator,Appliances,19770.0,UPI_QR
R101237,2025-10-19,Smartphone C,Mobiles,6300.0,UPI_QR
R101238,2025-10-19,Gaming console,Electronics,18750.0,UPI_APP
R101239,2025-10-19,Screen guard,Accessories,715.0,CASH
R101240,2025-10-19,Power bank,Accessories,494.0,UPI_QR
R101241,2025-10-19,Earphones,Accessories,1000.0,UPI_APP
R101242,2025-10-19,Smart TV 43in,Electronics,25380.0,UPI_QR
R101243,2025-10-19,Charger,Accessories,256.0,UPI_QR
R101244,2025-10-19,Mixer jar,Home Essentials,734.0,UPI_QR
R101245,2025-10-19,Storage box,Home Essentials,2170.0,UPI_QR
R101246,2025-10-19,Charger,Accessories,135.0,CARD
R101247,2025-10-19,Smart TV 43in,Electronics,13910.0,CASH
R101248,2025-10-19,Charger,Accessories,343.0,UPI_APP
R101249,2025-10-19,Sports shoes,Apparel,1640.0,UPI_QR
R101250,2025-10-19,Cookware set,Home Essentials,528.0,CARD
R101251,2025-10-19,Storage box,Home Essentials,2350.0,CASH
R101252,2025-10-19,Washing machine,Appliances,39920.0,CARD
R101253,2025-10-19,Tablet,Electronics,5380.0,UPI_QR
R101254,2025-10-19,Storage box,Home Essentials,751.0,UPI_APP
R101255,2025-10-19,Cookware set,Home Essentials,760.0,CARD
R101256,2025-10-19,Soundbar,Electronics,16280.0,UPI_QR
R101257,2025-10-19,Screen guard,Accessories,1270.0,UPI_APP
R101258,2025-10-19,Tablet,Electronics,14360.0,CARD
R101259,2025-10-19,Bedsheet set,Home Essentials,387.0,UPI_QR
R101260,2025-10-19,Air conditioner,Appliances,17730.0,UPI_QR
R101261,2025-10-19,Phone case,Accessories,265.0,UPI_APP
R101262,2025-10-19,Jacket,Apparel,1010.0,CARD
R101263,2025-10-19,Gaming console,Electronics,30030.0,UPI_APP
R101264,2025-10-19,Earphones,Accessories,785.0,UPI_QR
R101265,2025-10-19,Jeans,Apparel,1890.0,UPI_QR
R101266,2025-10-19,Storage box,Home Essentials,357.0,CARD
R101267,2025-10-19,Kurta set,Apparel,770.0,UPI_APP
R101268,2025-10-19,Smart TV 43in,Electronics,7260.0,UPI_QR
R101269,2025-10-19,Gaming console,Electronics,15410.0,CARD
R101270,2025-10-20,Tablet,Electronics,2900.0,CARD
R101271,2025-10-20,Bedsheet set,Home Essentials,650.0,UPI_QR
R101272,2025-10-20,Tablet,Electronics,3540.0,UPI_APP
R101273,2025-10-20,Smartphone B,Mobiles,23820.0,UPI_APP
R101274,2025-10-20,Microwave,Appliances,22100.0,UPI_QR
R101275,2025-10-20,Earphones,Accessories,520.0,CARD
R101276,2025-10-20,Charger,Accessories,832.0,UPI_QR
R101277,2025-10-20,Washing machine,Appliances,48440.0,CARD
R101278,2025-10-20,Smartphone C,Mobiles,32340.0,UPI_QR
R101279,2025-10-20,Jeans,Apparel,1070.0,UPI_QR
R101280,2025-10-20,Phone case,Accessories,635.0,CARD
R101281,2025-10-20,Bed frame,Furniture,14550.0,UPI_QR
R101282,2025-10-20,Screen guard,Accessories,348.0,CARD
R101283,2025-10-20,Sofa set,Furniture,14970.0,UPI_QR
R101284,2025-10-20,Earphones,Accessories,353.0,CASH
R101285,2025-10-20,Cookware set,Home Essentials,1520.0,UPI_QR
R101286,2025-10-20,Charger,Accessories,471.0,CASH
R101287,2025-10-20,Formal shirt,Apparel,2790.0,UPI_QR
R101288,2025-10-20,Power bank,Accessories,522.0,CARD
R101289,2025-10-20,Jacket,Apparel,995.0,UPI_APP
R101290,2025-10-20,Charger,Accessories,439.0,CARD
R101291,2025-10-20,Sofa set,Furniture,10010.0,UPI_QR
R101292,2025-10-20,Charger,Accessories,826.0,CARD
R101293,2025-10-20,Dining table,Furniture,20840.0,UPI_QR
R101294,2025-10-20,Power bank,Accessories,314.0,CARD
R101295,2025-10-20,Earphones,Accessories,972.0,UPI_QR
R101296,2025-10-20,Phone case,Accessories,547.0,CARD
R101297,2025-10-20,Tablet,Electronics,13780.0,CARD
R101298,2025-10-20,Office chair,Furniture,31120.0,CARD
R101299,2025-10-20,Phone case,Accessories,451.0,CASH
R101300,2025-10-20,Formal shirt,Apparel,981.0,CARD
R101301,2025-10-20,Earphones,Accessories,310.0,CASH
R101302,2025-10-20,Smart TV 43in,Electronics,10190.0,CARD
R101303,2025-10-20,Microwave,Appliances,16640.0,CARD
R101304,2025-10-20,Jeans,Apparel,708.0,UPI_APP
R101305,2025-10-20,Formal shirt,Apparel,1580.0,UPI_QR
R101306,2025-10-20,Sofa set,Furniture,28280.0,UPI_APP
R101307,2025-10-20,Earphones,Accessories,244.0,CARD
R101308,2025-10-20,Bedsheet set,Home Essentials,752.0,UPI_QR
R101309,2025-10-20,Sports shoes,Apparel,1550.0,CASH
R101310,2025-10-20,Formal shirt,Apparel,926.0,CARD
R101311,2025-10-20,Kurta set,Apparel,2850.0,UPI_QR
R101312,2025-10-20,Earphones,Accessories,953.0,UPI_QR
R101313,2025-10-20,Formal shirt,Apparel,1920.0,UPI_QR
R101314,2025-10-20,Office chair,Furniture,22830.0,CASH
R101315,2025-10-20,Smart TV 43in,Electronics,5000.0,UPI_QR
R101316,2025-10-20,Bedsheet set,Home Essentials,487.0,UPI_APP
R101317,2025-10-20,Kurta set,Apparel,1630.0,UPI_QR
R101318,2025-10-20,Sports shoes,Apparel,1290.0,UPI_QR
R101319,2025-10-20,Microwave,Appliances,11840.0,UPI_QR
R101320,2025-10-20,Smartphone C,Mobiles,28770.0,CASH
R101321,2025-10-20,Jacket,Apparel,1380.0,CARD
R101322,2025-10-20,Jacket,Apparel,544.0,UPI_APP
R101323,2025-10-20,Bedsheet set,Home Essentials,1140.0,CARD
R101324,2025-10-20,Jacket,Apparel,2180.0,CARD
R101325,2025-10-21,Power bank,Accessories,223.0,UPI_QR
R101326,2025-10-21,Formal shirt,Apparel,1990.0,UPI_APP
R101327,2025-10-21,Charger,Accessories,338.0,UPI_APP
R101328,2025-10-21,Formal shirt,Apparel,3570.0,UPI_QR
R101329,2025-10-21,Formal shirt,Apparel,2800.0,CASH
R101330,2025-10-21,Charger,Accessories,839.0,UPI_APP
R101331,2025-10-21,Formal shirt,Apparel,518.0,CASH
R101332,2025-10-21,Jacket,Apparel,2200.0,UPI_QR
R101333,2025-10-21,Phone case,Accessories,592.0,CARD
R101334,2025-10-21,Smart TV 43in,Electronics,10370.0,UPI_QR
R101335,2025-10-21,Smartphone A,Mobiles,17600.0,UPI_QR
R101336,2025-10-21,Jacket,Apparel,1090.0,CARD
R101337,2025-10-21,Curtains,Home Essentials,748.0,UPI_APP
R101338,2025-10-21,Cookware set,Home Essentials,700.0,UPI_QR
R101339,2025-10-21,Charger,Accessories,561.0,UPI_QR
R101340,2025-10-21,Microwave,Appliances,30770.0,CARD
R101341,2025-10-21,Sports shoes,Apparel,1440.0,CARD
R101342,2025-10-21,Formal shirt,Apparel,1190.0,CASH
R101343,2025-10-21,Formal shirt,Apparel,1120.0,CASH
R101344,2025-10-21,Mixer jar,Home Essentials,760.0,UPI_QR
R101345,2025-10-21,Washing machine,Appliances,40380.0,CARD
R101346,2025-10-21,Tablet,Electronics,6320.0,UPI_QR
R101347,2025-10-21,Earphones,Accessories,534.0,CARD
R101348,2025-10-21,Jacket,Apparel,3970.0,UPI_APP
R101349,2025-10-21,Earphones,Accessories,374.0,UPI_APP
R101350,2025-10-21,Phone case,Accessories,424.0,CARD
R101351,2025-10-21,Jacket,Apparel,1050.0,UPI_QR
R101352,2025-10-21,Refrigerator,Appliances,10880.0,UPI_QR
R101353,2025-10-21,Bedsheet set,Home Essentials,911.0,CASH
R101354,2025-10-21,Curtains,Home Essentials,938.0,UPI_QR
R101355,2025-10-21,Curtains,Home Essentials,722.0,UPI_APP
R101356,2025-10-21,Phone case,Accessories,773.0,UPI_QR
R101357,2025-10-21,Jacket,Apparel,1240.0,UPI_QR
R101358,2025-10-21,Curtains,Home Essentials,855.0,CARD
R101359,2025-10-21,Laptop,Electronics,45300.0,UPI_APP
R101360,2025-10-21,Power bank,Accessories,734.0,UPI_APP
R101361,2025-10-21,Air conditioner,Appliances,41050.0,CARD
R101362,2025-10-21,Dining table,Furniture,7980.0,UPI_QR
R101363,2025-10-21,Phone case,Accessories,247.0,UPI_QR
R101364,2025-10-21,Earphones,Accessories,198.0,CASH
R101365,2025-10-21,Mixer jar,Home Essentials,498.0,UPI_QR
R101366,2025-10-21,Curtains,Home Essentials,574.0,CASH
R101367,2025-10-21,Earphones,Accessories,1840.0,UPI_QR
R101368,2025-10-21,Curtains,Home Essentials,491.0,UPI_QR
R101369,2025-10-21,Screen guard,Accessories,401.0,CASH
R101370,2025-10-21,Formal shirt,Apparel,1960.0,CARD
R101371,2025-10-21,Storage box,Home Essentials,397.0,UPI_APP
R101372,2025-10-21,Foldable phone,Mobiles,16310.0,CARD
R101373,2025-10-21,Foldable phone,Mobiles,7510.0,UPI_QR
R101374,2025-10-21,Gaming console,Electronics,22790.0,UPI_QR
R101375,2025-10-21,Jeans,Apparel,1670.0,CASH
R101376,2025-10-21,Formal shirt,Apparel,607.0,UPI_QR
R101377,2025-10-21,Mixer jar,Home Essentials,640.0,CASH
R101378,2025-10-21,Curtains,Home Essentials,1090.0,UPI_QR
R101379,2025-10-21,Phone case,Accessories,143.0,UPI_QR
R101380,2025-10-21,Sports shoes,Apparel,2490.0,CARD
R101381,2025-10-21,Power bank,Accessories,308.0,CASH
R101382,2025-10-21,Water purifier,Appliances,32370.0,UPI_APP
R101383,2025-10-21,Tablet,Electronics,13260.0,CARD
R101384,2025-10-21,Soundbar,Electronics,13190.0,UPI_QR
R101385,2025-10-21,Bedsheet set,Home Essentials,1300.0,UPI_QR
R101386,2025-10-21,Kurta set,Apparel,1000.0,CASH
R101387,2025-10-22,Screen guard,Accessories,170.0,UPI_APP
R101388,2025-10-22,Soundbar,Electronics,10050.0,UPI_APP
R101389,2025-10-22,Cookware set,Home Essentials,1520.0,UPI_QR
R101390,2025-10-22,Earphones,Accessories,319.0,UPI_APP
R101391,2025-10-22,Kurta set,Apparel,1700.0,CARD
R101392,2025-10-22,Curtains,Home Essentials,397.0,CARD
R101393,2025-10-22,Refrigerator,Appliances,16450.0,UPI_APP
R101394,2025-10-22,Earphones,Accessories,463.0,UPI_APP
R101395,2025-10-22,Phone case,Accessories,205.0,UPI_APP
R101396,2025-10-22,Air conditioner,Appliances,10970.0,UPI_QR
R101397,2025-10-22,Power bank,Accessories,1020.0,CARD
R101398,2025-10-22,Wardrobe,Furniture,22840.0,CASH
R101399,2025-10-22,Soundbar,Electronics,8360.0,CARD
R101400,2025-10-22,Smart TV 43in,Electronics,5330.0,CASH
R101401,2025-10-22,Soundbar,Electronics,40790.0,CARD
R101402,2025-10-22,Bedsheet set,Home Essentials,1280.0,UPI_APP
R101403,2025-10-22,Washing machine,Appliances,16780.0,CASH
R101404,2025-10-22,Screen guard,Accessories,493.0,CARD
R101405,2025-10-22,Kurta set,Apparel,1040.0,CASH
R101406,2025-10-22,Screen guard,Accessories,1470.0,UPI_QR
R101407,2025-10-22,Formal shirt,Apparel,2880.0,UPI_APP
R101408,2025-10-22,Laptop,Electronics,10630.0,UPI_QR
R101409,2025-10-22,Charger,Accessories,780.0,UPI_QR
R101410,2025-10-22,Charger,Accessories,855.0,CASH
R101411,2025-10-22,Air conditioner,Appliances,39190.0,UPI_QR
R101412,2025-10-22,Storage box,Home Essentials,1670.0,CARD
R101413,2025-10-22,Power bank,Accessories,633.0,UPI_QR
R101414,2025-10-22,Screen guard,Accessories,643.0,UPI_QR
R101415,2025-10-22,Office chair,Furniture,12930.0,UPI_APP
R101416,2025-10-22,Charger,Accessories,1440.0,CARD
R101417,2025-10-22,Smart TV 43in,Electronics,18840.0,UPI_QR
R101418,2025-10-22,Earphones,Accessories,558.0,UPI_APP
R101419,2025-10-22,Earphones,Accessories,498.0,UPI_APP
R101420,2025-10-22,Tablet,Electronics,85270.0,CARD
R101421,2025-10-22,Cookware set,Home Essentials,1260.0,CARD
R101422,2025-10-22,Phone case,Accessories,1260.0,UPI_QR
R101423,2025-10-22,Charger,Accessories,343.0,UPI_APP
R101424,2025-10-22,Smart TV 43in,Electronics,16030.0,UPI_APP
R101425,2025-10-22,Water purifier,Appliances,13870.0,UPI_APP
R101426,2025-10-22,Earphones,Accessories,283.0,CARD
R101427,2025-10-22,Formal shirt,Apparel,1590.0,UPI_QR
R101428,2025-10-22,Screen guard,Accessories,518.0,CASH
R101429,2025-10-22,Bedsheet set,Home Essentials,979.0,CASH
R101430,2025-10-22,Smart TV 43in,Electronics,8080.0,CARD
R101431,2025-10-22,Foldable phone,Mobiles,30250.0,UPI_APP
R101432,2025-10-22,Tablet,Electronics,3370.0,CASH
R101433,2025-10-22,Earphones,Accessories,278.0,UPI_APP
R101434,2025-10-22,Storage box,Home Essentials,671.0,UPI_APP
R101435,2025-10-22,Curtains,Home Essentials,459.0,CARD
R101436,2025-10-22,Mixer jar,Home Essentials,968.0,CASH
R101437,2025-10-22,Phone case,Accessories,1570.0,CASH
R101438,2025-10-22,Water purifier,Appliances,10370.0,UPI_QR
R101439,2025-10-22,Laptop,Electronics,14600.0,CARD
R101440,2025-10-22,Air conditioner,Appliances,21750.0,UPI_APP
R101441,2025-10-22,Laptop,Electronics,13150.0,UPI_APP
R101442,2025-10-22,Smart TV 43in,Electronics,24720.0,UPI_QR
R101443,2025-10-22,Laptop,Electronics,6440.0,UPI_APP
R101444,2025-10-22,Soundbar,Electronics,33780.0,CARD
R101445,2025-10-22,Bedsheet set,Home Essentials,822.0,CASH
R101446,2025-10-22,Earphones,Accessories,543.0,UPI_QR
R101447,2025-10-22,Phone case,Accessories,243.0,UPI_APP
R101448,2025-10-22,Soundbar,Electronics,17870.0,UPI_QR
R101449,2025-10-22,Cookware set,Home Essentials,246.0,CASH
R101450,2025-10-22,Phone case,Accessories,390.0,UPI_QR
R101451,2025-10-22,Air conditioner,Appliances,26000.0,UPI_APP
R101452,2025-10-22,Charger,Accessories,1270.0,UPI_APP
R101453,2025-10-23,Earphones,Accessories,228.0,CASH
R101454,2025-10-23,Kurta set,Apparel,1290.0,UPI_QR
R101455,2025-10-23,Jeans,Apparel,1280.0,CARD
R101456,2025-10-23,Mixer jar,Home Essentials,402.0,UPI_QR
R101457,2025-10-23,Power bank,Accessories,208.0,CARD
R101458,2025-10-23,Smart TV 43in,Electronics,22480.0,CARD
R101459,2025-10-23,Formal shirt,Apparel,891.0,UPI_QR
R101460,2025-10-23,Bedsheet set,Home Essentials,932.0,UPI_QR
R101461,2025-10-23,Earphones,Accessories,508.0,CASH
R101462,2025-10-23,Earphones,Accessories,488.0,CASH
R101463,2025-10-23,Sports shoes,Apparel,1860.0,UPI_QR
R101464,2025-10-23,Mixer jar,Home Essentials,963.0,UPI_QR
R101465,2025-10-23,Soundbar,Electronics,2180.0,UPI_APP
R101466,2025-10-23,Jacket,Apparel,1290.0,UPI_QR
R101467,2025-10-23,Tablet,Electronics,15390.0,UPI_QR
R101468,2025-10-23,Charger,Accessories,310.0,CASH
R101469,2025-10-23,Gaming console,Electronics,15180.0,CARD
R101470,2025-10-23,Power bank,Accessories,324.0,UPI_APP
R101471,2025-10-23,Smart TV 43in,Electronics,11990.0,CARD
R101472,2025-10-23,Mixer jar,Home Essentials,1080.0,CASH
R101473,2025-10-23,Jacket,Apparel,428.0,UPI_QR
R101474,2025-10-23,Earphones,Accessories,775.0,UPI_APP
R101475,2025-10-23,Mixer jar,Home Essentials,1280.0,UPI_QR
R101476,2025-10-23,Charger,Accessories,336.0,UPI_QR
R101477,2025-10-23,Washing machine,Appliances,28750.0,CASH
R101478,2025-10-23,Storage box,Home Essentials,597.0,CASH
R101479,2025-10-23,Sports shoes,Apparel,1200.0,CASH
R101480,2025-10-23,Formal shirt,Apparel,1070.0,UPI_QR
R101481,2025-10-23,Earphones,Accessories,271.0,CARD
R101482,2025-10-23,Office chair,Furniture,38770.0,UPI_QR
R101483,2025-10-23,Sports shoes,Apparel,1980.0,CARD
R101484,2025-10-23,Power bank,Accessories,518.0,CARD
R101485,2025-10-23,Soundbar,Electronics,48470.0,CARD
R101486,2025-10-23,Phone case,Accessories,259.0,CARD
R101487,2025-10-23,Jeans,Apparel,1000.0,UPI_APP
R101488,2025-10-23,Mixer jar,Home Essentials,1350.0,UPI_APP
R101489,2025-10-23,Earphones,Accessories,423.0,UPI_QR
R101490,2025-10-23,Water purifier,Appliances,28370.0,UPI_APP
R101491,2025-10-23,Charger,Accessories,553.0,UPI_QR
R101492,2025-10-23,Bedsheet set,Home Essentials,879.0,UPI_QR
R101493,2025-10-23,Water purifier,Appliances,18110.0,CARD
R101494,2025-10-23,Office chair,Furniture,37970.0,UPI_QR
R101495,2025-10-23,Bedsheet set,Home Essentials,484.0,CARD
R101496,2025-10-23,Smart TV 43in,Electronics,5850.0,UPI_QR
R101497,2025-10-23,Formal shirt,Apparel,1070.0,CASH
R101498,2025-10-23,Smartphone B,Mobiles,52730.0,UPI_QR
R101499,2025-10-23,Wardrobe,Furniture,7570.0,CARD
R101500,2025-10-23,Kurta set,Apparel,1270.0,UPI_APP
R101501,2025-10-23,Sports shoes,Apparel,1330.0,UPI_QR
R101502,2025-10-23,Sofa set,Furniture,13880.0,CARD
R101503,2025-10-23,Screen guard,Accessories,719.0,UPI_APP
R101504,2025-10-23,Tablet,Electronics,13530.0,UPI_QR
R101505,2025-10-23,Screen guard,Accessories,316.0,UPI_QR
R101506,2025-10-23,Sports shoes,Apparel,1640.0,CASH
R101507,2025-10-23,Power bank,Accessories,384.0,UPI_APP
R101508,2025-10-23,Tablet,Electronics,32270.0,CARD
R101509,2025-10-23,Power bank,Accessories,249.0,CARD
R101510,2025-10-23,Tablet,Electronics,17920.0,CASH
R101511,2025-10-23,Sports shoes,Apparel,843.0,UPI_QR
R101512,2025-10-23,Power bank,Accessories,841.0,UPI_APP
R101513,2025-10-23,Jacket,Apparel,1020.0,UPI_QR
R101514,2025-10-24,Smartphone C,Mobiles,36210.0,CASH
R101515,2025-10-24,Washing machine,Appliances,13320.0,CASH
R101516,2025-10-24,Laptop,Electronics,8280.0,UPI_APP
R101517,2025-10-24,Microwave,Appliances,11310.0,CARD
R101518,2025-10-24,Jeans,Apparel,818.0,UPI_APP
R101519,2025-10-24,Sports shoes,Apparel,845.0,CASH
R101520,2025-10-24,Sports shoes,Apparel,2090.0,CARD
R101521,2025-10-24,Smartphone C,Mobiles,22950.0,UPI_APP
R101522,2025-10-24,Phone case,Accessories,900.0,UPI_QR
R101523,2025-10-24,Tablet,Electronics,19930.0,UPI_QR
R101524,2025-10-24,Formal shirt,Apparel,2220.0,UPI_QR
R101525,2025-10-24,Jeans,Apparel,2600.0,CARD
R101526,2025-10-24,Washing machine,Appliances,22110.0,CARD
R101527,2025-10-24,Phone case,Accessories,337.0,UPI_APP
R101528,2025-10-24,Formal shirt,Apparel,2030.0,CASH
R101529,2025-10-24,Wardrobe,Furniture,4420.0,UPI_QR
R101530,2025-10-24,Jacket,Apparel,1440.0,UPI_QR
R101531,2025-10-24,Wardrobe,Furniture,29850.0,UPI_APP
R101532,2025-10-24,Microwave,Appliances,12060.0,UPI_QR
R101533,2025-10-24,Kurta set,Apparel,2360.0,CASH
R101534,2025-10-24,Soundbar,Electronics,44750.0,CARD
R101535,2025-10-24,Charger,Accessories,174.0,CASH
R101536,2025-10-24,Formal shirt,Apparel,1390.0,UPI_QR
R101537,2025-10-24,Earphones,Accessories,607.0,CARD
R101538,2025-10-24,Power bank,Accessories,304.0,UPI_QR
R101539,2025-10-24,Earphones,Accessories,917.0,UPI_APP
R101540,2025-10-24,Washing machine,Appliances,14010.0,CASH
R101541,2025-10-24,Earphones,Accessories,1700.0,CARD
R101542,2025-10-24,Gaming console,Electronics,4500.0,UPI_APP
R101543,2025-10-24,Jeans,Apparel,1270.0,UPI_APP
R101544,2025-10-24,Jacket,Apparel,2610.0,CARD
R101545,2025-10-24,Sports shoes,Apparel,2090.0,UPI_QR
R101546,2025-10-24,Bedsheet set,Home Essentials,955.0,UPI_QR
R101547,2025-10-24,Bed frame,Furniture,10230.0,UPI_QR
R101548,2025-10-24,Phone case,Accessories,961.0,CARD
R101549,2025-10-24,Office chair,Furniture,39810.0,UPI_APP
R101550,2025-10-24,Smartphone B,Mobiles,23120.0,CARD
R101551,2025-10-24,Earphones,Accessories,868.0,UPI_APP
R101552,2025-10-24,Cookware set,Home Essentials,642.0,CASH
R101553,2025-10-24,Kurta set,Apparel,2210.0,UPI_QR
R101554,2025-10-24,Bed frame,Furniture,4910.0,UPI_QR
R101555,2025-10-24,Gaming console,Electronics,5050.0,CARD
R101556,2025-10-24,Laptop,Electronics,9630.0,UPI_APP
R101557,2025-10-24,Refrigerator,Appliances,40410.0,UPI_QR
R101558,2025-10-24,Cookware set,Home Essentials,173.0,UPI_QR
R101559,2025-10-24,Phone case,Accessories,237.0,CARD
R101560,2025-10-24,Wardrobe,Furniture,24120.0,CARD
R101561,2025-10-24,Kurta set,Apparel,1550.0,UPI_QR
R101562,2025-10-24,Storage box,Home Essentials,852.0,UPI_QR
R101563,2025-10-24,Kurta set,Apparel,1230.0,UPI_QR
R101564,2025-10-24,Power bank,Accessories,1160.0,UPI_QR
R101565,2025-10-24,Jacket,Apparel,512.0,UPI_QR
R101566,2025-10-24,Charger,Accessories,302.0,UPI_QR
R101567,2025-10-24,Microwave,Appliances,30960.0,UPI_APP
R101568,2025-10-24,Jeans,Apparel,2760.0,UPI_QR
R101569,2025-10-24,Charger,Accessories,323.0,UPI_QR
R101570,2025-10-24,Screen guard,Accessories,163.0,UPI_QR
R101571,2025-10-24,Dining table,Furniture,6020.0,UPI_QR
R101572,2025-10-24,Storage box,Home Essentials,512.0,UPI_QR
R101573,2025-10-24,Charger,Accessories,1190.0,CASH
R101574,2025-10-24,Jeans,Apparel,1900.0,UPI_QR
R101575,2025-10-24,Sofa set,Furniture,23590.0,UPI_QR
R101576,2025-10-24,Screen guard,Accessories,138.0,UPI_QR
R101577,2025-10-24,Power bank,Accessories,735.0,CARD
R101578,2025-10-24,Jeans,Apparel,1230.0,UPI_APP
R101579,2025-10-24,Charger,Accessories,401.0,CARD
R101580,2025-10-24,Charger,Accessories,385.0,CARD
R101581,2025-10-24,Jeans,Apparel,1220.0,UPI_APP
R101582,2025-10-24,Sports shoes,Apparel,1630.0,UPI_APP
R101583,2025-10-24,Screen guard,Accessories,479.0,CARD
R101584,2025-10-24,Refrigerator,Appliances,21290.0,CARD
R101585,2025-10-24,Earphones,Accessories,297.0,UPI_QR
R101586,2025-10-24,Formal shirt,Apparel,1960.0,CARD
R101587,2025-10-24,Wardrobe,Furniture,10240.0,UPI_QR
R101588,2025-10-24,Microwave,Appliances,28510.0,CARD
R101589,2025-10-24,Microwave,Appliances,37100.0,CARD
R101590,2025-10-25,Screen guard,Accessories,264.0,UPI_QR
R101591,2025-10-25,Power bank,Accessories,842.0,UPI_APP
R101592,2025-10-25,Charger,Accessories,1490.0,CARD
R101593,2025-10-25,Sports shoes,Apparel,964.0,CARD
R101594,2025-10-25,Gaming console,Electronics,59410.0,UPI_QR
R101595,2025-10-25,Charger,Accessories,459.0,UPI_APP
R101596,2025-10-25,Jeans,Apparel,860.0,CARD
R101597,2025-10-25,Earphones,Accessories,724.0,UPI_QR
R101598,2025-10-25,Refrigerator,Appliances,12550.0,CARD
R101599,2025-10-25,Bedsheet set,Home Essentials,624.0,UPI_QR
R101600,2025-10-25,Mixer jar,Home Essentials,2280.0,UPI_QR
R101601,2025-10-25,Soundbar,Electronics,11120.0,CARD
R101602,2025-10-25,Formal shirt,Apparel,467.0,UPI_QR
R101603,2025-10-25,Mixer jar,Home Essentials,1180.0,UPI_APP
R101604,2025-10-25,Laptop,Electronics,9630.0,CARD
R101605,2025-10-25,Bedsheet set,Home Essentials,689.0,UPI_QR
R101606,2025-10-25,Jacket,Apparel,1140.0,UPI_QR
R101607,2025-10-25,Mixer jar,Home Essentials,703.0,CASH
R101608,2025-10-25,Power bank,Accessories,314.0,CARD
R101609,2025-10-25,Jacket,Apparel,1540.0,CARD
R101610,2025-10-25,Curtains,Home Essentials,370.0,UPI_APP
R101611,2025-10-25,Office chair,Furniture,13210.0,UPI_QR
R101612,2025-10-25,Soundbar,Electronics,11130.0,CARD
R101613,2025-10-25,Tablet,Electronics,21680.0,UPI_APP
R101614,2025-10-25,Power bank,Accessories,379.0,UPI_QR
R101615,2025-10-25,Earphones,Accessories,421.0,CARD
R101616,2025-10-25,Screen guard,Accessories,478.0,CARD
R101617,2025-10-25,Power bank,Accessories,334.0,UPI_APP
R101618,2025-10-25,Power bank,Accessories,209.0,UPI_APP
R101619,2025-10-25,Mixer jar,Home Essentials,854.0,UPI_QR
R101620,2025-10-25,Earphones,Accessories,716.0,UPI_QR
R101621,2025-10-25,Formal shirt,Apparel,863.0,UPI_QR
R101622,2025-10-25,Smart TV 43in,Electronics,19420.0,CARD
R101623,2025-10-25,Refrigerator,Appliances,11680.0,CARD
R101624,2025-10-25,Microwave,Appliances,38000.0,CARD
R101625,2025-10-25,Air conditioner,Appliances,44540.0,UPI_APP
R101626,2025-10-25,Mixer jar,Home Essentials,1200.0,UPI_QR
R101627,2025-10-25,Curtains,Home Essentials,502.0,UPI_QR
R101628,2025-10-25,Water purifier,Appliances,24130.0,UPI_APP
R101629,2025-10-25,Formal shirt,Apparel,1260.0,UPI_QR
R101630,2025-10-25,Bedsheet set,Home Essentials,1170.0,UPI_QR
R101631,2025-10-25,Kurta set,Apparel,730.0,UPI_QR
R101632,2025-10-25,Screen guard,Accessories,359.0,UPI_QR
R101633,2025-10-25,Charger,Accessories,569.0,UPI_QR
R101634,2025-10-25,Wardrobe,Furniture,20590.0,CARD
R101635,2025-10-25,Curtains,Home Essentials,469.0,UPI_QR
R101636,2025-10-25,Sports shoes,Apparel,2190.0,UPI_QR
R101637,2025-10-25,Screen guard,Accessories,807.0,CARD
R101638,2025-10-25,Curtains,Home Essentials,618.0,UPI_QR
R101639,2025-10-25,Earphones,Accessories,654.0,UPI_QR
R101640,2025-10-25,Bedsheet set,Home Essentials,759.0,UPI_QR
R101641,2025-10-25,Office chair,Furniture,20410.0,UPI_QR
R101642,2025-10-25,Screen guard,Accessories,330.0,CARD
R101643,2025-10-25,Charger,Accessories,479.0,UPI_APP
R101644,2025-10-25,Sports shoes,Apparel,1980.0,CARD
R101645,2025-10-25,Bedsheet set,Home Essentials,417.0,CARD
R101646,2025-10-25,Laptop,Electronics,5660.0,CARD
R101647,2025-10-25,Screen guard,Accessories,639.0,CARD
R101648,2025-10-25,Smartphone A,Mobiles,20570.0,UPI_APP
R101649,2025-10-25,Power bank,Accessories,372.0,UPI_QR
R101650,2025-10-25,Phone case,Accessories,994.0,CARD
R101651,2025-10-25,Screen guard,Accessories,211.0,UPI_APP
R101652,2025-10-25,Earphones,Accessories,396.0,UPI_APP
R101653,2025-10-25,Jeans,Apparel,1240.0,UPI_APP
R101654,2025-10-25,Foldable phone,Mobiles,53790.0,CARD
R101655,2025-10-25,Kurta set,Apparel,2190.0,UPI_QR
R101656,2025-10-25,Charger,Accessories,581.0,CASH
R101657,2025-10-25,Sofa set,Furniture,10350.0,UPI_QR
R101658,2025-10-25,Kurta set,Apparel,3470.0,CARD
R101659,2025-10-25,Earphones,Accessories,337.0,UPI_QR
R101660,2025-10-25,Screen guard,Accessories,303.0,UPI_QR
R101661,2025-10-25,Curtains,Home Essentials,853.0,UPI_APP
R101662,2025-10-25,Phone case,Accessories,125.0,CARD
R101663,2025-10-25,Jacket,Apparel,1640.0,CASH
R101664,2025-10-25,Power bank,Accessories,322.0,CASH
R101665,2025-10-25,Mixer jar,Home Essentials,823.0,UPI_APP
R101666,2025-10-25,Bedsheet set,Home Essentials,1120.0,UPI_APP
R101667,2025-10-26,Kurta set,Apparel,1400.0,CARD
R101668,2025-10-26,Kurta set,Apparel,1830.0,CASH
R101669,2025-10-26,Bedsheet set,Home Essentials,395.0,UPI_APP
R101670,2025-10-26,Bedsheet set,Home Essentials,986.0,UPI_APP
R101671,2025-10-26,Formal shirt,Apparel,885.0,CASH
R101672,2025-10-26,Formal shirt,Apparel,1920.0,UPI_QR
R101673,2025-10-26,Charger,Accessories,1740.0,CARD
R101674,2025-10-26,Sports shoes,Apparel,939.0,UPI_QR
R101675,2025-10-26,Screen guard,Accessories,510.0,UPI_QR
R101676,2025-10-26,Screen guard,Accessories,367.0,CARD
R101677,2025-10-26,Tablet,Electronics,13460.0,CARD
R101678,2025-10-26,Office chair,Furniture,8400.0,UPI_APP
R101679,2025-10-26,Power bank,Accessories,460.0,UPI_QR
R101680,2025-10-26,Wardrobe,Furniture,3100.0,UPI_QR
R101681,2025-10-26,Storage box,Home Essentials,416.0,CARD
R101682,2025-10-26,Formal shirt,Apparel,1540.0,UPI_APP
R101683,2025-10-26,Washing machine,Appliances,25300.0,UPI_APP
R101684,2025-10-26,Charger,Accessories,1130.0,UPI_QR
R101685,2025-10-26,Tablet,Electronics,101360.0,CARD
R101686,2025-10-26,Earphones,Accessories,184.0,CASH
R101687,2025-10-26,Bedsheet set,Home Essentials,937.0,UPI_APP
R101688,2025-10-26,Phone case,Accessories,971.0,UPI_APP
R101689,2025-10-26,Kurta set,Apparel,790.0,CARD
R101690,2025-10-26,Air conditioner,Appliances,68420.0,UPI_QR
R101691,2025-10-26,Tablet,Electronics,6120.0,UPI_APP
R101692,2025-10-26,Foldable phone,Mobiles,33920.0,UPI_QR
R101693,2025-10-26,Cookware set,Home Essentials,620.0,CARD
R101694,2025-10-26,Jacket,Apparel,877.0,UPI_QR
R101695,2025-10-26,Formal shirt,Apparel,619.0,CARD
R101696,2025-10-26,Kurta set,Apparel,876.0,UPI_QR
R101697,2025-10-26,Jacket,Apparel,799.0,CARD
R101698,2025-10-26,Office chair,Furniture,20700.0,CASH
R101699,2025-10-26,Foldable phone,Mobiles,25070.0,CARD
R101700,2025-10-26,Screen guard,Accessories,582.0,UPI_QR
R101701,2025-10-26,Laptop,Electronics,26490.0,UPI_QR
R101702,2025-10-26,Phone case,Accessories,1630.0,CASH
R101703,2025-10-26,Jacket,Apparel,872.0,UPI_QR
R101704,2025-10-26,Laptop,Electronics,13990.0,UPI_QR
R101705,2025-10-26,Smartphone B,Mobiles,21190.0,UPI_QR
R101706,2025-10-26,Air conditioner,Appliances,27440.0,CASH
R101707,2025-10-26,Phone case,Accessories,99.0,CARD
R101708,2025-10-26,Dining table,Furniture,14350.0,UPI_QR
R101709,2025-10-26,Power bank,Accessories,908.0,UPI_QR
R101710,2025-10-26,Earphones,Accessories,294.0,UPI_QR
R101711,2025-10-26,Bed frame,Furniture,11570.0,CARD
R101712,2025-10-26,Cookware set,Home Essentials,1120.0,CARD
R101713,2025-10-26,Sports shoes,Apparel,568.0,UPI_APP
R101714,2025-10-26,Bed frame,Furniture,23600.0,CASH
R101715,2025-10-26,Jacket,Apparel,1170.0,CARD
R101716,2025-10-26,Water purifier,Appliances,18800.0,UPI_QR
R101717,2025-10-26,Curtains,Home Essentials,1260.0,UPI_APP
R101718,2025-10-26,Mixer jar,Home Essentials,449.0,CARD
R101719,2025-10-26,Mixer jar,Home Essentials,161.0,UPI_QR
R101720,2025-10-26,Gaming console,Electronics,31210.0,CARD
R101721,2025-10-26,Kurta set,Apparel,1880.0,UPI_APP
R101722,2025-10-26,Storage box,Home Essentials,237.0,UPI_APP
R101723,2025-10-26,Power bank,Accessories,456.0,UPI_QR
R101724,2025-10-26,Phone case,Accessories,1890.0,UPI_QR
R101725,2025-10-26,Power bank,Accessories,475.0,UPI_QR
R101726,2025-10-26,Earphones,Accessories,280.0,UPI_QR
R101727,2025-10-26,Sports shoes,Apparel,647.0,CARD
R101728,2025-10-26,Kurta set,Apparel,1840.0,CARD
R101729,2025-10-26,Power bank,Accessories,226.0,UPI_QR
R101730,2025-10-26,Mixer jar,Home Essentials,886.0,CARD
R101731,2025-10-26,Cookware set,Home Essentials,1460.0,UPI_APP
R101732,2025-10-26,Bedsheet set,Home Essentials,1510.0,CARD
R101733,2025-10-26,Jeans,Apparel,3360.0,CARD
R101734,2025-10-26,Wardrobe,Furniture,12300.0,UPI_QR
R101735,2025-10-26,Jacket,Apparel,961.0,UPI_QR
R101736,2025-10-26,Sports shoes,Apparel,1160.0,UPI_QR
R101737,2025-10-26,Washing machine,Appliances,17120.0,UPI_APP
R101738,2025-10-26,Jacket,Apparel,3170.0,UPI_QR
R101739,2025-10-26,Phone case,Accessories,147.0,UPI_QR
R101740,2025-10-26,Kurta set,Apparel,2320.0,CASH
R101741,2025-10-26,Office chair,Furniture,6330.0,CASH
R101742,2025-10-26,Formal shirt,Apparel,1820.0,CARD
R101743,2025-10-26,Charger,Accessories,171.0,UPI_QR
R101744,2025-10-26,Phone case,Accessories,728.0,UPI_APP
R101745,2025-10-26,Jeans,Apparel,400.0,UPI_QR
R101746,2025-10-27,Phone case,Accessories,1140.0,UPI_QR
R101747,2025-10-27,Water purifier,Appliances,54770.0,UPI_QR
R101748,2025-10-27,Gaming console,Electronics,5090.0,UPI_QR
R101749,2025-10-27,Foldable phone,Mobiles,27210.0,CASH
R101750,2025-10-27,Laptop,Electronics,53420.0,CARD
R101751,2025-10-27,Power bank,Accessories,295.0,UPI_APP
R101752,2025-10-27,Screen guard,Accessories,438.0,UPI_QR
R101753,2025-10-27,Charger,Accessories,401.0,UPI_QR
R101754,2025-10-27,Power bank,Accessories,473.0,CARD
R101755,2025-10-27,Water purifier,Appliances,71050.0,UPI_QR
R101756,2025-10-27,Power bank,Accessories,246.0,CARD
R101757,2025-10-27,Soundbar,Electronics,13530.0,UPI_APP
R101758,2025-10-27,Smartphone A,Mobiles,25180.0,CASH
R101759,2025-10-27,Curtains,Home Essentials,585.0,CASH
R101760,2025-10-27,Screen guard,Accessories,1670.0,UPI_QR
R101761,2025-10-27,Gaming console,Electronics,10820.0,CARD
R101762,2025-10-27,Charger,Accessories,484.0,UPI_QR
R101763,2025-10-27,Microwave,Appliances,27490.0,UPI_QR
R101764,2025-10-27,Phone case,Accessories,375.0,CARD
R101765,2025-10-27,Jeans,Apparel,1140.0,UPI_QR
R101766,2025-10-27,Wardrobe,Furniture,15380.0,CARD
R101767,2025-10-27,Jacket,Apparel,988.0,CARD
R101768,2025-10-27,Storage box,Home Essentials,1000.0,CARD
R101769,2025-10-27,Smart TV 43in,Electronics,6110.0,CARD
R101770,2025-10-27,Screen guard,Accessories,509.0,UPI_QR
R101771,2025-10-27,Microwave,Appliances,19120.0,UPI_QR
R101772,2025-10-27,Washing machine,Appliances,20190.0,CARD
R101773,2025-10-27,Air conditioner,Appliances,4520.0,UPI_QR
R101774,2025-10-27,Smartphone C,Mobiles,52360.0,UPI_QR
R101775,2025-10-27,Jeans,Apparel,1270.0,UPI_APP
R101776,2025-10-27,Smart TV 43in,Electronics,20830.0,CASH
R101777,2025-10-27,Formal shirt,Apparel,2840.0,UPI_QR
R101778,2025-10-27,Screen guard,Accessories,181.0,CASH
R101779,2025-10-27,Bedsheet set,Home Essentials,1830.0,CASH
R101780,2025-10-27,Sofa set,Furniture,12390.0,CASH
R101781,2025-10-27,Power bank,Accessories,215.0,UPI_QR
R101782,2025-10-27,Curtains,Home Essentials,850.0,UPI_QR
R101783,2025-10-27,Earphones,Accessories,350.0,UPI_APP
R101784,2025-10-27,Tablet,Electronics,56840.0,UPI_QR
R101785,2025-10-27,Tablet,Electronics,19260.0,CARD
R101786,2025-10-27,Mixer jar,Home Essentials,626.0,UPI_QR
R101787,2025-10-27,Sports shoes,Apparel,835.0,CARD
R101788,2025-10-27,Sports shoes,Apparel,1390.0,UPI_QR
R101789,2025-10-27,Phone case,Accessories,695.0,CARD
R101790,2025-10-27,Office chair,Furniture,8990.0,UPI_APP
R101791,2025-10-27,Power bank,Accessories,198.0,CARD
R101792,2025-10-27,Jacket,Apparel,1620.0,CARD
R101793,2025-10-27,Power bank,Accessories,437.0,UPI_QR
R101794,2025-10-27,Formal shirt,Apparel,4340.0,UPI_QR
R101795,2025-10-27,Gaming console,Electronics,12620.0,UPI_APP
R101796,2025-10-27,Sports shoes,Apparel,1460.0,UPI_QR
R101797,2025-10-27,Power bank,Accessories,1160.0,CARD
R101798,2025-10-27,Smart TV 43in,Electronics,6750.0,CARD
R101799,2025-10-27,Kurta set,Apparel,1780.0,UPI_APP
R101800,2025-10-27,Storage box,Home Essentials,1330.0,UPI_QR
R101801,2025-10-27,Cookware set,Home Essentials,384.0,CARD
R101802,2025-10-27,Washing machine,Appliances,11390.0,CASH
R101803,2025-10-27,Screen guard,Accessories,1310.0,UPI_QR
R101804,2025-10-27,Sports shoes,Apparel,1580.0,UPI_APP
R101805,2025-10-27,Sports shoes,Apparel,552.0,CARD
R101806,2025-10-27,Screen guard,Accessories,1100.0,CASH
R101807,2025-10-27,Curtains,Home Essentials,662.0,CARD
R101808,2025-10-27,Water purifier,Appliances,13340.0,CARD
R101809,2025-10-27,Screen guard,Accessories,1290.0,UPI_QR
R101810,2025-10-27,Power bank,Accessories,301.0,UPI_APP
R101811,2025-10-27,Washing machine,Appliances,5500.0,CARD
R101812,2025-10-28,Soundbar,Electronics,9380.0,UPI_QR
R101813,2025-10-28,Jacket,Apparel,1300.0,UPI_QR
R101814,2025-10-28,Washing machine,Appliances,23030.0,CASH
R101815,2025-10-28,Gaming console,Electronics,7030.0,CARD
R101816,2025-10-28,Charger,Accessories,190.0,CARD
R101817,2025-10-28,Storage box,Home Essentials,763.0,UPI_APP
R101818,2025-10-28,Charger,Accessories,356.0,CASH
R101819,2025-10-28,Cookware set,Home Essentials,588.0,UPI_QR
R101820,2025-10-28,Charger,Accessories,296.0,CASH
R101821,2025-10-28,Mixer jar,Home Essentials,317.0,CASH
R101822,2025-10-28,Phone case,Accessories,2680.0,UPI_QR
R101823,2025-10-28,Bedsheet set,Home Essentials,495.0,CARD
R101824,2025-10-28,Earphones,Accessories,349.0,CARD
R101825,2025-10-28,Earphones,Accessories,225.0,CASH
R101826,2025-10-28,Power bank,Accessories,254.0,UPI_APP
R101827,2025-10-28,Formal shirt,Apparel,1030.0,CARD
R101828,2025-10-28,Jacket,Apparel,1800.0,UPI_QR
R101829,2025-10-28,Foldable phone,Mobiles,74110.0,CARD
R101830,2025-10-28,Power bank,Accessories,1620.0,CARD
R101831,2025-10-28,Phone case,Accessories,570.0,UPI_QR
R101832,2025-10-28,Earphones,Accessories,388.0,CARD
R101833,2025-10-28,Water purifier,Appliances,11800.0,UPI_QR
R101834,2025-10-28,Soundbar,Electronics,15520.0,UPI_QR
R101835,2025-10-28,Water purifier,Appliances,28950.0,UPI_APP
R101836,2025-10-28,Jeans,Apparel,1070.0,CASH
R101837,2025-10-28,Tablet,Electronics,7210.0,UPI_APP
R101838,2025-10-28,Smart TV 43in,Electronics,17780.0,CARD
R101839,2025-10-28,Kurta set,Apparel,730.0,UPI_APP
R101840,2025-10-28,Jeans,Apparel,1250.0,UPI_QR
R101841,2025-10-28,Smartphone A,Mobiles,22460.0,UPI_APP
R101842,2025-10-28,Smart TV 43in,Electronics,12460.0,UPI_APP
R101843,2025-10-28,Tablet,Electronics,17550.0,UPI_QR
R101844,2025-10-28,Phone case,Accessories,395.0,CARD
R101845,2025-10-28,Smartphone B,Mobiles,54870.0,UPI_QR
R101846,2025-10-28,Smart TV 43in,Electronics,61630.0,CARD
R101847,2025-10-28,Charger,Accessories,513.0,UPI_QR
R101848,2025-10-28,Power bank,Accessories,740.0,UPI_QR
R101849,2025-10-28,Bed frame,Furniture,12320.0,CARD
R101850,2025-10-28,Curtains,Home Essentials,433.0,UPI_APP
R101851,2025-10-28,Office chair,Furniture,15280.0,CARD
R101852,2025-10-28,Jacket,Apparel,1220.0,CARD
R101853,2025-10-28,Storage box,Home Essentials,335.0,CASH
R101854,2025-10-28,Curtains,Home Essentials,601.0,UPI_QR
R101855,2025-10-28,Dining table,Furniture,7040.0,CASH
R101856,2025-10-28,Smart TV 43in,Electronics,16510.0,UPI_QR
R101857,2025-10-28,Mixer jar,Home Essentials,216.0,CASH
R101858,2025-10-28,Jeans,Apparel,2100.0,UPI_APP
R101859,2025-10-28,Charger,Accessories,658.0,UPI_QR
R101860,2025-10-28,Screen guard,Accessories,838.0,CARD
R101861,2025-10-28,Power bank,Accessories,920.0,UPI_QR
R101862,2025-10-28,Curtains,Home Essentials,1190.0,UPI_QR
R101863,2025-10-28,Jeans,Apparel,1750.0,UPI_QR
R101864,2025-10-28,Bedsheet set,Home Essentials,692.0,UPI_APP
R101865,2025-10-28,Sports shoes,Apparel,627.0,CASH
R101866,2025-10-28,Kurta set,Apparel,1120.0,UPI_QR
R101867,2025-10-28,Screen guard,Accessories,661.0,UPI_APP
R101868,2025-10-28,Earphones,Accessories,217.0,CASH
R101869,2025-10-28,Refrigerator,Appliances,13630.0,UPI_QR
R101870,2025-10-28,Jacket,Apparel,1590.0,CARD
R101871,2025-10-28,Formal shirt,Apparel,2020.0,UPI_QR
R101872,2025-10-28,Gaming console,Electronics,18440.0,CARD
R101873,2025-10-28,Jacket,Apparel,1570.0,UPI_QR
R101874,2025-10-28,Microwave,Appliances,49320.0,CARD
R101875,2025-10-28,Jeans,Apparel,1810.0,CASH
R101876,2025-10-28,Formal shirt,Apparel,786.0,UPI_QR
R101877,2025-10-28,Phone case,Accessories,434.0,UPI_QR
R101878,2025-10-28,Wardrobe,Furniture,15440.0,UPI_QR
R101879,2025-10-28,Charger,Accessories,128.0,UPI_QR
R101880,2025-10-28,Jacket,Apparel,2610.0,CARD
R101881,2025-10-28,Sports shoes,Apparel,1250.0,UPI_QR
R101882,2025-10-28,Power bank,Accessories,451.0,UPI_QR
R101883,2025-10-28,Phone case,Accessories,384.0,CARD
R101884,2025-10-29,Sports shoes,Apparel,2570.0,UPI_QR
R101885,2025-10-29,Air conditioner,Appliances,89090.0,CARD
R101886,2025-10-29,Sofa set,Furniture,10580.0,UPI_APP
R101887,2025-10-29,Charger,Accessories,399.0,CARD
R101888,2025-10-29,Smartphone C,Mobiles,21800.0,CASH
R101889,2025-10-29,Dining table,Furniture,30360.0,CARD
R101890,2025-10-29,Mixer jar,Home Essentials,1690.0,CARD
R101891,2025-10-29,Water purifier,Appliances,22220.0,UPI_QR
R101892,2025-10-29,Storage box,Home Essentials,484.0,CARD
R101893,2025-10-29,Power bank,Accessories,282.0,UPI_QR
R101894,2025-10-29,Jeans,Apparel,912.0,CARD
R101895,2025-10-29,Jeans,Apparel,2190.0,UPI_QR
R101896,2025-10-29,Phone case,Accessories,603.0,UPI_QR
R101897,2025-10-29,Refrigerator,Appliances,27280.0,UPI_APP
R101898,2025-10-29,Tablet,Electronics,21710.0,UPI_QR
R101899,2025-10-29,Storage box,Home Essentials,577.0,CARD
R101900,2025-10-29,Jacket,Apparel,1120.0,CARD
R101901,2025-10-29,Screen guard,Accessories,640.0,CASH
R101902,2025-10-29,Earphones,Accessories,289.0,CASH
R101903,2025-10-29,Earphones,Accessories,525.0,UPI_QR
R101904,2025-10-29,Bedsheet set,Home Essentials,784.0,UPI_QR
R101905,2025-10-29,Bedsheet set,Home Essentials,347.0,UPI_QR
R101906,2025-10-29,Mixer jar,Home Essentials,431.0,CARD
R101907,2025-10-29,Formal shirt,Apparel,1220.0,CARD
R101908,2025-10-29,Cookware set,Home Essentials,279.0,CARD
R101909,2025-10-29,Earphones,Accessories,718.0,UPI_QR
R101910,2025-10-29,Sports shoes,Apparel,2880.0,UPI_QR
R101911,2025-10-29,Charger,Accessories,323.0,CARD
R101912,2025-10-29,Smartphone C,Mobiles,22820.0,CASH
R101913,2025-10-29,Phone case,Accessories,534.0,UPI_QR
R101914,2025-10-29,Jeans,Apparel,1410.0,CASH
R101915,2025-10-29,Screen guard,Accessories,641.0,CASH
R101916,2025-10-29,Smartphone B,Mobiles,16500.0,CASH
R101917,2025-10-29,Jacket,Apparel,1190.0,UPI_QR
R101918,2025-10-29,Gaming console,Electronics,29050.0,CASH
R101919,2025-10-29,Gaming console,Electronics,13400.0,UPI_APP
R101920,2025-10-29,Jacket,Apparel,832.0,UPI_QR
R101921,2025-10-29,Sofa set,Furniture,29300.0,UPI_APP
R101922,2025-10-29,Earphones,Accessories,944.0,CARD
R101923,2025-10-29,Mixer jar,Home Essentials,419.0,UPI_QR
R101924,2025-10-29,Smart TV 43in,Electronics,5540.0,CARD
R101925,2025-10-29,Phone case,Accessories,295.0,CARD
R101926,2025-10-29,Tablet,Electronics,36030.0,UPI_APP
R101927,2025-10-29,Smartphone B,Mobiles,17540.0,CASH
R101928,2025-10-29,Laptop,Electronics,9380.0,CASH
R101929,2025-10-29,Dining table,Furniture,16320.0,UPI_APP
R101930,2025-10-29,Jacket,Apparel,598.0,CARD
R101931,2025-10-29,Power bank,Accessories,622.0,UPI_QR
R101932,2025-10-29,Microwave,Appliances,31430.0,UPI_APP
R101933,2025-10-29,Bed frame,Furniture,12800.0,CARD
R101934,2025-10-29,Earphones,Accessories,170.0,UPI_QR
R101935,2025-10-30,Mixer jar,Home Essentials,545.0,UPI_QR
R101936,2025-10-30,Jeans,Apparel,3120.0,CASH
R101937,2025-10-30,Earphones,Accessories,371.0,CARD
R101938,2025-10-30,Smartphone A,Mobiles,11410.0,CASH
R101939,2025-10-30,Washing machine,Appliances,24580.0,UPI_QR
R101940,2025-10-30,Curtains,Home Essentials,654.0,CASH
R101941,2025-10-30,Kurta set,Apparel,2200.0,CARD
R101942,2025-10-30,Air conditioner,Appliances,27170.0,CARD
R101943,2025-10-30,Kurta set,Apparel,2020.0,UPI_QR
R101944,2025-10-30,Earphones,Accessories,365.0,UPI_QR
R101945,2025-10-30,Bedsheet set,Home Essentials,623.0,UPI_QR
R101946,2025-10-30,Jeans,Apparel,2760.0,CARD
R101947,2025-10-30,Sports shoes,Apparel,2210.0,UPI_QR
R101948,2025-10-30,Phone case,Accessories,746.0,UPI_APP
R101949,2025-10-30,Office chair,Furniture,16530.0,UPI_APP
R101950,2025-10-30,Jeans,Apparel,5410.0,UPI_QR
R101951,2025-10-30,Sports shoes,Apparel,3290.0,UPI_QR
R101952,2025-10-30,Tablet,Electronics,32500.0,CARD
R101953,2025-10-30,Kurta set,Apparel,1260.0,CASH
R101954,2025-10-30,Screen guard,Accessories,556.0,UPI_QR
R101955,2025-10-30,Charger,Accessories,324.0,UPI_QR
R101956,2025-10-30,Cookware set,Home Essentials,679.0,CARD
R101957,2025-10-30,Bedsheet set,Home Essentials,564.0,CARD
R101958,2025-10-30,Storage box,Home Essentials,371.0,UPI_QR
R101959,2025-10-30,Tablet,Electronics,25350.0,UPI_APP
R101960,2025-10-30,Gaming console,Electronics,26530.0,CARD
R101961,2025-10-30,Smartphone B,Mobiles,21820.0,CASH
R101962,2025-10-30,Charger,Accessories,404.0,UPI_APP
R101963,2025-10-30,Bedsheet set,Home Essentials,979.0,UPI_QR
R101964,2025-10-30,Kurta set,Apparel,937.0,CARD
R101965,2025-10-30,Screen guard,Accessories,567.0,CARD
R101966,2025-10-30,Air conditioner,Appliances,22850.0,CASH
R101967,2025-10-30,Charger,Accessories,359.0,UPI_QR
R101968,2025-10-30,Bed frame,Furniture,6740.0,UPI_QR
R101969,2025-10-30,Storage box,Home Essentials,1160.0,UPI_QR
R101970,2025-10-30,Jacket,Apparel,1340.0,UPI_QR
R101971,2025-10-30,Wardrobe,Furniture,21510.0,CARD
R101972,2025-10-30,Kurta set,Apparel,478.0,CASH
R101973,2025-10-30,Tablet,Electronics,16550.0,UPI_QR
R101974,2025-10-30,Phone case,Accessories,567.0,UPI_QR
R101975,2025-10-30,Mixer jar,Home Essentials,1680.0,UPI_APP
R101976,2025-10-30,Laptop,Electronics,13290.0,UPI_QR
R101977,2025-10-30,Smartphone C,Mobiles,27570.0,CARD
R101978,2025-10-30,Jacket,Apparel,1320.0,UPI_QR
R101979,2025-10-30,Jeans,Apparel,1600.0,UPI_QR
R101980,2025-10-30,Mixer jar,Home Essentials,672.0,UPI_APP
R101981,2025-10-30,Power bank,Accessories,1210.0,UPI_QR
R101982,2025-10-30,Curtains,Home Essentials,965.0,UPI_QR
R101983,2025-10-30,Jeans,Apparel,1450.0,UPI_QR
R101984,2025-10-30,Phone case,Accessories,403.0,UPI_QR
R101985,2025-10-30,Screen guard,Accessories,305.0,UPI_QR
R101986,2025-10-30,Mixer jar,Home Essentials,389.0,CARD
R101987,2025-10-30,Refrigerator,Appliances,25830.0,CARD
R101988,2025-10-30,Curtains,Home Essentials,813.0,UPI_QR
R101989,2025-10-30,Mixer jar,Home Essentials,167.0,CASH
R101990,2025-10-30,Tablet,Electronics,34370.0,CARD
R101991,2025-10-30,Jeans,Apparel,1630.0,UPI_QR
R101992,2025-10-30,Earphones,Accessories,707.0,UPI_QR
R101993,2025-10-30,Gaming console,Electronics,8750.0,UPI_APP
R101994,2025-10-30,Kurta set,Apparel,1080.0,UPI_APP
R101995,2025-10-30,Soundbar,Electronics,23140.0,UPI_QR
R101996,2025-10-30,Kurta set,Apparel,3720.0,UPI_QR
R101997,2025-10-30,Phone case,Accessories,939.0,UPI_APP
R101998,2025-10-30,Jacket,Apparel,427.0,UPI_QR
R101999,2025-10-30,Bedsheet set,Home Essentials,597.0,UPI_QR
R102000,2025-10-30,Jeans,Apparel,1160.0,CARD
R102001,2025-10-30,Charger,Accessories,237.0,CARD
R102002,2025-10-30,Screen guard,Accessories,374.0,CASH
R102003,2025-10-30,Cookware set,Home Essentials,1940.0,UPI_QR
R102004,2025-10-30,Charger,Accessories,385.0,CARD
R102005,2025-10-30,Screen guard,Accessories,267.0,UPI_QR
R102006,2025-10-30,Jeans,Apparel,967.0,CASH
R102007,2025-10-30,Storage box,Home Essentials,707.0,CARD
R102008,2025-10-30,Earphones,Accessories,921.0,CASH
R102009,2025-10-30,Phone case,Accessories,119.0,UPI_QR
R102010,2025-10-31,Power bank,Accessories,476.0,UPI_QR
R102011,2025-10-31,Sofa set,Furniture,31860.0,UPI_APP
R102012,2025-10-31,Charger,Accessories,156.0,UPI_APP
R102013,2025-10-31,Tablet,Electronics,19710.0,UPI_APP
R102014,2025-10-31,Charger,Accessories,99.0,CARD
R102015,2025-10-31,Screen guard,Accessories,649.0,UPI_QR
R102016,2025-10-31,Bedsheet set,Home Essentials,840.0,UPI_APP
R102017,2025-10-31,Charger,Accessories,287.0,UPI_APP
R102018,2025-10-31,Power bank,Accessories,509.0,UPI_QR
R102019,2025-10-31,Cookware set,Home Essentials,563.0,CARD
R102020,2025-10-31,Jeans,Apparel,1740.0,CARD
R102021,2025-10-31,Charger,Accessories,321.0,UPI_QR
R102022,2025-10-31,Wardrobe,Furniture,14640.0,CARD
R102023,2025-10-31,Office chair,Furniture,6400.0,UPI_APP
R102024,2025-10-31,Phone case,Accessories,315.0,CARD
R102025,2025-10-31,Wardrobe,Furniture,30990.0,CARD
R102026,2025-10-31,Jacket,Apparel,2200.0,UPI_QR
R102027,2025-10-31,Phone case,Accessories,150.0,CARD
R102028,2025-10-31,Bedsheet set,Home Essentials,511.0,CASH
R102029,2025-10-31,Sports shoes,Apparel,936.0,UPI_QR
R102030,2025-10-31,Power bank,Accessories,1000.0,UPI_QR
R102031,2025-10-31,Bedsheet set,Home Essentials,397.0,UPI_QR
R102032,2025-10-31,Earphones,Accessories,652.0,CASH
R102033,2025-10-31,Sports shoes,Apparel,2790.0,CARD
R102034,2025-10-31,Tablet,Electronics,10740.0,UPI_QR
R102035,2025-10-31,Sports shoes,Apparel,1520.0,CASH
R102036,2025-10-31,Sports shoes,Apparel,734.0,CARD
R102037,2025-10-31,Refrigerator,Appliances,20920.0,UPI_APP
R102038,2025-10-31,Formal shirt,Apparel,1230.0,UPI_QR
R102039,2025-10-31,Dining table,Furniture,13820.0,UPI_APP
R102040,2025-10-31,Microwave,Appliances,54270.0,CARD
R102041,2025-10-31,Laptop,Electronics,12580.0,CARD
R102042,2025-10-31,Dining table,Furniture,12030.0,CASH
R102043,2025-10-31,Gaming console,Electronics,96560.0,CARD
R102044,2025-10-31,Microwave,Appliances,29630.0,UPI_APP
R102045,2025-10-31,Refrigerator,Appliances,17550.0,CASH
R102046,2025-10-31,Cookware set,Home Essentials,839.0,CARD
R102047,2025-10-31,Charger,Accessories,314.0,UPI_QR
R102048,2025-10-31,Cookware set,Home Essentials,1200.0,UPI_QR
R102049,2025-10-31,Charger,Accessories,499.0,UPI_APP
R102050,2025-10-31,Phone case,Accessories,140.0,CARD
R102051,2025-10-31,Formal shirt,Apparel,2180.0,UPI_APP
R102052,2025-10-31,Laptop,Electronics,13720.0,CASH
R102053,2025-10-31,Jeans,Apparel,973.0,CARD
R102054,2025-10-31,Kurta set,Apparel,669.0,UPI_QR
R102055,2025-10-31,Storage box,Home Essentials,671.0,CARD
R102056,2025-10-31,Charger,Accessories,716.0,UPI_QR
R102057,2025-10-31,Jeans,Apparel,4050.0,CARD
R102058,2025-10-31,Jacket,Apparel,869.0,CARD
R102059,2025-10-31,Bedsheet set,Home Essentials,2150.0,UPI_QR
R102060,2025-10-31,Charger,Accessories,358.0,CARD
R102061,2025-10-31,Curtains,Home Essentials,611.0,UPI_QR
R102062,2025-10-31,Charger,Accessories,496.0,UPI_APP
R102063,2025-10-31,Earphones,Accessories,647.0,CARD
R102064,2025-10-31,Bedsheet set,Home Essentials,636.0,CARD
R102065,2025-10-31,Power bank,Accessories,338.0,CARD
R102066,2025-10-31,Phone case,Accessories,623.0,UPI_QR
R102067,2025-10-31,Soundbar,Electronics,14600.0,UPI_QR
R102068,2025-11-01,Mixer jar,Home Essentials,684.0,UPI_QR
R102069,2025-11-01,Charger,Accessories,660.0,CASH
R102070,2025-11-01,Power bank,Accessories,392.0,UPI_QR
R102071,2025-11-01,Tablet,Electronics,10110.0,UPI_APP
R102072,2025-11-01,Foldable phone,Mobiles,53770.0,CARD
R102073,2025-11-01,Air conditioner,Appliances,12220.0,CASH
R102074,2025-11-01,Bedsheet set,Home Essentials,717.0,UPI_QR
R102075,2025-11-01,Tablet,Electronics,8870.0,CARD
R102076,2025-11-01,Jacket,Apparel,1390.0,UPI_QR
R102077,2025-11-01,Phone case,Accessories,461.0,UPI_APP
R102078,2025-11-01,Screen guard,Accessories,1070.0,CARD
R102079,2025-11-01,Formal shirt,Apparel,3210.0,CARD
R102080,2025-11-01,Kurta set,Apparel,1020.0,UPI_QR
R102081,2025-11-01,Phone case,Accessories,566.0,UPI_QR
R102082,2025-11-01,Earphones,Accessories,440.0,CASH
R102083,2025-11-01,Bed frame,Furniture,12780.0,CARD
R102084,2025-11-01,Phone case,Accessories,772.0,CASH
R102085,2025-11-01,Smart TV 43in,Electronics,11770.0,UPI_QR
R102086,2025-11-01,Power bank,Accessories,329.0,UPI_QR
R102087,2025-11-01,Screen guard,Accessories,541.0,CASH
R102088,2025-11-01,Screen guard,Accessories,259.0,CARD
R102089,2025-11-01,Curtains,Home Essentials,298.0,UPI_QR
R102090,2025-11-01,Screen guard,Accessories,567.0,UPI_QR
R102091,2025-11-01,Soundbar,Electronics,39900.0,UPI_QR
R102092,2025-11-01,Jeans,Apparel,2040.0,CARD
R102093,2025-11-01,Water purifier,Appliances,19470.0,UPI_APP
R102094,2025-11-01,Tablet,Electronics,14320.0,CARD
R102095,2025-11-01,Power bank,Accessories,627.0,UPI_QR
R102096,2025-11-01,Power bank,Accessories,376.0,UPI_QR
R102097,2025-11-01,Sports shoes,Apparel,1970.0,UPI_QR
R102098,2025-11-01,Earphones,Accessories,516.0,CARD
R102099,2025-11-01,Earphones,Accessories,316.0,UPI_QR
R102100,2025-11-01,Jeans,Apparel,1570.0,CARD
R102101,2025-11-01,Wardrobe,Furniture,33240.0,CASH
R102102,2025-11-01,Dining table,Furniture,9520.0,UPI_QR
R102103,2025-11-01,Phone case,Accessories,189.0,UPI_APP
R102104,2025-11-01,Gaming console,Electronics,26420.0,UPI_APP
R102105,2025-11-01,Phone case,Accessories,297.0,CARD
R102106,2025-11-01,Cookware set,Home Essentials,793.0,CARD
R102107,2025-11-01,Phone case,Accessories,551.0,UPI_QR
R102108,2025-11-01,Jacket,Apparel,736.0,CASH
R102109,2025-11-01,Kurta set,Apparel,745.0,UPI_APP
R102110,2025-11-01,Storage box,Home Essentials,636.0,CARD
R102111,2025-11-01,Office chair,Furniture,28410.0,UPI_APP
R102112,2025-11-01,Jacket,Apparel,1260.0,CARD
R102113,2025-11-01,Earphones,Accessories,164.0,UPI_QR
R102114,2025-11-01,Cookware set,Home Essentials,1340.0,UPI_APP
R102115,2025-11-01,Power bank,Accessories,752.0,UPI_QR
R102116,2025-11-01,Charger,Accessories,1320.0,CARD
R102117,2025-11-01,Power bank,Accessories,401.0,CARD
R102118,2025-11-01,Cookware set,Home Essentials,427.0,UPI_QR
R102119,2025-11-01,Earphones,Accessories,401.0,UPI_QR
R102120,2025-11-01,Kurta set,Apparel,1450.0,UPI_QR
R102121,2025-11-01,Earphones,Accessories,1160.0,CASH
R102122,2025-11-01,Bed frame,Furniture,10160.0,UPI_APP
R102123,2025-11-01,Charger,Accessories,1070.0,UPI_QR
R102124,2025-11-01,Mixer jar,Home Essentials,804.0,UPI_QR
R102125,2025-11-01,Kurta set,Apparel,920.0,UPI_QR
R102126,2025-11-01,Phone case,Accessories,293.0,UPI_QR
R102127,2025-11-01,Earphones,Accessories,538.0,CARD
R102128,2025-11-01,Earphones,Accessories,326.0,UPI_APP
R102129,2025-11-01,Charger,Accessories,721.0,UPI_QR
R102130,2025-11-01,Smart TV 43in,Electronics,19160.0,UPI_QR
R102131,2025-11-01,Formal shirt,Apparel,879.0,UPI_QR
R102132,2025-11-01,Mixer jar,Home Essentials,1020.0,UPI_QR
R102133,2025-11-01,Curtains,Home Essentials,703.0,CARD
R102134,2025-11-01,Charger,Accessories,251.0,UPI_QR
R102135,2025-11-01,Phone case,Accessories,451.0,UPI_QR
R102136,2025-11-01,Phone case,Accessories,371.0,UPI_QR
R102137,2025-11-01,Curtains,Home Essentials,1000.0,UPI_APP
R102138,2025-11-01,Gaming console,Electronics,15810.0,UPI_QR
R102139,2025-11-01,Power bank,Accessories,711.0,UPI_QR
R102140,2025-11-01,Curtains,Home Essentials,615.0,UPI_QR
R102141,2025-11-01,Jacket,Apparel,3080.0,UPI_QR
R102142,2025-11-01,Earphones,Accessories,732.0,CARD
R102143,2025-11-01,Sports shoes,Apparel,1620.0,CASH
R102144,2025-11-01,Power bank,Accessories,211.0,CARD
R102145,2025-11-01,Formal shirt,Apparel,1650.0,UPI_QR
R102146,2025-11-01,Bed frame,Furniture,23930.0,UPI_QR
R102147,2025-11-01,Laptop,Electronics,23370.0,CARD
R102148,2025-11-01,Soundbar,Electronics,11120.0,UPI_QR
R102149,2025-11-01,Phone case,Accessories,887.0,CARD
R102150,2025-11-01,Cookware set,Home Essentials,579.0,UPI_QR
R102151,2025-11-01,Microwave,Appliances,28630.0,CARD
R102152,2025-11-01,Tablet,Electronics,21450.0,UPI_APP
R102153,2025-11-01,Phone case,Accessories,331.0,CASH
R102154,2025-11-01,Refrigerator,Appliances,26870.0,CARD
R102155,2025-11-01,Phone case,Accessories,599.0,CASH
R102156,2025-11-01,Laptop,Electronics,27200.0,CARD
R102157,2025-11-01,Wardrobe,Furniture,1580.0,UPI_APP
R102158,2025-11-01,Storage box,Home Essentials,498.0,UPI_APP
R102159,2025-11-01,Microwave,Appliances,14600.0,UPI_QR
R102160,2025-11-02,Storage box,Home Essentials,1690.0,UPI_APP
R102161,2025-11-02,Phone case,Accessories,559.0,UPI_APP
R102162,2025-11-02,Microwave,Appliances,29240.0,UPI_QR
R102163,2025-11-02,Laptop,Electronics,34840.0,UPI_APP
R102164,2025-11-02,Storage box,Home Essentials,675.0,CARD
R102165,2025-11-02,Jacket,Apparel,2200.0,CASH
R102166,2025-11-02,Laptop,Electronics,17310.0,UPI_APP
R102167,2025-11-02,Dining table,Furniture,20150.0,CARD
R102168,2025-11-02,Power bank,Accessories,406.0,UPI_QR
R102169,2025-11-02,Phone case,Accessories,123.0,CASH
R102170,2025-11-02,Sports shoes,Apparel,1030.0,UPI_APP
R102171,2025-11-02,Screen guard,Accessories,218.0,CARD
R102172,2025-11-02,Phone case,Accessories,659.0,CARD
R102173,2025-11-02,Office chair,Furniture,30840.0,CASH
R102174,2025-11-02,Kurta set,Apparel,3320.0,CARD
R102175,2025-11-02,Sofa set,Furniture,12240.0,UPI_QR
R102176,2025-11-02,Jeans,Apparel,1860.0,UPI_QR
R102177,2025-11-02,Cookware set,Home Essentials,810.0,CASH
R102178,2025-11-02,Bedsheet set,Home Essentials,1470.0,CARD
R102179,2025-11-02,Foldable phone,Mobiles,25760.0,UPI_APP
R102180,2025-11-02,Charger,Accessories,211.0,CARD
R102181,2025-11-02,Dining table,Furniture,26740.0,UPI_APP
R102182,2025-11-02,Charger,Accessories,712.0,CARD
R102183,2025-11-02,Gaming console,Electronics,20470.0,UPI_QR
R102184,2025-11-02,Tablet,Electronics,17960.0,UPI_QR
R102185,2025-11-02,Jacket,Apparel,2100.0,UPI_APP
R102186,2025-11-02,Bedsheet set,Home Essentials,357.0,UPI_APP
R102187,2025-11-02,Jacket,Apparel,942.0,CASH
R102188,2025-11-02,Cookware set,Home Essentials,427.0,UPI_APP
R102189,2025-11-02,Cookware set,Home Essentials,593.0,CARD
R102190,2025-11-02,Phone case,Accessories,275.0,UPI_QR
R102191,2025-11-02,Power bank,Accessories,503.0,UPI_QR
R102192,2025-11-02,Laptop,Electronics,17450.0,UPI_QR
R102193,2025-11-02,Earphones,Accessories,537.0,CARD
R102194,2025-11-02,Smart TV 43in,Electronics,6550.0,UPI_QR
R102195,2025-11-02,Smart TV 43in,Electronics,14470.0,CARD
R102196,2025-11-02,Jacket,Apparel,1700.0,CARD
R102197,2025-11-02,Formal shirt,Apparel,1690.0,CARD
R102198,2025-11-02,Screen guard,Accessories,436.0,UPI_QR
R102199,2025-11-02,Charger,Accessories,624.0,UPI_QR
R102200,2025-11-02,Bedsheet set,Home Essentials,1230.0,UPI_QR
R102201,2025-11-02,Laptop,Electronics,18580.0,UPI_APP
R102202,2025-11-02,Earphones,Accessories,651.0,CARD
R102203,2025-11-02,Kurta set,Apparel,1220.0,CARD
R102204,2025-11-02,Charger,Accessories,847.0,UPI_APP
R102205,2025-11-02,Screen guard,Accessories,200.0,CARD
R102206,2025-11-02,Wardrobe,Furniture,12350.0,CARD
R102207,2025-11-02,Microwave,Appliances,33410.0,CARD
R102208,2025-11-02,Charger,Accessories,559.0,UPI_QR
R102209,2025-11-02,Bed frame,Furniture,9410.0,UPI_APP
R102210,2025-11-02,Screen guard,Accessories,438.0,CASH
R102211,2025-11-02,Power bank,Accessories,656.0,UPI_QR
R102212,2025-11-02,Refrigerator,Appliances,23230.0,CARD
R102213,2025-11-02,Cookware set,Home Essentials,791.0,CASH
R102214,2025-11-02,Laptop,Electronics,8320.0,UPI_QR
R102215,2025-11-02,Jeans,Apparel,3530.0,CARD
R102216,2025-11-02,Cookware set,Home Essentials,1090.0,CARD
R102217,2025-11-02,Laptop,Electronics,16500.0,UPI_QR
R102218,2025-11-02,Laptop,Electronics,6600.0,CARD
R102219,2025-11-02,Cookware set,Home Essentials,293.0,UPI_QR
R102220,2025-11-02,Water purifier,Appliances,31310.0,CARD
R102221,2025-11-02,Jacket,Apparel,585.0,UPI_QR
R102222,2025-11-02,Formal shirt,Apparel,1470.0,CARD
R102223,2025-11-02,Gaming console,Electronics,26990.0,CARD
R102224,2025-11-02,Mixer jar,Home Essentials,654.0,CARD
R102225,2025-11-02,Bedsheet set,Home Essentials,773.0,UPI_QR
R102226,2025-11-02,Formal shirt,Apparel,1820.0,CARD
R102227,2025-11-02,Jacket,Apparel,2070.0,CASH
R102228,2025-11-02,Kurta set,Apparel,470.0,UPI_APP
R102229,2025-11-02,Storage box,Home Essentials,542.0,UPI_QR
R102230,2025-11-02,Formal shirt,Apparel,834.0,CARD
R102231,2025-11-02,Screen guard,Accessories,1390.0,UPI_QR
R102232,2025-11-02,Power bank,Accessories,182.0,UPI_QR
R102233,2025-11-02,Air conditioner,Appliances,55980.0,CARD
R102234,2025-11-02,Power bank,Accessories,594.0,UPI_QR
R102235,2025-11-02,Sports shoes,Apparel,559.0,CARD
R102236,2025-11-02,Screen guard,Accessories,199.0,UPI_APP
R102237,2025-11-02,Storage box,Home Essentials,404.0,UPI_QR
R102238,2025-11-02,Mixer jar,Home Essentials,349.0,UPI_APP
R102239,2025-11-02,Earphones,Accessories,1410.0,UPI_QR
R102240,2025-11-02,Charger,Accessories,579.0,CARD
R102241,2025-11-02,Screen guard,Accessories,416.0,CARD
R102242,2025-11-02,Cookware set,Home Essentials,387.0,UPI_APP
R102243,2025-11-02,Earphones,Accessories,353.0,UPI_APP
R102244,2025-11-02,Power bank,Accessories,440.0,UPI_QR
R102245,2025-11-02,Storage box,Home Essentials,502.0,CARD
R102246,2025-11-02,Power bank,Accessories,316.0,UPI_QR
R102247,2025-11-02,Screen guard,Accessories,637.0,CARD
R102248,2025-11-02,Dining table,Furniture,15250.0,CARD
R102249,2025-11-02,Smartphone B,Mobiles,19590.0,CASH
R102250,2025-11-02,Screen guard,Accessories,243.0,CASH
R102251,2025-11-02,Jeans,Apparel,1570.0,CARD
R102252,2025-11-02,Washing machine,Appliances,19830.0,UPI_APP
R102253,2025-11-02,Smartphone C,Mobiles,62270.0,UPI_QR
R102254,2025-11-02,Curtains,Home Essentials,1220.0,UPI_QR
R102255,2025-11-02,Dining table,Furniture,8250.0,UPI_APP
R102256,2025-11-02,Water purifier,Appliances,11640.0,UPI_QR
R102257,2025-11-02,Mixer jar,Home Essentials,838.0,UPI_APP
R102258,2025-11-03,Smart TV 43in,Electronics,6450.0,UPI_QR
R102259,2025-11-03,Storage box,Home Essentials,914.0,UPI_QR
R102260,2025-11-03,Kurta set,Apparel,1140.0,CARD
R102261,2025-11-03,Cookware set,Home Essentials,636.0,UPI_QR
R102262,2025-11-03,Laptop,Electronics,6700.0,UPI_APP
R102263,2025-11-03,Storage box,Home Essentials,507.0,UPI_APP
R102264,2025-11-03,Kurta set,Apparel,2300.0,UPI_QR
R102265,2025-11-03,Gaming console,Electronics,20550.0,CASH
R102266,2025-11-03,Phone case,Accessories,351.0,CASH
R102267,2025-11-03,Screen guard,Accessories,445.0,UPI_QR
R102268,2025-11-03,Kurta set,Apparel,1790.0,UPI_APP
R102269,2025-11-03,Curtains,Home Essentials,927.0,CARD
R102270,2025-11-03,Charger,Accessories,324.0,UPI_APP
R102271,2025-11-03,Smart TV 43in,Electronics,16680.0,UPI_QR
R102272,2025-11-03,Phone case,Accessories,384.0,UPI_QR
R102273,2025-11-03,Smartphone A,Mobiles,15740.0,CARD
R102274,2025-11-03,Mixer jar,Home Essentials,792.0,UPI_QR
R102275,2025-11-03,Bedsheet set,Home Essentials,1000.0,CARD
R102276,2025-11-03,Screen guard,Accessories,263.0,UPI_QR
R102277,2025-11-03,Dining table,Furniture,9110.0,UPI_APP
R102278,2025-11-03,Cookware set,Home Essentials,427.0,CASH
R102279,2025-11-03,Soundbar,Electronics,13920.0,CASH
R102280,2025-11-03,Smartphone B,Mobiles,25960.0,UPI_QR
R102281,2025-11-03,Screen guard,Accessories,457.0,CARD
R102282,2025-11-03,Screen guard,Accessories,503.0,CARD
R102283,2025-11-03,Jeans,Apparel,2620.0,CASH
R102284,2025-11-03,Jacket,Apparel,2570.0,UPI_APP
R102285,2025-11-03,Sports shoes,Apparel,1240.0,UPI_APP
R102286,2025-11-03,Wardrobe,Furniture,6910.0,CARD
R102287,2025-11-03,Washing machine,Appliances,9090.0,UPI_APP
R102288,2025-11-03,Kurta set,Apparel,1310.0,UPI_APP
R102289,2025-11-03,Curtains,Home Essentials,852.0,CARD
R102290,2025-11-03,Screen guard,Accessories,944.0,UPI_QR
R102291,2025-11-03,Cookware set,Home Essentials,686.0,UPI_APP
R102292,2025-11-03,Smart TV 43in,Electronics,83280.0,UPI_APP
R102293,2025-11-03,Curtains,Home Essentials,915.0,UPI_QR
R102294,2025-11-03,Phone case,Accessories,866.0,UPI_QR
R102295,2025-11-03,Jeans,Apparel,1710.0,UPI_QR
R102296,2025-11-03,Gaming console,Electronics,9560.0,UPI_QR
R102297,2025-11-03,Kurta set,Apparel,1780.0,UPI_QR
R102298,2025-11-03,Microwave,Appliances,28920.0,UPI_APP
R102299,2025-11-03,Cookware set,Home Essentials,1110.0,CASH
R102300,2025-11-03,Phone case,Accessories,165.0,CASH
R102301,2025-11-03,Air conditioner,Appliances,17470.0,UPI_APP
R102302,2025-11-03,Smart TV 43in,Electronics,16380.0,UPI_QR
R102303,2025-11-03,Earphones,Accessories,437.0,CARD
R102304,2025-11-03,Earphones,Accessories,170.0,UPI_QR
R102305,2025-11-03,Screen guard,Accessories,1440.0,UPI_APP
R102306,2025-11-03,Microwave,Appliances,10870.0,CASH
R102307,2025-11-03,Gaming console,Electronics,14360.0,UPI_QR
R102308,2025-11-03,Kurta set,Apparel,1950.0,UPI_QR
R102309,2025-11-03,Gaming console,Electronics,19360.0,UPI_QR
R102310,2025-11-03,Mixer jar,Home Essentials,1040.0,CARD
R102311,2025-11-03,Foldable phone,Mobiles,19720.0,CARD
R102312,2025-11-03,Charger,Accessories,369.0,CARD
R102313,2025-11-03,Sports shoes,Apparel,1070.0,CARD
R102314,2025-11-03,Formal shirt,Apparel,3010.0,CARD
R102315,2025-11-04,Phone case,Accessories,1070.0,UPI_APP
R102316,2025-11-04,Storage box,Home Essentials,833.0,UPI_QR
R102317,2025-11-04,Earphones,Accessories,410.0,CARD
R102318,2025-11-04,Curtains,Home Essentials,1120.0,UPI_APP
R102319,2025-11-04,Charger,Accessories,125.0,UPI_QR
R102320,2025-11-04,Formal shirt,Apparel,2850.0,UPI_QR
R102321,2025-11-04,Washing machine,Appliances,45270.0,UPI_APP
R102322,2025-11-04,Gaming console,Electronics,5770.0,UPI_QR
R102323,2025-11-04,Phone case,Accessories,633.0,UPI_APP
R102324,2025-11-04,Power bank,Accessories,385.0,CASH
R102325,2025-11-04,Smart TV 43in,Electronics,6270.0,CARD
R102326,2025-11-04,Curtains,Home Essentials,325.0,UPI_QR
R102327,2025-11-04,Earphones,Accessories,205.0,CASH
R102328,2025-11-04,Formal shirt,Apparel,3660.0,UPI_APP
R102329,2025-11-04,Smartphone B,Mobiles,9220.0,CARD
R102330,2025-11-04,Office chair,Furniture,37780.0,CARD
R102331,2025-11-04,Charger,Accessories,478.0,UPI_QR
R102332,2025-11-04,Charger,Accessories,252.0,UPI_QR
R102333,2025-11-04,Curtains,Home Essentials,1430.0,UPI_APP
R102334,2025-11-04,Smart TV 43in,Electronics,16660.0,CARD
R102335,2025-11-04,Screen guard,Accessories,584.0,UPI_QR
R102336,2025-11-04,Power bank,Accessories,330.0,CARD
R102337,2025-11-04,Mixer jar,Home Essentials,240.0,UPI_QR
R102338,2025-11-04,Laptop,Electronics,11000.0,UPI_QR
R102339,2025-11-04,Earphones,Accessories,294.0,CARD
R102340,2025-11-04,Microwave,Appliances,6050.0,CARD
R102341,2025-11-04,Phone case,Accessories,732.0,UPI_APP
R102342,2025-11-04,Jacket,Apparel,811.0,UPI_QR
R102343,2025-11-04,Jacket,Apparel,1220.0,UPI_APP
R102344,2025-11-04,Screen guard,Accessories,407.0,CASH
R102345,2025-11-04,Charger,Accessories,227.0,CARD
R102346,2025-11-04,Charger,Accessories,440.0,UPI_APP
R102347,2025-11-04,Cookware set,Home Essentials,412.0,CASH
R102348,2025-11-04,Washing machine,Appliances,7740.0,UPI_QR
R102349,2025-11-04,Microwave,Appliances,17210.0,CASH
R102350,2025-11-04,Smartphone C,Mobiles,23750.0,UPI_QR
R102351,2025-11-04,Dining table,Furniture,12320.0,UPI_QR
R102352,2025-11-04,Foldable phone,Mobiles,14680.0,UPI_APP
R102353,2025-11-04,Formal shirt,Apparel,1680.0,UPI_APP
R102354,2025-11-04,Kurta set,Apparel,559.0,CARD
R102355,2025-11-04,Curtains,Home Essentials,667.0,UPI_QR
R102356,2025-11-04,Sports shoes,Apparel,1010.0,CARD
R102357,2025-11-04,Smart TV 43in,Electronics,17350.0,CARD
R102358,2025-11-04,Phone case,Accessories,849.0,UPI_QR
R102359,2025-11-04,Smartphone C,Mobiles,20630.0,CARD
R102360,2025-11-04,Cookware set,Home Essentials,832.0,UPI_QR
R102361,2025-11-04,Bedsheet set,Home Essentials,435.0,UPI_QR
R102362,2025-11-04,Phone case,Accessories,436.0,UPI_APP
R102363,2025-11-04,Kurta set,Apparel,1570.0,UPI_APP
R102364,2025-11-04,Smartphone B,Mobiles,14580.0,UPI_QR
R102365,2025-11-04,Jeans,Apparel,3230.0,UPI_APP
R102366,2025-11-04,Charger,Accessories,413.0,UPI_QR
R102367,2025-11-04,Air conditioner,Appliances,17680.0,CARD
R102368,2025-11-04,Wardrobe,Furniture,4290.0,CARD
R102369,2025-11-04,Refrigerator,Appliances,35270.0,CARD
R102370,2025-11-04,Soundbar,Electronics,5800.0,CASH
R102371,2025-11-04,Sports shoes,Apparel,1010.0,CARD
R102372,2025-11-04,Soundbar,Electronics,48600.0,CARD
R102373,2025-11-04,Charger,Accessories,321.0,UPI_QR
R102374,2025-11-04,Sports shoes,Apparel,822.0,CARD
R102375,2025-11-04,Jacket,Apparel,1320.0,UPI_QR
R102376,2025-11-04,Earphones,Accessories,753.0,UPI_QR
R102377,2025-11-04,Phone case,Accessories,476.0,UPI_QR
R102378,2025-11-04,Sports shoes,Apparel,2790.0,CARD
R102379,2025-11-04,Earphones,Accessories,210.0,CARD
R102380,2025-11-04,Kurta set,Apparel,1440.0,UPI_QR
R102381,2025-11-04,Earphones,Accessories,189.0,UPI_QR
R102382,2025-11-04,Microwave,Appliances,69030.0,UPI_QR
R102383,2025-11-04,Water purifier,Appliances,11150.0,UPI_QR
R102384,2025-11-04,Smart TV 43in,Electronics,47940.0,UPI_APP
R102385,2025-11-04,Cookware set,Home Essentials,562.0,CASH
R102386,2025-11-05,Phone case,Accessories,924.0,UPI_QR
R102387,2025-11-05,Formal shirt,Apparel,1160.0,UPI_QR
R102388,2025-11-05,Earphones,Accessories,404.0,CARD
R102389,2025-11-05,Bedsheet set,Home Essentials,396.0,UPI_QR
R102390,2025-11-05,Earphones,Accessories,214.0,UPI_QR
R102391,2025-11-05,Cookware set,Home Essentials,586.0,CARD
R102392,2025-11-05,Bedsheet set,Home Essentials,531.0,UPI_APP
R102393,2025-11-05,Power bank,Accessories,538.0,CASH
R102394,2025-11-05,Jacket,Apparel,1290.0,UPI_QR
R102395,2025-11-05,Earphones,Accessories,846.0,UPI_QR
R102396,2025-11-05,Refrigerator,Appliances,13080.0,UPI_QR
R102397,2025-11-05,Office chair,Furniture,5920.0,CARD
R102398,2025-11-05,Cookware set,Home Essentials,1650.0,UPI_QR
R102399,2025-11-05,Cookware set,Home Essentials,363.0,UPI_QR
R102400,2025-11-05,Cookware set,Home Essentials,1250.0,CARD
R102401,2025-11-05,Kurta set,Apparel,822.0,UPI_QR
R102402,2025-11-05,Bed frame,Furniture,8110.0,UPI_QR
R102403,2025-11-05,Laptop,Electronics,18780.0,UPI_APP
R102404,2025-11-05,Smart TV 43in,Electronics,10750.0,CARD
R102405,2025-11-05,Soundbar,Electronics,19260.0,CARD
R102406,2025-11-05,Jacket,Apparel,1170.0,CARD
R102407,2025-11-05,Phone case,Accessories,400.0,UPI_QR
R102408,2025-11-05,Bedsheet set,Home Essentials,454.0,UPI_APP
R102409,2025-11-05,Sofa set,Furniture,30450.0,CARD
R102410,2025-11-05,Jacket,Apparel,1540.0,CASH
R102411,2025-11-05,Curtains,Home Essentials,964.0,CARD
R102412,2025-11-05,Sports shoes,Apparel,1250.0,CASH
R102413,2025-11-05,Jacket,Apparel,2970.0,UPI_QR
R102414,2025-11-05,Jacket,Apparel,877.0,CASH
R102415,2025-11-05,Charger,Accessories,477.0,CARD
R102416,2025-11-05,Kurta set,Apparel,1650.0,CARD
R102417,2025-11-05,Screen guard,Accessories,466.0,CARD
R102418,2025-11-05,Microwave,Appliances,29450.0,UPI_APP
R102419,2025-11-05,Earphones,Accessories,409.0,UPI_QR
R102420,2025-11-05,Sports shoes,Apparel,1550.0,UPI_APP
R102421,2025-11-05,Tablet,Electronics,58850.0,UPI_QR
R102422,2025-11-05,Kurta set,Apparel,2920.0,UPI_QR
R102423,2025-11-05,Curtains,Home Essentials,1110.0,CARD
R102424,2025-11-05,Power bank,Accessories,375.0,UPI_APP
R102425,2025-11-05,Kurta set,Apparel,1320.0,CASH
R102426,2025-11-05,Power bank,Accessories,785.0,CASH
R102427,2025-11-05,Office chair,Furniture,5910.0,UPI_QR
R102428,2025-11-05,Mixer jar,Home Essentials,433.0,CARD
R102429,2025-11-05,Charger,Accessories,423.0,CARD
R102430,2025-11-05,Sports shoes,Apparel,2620.0,CASH
R102431,2025-11-05,Mixer jar,Home Essentials,2230.0,UPI_QR
R102432,2025-11-05,Laptop,Electronics,8790.0,CARD
R102433,2025-11-05,Sofa set,Furniture,19940.0,UPI_APP
R102434,2025-11-05,Phone case,Accessories,1000.0,CARD
R102435,2025-11-05,Air conditioner,Appliances,11110.0,CARD
R102436,2025-11-05,Earphones,Accessories,185.0,UPI_QR
R102437,2025-11-05,Earphones,Accessories,546.0,UPI_QR
R102438,2025-11-05,Storage box,Home Essentials,478.0,UPI_QR
R102439,2025-11-05,Jeans,Apparel,2110.0,UPI_QR
R102440,2025-11-05,Wardrobe,Furniture,6580.0,CARD
R102441,2025-11-05,Office chair,Furniture,24480.0,UPI_QR
R102442,2025-11-05,Curtains,Home Essentials,853.0,CARD
R102443,2025-11-05,Earphones,Accessories,1140.0,CARD
R102444,2025-11-05,Gaming console,Electronics,41280.0,CARD
R102445,2025-11-05,Screen guard,Accessories,330.0,UPI_APP
R102446,2025-11-05,Office chair,Furniture,13180.0,CARD
R102447,2025-11-06,Earphones,Accessories,177.0,UPI_QR
R102448,2025-11-06,Mixer jar,Home Essentials,434.0,UPI_QR
R102449,2025-11-06,Smartphone C,Mobiles,38580.0,CARD
R102450,2025-11-06,Power bank,Accessories,460.0,UPI_APP
R102451,2025-11-06,Laptop,Electronics,54220.0,UPI_APP
R102452,2025-11-06,Kurta set,Apparel,1130.0,CARD
R102453,2025-11-06,Power bank,Accessories,526.0,UPI_APP
R102454,2025-11-06,Earphones,Accessories,308.0,UPI_QR
R102455,2025-11-06,Jeans,Apparel,969.0,CARD
R102456,2025-11-06,Storage box,Home Essentials,729.0,CARD
R102457,2025-11-06,Sports shoes,Apparel,1220.0,UPI_QR
R102458,2025-11-06,Formal shirt,Apparel,860.0,CARD
R102459,2025-11-06,Smart TV 43in,Electronics,22980.0,CARD
R102460,2025-11-06,Earphones,Accessories,217.0,UPI_QR
R102461,2025-11-06,Office chair,Furniture,13250.0,UPI_QR
R102462,2025-11-06,Power bank,Accessories,927.0,UPI_QR
R102463,2025-11-06,Tablet,Electronics,43320.0,CARD
R102464,2025-11-06,Phone case,Accessories,276.0,CARD
R102465,2025-11-06,Charger,Accessories,206.0,CARD
R102466,2025-11-06,Jeans,Apparel,3370.0,CARD
R102467,2025-11-06,Phone case,Accessories,434.0,CARD
R102468,2025-11-06,Water purifier,Appliances,68430.0,UPI_APP
R102469,2025-11-06,Washing machine,Appliances,38560.0,UPI_QR
R102470,2025-11-06,Screen guard,Accessories,260.0,UPI_QR
R102471,2025-11-06,Mixer jar,Home Essentials,1510.0,CARD
R102472,2025-11-06,Power bank,Accessories,360.0,CARD
R102473,2025-11-06,Laptop,Electronics,12550.0,CARD
R102474,2025-11-06,Smartphone C,Mobiles,46430.0,UPI_QR
R102475,2025-11-06,Wardrobe,Furniture,9510.0,UPI_QR
R102476,2025-11-06,Water purifier,Appliances,21610.0,UPI_QR
R102477,2025-11-06,Phone case,Accessories,692.0,UPI_QR
R102478,2025-11-06,Screen guard,Accessories,394.0,UPI_APP
R102479,2025-11-06,Bedsheet set,Home Essentials,329.0,UPI_QR
R102480,2025-11-06,Charger,Accessories,401.0,UPI_QR
R102481,2025-11-06,Phone case,Accessories,632.0,UPI_APP
R102482,2025-11-07,Charger,Accessories,892.0,UPI_APP
R102483,2025-11-07,Jacket,Apparel,1220.0,UPI_QR
R102484,2025-11-07,Formal shirt,Apparel,2000.0,UPI_QR
R102485,2025-11-07,Storage box,Home Essentials,480.0,CASH
R102486,2025-11-07,Phone case,Accessories,371.0,UPI_QR
R102487,2025-11-07,Jeans,Apparel,1490.0,CARD
R102488,2025-11-07,Mixer jar,Home Essentials,708.0,CASH
R102489,2025-11-07,Washing machine,Appliances,27080.0,CASH
R102490,2025-11-07,Water purifier,Appliances,17840.0,UPI_APP
R102491,2025-11-07,Mixer jar,Home Essentials,896.0,UPI_QR
R102492,2025-11-07,Jeans,Apparel,2120.0,UPI_QR
R102493,2025-11-07,Smartphone A,Mobiles,27020.0,UPI_QR
R102494,2025-11-07,Jeans,Apparel,2000.0,UPI_APP
R102495,2025-11-07,Kurta set,Apparel,1430.0,CARD
R102496,2025-11-07,Charger,Accessories,406.0,UPI_QR
R102497,2025-11-07,Power bank,Accessories,806.0,UPI_QR
R102498,2025-11-07,Earphones,Accessories,434.0,CARD
R102499,2025-11-07,Phone case,Accessories,401.0,UPI_QR
R102500,2025-11-07,Curtains,Home Essentials,495.0,UPI_APP
R102501,2025-11-07,Air conditioner,Appliances,35540.0,UPI_APP
R102502,2025-11-07,Power bank,Accessories,1320.0,UPI_QR
R102503,2025-11-07,Storage box,Home Essentials,359.0,UPI_QR
R102504,2025-11-07,Office chair,Furniture,6870.0,UPI_APP
R102505,2025-11-07,Microwave,Appliances,30500.0,CARD
R102506,2025-11-07,Office chair,Furniture,15770.0,UPI_APP
R102507,2025-11-07,Cookware set,Home Essentials,1760.0,UPI_QR
R102508,2025-11-07,Charger,Accessories,532.0,UPI_QR
R102509,2025-11-07,Foldable phone,Mobiles,20200.0,CASH
R102510,2025-11-07,Jeans,Apparel,1790.0,UPI_APP
R102511,2025-11-07,Air conditioner,Appliances,22110.0,CASH
R102512,2025-11-07,Bedsheet set,Home Essentials,1200.0,UPI_APP
R102513,2025-11-07,Curtains,Home Essentials,1620.0,UPI_QR
R102514,2025-11-07,Screen guard,Accessories,130.0,UPI_QR
R102515,2025-11-07,Smart TV 43in,Electronics,25630.0,UPI_APP
R102516,2025-11-08,Curtains,Home Essentials,1110.0,UPI_QR
R102517,2025-11-08,Bed frame,Furniture,28850.0,CASH
R102518,2025-11-08,Soundbar,Electronics,58940.0,CARD
R102519,2025-11-08,Curtains,Home Essentials,1580.0,UPI_QR
R102520,2025-11-08,Storage box,Home Essentials,844.0,CARD
R102521,2025-11-08,Gaming console,Electronics,34690.0,CARD
R102522,2025-11-08,Laptop,Electronics,23450.0,UPI_QR
R102523,2025-11-08,Jeans,Apparel,3130.0,UPI_APP
R102524,2025-11-08,Bedsheet set,Home Essentials,1030.0,CARD
R102525,2025-11-08,Curtains,Home Essentials,1000.0,UPI_APP
R102526,2025-11-08,Bed frame,Furniture,30300.0,UPI_APP
R102527,2025-11-08,Refrigerator,Appliances,8300.0,UPI_APP
R102528,2025-11-08,Refrigerator,Appliances,22080.0,CARD
R102529,2025-11-08,Earphones,Accessories,237.0,CARD
R102530,2025-11-08,Cookware set,Home Essentials,1280.0,UPI_QR
R102531,2025-11-08,Phone case,Accessories,136.0,UPI_QR
R102532,2025-11-08,Gaming console,Electronics,29930.0,CASH
R102533,2025-11-08,Tablet,Electronics,10030.0,UPI_APP
R102534,2025-11-08,Office chair,Furniture,40180.0,CARD
R102535,2025-11-08,Charger,Accessories,123.0,UPI_APP
R102536,2025-11-08,Screen guard,Accessories,608.0,UPI_APP
R102537,2025-11-08,Bedsheet set,Home Essentials,818.0,UPI_QR
R102538,2025-11-08,Smartphone C,Mobiles,18960.0,CASH
R102539,2025-11-08,Screen guard,Accessories,276.0,UPI_QR
R102540,2025-11-08,Screen guard,Accessories,813.0,UPI_APP
R102541,2025-11-08,Screen guard,Accessories,1090.0,CARD
R102542,2025-11-08,Soundbar,Electronics,58220.0,UPI_QR
R102543,2025-11-08,Formal shirt,Apparel,881.0,CASH
R102544,2025-11-08,Sofa set,Furniture,6750.0,UPI_APP
R102545,2025-11-08,Washing machine,Appliances,27470.0,CARD
R102546,2025-11-08,Washing machine,Appliances,77750.0,CARD
R102547,2025-11-08,Curtains,Home Essentials,554.0,UPI_APP
R102548,2025-11-08,Office chair,Furniture,13810.0,CARD
R102549,2025-11-08,Screen guard,Accessories,474.0,CASH
R102550,2025-11-08,Tablet,Electronics,30880.0,CARD
R102551,2025-11-08,Earphones,Accessories,292.0,UPI_QR
R102552,2025-11-08,Earphones,Accessories,407.0,CARD
R102553,2025-11-08,Phone case,Accessories,186.0,CASH
R102554,2025-11-08,Earphones,Accessories,148.0,CARD
R102555,2025-11-08,Phone case,Accessories,1530.0,CASH
R102556,2025-11-08,Phone case,Accessories,1480.0,CASH
R102557,2025-11-08,Earphones,Accessories,635.0,UPI_APP
R102558,2025-11-08,Jacket,Apparel,1030.0,UPI_APP
R102559,2025-11-09,Storage box,Home Essentials,438.0,CARD
R102560,2025-11-09,Foldable phone,Mobiles,24670.0,UPI_QR
R102561,2025-11-09,Air conditioner,Appliances,18840.0,UPI_QR
R102562,2025-11-09,Smart TV 43in,Electronics,26330.0,CARD
R102563,2025-11-09,Charger,Accessories,1080.0,CARD
R102564,2025-11-09,Phone case,Accessories,785.0,UPI_QR
R102565,2025-11-09,Kurta set,Apparel,1300.0,CARD
R102566,2025-11-09,Jeans,Apparel,1130.0,CARD
R102567,2025-11-09,Screen guard,Accessories,545.0,UPI_QR
R102568,2025-11-09,Screen guard,Accessories,333.0,UPI_APP
R102569,2025-11-09,Charger,Accessories,465.0,CASH
R102570,2025-11-09,Microwave,Appliances,13900.0,CARD
R102571,2025-11-09,Sports shoes,Apparel,3660.0,UPI_APP
R102572,2025-11-09,Screen guard,Accessories,452.0,CARD
R102573,2025-11-09,Smart TV 43in,Electronics,41930.0,UPI_APP
R102574,2025-11-09,Kurta set,Apparel,616.0,UPI_QR
R102575,2025-11-09,Earphones,Accessories,556.0,UPI_QR
R102576,2025-11-09,Cookware set,Home Essentials,956.0,CASH
R102577,2025-11-09,Screen guard,Accessories,210.0,UPI_QR
R102578,2025-11-09,Smartphone C,Mobiles,45220.0,CARD
R102579,2025-11-09,Jeans,Apparel,1560.0,CARD
R102580,2025-11-09,Water purifier,Appliances,20150.0,UPI_QR
R102581,2025-11-09,Formal shirt,Apparel,895.0,UPI_QR
R102582,2025-11-09,Formal shirt,Apparel,2000.0,CARD
R102583,2025-11-09,Power bank,Accessories,613.0,UPI_APP
R102584,2025-11-09,Jeans,Apparel,929.0,UPI_APP
R102585,2025-11-09,Wardrobe,Furniture,20380.0,CARD
R102586,2025-11-09,Laptop,Electronics,40360.0,UPI_QR
R102587,2025-11-09,Smart TV 43in,Electronics,11980.0,UPI_APP
R102588,2025-11-09,Power bank,Accessories,312.0,UPI_QR
R102589,2025-11-09,Gaming console,Electronics,5960.0,UPI_QR
R102590,2025-11-09,Bedsheet set,Home Essentials,1120.0,UPI_QR
R102591,2025-11-09,Storage box,Home Essentials,403.0,UPI_QR
R102592,2025-11-09,Office chair,Furniture,7910.0,UPI_QR
R102593,2025-11-09,Smart TV 43in,Electronics,8490.0,CARD
R102594,2025-11-09,Smart TV 43in,Electronics,4760.0,UPI_QR
R102595,2025-11-09,Mixer jar,Home Essentials,734.0,CASH
R102596,2025-11-09,Microwave,Appliances,24980.0,UPI_QR
R102597,2025-11-10,Jeans,Apparel,1890.0,UPI_QR
R102598,2025-11-10,Gaming console,Electronics,10000.0,CARD
R102599,2025-11-10,Power bank,Accessories,330.0,UPI_QR
R102600,2025-11-10,Air conditioner,Appliances,16760.0,UPI_QR
R102601,2025-11-10,Charger,Accessories,799.0,CARD
R102602,2025-11-10,Tablet,Electronics,12930.0,CARD
R102603,2025-11-10,Charger,Accessories,612.0,UPI_QR
R102604,2025-11-10,Tablet,Electronics,25660.0,UPI_QR
R102605,2025-11-10,Jacket,Apparel,789.0,UPI_QR
R102606,2025-11-10,Cookware set,Home Essentials,692.0,UPI_APP
R102607,2025-11-10,Air conditioner,Appliances,32810.0,CARD
R102608,2025-11-10,Smart TV 43in,Electronics,26050.0,CASH
R102609,2025-11-10,Curtains,Home Essentials,1220.0,CARD
R102610,2025-11-10,Office chair,Furniture,15700.0,UPI_QR
R102611,2025-11-10,Phone case,Accessories,1030.0,UPI_QR
R102612,2025-11-10,Curtains,Home Essentials,435.0,UPI_APP
R102613,2025-11-10,Water purifier,Appliances,10110.0,UPI_QR
R102614,2025-11-10,Air conditioner,Appliances,16590.0,UPI_APP
R102615,2025-11-10,Screen guard,Accessories,238.0,CARD
R102616,2025-11-10,Power bank,Accessories,780.0,UPI_QR
R102617,2025-11-10,Charger,Accessories,166.0,CASH
R102618,2025-11-10,Soundbar,Electronics,3760.0,UPI_APP
R102619,2025-11-10,Screen guard,Accessories,534.0,CARD
R102620,2025-11-10,Office chair,Furniture,21980.0,CARD
R102621,2025-11-10,Earphones,Accessories,732.0,CARD
R102622,2025-11-10,Jeans,Apparel,1860.0,UPI_QR
R102623,2025-11-10,Sports shoes,Apparel,1520.0,CASH
R102624,2025-11-10,Mixer jar,Home Essentials,986.0,UPI_QR
R102625,2025-11-11,Earphones,Accessories,846.0,UPI_APP
R102626,2025-11-11,Tablet,Electronics,12840.0,UPI_QR
R102627,2025-11-11,Office chair,Furniture,35580.0,CARD
R102628,2025-11-11,Curtains,Home Essentials,535.0,CARD
R102629,2025-11-11,Jeans,Apparel,2460.0,UPI_APP
R102630,2025-11-11,Phone case,Accessories,346.0,UPI_QR
R102631,2025-11-11,Cookware set,Home Essentials,725.0,UPI_QR
R102632,2025-11-11,Jacket,Apparel,1290.0,CARD
R102633,2025-11-11,Charger,Accessories,631.0,UPI_APP
R102634,2025-11-11,Formal shirt,Apparel,748.0,UPI_APP
R102635,2025-11-11,Soundbar,Electronics,24060.0,CASH
R102636,2025-11-11,Jacket,Apparel,1610.0,UPI_QR
R102637,2025-11-11,Formal shirt,Apparel,940.0,UPI_QR
R102638,2025-11-11,Earphones,Accessories,1730.0,UPI_QR
R102639,2025-11-11,Air conditioner,Appliances,20850.0,UPI_QR
R102640,2025-11-11,Smartphone B,Mobiles,10190.0,UPI_QR
R102641,2025-11-11,Phone case,Accessories,581.0,UPI_QR
R102642,2025-11-11,Sports shoes,Apparel,1020.0,CASH
R102643,2025-11-11,Tablet,Electronics,21900.0,CARD
R102644,2025-11-11,Power bank,Accessories,335.0,UPI_QR
R102645,2025-11-11,Cookware set,Home Essentials,612.0,CARD
R102646,2025-11-11,Jeans,Apparel,1490.0,CARD
R102647,2025-11-11,Dining table,Furniture,7730.0,CASH
R102648,2025-11-11,Jeans,Apparel,1810.0,UPI_QR
R102649,2025-11-11,Laptop,Electronics,9530.0,UPI_APP
R102650,2025-11-11,Soundbar,Electronics,18320.0,UPI_QR
R102651,2025-11-11,Curtains,Home Essentials,407.0,CARD
R102652,2025-11-11,Refrigerator,Appliances,60930.0,CARD
R102653,2025-11-11,Power bank,Accessories,268.0,CASH
R102654,2025-11-11,Phone case,Accessories,161.0,CARD
R102655,2025-11-12,Jeans,Apparel,2050.0,UPI_APP
R102656,2025-11-12,Bedsheet set,Home Essentials,1460.0,CARD
R102657,2025-11-12,Formal shirt,Apparel,2210.0,CARD
R102658,2025-11-12,Kurta set,Apparel,1950.0,CARD
R102659,2025-11-12,Soundbar,Electronics,12520.0,CARD
R102660,2025-11-12,Formal shirt,Apparel,4960.0,UPI_APP
R102661,2025-11-12,Dining table,Furniture,16170.0,UPI_QR
R102662,2025-11-12,Bedsheet set,Home Essentials,820.0,UPI_APP
R102663,2025-11-12,Bedsheet set,Home Essentials,353.0,UPI_APP
R102664,2025-11-12,Screen guard,Accessories,522.0,UPI_QR
R102665,2025-11-12,Phone case,Accessories,2300.0,CASH
R102666,2025-11-12,Curtains,Home Essentials,1190.0,CARD
R102667,2025-11-12,Curtains,Home Essentials,930.0,UPI_QR
R102668,2025-11-12,Charger,Accessories,1340.0,UPI_QR
R102669,2025-11-12,Phone case,Accessories,497.0,UPI_QR
R102670,2025-11-12,Laptop,Electronics,4970.0,UPI_QR
R102671,2025-11-12,Refrigerator,Appliances,16200.0,UPI_QR
R102672,2025-11-12,Screen guard,Accessories,190.0,CASH
R102673,2025-11-12,Jeans,Apparel,443.0,UPI_APP
R102674,2025-11-12,Curtains,Home Essentials,696.0,CARD
R102675,2025-11-12,Formal shirt,Apparel,1100.0,UPI_APP
R102676,2025-11-12,Soundbar,Electronics,31530.0,CARD
R102677,2025-11-12,Formal shirt,Apparel,1700.0,CASH
R102678,2025-11-12,Smartphone B,Mobiles,37080.0,UPI_QR
R102679,2025-11-12,Jeans,Apparel,1420.0,UPI_APP
R102680,2025-11-12,Formal shirt,Apparel,654.0,UPI_QR
R102681,2025-11-12,Earphones,Accessories,942.0,UPI_QR
R102682,2025-11-12,Charger,Accessories,419.0,UPI_QR
R102683,2025-11-12,Power bank,Accessories,260.0,CASH
R102684,2025-11-12,Bedsheet set,Home Essentials,700.0,CASH
R102685,2025-11-12,Wardrobe,Furniture,16850.0,CARD
R102686,2025-11-13,Refrigerator,Appliances,45930.0,CARD
R102687,2025-11-13,Screen guard,Accessories,594.0,UPI_QR
R102688,2025-11-13,Screen guard,Accessories,458.0,CARD
R102689,2025-11-13,Soundbar,Electronics,15310.0,CARD
R102690,2025-11-13,Bed frame,Furniture,11450.0,UPI_QR
R102691,2025-11-13,Phone case,Accessories,754.0,UPI_APP
R102692,2025-11-13,Wardrobe,Furniture,6520.0,UPI_APP
R102693,2025-11-13,Jeans,Apparel,740.0,UPI_APP
R102694,2025-11-13,Formal shirt,Apparel,1430.0,UPI_QR
R102695,2025-11-13,Storage box,Home Essentials,884.0,UPI_QR
R102696,2025-11-13,Sofa set,Furniture,11620.0,UPI_QR
R102697,2025-11-13,Jacket,Apparel,3470.0,UPI_QR
R102698,2025-11-13,Smart TV 43in,Electronics,9250.0,UPI_APP
R102699,2025-11-13,Smart TV 43in,Electronics,64010.0,UPI_QR
R102700,2025-11-13,Refrigerator,Appliances,36290.0,CARD
R102701,2025-11-13,Sports shoes,Apparel,2570.0,CARD
R102702,2025-11-13,Formal shirt,Apparel,1490.0,UPI_QR
R102703,2025-11-13,Formal shirt,Apparel,1210.0,UPI_APP
R102704,2025-11-13,Smart TV 43in,Electronics,11640.0,CARD
R102705,2025-11-13,Screen guard,Accessories,1150.0,CARD
R102706,2025-11-13,Wardrobe,Furniture,7060.0,UPI_QR
R102707,2025-11-13,Phone case,Accessories,535.0,UPI_APP
R102708,2025-11-13,Earphones,Accessories,690.0,UPI_APP
R102709,2025-11-13,Jacket,Apparel,853.0,CARD
R102710,2025-11-13,Earphones,Accessories,403.0,UPI_QR
R102711,2025-11-13,Formal shirt,Apparel,1180.0,CASH
R102712,2025-11-13,Curtains,Home Essentials,840.0,UPI_APP
R102713,2025-11-13,Smartphone C,Mobiles,38390.0,UPI_QR
R102714,2025-11-13,Smartphone A,Mobiles,21780.0,UPI_QR
R102715,2025-11-13,Smartphone C,Mobiles,57700.0,CARD
R102716,2025-11-13,Jeans,Apparel,494.0,UPI_APP
R102717,2025-11-13,Sports shoes,Apparel,986.0,CASH
R102718,2025-11-14,Storage box,Home Essentials,297.0,UPI_QR
R102719,2025-11-14,Gaming console,Electronics,13510.0,UPI_QR
R102720,2025-11-14,Phone case,Accessories,292.0,UPI_QR
R102721,2025-11-14,Refrigerator,Appliances,52400.0,UPI_QR
R102722,2025-11-14,Jacket,Apparel,5630.0,UPI_QR
R102723,2025-11-14,Earphones,Accessories,136.0,CARD
R102724,2025-11-14,Wardrobe,Furniture,15080.0,UPI_APP
R102725,2025-11-14,Jeans,Apparel,2000.0,UPI_QR
R102726,2025-11-14,Phone case,Accessories,414.0,CARD
R102727,2025-11-14,Storage box,Home Essentials,799.0,UPI_APP
R102728,2025-11-14,Kurta set,Apparel,454.0,UPI_APP
R102729,2025-11-14,Wardrobe,Furniture,10750.0,UPI_APP
R102730,2025-11-14,Mixer jar,Home Essentials,524.0,UPI_APP
R102731,2025-11-14,Dining table,Furniture,23560.0,UPI_QR
R102732,2025-11-14,Curtains,Home Essentials,384.0,UPI_APP
R102733,2025-11-14,Storage box,Home Essentials,352.0,UPI_QR
R102734,2025-11-14,Soundbar,Electronics,27680.0,UPI_QR
R102735,2025-11-14,Phone case,Accessories,282.0,CARD
R102736,2025-11-14,Screen guard,Accessories,448.0,UPI_QR
R102737,2025-11-14,Jeans,Apparel,840.0,UPI_APP
R102738,2025-11-14,Earphones,Accessories,1010.0,UPI_QR
R102739,2025-11-14,Bedsheet set,Home Essentials,508.0,UPI_QR
R102740,2025-11-14,Bed frame,Furniture,10690.0,UPI_APP
R102741,2025-11-14,Cookware set,Home Essentials,830.0,UPI_QR
R102742,2025-11-14,Microwave,Appliances,15370.0,UPI_QR
R102743,2025-11-14,Earphones,Accessories,465.0,CASH
R102744,2025-11-14,Phone case,Accessories,474.0,CARD
R102745,2025-11-14,Mixer jar,Home Essentials,355.0,CARD
R102746,2025-11-14,Phone case,Accessories,412.0,UPI_QR
R102747,2025-11-14,Power bank,Accessories,373.0,CARD
R102748,2025-11-14,Sports shoes,Apparel,1150.0,UPI_QR
R102749,2025-11-14,Storage box,Home Essentials,503.0,CASH
R102750,2025-11-14,Charger,Accessories,588.0,CARD
R102751,2025-11-14,Dining table,Furniture,31000.0,UPI_QR
R102752,2025-11-14,Soundbar,Electronics,12480.0,UPI_QR
R102753,2025-11-14,Wardrobe,Furniture,15100.0,UPI_QR
R102754,2025-11-15,Earphones,Accessories,378.0,CARD
R102755,2025-11-15,Screen guard,Accessories,341.0,CARD
R102756,2025-11-15,Power bank,Accessories,253.0,CARD
R102757,2025-11-15,Tablet,Electronics,16890.0,UPI_APP
R102758,2025-11-15,Jacket,Apparel,2150.0,UPI_QR
R102759,2025-11-15,Charger,Accessories,805.0,UPI_APP
R102760,2025-11-15,Kurta set,Apparel,1410.0,CARD
R102761,2025-11-15,Jacket,Apparel,2010.0,UPI_APP
R102762,2025-11-15,Earphones,Accessories,569.0,UPI_QR
R102763,2025-11-15,Laptop,Electronics,6950.0,CARD
R102764,2025-11-15,Formal shirt,Apparel,1520.0,CASH
R102765,2025-11-15,Formal shirt,Apparel,2040.0,CASH
R102766,2025-11-15,Office chair,Furniture,15890.0,CARD
R102767,2025-11-15,Smartphone C,Mobiles,15530.0,UPI_QR
R102768,2025-11-15,Earphones,Accessories,767.0,UPI_QR
R102769,2025-11-15,Earphones,Accessories,418.0,CARD
R102770,2025-11-15,Wardrobe,Furniture,25160.0,CARD
R102771,2025-11-15,Tablet,Electronics,21410.0,CARD
R102772,2025-11-15,Sports shoes,Apparel,2010.0,CASH
R102773,2025-11-15,Jeans,Apparel,1850.0,CARD
R102774,2025-11-15,Storage box,Home Essentials,435.0,UPI_APP
R102775,2025-11-15,Soundbar,Electronics,29230.0,CASH
R102776,2025-11-15,Laptop,Electronics,4610.0,CASH
R102777,2025-11-15,Bed frame,Furniture,7890.0,UPI_QR
R102778,2025-11-15,Air conditioner,Appliances,21390.0,CARD
R102779,2025-11-15,Storage box,Home Essentials,563.0,UPI_QR
R102780,2025-11-15,Sports shoes,Apparel,1310.0,UPI_QR
R102781,2025-11-15,Jeans,Apparel,2760.0,UPI_QR
R102782,2025-11-15,Screen guard,Accessories,316.0,CARD
R102783,2025-11-15,Charger,Accessories,225.0,UPI_QR
R102784,2025-11-15,Soundbar,Electronics,41670.0,CARD
R102785,2025-11-15,Phone case,Accessories,245.0,UPI_APP
R102786,2025-11-15,Smartphone A,Mobiles,25500.0,UPI_APP
R102787,2025-11-15,Screen guard,Accessories,301.0,CARD
R102788,2025-11-15,Phone case,Accessories,599.0,CARD
R102789,2025-11-15,Charger,Accessories,427.0,UPI_QR
R102790,2025-11-15,Dining table,Furniture,3200.0,UPI_APP
R102791,2025-11-15,Screen guard,Accessories,509.0,UPI_APP
R102792,2025-11-15,Dining table,Furniture,16080.0,UPI_QR
R102793,2025-11-15,Bedsheet set,Home Essentials,412.0,UPI_APP
R102794,2025-11-15,Smart TV 43in,Electronics,11370.0,UPI_APP
R102795,2025-11-15,Sports shoes,Apparel,3710.0,UPI_APP
R102796,2025-11-15,Storage box,Home Essentials,550.0,UPI_QR
R102797,2025-11-15,Smartphone A,Mobiles,16220.0,UPI_QR
R102798,2025-11-15,Curtains,Home Essentials,508.0,UPI_APP
R102799,2025-11-15,Gaming console,Electronics,10240.0,CARD
R102800,2025-11-15,Phone case,Accessories,570.0,CARD
R102801,2025-11-15,Jeans,Apparel,1680.0,CASH
R102802,2025-11-15,Formal shirt,Apparel,1420.0,UPI_QR
R102803,2025-11-15,Charger,Accessories,124.0,UPI_QR
R102804,2025-11-15,Screen guard,Accessories,666.0,UPI_QR
R102805,2025-11-16,Jeans,Apparel,1620.0,UPI_QR
R102806,2025-11-16,Cookware set,Home Essentials,527.0,UPI_APP
R102807,2025-11-16,Jacket,Apparel,2360.0,UPI_QR
R102808,2025-11-16,Cookware set,Home Essentials,685.0,UPI_QR
R102809,2025-11-16,Smart TV 43in,Electronics,8920.0,UPI_APP
R102810,2025-11-16,Air conditioner,Appliances,18140.0,UPI_QR
R102811,2025-11-16,Formal shirt,Apparel,1520.0,CARD
R102812,2025-11-16,Curtains,Home Essentials,440.0,UPI_APP
R102813,2025-11-16,Jacket,Apparel,1790.0,UPI_QR
R102814,2025-11-16,Phone case,Accessories,239.0,UPI_APP
R102815,2025-11-16,Dining table,Furniture,42000.0,UPI_APP
R102816,2025-11-16,Phone case,Accessories,718.0,UPI_APP
R102817,2025-11-16,Formal shirt,Apparel,2420.0,UPI_QR
R102818,2025-11-16,Phone case,Accessories,572.0,CARD
R102819,2025-11-16,Kurta set,Apparel,767.0,CARD
R102820,2025-11-16,Foldable phone,Mobiles,48130.0,CARD
R102821,2025-11-16,Water purifier,Appliances,35100.0,CARD
R102822,2025-11-16,Phone case,Accessories,458.0,UPI_APP
R102823,2025-11-16,Earphones,Accessories,284.0,CARD
R102824,2025-11-16,Storage box,Home Essentials,1750.0,UPI_APP
R102825,2025-11-16,Soundbar,Electronics,10400.0,CASH
R102826,2025-11-16,Formal shirt,Apparel,1270.0,UPI_QR
R102827,2025-11-16,Mixer jar,Home Essentials,825.0,CASH
R102828,2025-11-16,Screen guard,Accessories,224.0,UPI_APP
R102829,2025-11-16,Formal shirt,Apparel,1230.0,CASH
R102830,2025-11-16,Charger,Accessories,453.0,UPI_APP
R102831,2025-11-16,Charger,Accessories,1060.0,UPI_QR
R102832,2025-11-16,Screen guard,Accessories,225.0,CASH
R102833,2025-11-16,Microwave,Appliances,35460.0,CARD
R102834,2025-11-16,Washing machine,Appliances,8400.0,CARD
R102835,2025-11-16,Smart TV 43in,Electronics,3740.0,CARD
R102836,2025-11-16,Kurta set,Apparel,1150.0,UPI_APP
R102837,2025-11-16,Jacket,Apparel,1050.0,UPI_QR
R102838,2025-11-16,Screen guard,Accessories,490.0,CARD
R102839,2025-11-16,Charger,Accessories,809.0,UPI_QR
R102840,2025-11-16,Jacket,Apparel,4550.0,UPI_QR
R102841,2025-11-16,Power bank,Accessories,263.0,CARD
R102842,2025-11-16,Cookware set,Home Essentials,1220.0,CARD
R102843,2025-11-16,Bedsheet set,Home Essentials,539.0,CARD
R102844,2025-11-16,Screen guard,Accessories,1500.0,UPI_QR
R102845,2025-11-16,Charger,Accessories,330.0,UPI_QR
R102846,2025-11-16,Screen guard,Accessories,248.0,UPI_QR
R102847,2025-11-16,Jeans,Apparel,1240.0,UPI_APP
R102848,2025-11-16,Microwave,Appliances,49080.0,CARD
R102849,2025-11-16,Refrigerator,Appliances,55670.0,CARD
R102850,2025-11-16,Jeans,Apparel,1650.0,CASH
R102851,2025-11-16,Screen guard,Accessories,711.0,CARD
R102852,2025-11-16,Smart TV 43in,Electronics,15010.0,UPI_QR
R102853,2025-11-16,Mixer jar,Home Essentials,487.0,UPI_QR
R102854,2025-11-16,Formal shirt,Apparel,2450.0,UPI_QR
R102855,2025-11-17,Smartphone A,Mobiles,25220.0,CARD
R102856,2025-11-17,Sports shoes,Apparel,1130.0,CARD
R102857,2025-11-17,Microwave,Appliances,13050.0,UPI_QR
R102858,2025-11-17,Tablet,Electronics,23830.0,CARD
R102859,2025-11-17,Storage box,Home Essentials,1490.0,CASH
R102860,2025-11-17,Earphones,Accessories,697.0,CASH
R102861,2025-11-17,Smart TV 43in,Electronics,15700.0,CARD
R102862,2025-11-17,Sports shoes,Apparel,1480.0,UPI_QR
R102863,2025-11-17,Formal shirt,Apparel,333.0,UPI_QR
R102864,2025-11-17,Smart TV 43in,Electronics,40570.0,UPI_QR
R102865,2025-11-17,Sports shoes,Apparel,751.0,UPI_QR
R102866,2025-11-17,Jeans,Apparel,897.0,UPI_QR
R102867,2025-11-17,Mixer jar,Home Essentials,643.0,UPI_QR
R102868,2025-11-17,Phone case,Accessories,391.0,UPI_QR
R102869,2025-11-17,Storage box,Home Essentials,644.0,CARD
R102870,2025-11-17,Formal shirt,Apparel,1770.0,UPI_QR
R102871,2025-11-17,Air conditioner,Appliances,10830.0,CARD
R102872,2025-11-17,Foldable phone,Mobiles,19670.0,UPI_QR
R102873,2025-11-17,Power bank,Accessories,1060.0,UPI_QR
R102874,2025-11-17,Wardrobe,Furniture,15110.0,UPI_APP
R102875,2025-11-17,Screen guard,Accessories,539.0,UPI_QR
R102876,2025-11-17,Jeans,Apparel,1850.0,UPI_QR
R102877,2025-11-17,Bed frame,Furniture,25640.0,UPI_QR
R102878,2025-11-17,Soundbar,Electronics,13720.0,UPI_QR
R102879,2025-11-17,Storage box,Home Essentials,741.0,CASH
R102880,2025-11-17,Power bank,Accessories,388.0,UPI_QR
R102881,2025-11-17,Kurta set,Apparel,1180.0,UPI_QR
R102882,2025-11-17,Gaming console,Electronics,14630.0,CARD
R102883,2025-11-17,Jeans,Apparel,1920.0,UPI_QR
R102884,2025-11-17,Phone case,Accessories,226.0,CARD
R102885,2025-11-17,Gaming console,Electronics,4430.0,UPI_APP
R102886,2025-11-17,Phone case,Accessories,220.0,CASH
R102887,2025-11-18,Phone case,Accessories,701.0,UPI_APP
R102888,2025-11-18,Sports shoes,Apparel,734.0,UPI_QR
R102889,2025-11-18,Charger,Accessories,1570.0,UPI_APP
R102890,2025-11-18,Jacket,Apparel,865.0,UPI_APP
R102891,2025-11-18,Kurta set,Apparel,1500.0,UPI_QR
R102892,2025-11-18,Sports shoes,Apparel,1200.0,UPI_APP
R102893,2025-11-18,Power bank,Accessories,434.0,UPI_QR
R102894,2025-11-18,Washing machine,Appliances,10590.0,UPI_APP
R102895,2025-11-18,Jacket,Apparel,1760.0,CARD
R102896,2025-11-18,Mixer jar,Home Essentials,391.0,CASH
R102897,2025-11-18,Cookware set,Home Essentials,616.0,UPI_APP
R102898,2025-11-18,Screen guard,Accessories,1130.0,UPI_QR
R102899,2025-11-18,Formal shirt,Apparel,1010.0,UPI_QR
R102900,2025-11-18,Mixer jar,Home Essentials,819.0,CARD
R102901,2025-11-18,Storage box,Home Essentials,418.0,UPI_APP
R102902,2025-11-18,Storage box,Home Essentials,782.0,CARD
R102903,2025-11-18,Jacket,Apparel,2760.0,UPI_QR
R102904,2025-11-18,Jacket,Apparel,1420.0,CASH
R102905,2025-11-18,Air conditioner,Appliances,36760.0,CARD
R102906,2025-11-18,Jeans,Apparel,615.0,UPI_QR
R102907,2025-11-18,Kurta set,Apparel,553.0,CARD
R102908,2025-11-18,Cookware set,Home Essentials,856.0,CASH
R102909,2025-11-18,Washing machine,Appliances,15240.0,UPI_QR
R102910,2025-11-19,Formal shirt,Apparel,1620.0,UPI_APP
R102911,2025-11-19,Curtains,Home Essentials,650.0,UPI_QR
R102912,2025-11-19,Smartphone B,Mobiles,13420.0,UPI_QR
R102913,2025-11-19,Screen guard,Accessories,457.0,CARD
R102914,2025-11-19,Soundbar,Electronics,20840.0,UPI_QR
R102915,2025-11-19,Microwave,Appliances,30530.0,UPI_APP
R102916,2025-11-19,Sports shoes,Apparel,1410.0,CARD
R102917,2025-11-19,Refrigerator,Appliances,13680.0,UPI_QR
R102918,2025-11-19,Laptop,Electronics,10700.0,UPI_APP
R102919,2025-11-19,Bed frame,Furniture,12000.0,UPI_APP
R102920,2025-11-19,Jacket,Apparel,1700.0,UPI_QR
R102921,2025-11-19,Power bank,Accessories,202.0,CARD
R102922,2025-11-19,Bedsheet set,Home Essentials,254.0,CARD
R102923,2025-11-19,Screen guard,Accessories,270.0,CARD
R102924,2025-11-19,Screen guard,Accessories,401.0,CASH
R102925,2025-11-19,Smart TV 43in,Electronics,19860.0,UPI_QR
R102926,2025-11-19,Sports shoes,Apparel,1170.0,CARD
R102927,2025-11-19,Smartphone C,Mobiles,39750.0,UPI_QR
R102928,2025-11-19,Formal shirt,Apparel,1360.0,CARD
R102929,2025-11-19,Screen guard,Accessories,1130.0,UPI_QR
R102930,2025-11-19,Curtains,Home Essentials,617.0,CARD
R102931,2025-11-19,Phone case,Accessories,1320.0,CASH
R102932,2025-11-19,Phone case,Accessories,1270.0,UPI_QR
R102933,2025-11-19,Sofa set,Furniture,9750.0,CARD
R102934,2025-11-19,Formal shirt,Apparel,2100.0,UPI_APP
R102935,2025-11-19,Sofa set,Furniture,8100.0,UPI_APP
R102936,2025-11-19,Phone case,Accessories,269.0,UPI_APP
R102937,2025-11-20,Smartphone A,Mobiles,54890.0,CARD
R102938,2025-11-20,Kurta set,Apparel,1000.0,UPI_APP
R102939,2025-11-20,Charger,Accessories,862.0,CARD
R102940,2025-11-20,Air conditioner,Appliances,37450.0,CARD
R102941,2025-11-20,Jacket,Apparel,1000.0,UPI_QR
R102942,2025-11-20,Charger,Accessories,1620.0,CARD
R102943,2025-11-20,Refrigerator,Appliances,21570.0,UPI_APP
R102944,2025-11-20,Microwave,Appliances,29170.0,CARD
R102945,2025-11-20,Jacket,Apparel,1180.0,UPI_APP
R102946,2025-11-20,Office chair,Furniture,25340.0,CARD
R102947,2025-11-20,Smartphone C,Mobiles,52470.0,CARD
R102948,2025-11-20,Jacket,Apparel,971.0,CASH
R102949,2025-11-20,Cookware set,Home Essentials,1230.0,CARD
R102950,2025-11-20,Laptop,Electronics,15690.0,UPI_QR
R102951,2025-11-20,Storage box,Home Essentials,685.0,UPI_QR
R102952,2025-11-20,Cookware set,Home Essentials,1170.0,CARD
R102953,2025-11-20,Curtains,Home Essentials,473.0,CARD
R102954,2025-11-20,Curtains,Home Essentials,560.0,UPI_QR
R102955,2025-11-20,Earphones,Accessories,417.0,UPI_QR
R102956,2025-11-20,Screen guard,Accessories,645.0,UPI_APP
R102957,2025-11-20,Cookware set,Home Essentials,840.0,UPI_APP
R102958,2025-11-20,Phone case,Accessories,673.0,UPI_QR
R102959,2025-11-20,Dining table,Furniture,22210.0,CARD
R102960,2025-11-20,Jacket,Apparel,1480.0,UPI_APP
R102961,2025-11-20,Formal shirt,Apparel,1820.0,UPI_QR
R102962,2025-11-20,Phone case,Accessories,522.0,CARD
R102963,2025-11-21,Sofa set,Furniture,14430.0,UPI_QR
R102964,2025-11-21,Refrigerator,Appliances,16060.0,UPI_QR
R102965,2025-11-21,Kurta set,Apparel,1630.0,UPI_QR
R102966,2025-11-21,Bedsheet set,Home Essentials,721.0,CARD
R102967,2025-11-21,Smart TV 43in,Electronics,53400.0,CARD
R102968,2025-11-21,Kurta set,Apparel,2390.0,UPI_QR
R102969,2025-11-21,Water purifier,Appliances,38790.0,CARD
R102970,2025-11-21,Curtains,Home Essentials,1300.0,CARD
R102971,2025-11-21,Bed frame,Furniture,18490.0,CASH
R102972,2025-11-21,Phone case,Accessories,651.0,UPI_QR
R102973,2025-11-21,Earphones,Accessories,501.0,UPI_QR
R102974,2025-11-21,Bedsheet set,Home Essentials,624.0,UPI_APP
R102975,2025-11-21,Wardrobe,Furniture,35090.0,CARD
R102976,2025-11-21,Soundbar,Electronics,4820.0,UPI_QR
R102977,2025-11-21,Kurta set,Apparel,1160.0,UPI_QR
R102978,2025-11-21,Screen guard,Accessories,676.0,CARD
R102979,2025-11-21,Earphones,Accessories,216.0,CARD
R102980,2025-11-21,Power bank,Accessories,143.0,UPI_QR
R102981,2025-11-21,Smart TV 43in,Electronics,4800.0,UPI_APP
R102982,2025-11-21,Jacket,Apparel,1450.0,CARD
R102983,2025-11-21,Storage box,Home Essentials,698.0,UPI_QR
R102984,2025-11-21,Curtains,Home Essentials,854.0,UPI_QR
R102985,2025-11-21,Cookware set,Home Essentials,453.0,CASH
R102986,2025-11-22,Microwave,Appliances,22370.0,CASH
R102987,2025-11-22,Power bank,Accessories,596.0,UPI_APP
R102988,2025-11-22,Bedsheet set,Home Essentials,495.0,UPI_APP
R102989,2025-11-22,Sports shoes,Apparel,1220.0,CARD
R102990,2025-11-22,Water purifier,Appliances,12460.0,UPI_APP
R102991,2025-11-22,Sports shoes,Apparel,570.0,CASH
R102992,2025-11-22,Sports shoes,Apparel,835.0,UPI_APP
R102993,2025-11-22,Tablet,Electronics,37430.0,CARD
R102994,2025-11-22,Phone case,Accessories,586.0,CARD
R102995,2025-11-22,Charger,Accessories,261.0,UPI_APP
R102996,2025-11-22,Laptop,Electronics,12400.0,UPI_APP
R102997,2025-11-22,Smartphone C,Mobiles,16050.0,CARD
R102998,2025-11-22,Mixer jar,Home Essentials,566.0,UPI_QR
R102999,2025-11-22,Smartphone B,Mobiles,13880.0,UPI_QR
R103000,2025-11-22,Tablet,Electronics,6850.0,UPI_QR
R103001,2025-11-22,Sports shoes,Apparel,605.0,UPI_QR
R103002,2025-11-22,Screen guard,Accessories,550.0,CARD
R103003,2025-11-22,Formal shirt,Apparel,1140.0,UPI_APP
R103004,2025-11-22,Smart TV 43in,Electronics,19010.0,UPI_QR
R103005,2025-11-22,Storage box,Home Essentials,412.0,CARD
R103006,2025-11-22,Smart TV 43in,Electronics,4920.0,CARD
R103007,2025-11-22,Screen guard,Accessories,247.0,UPI_APP
R103008,2025-11-22,Storage box,Home Essentials,1610.0,CARD
R103009,2025-11-22,Smartphone A,Mobiles,23830.0,CARD
R103010,2025-11-22,Phone case,Accessories,391.0,UPI_APP
R103011,2025-11-22,Earphones,Accessories,1660.0,UPI_QR
R103012,2025-11-22,Tablet,Electronics,39790.0,UPI_APP
R103013,2025-11-22,Dining table,Furniture,31230.0,CARD
R103014,2025-11-22,Power bank,Accessories,259.0,CARD
R103015,2025-11-22,Phone case,Accessories,331.0,UPI_APP
R103016,2025-11-22,Sofa set,Furniture,12440.0,CASH
R103017,2025-11-22,Soundbar,Electronics,5540.0,UPI_APP
R103018,2025-11-22,Bedsheet set,Home Essentials,872.0,CASH
R103019,2025-11-22,Laptop,Electronics,9030.0,UPI_APP
R103020,2025-11-22,Tablet,Electronics,4780.0,UPI_APP
R103021,2025-11-22,Power bank,Accessories,437.0,UPI_QR
R103022,2025-11-23,Cookware set,Home Essentials,1060.0,UPI_QR
R103023,2025-11-23,Refrigerator,Appliances,13430.0,CARD
R103024,2025-11-23,Formal shirt,Apparel,1040.0,CARD
R103025,2025-11-23,Air conditioner,Appliances,18520.0,CARD
R103026,2025-11-23,Earphones,Accessories,538.0,CASH
R103027,2025-11-23,Foldable phone,Mobiles,10970.0,UPI_APP
R103028,2025-11-23,Charger,Accessories,835.0,UPI_QR
R103029,2025-11-23,Laptop,Electronics,42690.0,UPI_QR
R103030,2025-11-23,Jeans,Apparel,1050.0,CARD
R103031,2025-11-23,Storage box,Home Essentials,521.0,UPI_APP
R103032,2025-11-23,Gaming console,Electronics,21240.0,UPI_QR
R103033,2025-11-23,Power bank,Accessories,222.0,UPI_QR
R103034,2025-11-23,Phone case,Accessories,482.0,UPI_QR
R103035,2025-11-23,Kurta set,Apparel,1040.0,CARD
R103036,2025-11-23,Screen guard,Accessories,590.0,UPI_QR
R103037,2025-11-23,Smartphone C,Mobiles,18720.0,UPI_APP
R103038,2025-11-23,Laptop,Electronics,42910.0,CARD
R103039,2025-11-23,Jacket,Apparel,1160.0,UPI_QR
R103040,2025-11-23,Phone case,Accessories,213.0,UPI_APP
R103041,2025-11-23,Screen guard,Accessories,437.0,UPI_APP
R103042,2025-11-23,Air conditioner,Appliances,19840.0,CASH
R103043,2025-11-23,Formal shirt,Apparel,745.0,UPI_QR
R103044,2025-11-23,Dining table,Furniture,15790.0,CARD
R103045,2025-11-23,Gaming console,Electronics,10240.0,UPI_QR
R103046,2025-11-23,Cookware set,Home Essentials,613.0,CARD
R103047,2025-11-23,Sofa set,Furniture,27120.0,UPI_QR
R103048,2025-11-23,Microwave,Appliances,17850.0,UPI_QR
R103049,2025-11-23,Washing machine,Appliances,18530.0,UPI_APP
R103050,2025-11-23,Smart TV 43in,Electronics,13700.0,UPI_QR
R103051,2025-11-23,Charger,Accessories,751.0,CARD
R103052,2025-11-23,Sports shoes,Apparel,737.0,UPI_QR
R103053,2025-11-23,Water purifier,Appliances,54120.0,UPI_APP
R103054,2025-11-23,Phone case,Accessories,326.0,CASH
R103055,2025-11-23,Screen guard,Accessories,538.0,UPI_APP
R103056,2025-11-23,Kurta set,Apparel,814.0,UPI_QR
R103057,2025-11-23,Mixer jar,Home Essentials,1040.0,CARD
R103058,2025-11-23,Mixer jar,Home Essentials,443.0,UPI_QR
R103059,2025-11-23,Earphones,Accessories,779.0,UPI_APP
R103060,2025-11-23,Earphones,Accessories,395.0,UPI_QR
R103061,2025-11-23,Smart TV 43in,Electronics,6770.0,UPI_QR
R103062,2025-11-23,Laptop,Electronics,13180.0,UPI_QR
R103063,2025-11-24,Storage box,Home Essentials,673.0,UPI_APP
R103064,2025-11-24,Bedsheet set,Home Essentials,1130.0,UPI_APP
R103065,2025-11-24,Tablet,Electronics,45820.0,UPI_APP
R103066,2025-11-24,Formal shirt,Apparel,2440.0,UPI_QR
R103067,2025-11-24,Soundbar,Electronics,5250.0,UPI_APP
R103068,2025-11-24,Mixer jar,Home Essentials,1290.0,CARD
R103069,2025-11-24,Kurta set,Apparel,1040.0,UPI_APP
R103070,2025-11-24,Office chair,Furniture,9940.0,UPI_QR
R103071,2025-11-24,Mixer jar,Home Essentials,919.0,UPI_QR
R103072,2025-11-24,Curtains,Home Essentials,738.0,CASH
R103073,2025-11-24,Jeans,Apparel,832.0,CARD
R103074,2025-11-24,Power bank,Accessories,734.0,UPI_APP
R103075,2025-11-24,Kurta set,Apparel,919.0,UPI_APP
R103076,2025-11-24,Storage box,Home Essentials,1180.0,UPI_QR
R103077,2025-11-24,Cookware set,Home Essentials,905.0,UPI_APP
R103078,2025-11-24,Storage box,Home Essentials,361.0,CARD
R103079,2025-11-24,Gaming console,Electronics,30690.0,CARD
R103080,2025-11-24,Jeans,Apparel,1610.0,CARD
R103081,2025-11-24,Jeans,Apparel,1480.0,UPI_APP
R103082,2025-11-24,Formal shirt,Apparel,1340.0,UPI_APP
R103083,2025-11-24,Power bank,Accessories,1200.0,UPI_QR
R103084,2025-11-24,Cookware set,Home Essentials,341.0,UPI_APP
R103085,2025-11-24,Screen guard,Accessories,292.0,UPI_QR
R103086,2025-11-24,Power bank,Accessories,333.0,CARD
R103087,2025-11-24,Earphones,Accessories,495.0,UPI_QR
R103088,2025-11-24,Power bank,Accessories,567.0,CARD
R103089,2025-11-24,Phone case,Accessories,478.0,UPI_QR
R103090,2025-11-24,Microwave,Appliances,25800.0,UPI_QR
R103091,2025-11-24,Earphones,Accessories,205.0,UPI_QR
R103092,2025-11-25,Earphones,Accessories,462.0,UPI_QR
R103093,2025-11-25,Smart TV 43in,Electronics,7550.0,CARD
R103094,2025-11-25,Charger,Accessories,852.0,CARD
R103095,2025-11-25,Sports shoes,Apparel,1630.0,CASH
R103096,2025-11-25,Office chair,Furniture,55390.0,CARD
R103097,2025-11-25,Phone case,Accessories,449.0,UPI_QR
R103098,2025-11-25,Washing machine,Appliances,48470.0,CARD
R103099,2025-11-25,Wardrobe,Furniture,38190.0,CARD
R103100,2025-11-25,Power bank,Accessories,230.0,UPI_QR
R103101,2025-11-25,Water purifier,Appliances,63540.0,UPI_QR
R103102,2025-11-25,Laptop,Electronics,4790.0,CARD
R103103,2025-11-25,Mixer jar,Home Essentials,952.0,CARD
R103104,2025-11-25,Formal shirt,Apparel,1650.0,UPI_APP
R103105,2025-11-25,Kurta set,Apparel,1280.0,CARD
R103106,2025-11-25,Formal shirt,Apparel,478.0,UPI_QR
R103107,2025-11-25,Tablet,Electronics,8220.0,UPI_QR
R103108,2025-11-25,Curtains,Home Essentials,655.0,UPI_QR
R103109,2025-11-25,Foldable phone,Mobiles,33190.0,CARD
R103110,2025-11-25,Power bank,Accessories,325.0,CARD
R103111,2025-11-25,Phone case,Accessories,537.0,UPI_QR
R103112,2025-11-25,Sofa set,Furniture,5200.0,UPI_QR
R103113,2025-11-25,Phone case,Accessories,493.0,UPI_QR
R103114,2025-11-25,Bed frame,Furniture,10440.0,UPI_APP
R103115,2025-11-25,Jeans,Apparel,2820.0,CASH
R103116,2025-11-26,Smartphone C,Mobiles,21530.0,UPI_APP
R103117,2025-11-26,Earphones,Accessories,706.0,CASH
R103118,2025-11-26,Smartphone A,Mobiles,42380.0,UPI_QR
R103119,2025-11-26,Charger,Accessories,231.0,CASH
R103120,2025-11-26,Smartphone B,Mobiles,22220.0,CASH
R103121,2025-11-26,Smartphone C,Mobiles,17540.0,CARD
R103122,2025-11-26,Water purifier,Appliances,25480.0,CARD
R103123,2025-11-26,Water purifier,Appliances,8060.0,CARD
R103124,2025-11-26,Screen guard,Accessories,1150.0,CARD
R103125,2025-11-26,Formal shirt,Apparel,2450.0,CARD
R103126,2025-11-26,Air conditioner,Appliances,42260.0,CARD
R103127,2025-11-26,Smart TV 43in,Electronics,24870.0,UPI_QR
R103128,2025-11-26,Curtains,Home Essentials,1420.0,CARD
R103129,2025-11-26,Storage box,Home Essentials,531.0,CARD
R103130,2025-11-26,Formal shirt,Apparel,893.0,UPI_APP
R103131,2025-11-26,Dining table,Furniture,18030.0,CARD
R103132,2025-11-26,Screen guard,Accessories,335.0,UPI_APP
R103133,2025-11-26,Sports shoes,Apparel,2470.0,CASH
R103134,2025-11-26,Cookware set,Home Essentials,226.0,UPI_APP
R103135,2025-11-27,Power bank,Accessories,145.0,UPI_QR
R103136,2025-11-27,Smartphone C,Mobiles,23770.0,CARD
R103137,2025-11-27,Screen guard,Accessories,340.0,UPI_QR
R103138,2025-11-27,Bed frame,Furniture,43780.0,CARD
R103139,2025-11-27,Sports shoes,Apparel,1810.0,UPI_APP
R103140,2025-11-27,Curtains,Home Essentials,659.0,UPI_QR
R103141,2025-11-27,Sports shoes,Apparel,1760.0,CARD
R103142,2025-11-27,Sports shoes,Apparel,935.0,UPI_QR
R103143,2025-11-27,Screen guard,Accessories,356.0,UPI_APP
R103144,2025-11-27,Jacket,Apparel,1270.0,UPI_APP
R103145,2025-11-27,Formal shirt,Apparel,1590.0,UPI_QR
R103146,2025-11-27,Tablet,Electronics,5890.0,UPI_APP
R103147,2025-11-27,Microwave,Appliances,14850.0,UPI_QR
R103148,2025-11-27,Power bank,Accessories,169.0,CARD
R103149,2025-11-27,Sports shoes,Apparel,1240.0,UPI_QR
R103150,2025-11-27,Storage box,Home Essentials,664.0,CASH
R103151,2025-11-27,Kurta set,Apparel,1470.0,UPI_QR
R103152,2025-11-27,Refrigerator,Appliances,17590.0,UPI_QR
R103153,2025-11-28,Jacket,Apparel,4620.0,CARD
R103154,2025-11-28,Mixer jar,Home Essentials,432.0,UPI_QR
R103155,2025-11-28,Refrigerator,Appliances,10340.0,UPI_APP
R103156,2025-11-28,Screen guard,Accessories,556.0,CARD
R103157,2025-11-28,Kurta set,Apparel,1360.0,UPI_QR
R103158,2025-11-28,Power bank,Accessories,436.0,CASH
R103159,2025-11-28,Power bank,Accessories,213.0,UPI_QR
R103160,2025-11-28,Soundbar,Electronics,4330.0,UPI_APP
R103161,2025-11-28,Office chair,Furniture,15140.0,UPI_QR
R103162,2025-11-28,Screen guard,Accessories,732.0,UPI_QR
R103163,2025-11-28,Water purifier,Appliances,31000.0,UPI_QR
R103164,2025-11-28,Charger,Accessories,311.0,UPI_APP
R103165,2025-11-28,Earphones,Accessories,218.0,UPI_QR
R103166,2025-11-28,Bedsheet set,Home Essentials,518.0,UPI_APP
R103167,2025-11-28,Cookware set,Home Essentials,865.0,CARD
R103168,2025-11-28,Soundbar,Electronics,30170.0,UPI_APP
R103169,2025-11-28,Jacket,Apparel,1260.0,UPI_QR
R103170,2025-11-28,Bedsheet set,Home Essentials,1100.0,UPI_QR
R103171,2025-11-28,Storage box,Home Essentials,575.0,CASH
R103172,2025-11-28,Phone case,Accessories,261.0,UPI_QR
R103173,2025-11-28,Curtains,Home Essentials,626.0,UPI_APP
R103174,2025-11-28,Dining table,Furniture,7470.0,UPI_QR
R103175,2025-11-28,Smartphone A,Mobiles,62740.0,UPI_APP
R103176,2025-11-28,Air conditioner,Appliances,36510.0,CARD
R103177,2025-11-28,Smartphone A,Mobiles,30130.0,CARD
R103178,2025-11-28,Foldable phone,Mobiles,21320.0,UPI_QR
R103179,2025-11-28,Soundbar,Electronics,8940.0,CARD
R103180,2025-11-28,Bed frame,Furniture,9670.0,UPI_QR
R103181,2025-11-28,Bedsheet set,Home Essentials,1020.0,CASH
R103182,2025-11-28,Smartphone B,Mobiles,43780.0,CARD
R103183,2025-11-28,Bedsheet set,Home Essentials,635.0,UPI_QR
R103184,2025-11-29,Cookware set,Home Essentials,705.0,UPI_APP
R103185,2025-11-29,Mixer jar,Home Essentials,600.0,UPI_APP
R103186,2025-11-29,Dining table,Furniture,21030.0,UPI_QR
R103187,2025-11-29,Washing machine,Appliances,20630.0,CASH
R103188,2025-11-29,Bedsheet set,Home Essentials,777.0,UPI_QR
R103189,2025-11-29,Sports shoes,Apparel,1310.0,UPI_QR
R103190,2025-11-29,Air conditioner,Appliances,11840.0,UPI_QR
R103191,2025-11-29,Washing machine,Appliances,16980.0,UPI_QR
R103192,2025-11-29,Microwave,Appliances,47810.0,CARD
R103193,2025-11-29,Curtains,Home Essentials,440.0,CASH
R103194,2025-11-29,Jeans,Apparel,530.0,UPI_APP
R103195,2025-11-29,Sports shoes,Apparel,1690.0,UPI_QR
R103196,2025-11-29,Water purifier,Appliances,16630.0,CASH
R103197,2025-11-29,Water purifier,Appliances,25210.0,CARD
R103198,2025-11-29,Refrigerator,Appliances,16040.0,UPI_QR
R103199,2025-11-29,Earphones,Accessories,220.0,CARD
R103200,2025-11-29,Charger,Accessories,362.0,UPI_QR
R103201,2025-11-29,Charger,Accessories,622.0,CARD
R103202,2025-11-29,Curtains,Home Essentials,942.0,UPI_QR
R103203,2025-11-29,Sports shoes,Apparel,2740.0,CARD
R103204,2025-11-29,Mixer jar,Home Essentials,1070.0,CASH
R103205,2025-11-29,Curtains,Home Essentials,1100.0,UPI_APP
R103206,2025-11-29,Air conditioner,Appliances,67280.0,CARD
R103207,2025-11-29,Kurta set,Apparel,1420.0,CARD
R103208,2025-11-29,Sports shoes,Apparel,1360.0,UPI_QR
R103209,2025-11-29,Power bank,Accessories,331.0,UPI_QR
R103210,2025-11-29,Charger,Accessories,1280.0,UPI_QR
R103211,2025-11-29,Dining table,Furniture,3030.0,UPI_QR
R103212,2025-11-29,Storage box,Home Essentials,724.0,CASH
R103213,2025-11-29,Jacket,Apparel,1070.0,UPI_QR
R103214,2025-11-29,Mixer jar,Home Essentials,354.0,CARD
R103215,2025-11-29,Phone case,Accessories,841.0,CARD
R103216,2025-11-29,Screen guard,Accessories,534.0,CARD
R103217,2025-11-29,Laptop,Electronics,165190.0,CARD
R103218,2025-11-29,Microwave,Appliances,21190.0,UPI_QR
R103219,2025-11-29,Bedsheet set,Home Essentials,669.0,CARD
R103220,2025-11-29,Office chair,Furniture,17810.0,UPI_QR
R103221,2025-11-29,Charger,Accessories,906.0,CASH
R103222,2025-11-29,Microwave,Appliances,22720.0,UPI_QR
R103223,2025-11-29,Formal shirt,Apparel,435.0,UPI_QR
R103224,2025-11-29,Curtains,Home Essentials,631.0,CARD
R103225,2025-11-29,Power bank,Accessories,263.0,UPI_APP
R103226,2025-11-29,Phone case,Accessories,324.0,CARD
R103227,2025-11-29,Screen guard,Accessories,469.0,CARD
R103228,2025-11-30,Office chair,Furniture,10630.0,CARD
R103229,2025-11-30,Washing machine,Appliances,13760.0,UPI_QR
R103230,2025-11-30,Power bank,Accessories,734.0,UPI_QR
R103231,2025-11-30,Kurta set,Apparel,1240.0,CARD
R103232,2025-11-30,Cookware set,Home Essentials,303.0,CARD
R103233,2025-11-30,Charger,Accessories,827.0,UPI_QR
R103234,2025-11-30,Laptop,Electronics,39160.0,CARD
R103235,2025-11-30,Phone case,Accessories,398.0,UPI_APP
R103236,2025-11-30,Storage box,Home Essentials,1180.0,UPI_QR
R103237,2025-11-30,Jacket,Apparel,2160.0,CARD
R103238,2025-11-30,Power bank,Accessories,616.0,UPI_QR
R103239,2025-11-30,Formal shirt,Apparel,647.0,UPI_QR
R103240,2025-11-30,Screen guard,Accessories,1560.0,UPI_APP
R103241,2025-11-30,Dining table,Furniture,10040.0,UPI_QR
R103242,2025-11-30,Soundbar,Electronics,9520.0,CARD
R103243,2025-11-30,Mixer jar,Home Essentials,634.0,UPI_QR
R103244,2025-11-30,Tablet,Electronics,10640.0,CARD
R103245,2025-11-30,Cookware set,Home Essentials,613.0,UPI_APP
R103246,2025-11-30,Power bank,Accessories,605.0,UPI_APP
R103247,2025-11-30,Microwave,Appliances,15240.0,UPI_QR
R103248,2025-11-30,Phone case,Accessories,571.0,UPI_QR
R103249,2025-11-30,Phone case,Accessories,1090.0,UPI_QR
R103250,2025-11-30,Phone case,Accessories,520.0,UPI_QR
R103251,2025-11-30,Phone case,Accessories,605.0,CARD
R103252,2025-11-30,Jeans,Apparel,1650.0,UPI_APP
R103253,2025-11-30,Foldable phone,Mobiles,16030.0,UPI_QR
R103254,2025-11-30,Earphones,Accessories,994.0,UPI_APP
R103255,2025-11-30,Phone case,Accessories,823.0,UPI_QR
R103256,2025-11-30,Smartphone C,Mobiles,14910.0,UPI_QR
R103257,2025-11-30,Wardrobe,Furniture,17610.0,UPI_QR
R103258,2025-11-30,Mixer jar,Home Essentials,758.0,CASH
R103259,2025-11-30,Sofa set,Furniture,10230.0,CASH
R103260,2025-11-30,Cookware set,Home Essentials,278.0,UPI_QR
R103261,2025-11-30,Kurta set,Apparel,1530.0,UPI_APP
R103262,2025-11-30,Smartphone B,Mobiles,26080.0,CARD
R103263,2025-11-30,Jacket,Apparel,2670.0,UPI_QR
R103264,2025-11-30,Earphones,Accessories,712.0,UPI_QR
R103265,2025-11-30,Sports shoes,Apparel,1360.0,CARD
R103266,2025-11-30,Charger,Accessories,397.0,UPI_QR
R103267,2025-12-01,Screen guard,Accessories,385.0,UPI_APP
R103268,2025-12-01,Smartphone B,Mobiles,18680.0,UPI_APP
R103269,2025-12-01,Charger,Accessories,2870.0,UPI_QR
R103270,2025-12-01,Cookware set,Home Essentials,658.0,CARD
R103271,2025-12-01,Jacket,Apparel,711.0,CARD
R103272,2025-12-01,Bedsheet set,Home Essentials,862.0,UPI_QR
R103273,2025-12-01,Air conditioner,Appliances,13660.0,UPI_APP
R103274,2025-12-01,Power bank,Accessories,488.0,CARD
R103275,2025-12-01,Jacket,Apparel,974.0,UPI_QR
R103276,2025-12-01,Storage box,Home Essentials,963.0,UPI_APP
R103277,2025-12-01,Kurta set,Apparel,2700.0,CASH
R103278,2025-12-01,Charger,Accessories,353.0,UPI_APP
R103279,2025-12-01,Charger,Accessories,1020.0,UPI_QR
R103280,2025-12-01,Screen guard,Accessories,481.0,UPI_QR
R103281,2025-12-01,Mixer jar,Home Essentials,596.0,UPI_QR
R103282,2025-12-01,Tablet,Electronics,23100.0,UPI_QR
R103283,2025-12-01,Smart TV 43in,Electronics,8520.0,UPI_APP
R103284,2025-12-01,Phone case,Accessories,1000.0,UPI_QR
R103285,2025-12-01,Storage box,Home Essentials,600.0,UPI_QR
R103286,2025-12-01,Dining table,Furniture,2430.0,CASH
R103287,2025-12-01,Water purifier,Appliances,15340.0,CARD
R103288,2025-12-01,Power bank,Accessories,249.0,UPI_APP
R103289,2025-12-01,Wardrobe,Furniture,8920.0,CASH
R103290,2025-12-01,Power bank,Accessories,330.0,CARD
R103291,2025-12-01,Phone case,Accessories,348.0,UPI_QR
R103292,2025-12-01,Phone case,Accessories,479.0,UPI_QR
R103293,2025-12-02,Smartphone A,Mobiles,15750.0,UPI_APP
R103294,2025-12-02,Sports shoes,Apparel,2260.0,UPI_APP
R103295,2025-12-02,Microwave,Appliances,33400.0,UPI_APP
R103296,2025-12-02,Charger,Accessories,291.0,CARD
R103297,2025-12-02,Foldable phone,Mobiles,26110.0,UPI_QR
R103298,2025-12-02,Refrigerator,Appliances,20370.0,UPI_QR
R103299,2025-12-02,Power bank,Accessories,447.0,UPI_QR
R103300,2025-12-02,Phone case,Accessories,206.0,UPI_APP
R103301,2025-12-02,Cookware set,Home Essentials,777.0,UPI_QR
R103302,2025-12-02,Phone case,Accessories,484.0,UPI_APP
R103303,2025-12-02,Bedsheet set,Home Essentials,755.0,CARD
R103304,2025-12-02,Phone case,Accessories,616.0,UPI_QR
R103305,2025-12-02,Curtains,Home Essentials,1390.0,CASH
R103306,2025-12-02,Screen guard,Accessories,332.0,CARD
R103307,2025-12-02,Jeans,Apparel,1550.0,CARD
R103308,2025-12-02,Power bank,Accessories,263.0,UPI_QR
R103309,2025-12-02,Curtains,Home Essentials,638.0,UPI_QR
R103310,2025-12-02,Smart TV 43in,Electronics,29780.0,CARD
R103311,2025-12-02,Earphones,Accessories,514.0,UPI_APP
R103312,2025-12-02,Bedsheet set,Home Essentials,907.0,UPI_QR
R103313,2025-12-02,Storage box,Home Essentials,267.0,CASH
R103314,2025-12-02,Laptop,Electronics,14980.0,UPI_APP
R103315,2025-12-02,Jeans,Apparel,1320.0,CASH
R103316,2025-12-02,Smart TV 43in,Electronics,10300.0,CARD
R103317,2025-12-02,Charger,Accessories,285.0,UPI_QR
R103318,2025-12-02,Microwave,Appliances,30610.0,CARD
R103319,2025-12-02,Sports shoes,Apparel,713.0,UPI_QR
R103320,2025-12-02,Cookware set,Home Essentials,1690.0,CARD
R103321,2025-12-02,Power bank,Accessories,283.0,UPI_QR
R103322,2025-12-02,Smartphone A,Mobiles,17790.0,CARD
R103323,2025-12-02,Earphones,Accessories,190.0,UPI_QR
R103324,2025-12-02,Earphones,Accessories,314.0,UPI_QR
R103325,2025-12-02,Storage box,Home Essentials,496.0,UPI_APP
R103326,2025-12-02,Washing machine,Appliances,19010.0,UPI_QR
R103327,2025-12-02,Screen guard,Accessories,635.0,UPI_QR
R103328,2025-12-02,Jeans,Apparel,794.0,UPI_QR
R103329,2025-12-03,Kurta set,Apparel,994.0,UPI_QR
R103330,2025-12-03,Smartphone B,Mobiles,24620.0,CARD
R103331,2025-12-03,Dining table,Furniture,25490.0,CASH
R103332,2025-12-03,Washing machine,Appliances,15230.0,CARD
R103333,2025-12-03,Refrigerator,Appliances,25270.0,CARD
R103334,2025-12-03,Charger,Accessories,500.0,UPI_APP
R103335,2025-12-03,Curtains,Home Essentials,581.0,UPI_APP
R103336,2025-12-03,Curtains,Home Essentials,397.0,CASH
R103337,2025-12-03,Bedsheet set,Home Essentials,1140.0,CARD
R103338,2025-12-03,Dining table,Furniture,13120.0,CASH
R103339,2025-12-03,Cookware set,Home Essentials,873.0,UPI_QR
R103340,2025-12-03,Jeans,Apparel,4050.0,CARD
R103341,2025-12-03,Gaming console,Electronics,15060.0,CARD
R103342,2025-12-03,Curtains,Home Essentials,1320.0,UPI_APP
R103343,2025-12-03,Phone case,Accessories,459.0,UPI_APP
R103344,2025-12-03,Gaming console,Electronics,5160.0,UPI_QR
R103345,2025-12-03,Phone case,Accessories,1000.0,CARD
R103346,2025-12-03,Curtains,Home Essentials,777.0,UPI_QR
R103347,2025-12-03,Mixer jar,Home Essentials,829.0,CASH
R103348,2025-12-03,Charger,Accessories,312.0,UPI_APP
R103349,2025-12-03,Earphones,Accessories,727.0,UPI_QR
R103350,2025-12-03,Jacket,Apparel,1010.0,UPI_QR
R103351,2025-12-03,Power bank,Accessories,386.0,UPI_QR
R103352,2025-12-03,Soundbar,Electronics,18690.0,UPI_APP
R103353,2025-12-03,Kurta set,Apparel,669.0,CARD
R103354,2025-12-03,Charger,Accessories,878.0,UPI_QR
R103355,2025-12-03,Air conditioner,Appliances,9650.0,CASH
R103356,2025-12-03,Washing machine,Appliances,8560.0,UPI_QR
R103357,2025-12-03,Sports shoes,Apparel,2010.0,UPI_APP
R103358,2025-12-03,Cookware set,Home Essentials,911.0,UPI_QR
R103359,2025-12-03,Laptop,Electronics,21970.0,CARD
R103360,2025-12-03,Water purifier,Appliances,13650.0,CARD
R103361,2025-12-04,Bed frame,Furniture,8560.0,CARD
R103362,2025-12-04,Phone case,Accessories,272.0,UPI_QR
R103363,2025-12-04,Smartphone C,Mobiles,24970.0,UPI_QR
R103364,2025-12-04,Kurta set,Apparel,946.0,CASH
R103365,2025-12-04,Storage box,Home Essentials,885.0,UPI_QR
R103366,2025-12-04,Jeans,Apparel,1010.0,CARD
R103367,2025-12-04,Smart TV 43in,Electronics,8170.0,CASH
R103368,2025-12-04,Sports shoes,Apparel,1270.0,CARD
R103369,2025-12-04,Kurta set,Apparel,3140.0,UPI_QR
R103370,2025-12-04,Screen guard,Accessories,917.0,UPI_QR
R103371,2025-12-04,Storage box,Home Essentials,619.0,CASH
R103372,2025-12-04,Formal shirt,Apparel,1050.0,UPI_QR
R103373,2025-12-04,Screen guard,Accessories,132.0,UPI_QR
R103374,2025-12-04,Storage box,Home Essentials,613.0,UPI_APP
R103375,2025-12-04,Gaming console,Electronics,4480.0,CARD
R103376,2025-12-04,Cookware set,Home Essentials,382.0,CARD
R103377,2025-12-04,Storage box,Home Essentials,531.0,CASH
R103378,2025-12-04,Jacket,Apparel,1580.0,UPI_APP
R103379,2025-12-04,Sports shoes,Apparel,4160.0,UPI_APP
R103380,2025-12-04,Jeans,Apparel,1340.0,UPI_APP
R103381,2025-12-04,Soundbar,Electronics,13820.0,CARD
R103382,2025-12-04,Mixer jar,Home Essentials,1090.0,CASH
R103383,2025-12-04,Earphones,Accessories,431.0,UPI_APP
R103384,2025-12-04,Microwave,Appliances,8160.0,UPI_QR
R103385,2025-12-04,Smartphone B,Mobiles,27490.0,CASH
R103386,2025-12-04,Cookware set,Home Essentials,2810.0,CARD
R103387,2025-12-04,Smart TV 43in,Electronics,11160.0,UPI_APP
R103388,2025-12-04,Screen guard,Accessories,165.0,CARD
R103389,2025-12-04,Tablet,Electronics,6850.0,UPI_QR
R103390,2025-12-04,Screen guard,Accessories,1940.0,UPI_APP
R103391,2025-12-04,Tablet,Electronics,52320.0,UPI_QR
R103392,2025-12-04,Laptop,Electronics,7370.0,CARD
R103393,2025-12-04,Refrigerator,Appliances,18230.0,CARD
R103394,2025-12-04,Mixer jar,Home Essentials,1360.0,CARD
R103395,2025-12-04,Office chair,Furniture,9310.0,CARD
R103396,2025-12-05,Dining table,Furniture,13770.0,UPI_APP
R103397,2025-12-05,Office chair,Furniture,5220.0,CARD
R103398,2025-12-05,Smartphone B,Mobiles,80830.0,CARD
R103399,2025-12-05,Bed frame,Furniture,3030.0,CASH
R103400,2025-12-05,Laptop,Electronics,23000.0,CARD
R103401,2025-12-05,Screen guard,Accessories,215.0,CARD
R103402,2025-12-05,Cookware set,Home Essentials,240.0,UPI_QR
R103403,2025-12-05,Refrigerator,Appliances,29540.0,CASH
R103404,2025-12-05,Formal shirt,Apparel,1760.0,UPI_QR
R103405,2025-12-05,Air conditioner,Appliances,60830.0,CARD
R103406,2025-12-05,Charger,Accessories,632.0,UPI_QR
R103407,2025-12-05,Formal shirt,Apparel,1290.0,UPI_QR
R103408,2025-12-05,Curtains,Home Essentials,1040.0,UPI_APP
R103409,2025-12-05,Smart TV 43in,Electronics,8150.0,UPI_QR
R103410,2025-12-05,Tablet,Electronics,58560.0,CARD
R103411,2025-12-05,Sofa set,Furniture,15800.0,CASH
R103412,2025-12-05,Cookware set,Home Essentials,2050.0,UPI_APP
R103413,2025-12-05,Formal shirt,Apparel,694.0,UPI_QR
R103414,2025-12-05,Charger,Accessories,892.0,UPI_QR
R103415,2025-12-05,Phone case,Accessories,480.0,UPI_QR
R103416,2025-12-05,Bed frame,Furniture,14000.0,UPI_QR
R103417,2025-12-05,Earphones,Accessories,268.0,CARD
R103418,2025-12-05,Cookware set,Home Essentials,566.0,UPI_APP
R103419,2025-12-05,Phone case,Accessories,210.0,UPI_QR
R103420,2025-12-05,Curtains,Home Essentials,872.0,UPI_QR
R103421,2025-12-05,Phone case,Accessories,469.0,CARD
R103422,2025-12-05,Mixer jar,Home Essentials,1900.0,UPI_QR
R103423,2025-12-05,Sports shoes,Apparel,1740.0,CARD
R103424,2025-12-05,Air conditioner,Appliances,26310.0,CARD
R103425,2025-12-05,Charger,Accessories,708.0,CASH
R103426,2025-12-05,Phone case,Accessories,297.0,UPI_QR
R103427,2025-12-05,Soundbar,Electronics,22180.0,CARD
R103428,2025-12-05,Microwave,Appliances,13500.0,CARD
R103429,2025-12-05,Mixer jar,Home Essentials,473.0,CASH
R103430,2025-12-05,Power bank,Accessories,505.0,UPI_QR
R103431,2025-12-05,Formal shirt,Apparel,4010.0,UPI_QR
R103432,2025-12-06,Screen guard,Accessories,183.0,UPI_QR
R103433,2025-12-06,Earphones,Accessories,494.0,UPI_QR
R103434,2025-12-06,Smart TV 43in,Electronics,15350.0,UPI_APP
R103435,2025-12-06,Cookware set,Home Essentials,976.0,CARD
R103436,2025-12-06,Smart TV 43in,Electronics,27440.0,CARD
R103437,2025-12-06,Sports shoes,Apparel,1050.0,CARD
R103438,2025-12-06,Screen guard,Accessories,307.0,CARD
R103439,2025-12-06,Refrigerator,Appliances,33830.0,CARD
R103440,2025-12-06,Bedsheet set,Home Essentials,463.0,UPI_APP
R103441,2025-12-06,Kurta set,Apparel,1420.0,UPI_QR
R103442,2025-12-06,Bedsheet set,Home Essentials,430.0,UPI_QR
R103443,2025-12-06,Bedsheet set,Home Essentials,691.0,CARD
R103444,2025-12-06,Cookware set,Home Essentials,550.0,UPI_QR
R103445,2025-12-06,Earphones,Accessories,200.0,UPI_QR
R103446,2025-12-06,Bedsheet set,Home Essentials,1830.0,UPI_QR
R103447,2025-12-06,Sports shoes,Apparel,1380.0,UPI_QR
R103448,2025-12-06,Charger,Accessories,462.0,UPI_QR
R103449,2025-12-06,Microwave,Appliances,4420.0,UPI_APP
R103450,2025-12-06,Power bank,Accessories,266.0,CARD
R103451,2025-12-06,Charger,Accessories,579.0,CARD
R103452,2025-12-06,Storage box,Home Essentials,2290.0,UPI_QR
R103453,2025-12-06,Wardrobe,Furniture,16790.0,UPI_QR
R103454,2025-12-06,Smart TV 43in,Electronics,14980.0,UPI_QR
R103455,2025-12-06,Laptop,Electronics,34140.0,CARD
R103456,2025-12-06,Soundbar,Electronics,3880.0,CARD
R103457,2025-12-06,Curtains,Home Essentials,719.0,CASH
R103458,2025-12-06,Kurta set,Apparel,561.0,UPI_APP
R103459,2025-12-06,Washing machine,Appliances,13510.0,CARD
R103460,2025-12-07,Jacket,Apparel,844.0,UPI_QR
R103461,2025-12-07,Charger,Accessories,345.0,UPI_QR
R103462,2025-12-07,Earphones,Accessories,224.0,CARD
R103463,2025-12-07,Power bank,Accessories,147.0,CARD
R103464,2025-12-07,Earphones,Accessories,378.0,UPI_APP
R103465,2025-12-07,Mixer jar,Home Essentials,1410.0,UPI_QR
R103466,2025-12-07,Storage box,Home Essentials,810.0,CARD
R103467,2025-12-07,Jeans,Apparel,1220.0,UPI_APP
R103468,2025-12-07,Formal shirt,Apparel,2610.0,CARD
R103469,2025-12-07,Phone case,Accessories,409.0,CASH
R103470,2025-12-07,Screen guard,Accessories,416.0,CASH
R103471,2025-12-07,Smartphone A,Mobiles,26840.0,UPI_QR
R103472,2025-12-07,Bedsheet set,Home Essentials,915.0,UPI_QR
R103473,2025-12-07,Office chair,Furniture,9590.0,UPI_APP
R103474,2025-12-07,Phone case,Accessories,691.0,CASH
R103475,2025-12-07,Curtains,Home Essentials,540.0,CASH
R103476,2025-12-07,Air conditioner,Appliances,41150.0,CARD
R103477,2025-12-07,Mixer jar,Home Essentials,1900.0,UPI_QR
R103478,2025-12-07,Sports shoes,Apparel,1540.0,UPI_QR
R103479,2025-12-07,Power bank,Accessories,699.0,UPI_APP
R103480,2025-12-07,Screen guard,Accessories,295.0,UPI_QR
R103481,2025-12-07,Smart TV 43in,Electronics,45570.0,CARD
R103482,2025-12-07,Laptop,Electronics,3400.0,UPI_APP
R103483,2025-12-07,Smart TV 43in,Electronics,26150.0,CARD
R103484,2025-12-07,Curtains,Home Essentials,527.0,CARD
R103485,2025-12-07,Sofa set,Furniture,21260.0,CARD
R103486,2025-12-07,Soundbar,Electronics,25110.0,UPI_APP
R103487,2025-12-07,Laptop,Electronics,98240.0,CARD
R103488,2025-12-07,Cookware set,Home Essentials,426.0,UPI_APP
R103489,2025-12-07,Smart TV 43in,Electronics,64840.0,UPI_QR
R103490,2025-12-08,Storage box,Home Essentials,559.0,UPI_QR
R103491,2025-12-08,Power bank,Accessories,715.0,CARD
R103492,2025-12-08,Jacket,Apparel,1400.0,UPI_QR
R103493,2025-12-08,Mixer jar,Home Essentials,946.0,UPI_QR
R103494,2025-12-08,Water purifier,Appliances,26030.0,UPI_QR
R103495,2025-12-08,Power bank,Accessories,458.0,CARD
R103496,2025-12-08,Smart TV 43in,Electronics,5150.0,UPI_QR
R103497,2025-12-08,Jeans,Apparel,2210.0,UPI_QR
R103498,2025-12-08,Phone case,Accessories,280.0,UPI_APP
R103499,2025-12-08,Jeans,Apparel,1760.0,UPI_APP
R103500,2025-12-08,Phone case,Accessories,234.0,UPI_APP
R103501,2025-12-08,Screen guard,Accessories,218.0,UPI_APP
R103502,2025-12-08,Wardrobe,Furniture,13780.0,UPI_QR
R103503,2025-12-08,Curtains,Home Essentials,617.0,UPI_QR
R103504,2025-12-08,Smart TV 43in,Electronics,20650.0,UPI_APP
R103505,2025-12-08,Jeans,Apparel,1050.0,CARD
R103506,2025-12-08,Jacket,Apparel,2760.0,UPI_APP
R103507,2025-12-08,Earphones,Accessories,655.0,CASH
R103508,2025-12-08,Phone case,Accessories,1330.0,UPI_QR
R103509,2025-12-08,Bedsheet set,Home Essentials,639.0,UPI_QR
R103510,2025-12-08,Jacket,Apparel,684.0,CARD
R103511,2025-12-08,Power bank,Accessories,224.0,UPI_QR
R103512,2025-12-08,Phone case,Accessories,712.0,CARD
R103513,2025-12-08,Mixer jar,Home Essentials,581.0,UPI_QR
R103514,2025-12-08,Smartphone B,Mobiles,30290.0,CARD
R103515,2025-12-08,Earphones,Accessories,243.0,CARD
R103516,2025-12-08,Refrigerator,Appliances,9770.0,UPI_QR
R103517,2025-12-09,Phone case,Accessories,1260.0,CARD
R103518,2025-12-09,Sofa set,Furniture,5940.0,UPI_QR
R103519,2025-12-09,Kurta set,Apparel,1140.0,UPI_APP
R103520,2025-12-09,Jacket,Apparel,1830.0,CARD
R103521,2025-12-09,Sports shoes,Apparel,1040.0,UPI_APP
R103522,2025-12-09,Gaming console,Electronics,5730.0,UPI_QR
R103523,2025-12-09,Bedsheet set,Home Essentials,608.0,CARD
R103524,2025-12-09,Microwave,Appliances,23900.0,CARD
R103525,2025-12-09,Earphones,Accessories,392.0,UPI_QR
R103526,2025-12-09,Kurta set,Apparel,1150.0,UPI_QR
R103527,2025-12-09,Power bank,Accessories,204.0,CARD
R103528,2025-12-09,Jeans,Apparel,1200.0,CASH
R103529,2025-12-09,Washing machine,Appliances,27920.0,UPI_QR
R103530,2025-12-09,Refrigerator,Appliances,16040.0,CARD
R103531,2025-12-09,Charger,Accessories,1490.0,UPI_QR
R103532,2025-12-09,Kurta set,Apparel,762.0,CARD
R103533,2025-12-09,Power bank,Accessories,406.0,CASH
R103534,2025-12-09,Mixer jar,Home Essentials,537.0,CASH
R103535,2025-12-09,Phone case,Accessories,333.0,CASH
R103536,2025-12-09,Formal shirt,Apparel,615.0,UPI_QR
R103537,2025-12-09,Jeans,Apparel,2300.0,UPI_APP
R103538,2025-12-09,Power bank,Accessories,441.0,CARD
R103539,2025-12-09,Charger,Accessories,454.0,CARD
R103540,2025-12-09,Screen guard,Accessories,234.0,UPI_QR
R103541,2025-12-09,Power bank,Accessories,600.0,CARD
R103542,2025-12-09,Sports shoes,Apparel,2920.0,UPI_QR
R103543,2025-12-09,Refrigerator,Appliances,86340.0,UPI_QR
R103544,2025-12-10,Storage box,Home Essentials,777.0,UPI_APP
R103545,2025-12-10,Cookware set,Home Essentials,580.0,UPI_QR
R103546,2025-12-10,Air conditioner,Appliances,37970.0,CARD
R103547,2025-12-10,Jacket,Apparel,843.0,UPI_APP
R103548,2025-12-10,Kurta set,Apparel,554.0,CARD
R103549,2025-12-10,Sofa set,Furniture,14360.0,CASH
R103550,2025-12-10,Smartphone B,Mobiles,24790.0,UPI_APP
R103551,2025-12-10,Air conditioner,Appliances,26960.0,UPI_QR
R103552,2025-12-10,Power bank,Accessories,392.0,UPI_QR
R103553,2025-12-10,Charger,Accessories,207.0,UPI_APP
R103554,2025-12-10,Mixer jar,Home Essentials,762.0,CASH
R103555,2025-12-10,Charger,Accessories,682.0,UPI_QR
R103556,2025-12-10,Power bank,Accessories,659.0,CARD
R103557,2025-12-10,Earphones,Accessories,819.0,UPI_QR
R103558,2025-12-10,Power bank,Accessories,671.0,UPI_APP
R103559,2025-12-10,Earphones,Accessories,694.0,UPI_APP
R103560,2025-12-10,Soundbar,Electronics,13030.0,UPI_APP
R103561,2025-12-10,Microwave,Appliances,22500.0,CARD
R103562,2025-12-10,Bed frame,Furniture,15400.0,CARD
R103563,2025-12-10,Cookware set,Home Essentials,1090.0,UPI_APP
R103564,2025-12-10,Curtains,Home Essentials,426.0,UPI_QR
R103565,2025-12-10,Sports shoes,Apparel,1230.0,UPI_QR
R103566,2025-12-10,Tablet,Electronics,8660.0,UPI_APP
R103567,2025-12-10,Sports shoes,Apparel,824.0,UPI_QR
R103568,2025-12-10,Phone case,Accessories,552.0,UPI_QR
R103569,2025-12-10,Phone case,Accessories,578.0,UPI_QR
R103570,2025-12-10,Charger,Accessories,737.0,UPI_QR
R103571,2025-12-10,Jeans,Apparel,1480.0,UPI_APP
R103572,2025-12-10,Phone case,Accessories,426.0,UPI_APP
R103573,2025-12-10,Charger,Accessories,510.0,UPI_QR
R103574,2025-12-11,Earphones,Accessories,417.0,CARD
R103575,2025-12-11,Cookware set,Home Essentials,542.0,UPI_QR
R103576,2025-12-11,Phone case,Accessories,788.0,UPI_QR
R103577,2025-12-11,Laptop,Electronics,47370.0,CARD
R103578,2025-12-11,Storage box,Home Essentials,436.0,UPI_APP
R103579,2025-12-11,Power bank,Accessories,279.0,UPI_QR
R103580,2025-12-11,Screen guard,Accessories,384.0,UPI_QR
R103581,2025-12-11,Power bank,Accessories,390.0,CARD
R103582,2025-12-11,Bedsheet set,Home Essentials,517.0,CASH
R103583,2025-12-11,Charger,Accessories,1900.0,CARD
R103584,2025-12-11,Microwave,Appliances,12260.0,UPI_QR
R103585,2025-12-11,Laptop,Electronics,49050.0,UPI_QR
R103586,2025-12-11,Jacket,Apparel,1120.0,UPI_QR
R103587,2025-12-11,Washing machine,Appliances,6340.0,CARD
R103588,2025-12-11,Bedsheet set,Home Essentials,392.0,UPI_APP
R103589,2025-12-11,Smart TV 43in,Electronics,7150.0,UPI_QR
R103590,2025-12-11,Power bank,Accessories,305.0,UPI_QR
R103591,2025-12-11,Mixer jar,Home Essentials,1120.0,CARD
R103592,2025-12-11,Bed frame,Furniture,41130.0,UPI_QR
R103593,2025-12-11,Charger,Accessories,484.0,UPI_QR
R103594,2025-12-11,Refrigerator,Appliances,22350.0,CASH
R103595,2025-12-11,Formal shirt,Apparel,984.0,UPI_QR
R103596,2025-12-11,Bed frame,Furniture,9690.0,UPI_QR
R103597,2025-12-11,Smartphone A,Mobiles,45690.0,CARD
R103598,2025-12-11,Soundbar,Electronics,31090.0,CARD
R103599,2025-12-12,Power bank,Accessories,154.0,UPI_QR
R103600,2025-12-12,Jacket,Apparel,2240.0,CARD
R103601,2025-12-12,Water purifier,Appliances,34770.0,UPI_QR
R103602,2025-12-12,Formal shirt,Apparel,1220.0,UPI_APP
R103603,2025-12-12,Storage box,Home Essentials,972.0,CASH
R103604,2025-12-12,Smartphone C,Mobiles,22790.0,CARD
R103605,2025-12-12,Smartphone B,Mobiles,27610.0,UPI_QR
R103606,2025-12-12,Smartphone C,Mobiles,35440.0,CARD
R103607,2025-12-12,Sports shoes,Apparel,1160.0,CARD
R103608,2025-12-12,Washing machine,Appliances,12020.0,CARD
R103609,2025-12-12,Curtains,Home Essentials,422.0,CARD
R103610,2025-12-12,Jacket,Apparel,1310.0,UPI_QR
R103611,2025-12-12,Formal shirt,Apparel,772.0,UPI_QR
R103612,2025-12-12,Tablet,Electronics,16180.0,UPI_QR
R103613,2025-12-12,Tablet,Electronics,18300.0,UPI_QR
R103614,2025-12-12,Sports shoes,Apparel,1110.0,UPI_APP
R103615,2025-12-12,Jeans,Apparel,2530.0,UPI_QR
R103616,2025-12-12,Sports shoes,Apparel,2540.0,CASH
R103617,2025-12-12,Storage box,Home Essentials,188.0,CARD
R103618,2025-12-12,Wardrobe,Furniture,9690.0,UPI_QR
R103619,2025-12-12,Screen guard,Accessories,246.0,UPI_APP
R103620,2025-12-12,Smartphone C,Mobiles,22200.0,CASH
R103621,2025-12-12,Power bank,Accessories,118.0,CARD
R103622,2025-12-12,Charger,Accessories,281.0,UPI_QR
R103623,2025-12-12,Storage box,Home Essentials,734.0,UPI_APP
R103624,2025-12-12,Cookware set,Home Essentials,1110.0,CARD
R103625,2025-12-12,Smart TV 43in,Electronics,38050.0,CASH
R103626,2025-12-12,Storage box,Home Essentials,568.0,UPI_APP
R103627,2025-12-12,Jeans,Apparel,1490.0,UPI_QR
R103628,2025-12-12,Air conditioner,Appliances,56050.0,UPI_QR
R103629,2025-12-12,Dining table,Furniture,3930.0,UPI_QR
R103630,2025-12-12,Phone case,Accessories,539.0,CARD
R103631,2025-12-12,Refrigerator,Appliances,16890.0,UPI_APP
R103632,2025-12-12,Kurta set,Apparel,1150.0,UPI_QR
R103633,2025-12-13,Charger,Accessories,117.0,UPI_QR
R103634,2025-12-13,Cookware set,Home Essentials,618.0,UPI_QR
R103635,2025-12-13,Formal shirt,Apparel,1790.0,CASH
R103636,2025-12-13,Microwave,Appliances,19000.0,CARD
R103637,2025-12-13,Sports shoes,Apparel,1520.0,CARD
R103638,2025-12-13,Jeans,Apparel,2090.0,UPI_APP
R103639,2025-12-13,Bedsheet set,Home Essentials,599.0,UPI_QR
R103640,2025-12-13,Charger,Accessories,220.0,UPI_QR
R103641,2025-12-13,Cookware set,Home Essentials,273.0,UPI_QR
R103642,2025-12-13,Kurta set,Apparel,1790.0,CARD
R103643,2025-12-13,Kurta set,Apparel,2760.0,UPI_QR
R103644,2025-12-13,Formal shirt,Apparel,1460.0,UPI_QR
R103645,2025-12-13,Sofa set,Furniture,8840.0,UPI_QR
R103646,2025-12-13,Jeans,Apparel,950.0,UPI_QR
R103647,2025-12-13,Jeans,Apparel,1430.0,CARD
R103648,2025-12-13,Laptop,Electronics,21360.0,CARD
R103649,2025-12-13,Tablet,Electronics,5330.0,UPI_QR
R103650,2025-12-13,Bedsheet set,Home Essentials,481.0,CARD
R103651,2025-12-13,Phone case,Accessories,861.0,CARD
R103652,2025-12-13,Soundbar,Electronics,6850.0,CASH
R103653,2025-12-13,Phone case,Accessories,282.0,CARD
R103654,2025-12-13,Dining table,Furniture,7570.0,CASH
R103655,2025-12-13,Gaming console,Electronics,9920.0,UPI_QR
R103656,2025-12-13,Sofa set,Furniture,10690.0,UPI_APP
R103657,2025-12-13,Phone case,Accessories,536.0,UPI_QR
R103658,2025-12-13,Smart TV 43in,Electronics,15490.0,CARD
R103659,2025-12-13,Dining table,Furniture,14310.0,UPI_QR
R103660,2025-12-13,Earphones,Accessories,921.0,UPI_QR
R103661,2025-12-13,Water purifier,Appliances,17970.0,CARD
R103662,2025-12-13,Mixer jar,Home Essentials,508.0,UPI_QR
R103663,2025-12-13,Soundbar,Electronics,5750.0,UPI_QR
R103664,2025-12-13,Screen guard,Accessories,252.0,CARD
R103665,2025-12-13,Formal shirt,Apparel,1090.0,CARD
R103666,2025-12-13,Sofa set,Furniture,28920.0,CARD
R103667,2025-12-13,Dining table,Furniture,8950.0,UPI_QR
R103668,2025-12-13,Cookware set,Home Essentials,484.0,UPI_QR
R103669,2025-12-13,Dining table,Furniture,7780.0,CASH
R103670,2025-12-13,Jeans,Apparel,2050.0,CARD
R103671,2025-12-13,Water purifier,Appliances,29900.0,UPI_APP
R103672,2025-12-13,Power bank,Accessories,1360.0,CASH
R103673,2025-12-13,Gaming console,Electronics,31990.0,CARD
R103674,2025-12-13,Microwave,Appliances,25490.0,CASH
R103675,2025-12-13,Dining table,Furniture,20120.0,CARD
R103676,2025-12-13,Cookware set,Home Essentials,727.0,UPI_APP
R103677,2025-12-13,Microwave,Appliances,12040.0,UPI_APP
R103678,2025-12-13,Smart TV 43in,Electronics,8530.0,UPI_QR
R103679,2025-12-13,Power bank,Accessories,547.0,UPI_QR
R103680,2025-12-13,Water purifier,Appliances,21540.0,UPI_APP
R103681,2025-12-13,Kurta set,Apparel,427.0,UPI_QR
R103682,2025-12-13,Bedsheet set,Home Essentials,455.0,UPI_QR
R103683,2025-12-13,Mixer jar,Home Essentials,285.0,UPI_QR
R103684,2025-12-13,Sports shoes,Apparel,1550.0,UPI_QR
R103685,2025-12-13,Smartphone C,Mobiles,31310.0,CARD
R103686,2025-12-13,Sports shoes,Apparel,612.0,CARD
R103687,2025-12-13,Soundbar,Electronics,38210.0,CARD
R103688,2025-12-13,Refrigerator,Appliances,17800.0,UPI_APP
R103689,2025-12-14,Charger,Accessories,569.0,UPI_APP
R103690,2025-12-14,Sports shoes,Apparel,1320.0,UPI_QR
R103691,2025-12-14,Sports shoes,Apparel,871.0,UPI_QR
R103692,2025-12-14,Earphones,Accessories,337.0,UPI_APP
R103693,2025-12-14,Air conditioner,Appliances,45640.0,UPI_QR
R103694,2025-12-14,Screen guard,Accessories,1170.0,UPI_QR
R103695,2025-12-14,Charger,Accessories,254.0,UPI_APP
R103696,2025-12-14,Storage box,Home Essentials,775.0,UPI_APP
R103697,2025-12-14,Storage box,Home Essentials,714.0,UPI_QR
R103698,2025-12-14,Screen guard,Accessories,391.0,UPI_APP
R103699,2025-12-14,Wardrobe,Furniture,24410.0,UPI_APP
R103700,2025-12-14,Kurta set,Apparel,1520.0,UPI_QR
R103701,2025-12-14,Tablet,Electronics,11440.0,UPI_APP
R103702,2025-12-14,Storage box,Home Essentials,518.0,UPI_APP
R103703,2025-12-14,Charger,Accessories,417.0,UPI_APP
R103704,2025-12-14,Screen guard,Accessories,424.0,CARD
R103705,2025-12-14,Water purifier,Appliances,16060.0,CARD
R103706,2025-12-14,Jacket,Apparel,1260.0,CARD
R103707,2025-12-14,Sports shoes,Apparel,496.0,UPI_QR
R103708,2025-12-14,Power bank,Accessories,206.0,UPI_QR
R103709,2025-12-14,Screen guard,Accessories,539.0,UPI_QR
R103710,2025-12-14,Charger,Accessories,659.0,CASH
R103711,2025-12-14,Charger,Accessories,359.0,UPI_APP
R103712,2025-12-14,Screen guard,Accessories,542.0,UPI_APP
R103713,2025-12-14,Earphones,Accessories,261.0,UPI_APP
R103714,2025-12-14,Dining table,Furniture,19580.0,CARD
R103715,2025-12-14,Smart TV 43in,Electronics,12340.0,CASH
R103716,2025-12-14,Sports shoes,Apparel,1280.0,UPI_QR
R103717,2025-12-14,Bedsheet set,Home Essentials,857.0,CARD
R103718,2025-12-14,Phone case,Accessories,316.0,UPI_QR
R103719,2025-12-14,Laptop,Electronics,7500.0,UPI_APP
R103720,2025-12-14,Earphones,Accessories,364.0,CARD
R103721,2025-12-14,Power bank,Accessories,322.0,UPI_QR
R103722,2025-12-14,Screen guard,Accessories,794.0,UPI_APP
R103723,2025-12-14,Phone case,Accessories,853.0,CARD
R103724,2025-12-14,Phone case,Accessories,178.0,UPI_QR
R103725,2025-12-14,Jacket,Apparel,922.0,UPI_QR
R103726,2025-12-14,Office chair,Furniture,12960.0,CASH
R103727,2025-12-14,Water purifier,Appliances,26320.0,UPI_QR
R103728,2025-12-15,Mixer jar,Home Essentials,706.0,UPI_QR
R103729,2025-12-15,Mixer jar,Home Essentials,255.0,UPI_APP
R103730,2025-12-15,Soundbar,Electronics,5030.0,UPI_APP
R103731,2025-12-15,Charger,Accessories,326.0,CASH
R103732,2025-12-15,Earphones,Accessories,588.0,UPI_QR
R103733,2025-12-15,Kurta set,Apparel,1230.0,CASH
R103734,2025-12-15,Jeans,Apparel,706.0,UPI_QR
R103735,2025-12-15,Gaming console,Electronics,5490.0,UPI_QR
R103736,2025-12-15,Power bank,Accessories,607.0,UPI_QR
R103737,2025-12-15,Curtains,Home Essentials,562.0,UPI_QR
R103738,2025-12-15,Sports shoes,Apparel,1580.0,CARD
R103739,2025-12-15,Refrigerator,Appliances,11320.0,UPI_APP
R103740,2025-12-15,Refrigerator,Appliances,17250.0,UPI_QR
R103741,2025-12-15,Water purifier,Appliances,43950.0,UPI_APP
R103742,2025-12-15,Power bank,Accessories,795.0,CARD
R103743,2025-12-15,Jacket,Apparel,1910.0,CARD
R103744,2025-12-15,Power bank,Accessories,375.0,UPI_QR
R103745,2025-12-15,Bedsheet set,Home Essentials,593.0,UPI_QR
R103746,2025-12-15,Water purifier,Appliances,14590.0,CARD
R103747,2025-12-15,Phone case,Accessories,765.0,CASH
R103748,2025-12-15,Charger,Accessories,877.0,CARD
R103749,2025-12-15,Formal shirt,Apparel,532.0,UPI_QR
R103750,2025-12-15,Formal shirt,Apparel,3850.0,UPI_APP
R103751,2025-12-15,Charger,Accessories,788.0,UPI_APP
R103752,2025-12-15,Screen guard,Accessories,499.0,UPI_QR
R103753,2025-12-15,Bed frame,Furniture,4000.0,CARD
R103754,2025-12-15,Kurta set,Apparel,1870.0,CASH
R103755,2025-12-15,Curtains,Home Essentials,549.0,CASH
R103756,2025-12-15,Curtains,Home Essentials,524.0,UPI_QR
R103757,2025-12-15,Smartphone B,Mobiles,37430.0,UPI_APP
R103758,2025-12-15,Storage box,Home Essentials,287.0,UPI_QR
R103759,2025-12-15,Screen guard,Accessories,452.0,CASH
R103760,2025-12-16,Jacket,Apparel,1890.0,UPI_QR
R103761,2025-12-16,Smartphone B,Mobiles,16770.0,UPI_QR
R103762,2025-12-16,Sports shoes,Apparel,1920.0,CARD
R103763,2025-12-16,Kurta set,Apparel,3820.0,UPI_QR
R103764,2025-12-16,Phone case,Accessories,722.0,CASH
R103765,2025-12-16,Mixer jar,Home Essentials,698.0,CARD
R103766,2025-12-16,Storage box,Home Essentials,366.0,UPI_QR
R103767,2025-12-16,Tablet,Electronics,63190.0,UPI_QR
R103768,2025-12-16,Office chair,Furniture,12090.0,CASH
R103769,2025-12-16,Kurta set,Apparel,1390.0,UPI_QR
R103770,2025-12-16,Earphones,Accessories,261.0,UPI_QR
R103771,2025-12-16,Sports shoes,Apparel,786.0,UPI_APP
R103772,2025-12-16,Screen guard,Accessories,564.0,UPI_QR
R103773,2025-12-16,Smartphone C,Mobiles,26640.0,UPI_APP
R103774,2025-12-16,Air conditioner,Appliances,11250.0,UPI_APP
R103775,2025-12-16,Storage box,Home Essentials,749.0,CASH
R103776,2025-12-16,Sofa set,Furniture,19890.0,UPI_QR
R103777,2025-12-16,Jeans,Apparel,1090.0,UPI_QR
R103778,2025-12-16,Screen guard,Accessories,179.0,UPI_APP
R103779,2025-12-16,Jeans,Apparel,2020.0,CASH
R103780,2025-12-16,Laptop,Electronics,19570.0,CASH
R103781,2025-12-16,Jacket,Apparel,1560.0,UPI_QR
R103782,2025-12-16,Sofa set,Furniture,15890.0,UPI_APP
R103783,2025-12-16,Power bank,Accessories,267.0,UPI_QR
R103784,2025-12-16,Foldable phone,Mobiles,23910.0,UPI_QR
R103785,2025-12-16,Kurta set,Apparel,2240.0,CARD
R103786,2025-12-17,Gaming console,Electronics,9470.0,UPI_QR
R103787,2025-12-17,Dining table,Furniture,12440.0,UPI_QR
R103788,2025-12-17,Screen guard,Accessories,462.0,CARD
R103789,2025-12-17,Sports shoes,Apparel,1950.0,UPI_QR
R103790,2025-12-17,Power bank,Accessories,187.0,CARD
R103791,2025-12-17,Water purifier,Appliances,11260.0,CARD
R103792,2025-12-17,Charger,Accessories,457.0,CARD
R103793,2025-12-17,Jeans,Apparel,2820.0,CARD
R103794,2025-12-17,Soundbar,Electronics,24210.0,UPI_APP
R103795,2025-12-17,Soundbar,Electronics,31310.0,UPI_QR
R103796,2025-12-17,Power bank,Accessories,231.0,CARD
R103797,2025-12-17,Screen guard,Accessories,1320.0,UPI_QR
R103798,2025-12-17,Wardrobe,Furniture,13600.0,UPI_QR
R103799,2025-12-17,Sports shoes,Apparel,1310.0,UPI_APP
R103800,2025-12-17,Screen guard,Accessories,619.0,UPI_APP
R103801,2025-12-17,Soundbar,Electronics,31020.0,UPI_QR
R103802,2025-12-17,Smart TV 43in,Electronics,70680.0,CARD
R103803,2025-12-17,Phone case,Accessories,266.0,CARD
R103804,2025-12-17,Curtains,Home Essentials,619.0,UPI_QR
R103805,2025-12-17,Curtains,Home Essentials,1840.0,UPI_QR
R103806,2025-12-17,Charger,Accessories,426.0,UPI_QR
R103807,2025-12-17,Smart TV 43in,Electronics,19150.0,CASH
R103808,2025-12-17,Jeans,Apparel,1630.0,UPI_QR
R103809,2025-12-17,Charger,Accessories,239.0,UPI_APP
R103810,2025-12-17,Jeans,Apparel,1100.0,UPI_QR
R103811,2025-12-18,Jacket,Apparel,698.0,UPI_QR
R103812,2025-12-18,Foldable phone,Mobiles,38660.0,UPI_APP
R103813,2025-12-18,Jacket,Apparel,1380.0,CARD
R103814,2025-12-18,Storage box,Home Essentials,427.0,CARD
R103815,2025-12-18,Earphones,Accessories,1030.0,UPI_QR
R103816,2025-12-18,Refrigerator,Appliances,40620.0,UPI_APP
R103817,2025-12-18,Screen guard,Accessories,1460.0,CARD
R103818,2025-12-18,Kurta set,Apparel,1410.0,UPI_QR
R103819,2025-12-18,Charger,Accessories,360.0,CARD
R103820,2025-12-18,Gaming console,Electronics,96110.0,CARD
R103821,2025-12-18,Gaming console,Electronics,33200.0,UPI_QR
R103822,2025-12-18,Wardrobe,Furniture,20590.0,UPI_APP
R103823,2025-12-18,Kurta set,Apparel,1850.0,UPI_QR
R103824,2025-12-18,Smartphone C,Mobiles,20400.0,UPI_APP
R103825,2025-12-18,Laptop,Electronics,19480.0,UPI_QR
R103826,2025-12-18,Smartphone A,Mobiles,20110.0,CARD
R103827,2025-12-18,Charger,Accessories,535.0,CARD
R103828,2025-12-18,Jeans,Apparel,1490.0,UPI_APP
R103829,2025-12-18,Microwave,Appliances,72220.0,UPI_APP
R103830,2025-12-18,Formal shirt,Apparel,2060.0,CARD
R103831,2025-12-18,Charger,Accessories,306.0,UPI_APP
R103832,2025-12-18,Sports shoes,Apparel,779.0,UPI_APP
R103833,2025-12-18,Charger,Accessories,752.0,CARD
R103834,2025-12-18,Microwave,Appliances,20690.0,CASH
R103835,2025-12-18,Charger,Accessories,211.0,CARD
R103836,2025-12-18,Jacket,Apparel,2040.0,UPI_QR
R103837,2025-12-18,Storage box,Home Essentials,406.0,CARD
R103838,2025-12-18,Mixer jar,Home Essentials,420.0,CASH
R103839,2025-12-18,Phone case,Accessories,759.0,UPI_QR
R103840,2025-12-18,Phone case,Accessories,268.0,UPI_QR
R103841,2025-12-19,Sports shoes,Apparel,1480.0,UPI_QR
R103842,2025-12-19,Tablet,Electronics,17620.0,UPI_QR
R103843,2025-12-19,Kurta set,Apparel,895.0,UPI_QR
R103844,2025-12-19,Foldable phone,Mobiles,23780.0,UPI_QR
R103845,2025-12-19,Soundbar,Electronics,36140.0,UPI_QR
R103846,2025-12-19,Mixer jar,Home Essentials,1710.0,UPI_QR
R103847,2025-12-19,Storage box,Home Essentials,1020.0,CARD
R103848,2025-12-19,Smartphone B,Mobiles,13430.0,UPI_QR
R103849,2025-12-19,Formal shirt,Apparel,2610.0,UPI_APP
R103850,2025-12-19,Bedsheet set,Home Essentials,456.0,UPI_QR
R103851,2025-12-19,Office chair,Furniture,16640.0,CASH
R103852,2025-12-19,Earphones,Accessories,478.0,CASH
R103853,2025-12-19,Power bank,Accessories,336.0,UPI_QR
R103854,2025-12-19,Power bank,Accessories,506.0,UPI_QR
R103855,2025-12-19,Curtains,Home Essentials,548.0,UPI_QR
R103856,2025-12-19,Mixer jar,Home Essentials,869.0,CARD
R103857,2025-12-19,Soundbar,Electronics,17420.0,UPI_QR
R103858,2025-12-19,Earphones,Accessories,241.0,CARD
R103859,2025-12-19,Phone case,Accessories,183.0,UPI_APP
R103860,2025-12-19,Air conditioner,Appliances,45850.0,CARD
R103861,2025-12-19,Tablet,Electronics,26770.0,UPI_QR
R103862,2025-12-19,Smart TV 43in,Electronics,5920.0,UPI_APP
R103863,2025-12-19,Screen guard,Accessories,593.0,UPI_QR
R103864,2025-12-19,Storage box,Home Essentials,438.0,CARD
R103865,2025-12-19,Charger,Accessories,402.0,UPI_QR
R103866,2025-12-19,Charger,Accessories,905.0,UPI_QR
R103867,2025-12-19,Charger,Accessories,441.0,CASH
R103868,2025-12-19,Dining table,Furniture,8780.0,UPI_QR
R103869,2025-12-19,Formal shirt,Apparel,2990.0,CARD
R103870,2025-12-19,Jacket,Apparel,958.0,UPI_QR
R103871,2025-12-19,Formal shirt,Apparel,1760.0,CASH
R103872,2025-12-19,Phone case,Accessories,201.0,CARD
R103873,2025-12-19,Washing machine,Appliances,10950.0,UPI_QR
R103874,2025-12-19,Charger,Accessories,335.0,UPI_QR
R103875,2025-12-19,Jeans,Apparel,1330.0,CARD
R103876,2025-12-19,Charger,Accessories,208.0,CARD
R103877,2025-12-19,Washing machine,Appliances,33970.0,UPI_APP
R103878,2025-12-20,Earphones,Accessories,306.0,UPI_QR
R103879,2025-12-20,Mixer jar,Home Essentials,526.0,UPI_QR
R103880,2025-12-20,Power bank,Accessories,724.0,UPI_QR
R103881,2025-12-20,Smart TV 43in,Electronics,15790.0,CASH
R103882,2025-12-20,Phone case,Accessories,1050.0,CASH
R103883,2025-12-20,Phone case,Accessories,882.0,UPI_APP
R103884,2025-12-20,Jacket,Apparel,2020.0,CASH
R103885,2025-12-20,Laptop,Electronics,8390.0,CARD
R103886,2025-12-20,Wardrobe,Furniture,9050.0,CARD
R103887,2025-12-20,Phone case,Accessories,573.0,UPI_APP
R103888,2025-12-20,Cookware set,Home Essentials,402.0,UPI_QR
R103889,2025-12-20,Gaming console,Electronics,61550.0,UPI_APP
R103890,2025-12-20,Cookware set,Home Essentials,1920.0,UPI_QR
R103891,2025-12-20,Bed frame,Furniture,13830.0,CARD
R103892,2025-12-20,Earphones,Accessories,557.0,UPI_APP
R103893,2025-12-20,Formal shirt,Apparel,856.0,CARD
R103894,2025-12-20,Kurta set,Apparel,1490.0,CASH
R103895,2025-12-20,Curtains,Home Essentials,427.0,CARD
R103896,2025-12-20,Jacket,Apparel,1190.0,UPI_QR
R103897,2025-12-20,Formal shirt,Apparel,1000.0,CARD
R103898,2025-12-20,Laptop,Electronics,12070.0,UPI_QR
R103899,2025-12-20,Screen guard,Accessories,728.0,UPI_APP
R103900,2025-12-20,Screen guard,Accessories,218.0,UPI_QR
R103901,2025-12-20,Phone case,Accessories,563.0,CARD
R103902,2025-12-20,Screen guard,Accessories,533.0,CASH
R103903,2025-12-20,Formal shirt,Apparel,574.0,CASH
R103904,2025-12-20,Smart TV 43in,Electronics,73310.0,CARD
R103905,2025-12-20,Soundbar,Electronics,27410.0,CASH
R103906,2025-12-20,Screen guard,Accessories,389.0,UPI_QR
R103907,2025-12-20,Power bank,Accessories,331.0,CARD
R103908,2025-12-20,Curtains,Home Essentials,1080.0,UPI_QR
R103909,2025-12-20,Power bank,Accessories,262.0,CASH
R103910,2025-12-20,Gaming console,Electronics,43890.0,UPI_APP
R103911,2025-12-20,Jeans,Apparel,1580.0,CASH
R103912,2025-12-20,Smart TV 43in,Electronics,18370.0,UPI_APP
R103913,2025-12-20,Refrigerator,Appliances,41500.0,UPI_APP
R103914,2025-12-20,Charger,Accessories,497.0,CARD
R103915,2025-12-20,Bedsheet set,Home Essentials,995.0,UPI_QR
R103916,2025-12-20,Jeans,Apparel,1180.0,CARD
R103917,2025-12-20,Phone case,Accessories,315.0,CARD
R103918,2025-12-20,Jeans,Apparel,2030.0,UPI_QR
R103919,2025-12-20,Gaming console,Electronics,26960.0,UPI_QR
R103920,2025-12-20,Bed frame,Furniture,11370.0,CASH
R103921,2025-12-20,Screen guard,Accessories,1440.0,CASH
R103922,2025-12-21,Kurta set,Apparel,737.0,CARD
R103923,2025-12-21,Smartphone B,Mobiles,27600.0,CASH
R103924,2025-12-21,Cookware set,Home Essentials,381.0,UPI_APP
R103925,2025-12-21,Laptop,Electronics,33920.0,CARD
R103926,2025-12-21,Earphones,Accessories,985.0,CARD
R103927,2025-12-21,Wardrobe,Furniture,14920.0,CARD
R103928,2025-12-21,Cookware set,Home Essentials,268.0,UPI_QR
R103929,2025-12-21,Soundbar,Electronics,5850.0,CARD
R103930,2025-12-21,Charger,Accessories,1020.0,CARD
R103931,2025-12-21,Mixer jar,Home Essentials,974.0,CARD
R103932,2025-12-21,Office chair,Furniture,9350.0,CASH
R103933,2025-12-21,Sports shoes,Apparel,2060.0,UPI_QR
R103934,2025-12-21,Sports shoes,Apparel,3470.0,UPI_APP
R103935,2025-12-21,Screen guard,Accessories,582.0,UPI_APP
R103936,2025-12-21,Tablet,Electronics,8580.0,UPI_QR
R103937,2025-12-21,Microwave,Appliances,34120.0,CARD
R103938,2025-12-21,Charger,Accessories,920.0,CARD
R103939,2025-12-21,Formal shirt,Apparel,1430.0,UPI_QR
R103940,2025-12-21,Washing machine,Appliances,26110.0,UPI_APP
R103941,2025-12-21,Cookware set,Home Essentials,947.0,CASH
R103942,2025-12-21,Earphones,Accessories,500.0,CARD
R103943,2025-12-21,Washing machine,Appliances,18220.0,CASH
R103944,2025-12-21,Office chair,Furniture,9620.0,UPI_QR
R103945,2025-12-21,Earphones,Accessories,1210.0,CARD
R103946,2025-12-21,Bed frame,Furniture,18160.0,UPI_APP
R103947,2025-12-21,Charger,Accessories,412.0,UPI_APP
R103948,2025-12-21,Foldable phone,Mobiles,30900.0,CASH
R103949,2025-12-21,Jacket,Apparel,1000.0,CARD
R103950,2025-12-21,Curtains,Home Essentials,748.0,CARD
R103951,2025-12-21,Jacket,Apparel,1440.0,UPI_QR
R103952,2025-12-21,Bedsheet set,Home Essentials,1460.0,UPI_APP
R103953,2025-12-21,Curtains,Home Essentials,620.0,UPI_QR
R103954,2025-12-22,Smart TV 43in,Electronics,40630.0,UPI_QR
R103955,2025-12-22,Water purifier,Appliances,18760.0,UPI_QR
R103956,2025-12-22,Curtains,Home Essentials,312.0,CARD
R103957,2025-12-22,Air conditioner,Appliances,25570.0,CARD
R103958,2025-12-22,Phone case,Accessories,297.0,UPI_QR
R103959,2025-12-22,Charger,Accessories,743.0,UPI_QR
R103960,2025-12-22,Jeans,Apparel,772.0,CARD
R103961,2025-12-22,Jeans,Apparel,1530.0,UPI_APP
R103962,2025-12-22,Kurta set,Apparel,2750.0,UPI_QR
R103963,2025-12-22,Kurta set,Apparel,945.0,CASH
R103964,2025-12-22,Screen guard,Accessories,828.0,UPI_APP
R103965,2025-12-22,Sports shoes,Apparel,1610.0,UPI_APP
R103966,2025-12-22,Screen guard,Accessories,514.0,UPI_QR
R103967,2025-12-22,Bed frame,Furniture,16340.0,CARD
R103968,2025-12-22,Screen guard,Accessories,190.0,UPI_APP
R103969,2025-12-22,Air conditioner,Appliances,33670.0,CARD
R103970,2025-12-22,Formal shirt,Apparel,1370.0,UPI_QR
R103971,2025-12-22,Jacket,Apparel,3040.0,UPI_APP
R103972,2025-12-22,Smartphone A,Mobiles,26190.0,CASH
R103973,2025-12-22,Sports shoes,Apparel,1140.0,UPI_QR
R103974,2025-12-22,Tablet,Electronics,24070.0,CARD
R103975,2025-12-22,Air conditioner,Appliances,20060.0,CARD
R103976,2025-12-22,Formal shirt,Apparel,1080.0,UPI_QR
R103977,2025-12-22,Kurta set,Apparel,1600.0,CARD
R103978,2025-12-22,Jeans,Apparel,1660.0,CASH
R103979,2025-12-22,Water purifier,Appliances,16880.0,CARD
R103980,2025-12-22,Jeans,Apparel,612.0,CARD
R103981,2025-12-22,Wardrobe,Furniture,9060.0,CARD
R103982,2025-12-22,Earphones,Accessories,531.0,UPI_APP
R103983,2025-12-22,Earphones,Accessories,165.0,UPI_QR
R103984,2025-12-22,Jeans,Apparel,1320.0,CASH
R103985,2025-12-22,Soundbar,Electronics,3220.0,UPI_QR
R103986,2025-12-22,Phone case,Accessories,135.0,CARD
R103987,2025-12-22,Soundbar,Electronics,72520.0,CASH
R103988,2025-12-23,Earphones,Accessories,701.0,UPI_QR
R103989,2025-12-23,Air conditioner,Appliances,45620.0,UPI_APP
R103990,2025-12-23,Cookware set,Home Essentials,752.0,CARD
R103991,2025-12-23,Kurta set,Apparel,1120.0,CARD
R103992,2025-12-23,Kurta set,Apparel,2510.0,UPI_APP
R103993,2025-12-23,Cookware set,Home Essentials,1100.0,UPI_APP
R103994,2025-12-23,Power bank,Accessories,209.0,UPI_QR
R103995,2025-12-23,Phone case,Accessories,267.0,UPI_QR
R103996,2025-12-23,Charger,Accessories,187.0,UPI_QR
R103997,2025-12-23,Cookware set,Home Essentials,1260.0,UPI_QR
R103998,2025-12-23,Phone case,Accessories,474.0,CARD
R103999,2025-12-23,Laptop,Electronics,12620.0,UPI_APP
R104000,2025-12-23,Earphones,Accessories,1290.0,UPI_QR
R104001,2025-12-23,Screen guard,Accessories,1670.0,CARD
R104002,2025-12-23,Water purifier,Appliances,49510.0,CARD
R104003,2025-12-23,Kurta set,Apparel,1340.0,UPI_APP
R104004,2025-12-23,Screen guard,Accessories,342.0,UPI_QR
R104005,2025-12-23,Screen guard,Accessories,396.0,CARD
R104006,2025-12-23,Power bank,Accessories,413.0,CARD
R104007,2025-12-23,Phone case,Accessories,680.0,CASH
R104008,2025-12-23,Storage box,Home Essentials,645.0,UPI_APP
R104009,2025-12-23,Screen guard,Accessories,586.0,UPI_QR
R104010,2025-12-23,Jeans,Apparel,2030.0,UPI_QR
R104011,2025-12-23,Soundbar,Electronics,7900.0,UPI_QR
R104012,2025-12-23,Cookware set,Home Essentials,1160.0,UPI_APP
R104013,2025-12-23,Laptop,Electronics,3660.0,UPI_QR
R104014,2025-12-23,Smartphone B,Mobiles,26440.0,UPI_QR
R104015,2025-12-23,Soundbar,Electronics,53380.0,CARD
R104016,2025-12-24,Jeans,Apparel,762.0,UPI_QR
R104017,2025-12-24,Smart TV 43in,Electronics,22320.0,UPI_QR
R104018,2025-12-24,Bedsheet set,Home Essentials,1100.0,UPI_QR
R104019,2025-12-24,Formal shirt,Apparel,1230.0,UPI_APP
R104020,2025-12-24,Bed frame,Furniture,14170.0,UPI_QR
R104021,2025-12-24,Storage box,Home Essentials,824.0,CARD
R104022,2025-12-24,Bedsheet set,Home Essentials,786.0,CARD
R104023,2025-12-24,Screen guard,Accessories,115.0,UPI_APP
R104024,2025-12-24,Gaming console,Electronics,37370.0,CARD
R104025,2025-12-24,Screen guard,Accessories,435.0,CARD
R104026,2025-12-24,Jacket,Apparel,1150.0,CARD
R104027,2025-12-24,Formal shirt,Apparel,1240.0,CARD
R104028,2025-12-24,Bedsheet set,Home Essentials,368.0,CARD
R104029,2025-12-24,Sports shoes,Apparel,1660.0,CARD
R104030,2025-12-24,Jacket,Apparel,969.0,UPI_APP
R104031,2025-12-24,Sofa set,Furniture,6450.0,UPI_QR
R104032,2025-12-24,Power bank,Accessories,397.0,UPI_QR
R104033,2025-12-24,Jacket,Apparel,2630.0,UPI_QR
R104034,2025-12-24,Earphones,Accessories,722.0,CASH
R104035,2025-12-24,Bedsheet set,Home Essentials,292.0,CARD
R104036,2025-12-24,Bedsheet set,Home Essentials,586.0,CARD
R104037,2025-12-24,Smartphone A,Mobiles,26990.0,UPI_QR
R104038,2025-12-24,Power bank,Accessories,260.0,CARD
R104039,2025-12-24,Phone case,Accessories,455.0,UPI_QR
R104040,2025-12-24,Refrigerator,Appliances,27430.0,UPI_QR
R104041,2025-12-24,Laptop,Electronics,44030.0,CASH
R104042,2025-12-24,Jeans,Apparel,1260.0,CARD
R104043,2025-12-24,Bed frame,Furniture,16890.0,CARD
R104044,2025-12-24,Gaming console,Electronics,15690.0,UPI_APP
R104045,2025-12-24,Bed frame,Furniture,17480.0,UPI_QR
R104046,2025-12-24,Jeans,Apparel,1480.0,CARD
R104047,2025-12-24,Smart TV 43in,Electronics,22160.0,CARD
R104048,2025-12-24,Kurta set,Apparel,1810.0,UPI_APP
R104049,2025-12-24,Bed frame,Furniture,18810.0,CARD
R104050,2025-12-24,Air conditioner,Appliances,17600.0,CARD
R104051,2025-12-24,Charger,Accessories,112.0,CASH
R104052,2025-12-24,Laptop,Electronics,4680.0,UPI_QR
R104053,2025-12-25,Bedsheet set,Home Essentials,502.0,CASH
R104054,2025-12-25,Screen guard,Accessories,530.0,UPI_APP
R104055,2025-12-25,Soundbar,Electronics,18910.0,CARD
R104056,2025-12-25,Soundbar,Electronics,12950.0,UPI_QR
R104057,2025-12-25,Earphones,Accessories,539.0,CARD
R104058,2025-12-25,Smartphone B,Mobiles,14880.0,UPI_QR
R104059,2025-12-25,Screen guard,Accessories,435.0,CARD
R104060,2025-12-25,Curtains,Home Essentials,1520.0,UPI_QR
R104061,2025-12-25,Screen guard,Accessories,451.0,UPI_QR
R104062,2025-12-25,Storage box,Home Essentials,708.0,CARD
R104063,2025-12-25,Charger,Accessories,428.0,CARD
R104064,2025-12-25,Sports shoes,Apparel,2300.0,UPI_QR
R104065,2025-12-25,Soundbar,Electronics,15520.0,CASH
R104066,2025-12-25,Cookware set,Home Essentials,601.0,UPI_QR
R104067,2025-12-25,Charger,Accessories,872.0,UPI_QR
R104068,2025-12-25,Charger,Accessories,675.0,UPI_APP
R104069,2025-12-25,Smartphone C,Mobiles,49600.0,UPI_QR
R104070,2025-12-25,Earphones,Accessories,398.0,CARD
R104071,2025-12-25,Bedsheet set,Home Essentials,701.0,UPI_APP
R104072,2025-12-25,Bed frame,Furniture,7890.0,UPI_APP
R104073,2025-12-25,Air conditioner,Appliances,28280.0,UPI_QR
R104074,2025-12-25,Formal shirt,Apparel,1010.0,UPI_QR
R104075,2025-12-25,Office chair,Furniture,27420.0,CARD
R104076,2025-12-25,Washing machine,Appliances,7450.0,UPI_QR
R104077,2025-12-25,Soundbar,Electronics,11400.0,UPI_QR
R104078,2025-12-25,Gaming console,Electronics,94790.0,UPI_QR
R104079,2025-12-25,Screen guard,Accessories,450.0,CARD
R104080,2025-12-25,Soundbar,Electronics,8330.0,UPI_QR
R104081,2025-12-25,Wardrobe,Furniture,112880.0,CARD
R104082,2025-12-26,Charger,Accessories,1010.0,UPI_APP
R104083,2025-12-26,Earphones,Accessories,246.0,UPI_QR
R104084,2025-12-26,Smartphone C,Mobiles,44330.0,CARD
R104085,2025-12-26,Power bank,Accessories,414.0,UPI_QR
R104086,2025-12-26,Charger,Accessories,303.0,UPI_QR
R104087,2025-12-26,Bedsheet set,Home Essentials,861.0,UPI_APP
R104088,2025-12-26,Microwave,Appliances,9640.0,CASH
R104089,2025-12-26,Jeans,Apparel,1320.0,CARD
R104090,2025-12-26,Power bank,Accessories,309.0,UPI_QR
R104091,2025-12-26,Phone case,Accessories,436.0,CARD
R104092,2025-12-26,Bed frame,Furniture,12660.0,UPI_QR
R104093,2025-12-26,Power bank,Accessories,256.0,CARD
R104094,2025-12-26,Charger,Accessories,464.0,UPI_APP
R104095,2025-12-26,Storage box,Home Essentials,1340.0,UPI_QR
R104096,2025-12-26,Screen guard,Accessories,605.0,CARD
R104097,2025-12-26,Kurta set,Apparel,980.0,CARD
R104098,2025-12-26,Bedsheet set,Home Essentials,846.0,UPI_APP
R104099,2025-12-26,Jacket,Apparel,721.0,UPI_QR
R104100,2025-12-26,Earphones,Accessories,399.0,UPI_QR
R104101,2025-12-26,Storage box,Home Essentials,642.0,UPI_QR
R104102,2025-12-26,Washing machine,Appliances,29170.0,UPI_APP
R104103,2025-12-26,Curtains,Home Essentials,713.0,UPI_APP
R104104,2025-12-26,Screen guard,Accessories,365.0,UPI_QR
R104105,2025-12-26,Screen guard,Accessories,970.0,UPI_APP
R104106,2025-12-26,Phone case,Accessories,672.0,UPI_QR
R104107,2025-12-26,Smartphone A,Mobiles,23950.0,UPI_QR
R104108,2025-12-26,Power bank,Accessories,601.0,UPI_QR
R104109,2025-12-27,Screen guard,Accessories,481.0,UPI_QR
R104110,2025-12-27,Formal shirt,Apparel,2030.0,CASH
R104111,2025-12-27,Sports shoes,Apparel,1800.0,CASH
R104112,2025-12-27,Bedsheet set,Home Essentials,462.0,CARD
R104113,2025-12-27,Tablet,Electronics,29450.0,CASH
R104114,2025-12-27,Power bank,Accessories,879.0,UPI_APP
R104115,2025-12-27,Sports shoes,Apparel,842.0,UPI_QR
R104116,2025-12-27,Mixer jar,Home Essentials,744.0,UPI_QR
R104117,2025-12-27,Screen guard,Accessories,106.0,UPI_QR
R104118,2025-12-27,Curtains,Home Essentials,908.0,UPI_QR
R104119,2025-12-27,Mixer jar,Home Essentials,781.0,CARD
R104120,2025-12-27,Laptop,Electronics,28100.0,UPI_QR
R104121,2025-12-27,Microwave,Appliances,11120.0,CARD
R104122,2025-12-27,Washing machine,Appliances,18170.0,CARD
R104123,2025-12-27,Phone case,Accessories,247.0,UPI_QR
R104124,2025-12-27,Screen guard,Accessories,475.0,CARD
R104125,2025-12-27,Screen guard,Accessories,311.0,CASH
R104126,2025-12-27,Foldable phone,Mobiles,40020.0,UPI_QR
R104127,2025-12-27,Earphones,Accessories,580.0,UPI_APP
R104128,2025-12-27,Jeans,Apparel,652.0,UPI_QR
R104129,2025-12-27,Earphones,Accessories,788.0,UPI_QR
R104130,2025-12-27,Jacket,Apparel,2170.0,UPI_QR
R104131,2025-12-27,Phone case,Accessories,127.0,CASH
R104132,2025-12-27,Smart TV 43in,Electronics,31790.0,CASH
R104133,2025-12-27,Office chair,Furniture,12830.0,UPI_QR
R104134,2025-12-27,Jeans,Apparel,1540.0,UPI_APP
R104135,2025-12-27,Gaming console,Electronics,50700.0,CARD
R104136,2025-12-27,Formal shirt,Apparel,657.0,UPI_QR
R104137,2025-12-27,Screen guard,Accessories,345.0,UPI_QR
R104138,2025-12-27,Soundbar,Electronics,9940.0,UPI_QR
R104139,2025-12-27,Soundbar,Electronics,8300.0,UPI_QR
R104140,2025-12-27,Wardrobe,Furniture,8140.0,UPI_APP
R104141,2025-12-27,Formal shirt,Apparel,1620.0,CARD
R104142,2025-12-27,Water purifier,Appliances,17810.0,UPI_QR
R104143,2025-12-27,Phone case,Accessories,408.0,CARD
R104144,2025-12-27,Phone case,Accessories,1130.0,CARD
R104145,2025-12-27,Screen guard,Accessories,264.0,CARD
R104146,2025-12-27,Storage box,Home Essentials,710.0,UPI_QR
R104147,2025-12-27,Dining table,Furniture,18800.0,UPI_QR
R104148,2025-12-27,Charger,Accessories,283.0,UPI_APP
R104149,2025-12-28,Power bank,Accessories,445.0,CASH
R104150,2025-12-28,Phone case,Accessories,289.0,UPI_APP
R104151,2025-12-28,Charger,Accessories,107.0,UPI_QR
R104152,2025-12-28,Curtains,Home Essentials,905.0,CARD
R104153,2025-12-28,Earphones,Accessories,552.0,CARD
R104154,2025-12-28,Phone case,Accessories,292.0,CARD
R104155,2025-12-28,Bedsheet set,Home Essentials,318.0,UPI_APP
R104156,2025-12-28,Jeans,Apparel,1020.0,CASH
R104157,2025-12-28,Smartphone A,Mobiles,18220.0,CARD
R104158,2025-12-28,Power bank,Accessories,281.0,UPI_QR
R104159,2025-12-28,Charger,Accessories,490.0,CARD
R104160,2025-12-28,Earphones,Accessories,302.0,CARD
R104161,2025-12-28,Kurta set,Apparel,3000.0,UPI_QR
R104162,2025-12-28,Cookware set,Home Essentials,675.0,UPI_QR
R104163,2025-12-28,Tablet,Electronics,2860.0,UPI_QR
R104164,2025-12-28,Mixer jar,Home Essentials,389.0,CASH
R104165,2025-12-28,Storage box,Home Essentials,1070.0,CARD
R104166,2025-12-28,Earphones,Accessories,374.0,UPI_APP
R104167,2025-12-28,Mixer jar,Home Essentials,216.0,UPI_QR
R104168,2025-12-28,Office chair,Furniture,4830.0,CASH
R104169,2025-12-28,Soundbar,Electronics,46200.0,CARD
R104170,2025-12-28,Soundbar,Electronics,8580.0,UPI_QR
R104171,2025-12-28,Tablet,Electronics,15520.0,UPI_QR
R104172,2025-12-28,Jeans,Apparel,1160.0,CASH
R104173,2025-12-28,Soundbar,Electronics,17650.0,UPI_QR
R104174,2025-12-28,Screen guard,Accessories,521.0,CARD
R104175,2025-12-28,Cookware set,Home Essentials,1040.0,CARD
R104176,2025-12-28,Earphones,Accessories,796.0,UPI_QR
R104177,2025-12-28,Tablet,Electronics,79920.0,CARD
R104178,2025-12-28,Phone case,Accessories,417.0,UPI_APP
R104179,2025-12-29,Office chair,Furniture,9250.0,UPI_QR
R104180,2025-12-29,Dining table,Furniture,14880.0,UPI_QR
R104181,2025-12-29,Smartphone A,Mobiles,16520.0,UPI_QR
R104182,2025-12-29,Washing machine,Appliances,37450.0,CARD
R104183,2025-12-29,Charger,Accessories,658.0,UPI_APP
R104184,2025-12-29,Jeans,Apparel,6480.0,UPI_QR
R104185,2025-12-29,Storage box,Home Essentials,275.0,UPI_QR
R104186,2025-12-29,Smartphone C,Mobiles,25170.0,UPI_QR
R104187,2025-12-29,Bedsheet set,Home Essentials,478.0,CARD
R104188,2025-12-29,Laptop,Electronics,11350.0,CARD
R104189,2025-12-29,Bed frame,Furniture,14770.0,CASH
R104190,2025-12-29,Refrigerator,Appliances,15950.0,CARD
R104191,2025-12-29,Smart TV 43in,Electronics,10140.0,UPI_QR
R104192,2025-12-29,Phone case,Accessories,1350.0,UPI_APP
R104193,2025-12-29,Screen guard,Accessories,610.0,CARD
R104194,2025-12-29,Power bank,Accessories,202.0,UPI_QR
R104195,2025-12-29,Soundbar,Electronics,30870.0,CARD
R104196,2025-12-29,Earphones,Accessories,376.0,UPI_QR
R104197,2025-12-29,Mixer jar,Home Essentials,1130.0,CARD
R104198,2025-12-29,Kurta set,Apparel,1270.0,UPI_QR
R104199,2025-12-29,Power bank,Accessories,336.0,UPI_QR
R104200,2025-12-29,Earphones,Accessories,404.0,CARD
R104201,2025-12-29,Earphones,Accessories,975.0,UPI_QR
R104202,2025-12-29,Tablet,Electronics,13460.0,CARD
R104203,2025-12-29,Foldable phone,Mobiles,14900.0,UPI_QR
R104204,2025-12-29,Jacket,Apparel,1100.0,CASH
R104205,2025-12-30,Soundbar,Electronics,16910.0,CARD
R104206,2025-12-30,Jacket,Apparel,1020.0,UPI_QR
R104207,2025-12-30,Gaming console,Electronics,37970.0,CARD
R104208,2025-12-30,Earphones,Accessories,1230.0,CARD
R104209,2025-12-30,Bedsheet set,Home Essentials,649.0,UPI_QR
R104210,2025-12-30,Earphones,Accessories,717.0,CARD
R104211,2025-12-30,Phone case,Accessories,736.0,CARD
R104212,2025-12-30,Storage box,Home Essentials,424.0,UPI_QR
R104213,2025-12-30,Tablet,Electronics,11230.0,UPI_QR
R104214,2025-12-30,Air conditioner,Appliances,18760.0,UPI_QR
R104215,2025-12-30,Earphones,Accessories,301.0,UPI_QR
R104216,2025-12-30,Curtains,Home Essentials,693.0,CARD
R104217,2025-12-30,Curtains,Home Essentials,601.0,UPI_QR
R104218,2025-12-30,Washing machine,Appliances,40710.0,CARD
R104219,2025-12-30,Cookware set,Home Essentials,515.0,UPI_QR
R104220,2025-12-30,Formal shirt,Apparel,1720.0,CARD
R104221,2025-12-30,Gaming console,Electronics,12830.0,CARD
R104222,2025-12-30,Sports shoes,Apparel,2200.0,UPI_APP
R104223,2025-12-30,Phone case,Accessories,119.0,CARD
R104224,2025-12-30,Screen guard,Accessories,320.0,UPI_QR
R104225,2025-12-30,Phone case,Accessories,191.0,CARD
R104226,2025-12-30,Water purifier,Appliances,54520.0,UPI_QR
R104227,2025-12-30,Phone case,Accessories,800.0,UPI_QR
R104228,2025-12-30,Earphones,Accessories,1390.0,UPI_APP
R104229,2025-12-30,Sofa set,Furniture,8090.0,CASH
R104230,2025-12-30,Charger,Accessories,259.0,UPI_APP
R104231,2025-12-30,Charger,Accessories,1370.0,UPI_QR
R104232,2025-12-30,Charger,Accessories,599.0,CARD
R104233,2025-12-30,Bedsheet set,Home Essentials,479.0,CARD
R104234,2025-12-31,Sports shoes,Apparel,1630.0,UPI_QR
R104235,2025-12-31,Screen guard,Accessories,131.0,UPI_QR
R104236,2025-12-31,Earphones,Accessories,463.0,UPI_QR
R104237,2025-12-31,Sports shoes,Apparel,858.0,UPI_APP
R104238,2025-12-31,Laptop,Electronics,4320.0,CARD
R104239,2025-12-31,Bedsheet set,Home Essentials,1340.0,UPI_QR
R104240,2025-12-31,Phone case,Accessories,347.0,UPI_APP
R104241,2025-12-31,Bedsheet set,Home Essentials,1080.0,CARD
R104242,2025-12-31,Earphones,Accessories,965.0,UPI_QR
R104243,2025-12-31,Cookware set,Home Essentials,1080.0,UPI_QR
R104244,2025-12-31,Sports shoes,Apparel,4180.0,UPI_QR
R104245,2025-12-31,Washing machine,Appliances,8460.0,UPI_QR
R104246,2025-12-31,Smart TV 43in,Electronics,29580.0,UPI_QR
R104247,2025-12-31,Formal shirt,Apparel,865.0,CARD
R104248,2025-12-31,Laptop,Electronics,7280.0,CARD
R104249,2025-12-31,Phone case,Accessories,388.0,CASH
R104250,2025-12-31,Formal shirt,Apparel,1500.0,CARD
R104251,2025-12-31,Curtains,Home Essentials,274.0,CARD
R104252,2025-12-31,Air conditioner,Appliances,5010.0,UPI_QR
R104253,2025-12-31,Formal shirt,Apparel,2600.0,UPI_QR
R104254,2025-12-31,Formal shirt,Apparel,1690.0,CARD
R104255,2025-12-31,Earphones,Accessories,643.0,UPI_QR
R104256,2025-12-31,Sports shoes,Apparel,1460.0,CARD
R104257,2025-12-31,Sports shoes,Apparel,1240.0,UPI_QR
R104258,2025-12-31,Formal shirt,Apparel,812.0,CARD
R104259,2025-12-31,Phone case,Accessories,389.0,UPI_QR
R104260,2025-12-31,Formal shirt,Apparel,552.0,CARD
R104261,2025-12-31,Office chair,Furniture,11400.0,CARD
R104262,2025-12-31,Smartphone B,Mobiles,22860.0,UPI_APP
R104263,2026-01-01,Earphones,Accessories,267.0,UPI_QR
R104264,2026-01-01,Curtains,Home Essentials,376.0,UPI_QR
R104265,2026-01-01,Charger,Accessories,582.0,CASH
R104266,2026-01-01,Office chair,Furniture,19670.0,UPI_QR
R104267,2026-01-01,Laptop,Electronics,23820.0,UPI_QR
R104268,2026-01-01,Power bank,Accessories,714.0,UPI_QR
R104269,2026-01-01,Sofa set,Furniture,12660.0,UPI_QR
R104270,2026-01-01,Formal shirt,Apparel,2950.0,UPI_QR
R104271,2026-01-01,Formal shirt,Apparel,1330.0,CARD
R104272,2026-01-01,Formal shirt,Apparel,1120.0,CARD
R104273,2026-01-01,Charger,Accessories,952.0,UPI_APP
R104274,2026-01-01,Jeans,Apparel,1480.0,CARD
R104275,2026-01-01,Gaming console,Electronics,33650.0,UPI_QR
R104276,2026-01-01,Screen guard,Accessories,640.0,UPI_QR
R104277,2026-01-01,Earphones,Accessories,482.0,UPI_QR
R104278,2026-01-01,Earphones,Accessories,325.0,UPI_APP
R104279,2026-01-01,Phone case,Accessories,167.0,UPI_QR
R104280,2026-01-01,Charger,Accessories,1430.0,UPI_QR
R104281,2026-01-01,Cookware set,Home Essentials,260.0,UPI_QR
R104282,2026-01-01,Formal shirt,Apparel,793.0,CASH
R104283,2026-01-01,Jacket,Apparel,1530.0,UPI_QR
R104284,2026-01-02,Screen guard,Accessories,385.0,UPI_APP
R104285,2026-01-02,Wardrobe,Furniture,12620.0,UPI_APP
R104286,2026-01-02,Dining table,Furniture,9290.0,UPI_QR
R104287,2026-01-02,Curtains,Home Essentials,618.0,CARD
R104288,2026-01-02,Dining table,Furniture,10160.0,CARD
R104289,2026-01-02,Smart TV 43in,Electronics,7080.0,CARD
R104290,2026-01-02,Bed frame,Furniture,22630.0,CARD
R104291,2026-01-02,Screen guard,Accessories,840.0,UPI_APP
R104292,2026-01-02,Jeans,Apparel,2710.0,UPI_QR
R104293,2026-01-02,Phone case,Accessories,188.0,CASH
R104294,2026-01-02,Refrigerator,Appliances,14970.0,UPI_QR
R104295,2026-01-02,Jacket,Apparel,816.0,UPI_APP
R104296,2026-01-02,Screen guard,Accessories,99.0,CASH
R104297,2026-01-02,Tablet,Electronics,4750.0,UPI_APP
R104298,2026-01-02,Charger,Accessories,496.0,UPI_QR
R104299,2026-01-02,Screen guard,Accessories,778.0,UPI_QR
R104300,2026-01-02,Cookware set,Home Essentials,754.0,CASH
R104301,2026-01-02,Power bank,Accessories,408.0,UPI_QR
R104302,2026-01-02,Kurta set,Apparel,1730.0,CASH
R104303,2026-01-02,Kurta set,Apparel,1190.0,UPI_QR
R104304,2026-01-02,Wardrobe,Furniture,4940.0,CARD
R104305,2026-01-02,Earphones,Accessories,903.0,UPI_APP
R104306,2026-01-02,Power bank,Accessories,244.0,CARD
R104307,2026-01-02,Power bank,Accessories,332.0,UPI_QR
R104308,2026-01-02,Office chair,Furniture,24310.0,UPI_QR
R104309,2026-01-02,Phone case,Accessories,428.0,CARD
R104310,2026-01-02,Bedsheet set,Home Essentials,892.0,UPI_QR
R104311,2026-01-02,Soundbar,Electronics,11510.0,UPI_APP
R104312,2026-01-02,Soundbar,Electronics,20110.0,UPI_QR
R104313,2026-01-02,Sports shoes,Apparel,1660.0,CARD
R104314,2026-01-02,Gaming console,Electronics,59930.0,UPI_QR
R104315,2026-01-03,Tablet,Electronics,9740.0,UPI_QR
R104316,2026-01-03,Jeans,Apparel,1920.0,UPI_QR
R104317,2026-01-03,Foldable phone,Mobiles,18650.0,UPI_QR
R104318,2026-01-03,Storage box,Home Essentials,744.0,UPI_QR
R104319,2026-01-03,Jacket,Apparel,730.0,UPI_APP
R104320,2026-01-03,Jeans,Apparel,1340.0,UPI_QR
R104321,2026-01-03,Kurta set,Apparel,953.0,CASH
R104322,2026-01-03,Storage box,Home Essentials,777.0,CARD
R104323,2026-01-03,Phone case,Accessories,245.0,UPI_QR
R104324,2026-01-03,Screen guard,Accessories,514.0,CARD
R104325,2026-01-03,Charger,Accessories,1200.0,UPI_QR
R104326,2026-01-03,Power bank,Accessories,318.0,CASH
R104327,2026-01-03,Jacket,Apparel,1680.0,CASH
R104328,2026-01-03,Office chair,Furniture,6950.0,CASH
R104329,2026-01-03,Power bank,Accessories,118.0,UPI_QR
R104330,2026-01-03,Gaming console,Electronics,10210.0,CARD
R104331,2026-01-03,Screen guard,Accessories,380.0,CARD
R104332,2026-01-03,Smart TV 43in,Electronics,19190.0,UPI_APP
R104333,2026-01-03,Charger,Accessories,812.0,CARD
R104334,2026-01-03,Screen guard,Accessories,337.0,UPI_APP
R104335,2026-01-03,Soundbar,Electronics,25260.0,UPI_QR
R104336,2026-01-03,Cookware set,Home Essentials,622.0,UPI_QR
R104337,2026-01-03,Bed frame,Furniture,13870.0,CARD
R104338,2026-01-03,Laptop,Electronics,57160.0,CASH
R104339,2026-01-03,Laptop,Electronics,13010.0,CASH
R104340,2026-01-03,Power bank,Accessories,331.0,UPI_APP
R104341,2026-01-03,Bedsheet set,Home Essentials,711.0,CARD
R104342,2026-01-03,Cookware set,Home Essentials,835.0,UPI_QR
R104343,2026-01-03,Storage box,Home Essentials,581.0,CARD
R104344,2026-01-03,Laptop,Electronics,65970.0,CARD
R104345,2026-01-03,Charger,Accessories,403.0,CARD
R104346,2026-01-03,Cookware set,Home Essentials,656.0,UPI_QR
R104347,2026-01-03,Jeans,Apparel,2460.0,UPI_QR
R104348,2026-01-03,Mixer jar,Home Essentials,530.0,UPI_APP
R104349,2026-01-03,Storage box,Home Essentials,615.0,UPI_QR
R104350,2026-01-03,Formal shirt,Apparel,1560.0,UPI_APP
R104351,2026-01-03,Refrigerator,Appliances,29160.0,UPI_QR
R104352,2026-01-03,Power bank,Accessories,167.0,UPI_APP
R104353,2026-01-04,Earphones,Accessories,510.0,CARD
R104354,2026-01-04,Power bank,Accessories,138.0,CARD
R104355,2026-01-04,Formal shirt,Apparel,1970.0,UPI_APP
R104356,2026-01-04,Gaming console,Electronics,22350.0,CARD
R104357,2026-01-04,Power bank,Accessories,1580.0,UPI_QR
R104358,2026-01-04,Phone case,Accessories,336.0,UPI_APP
R104359,2026-01-04,Screen guard,Accessories,1500.0,CASH
R104360,2026-01-04,Washing machine,Appliances,24440.0,UPI_QR
R104361,2026-01-04,Mixer jar,Home Essentials,314.0,UPI_QR
R104362,2026-01-04,Smartphone A,Mobiles,23940.0,CARD
R104363,2026-01-04,Storage box,Home Essentials,519.0,UPI_QR
R104364,2026-01-04,Power bank,Accessories,294.0,CASH
R104365,2026-01-04,Formal shirt,Apparel,968.0,UPI_QR
R104366,2026-01-04,Cookware set,Home Essentials,1150.0,UPI_APP
R104367,2026-01-04,Tablet,Electronics,15870.0,UPI_QR
R104368,2026-01-04,Phone case,Accessories,716.0,CARD
R104369,2026-01-04,Foldable phone,Mobiles,39220.0,CARD
R104370,2026-01-04,Phone case,Accessories,795.0,CARD
R104371,2026-01-04,Formal shirt,Apparel,1760.0,UPI_APP
R104372,2026-01-04,Sports shoes,Apparel,861.0,UPI_QR
R104373,2026-01-04,Power bank,Accessories,682.0,CASH
R104374,2026-01-04,Bedsheet set,Home Essentials,776.0,UPI_QR
R104375,2026-01-04,Sports shoes,Apparel,1080.0,CASH
R104376,2026-01-04,Curtains,Home Essentials,419.0,CASH
R104377,2026-01-04,Mixer jar,Home Essentials,273.0,UPI_QR
R104378,2026-01-04,Formal shirt,Apparel,1850.0,UPI_QR
R104379,2026-01-04,Water purifier,Appliances,9090.0,UPI_QR
R104380,2026-01-04,Jacket,Apparel,2090.0,CARD
R104381,2026-01-04,Earphones,Accessories,1260.0,CARD
R104382,2026-01-04,Gaming console,Electronics,13180.0,UPI_QR
R104383,2026-01-04,Formal shirt,Apparel,991.0,CARD
R104384,2026-01-04,Smart TV 43in,Electronics,47790.0,UPI_QR
R104385,2026-01-04,Earphones,Accessories,1090.0,UPI_QR
R104386,2026-01-04,Power bank,Accessories,1860.0,CARD
R104387,2026-01-04,Mixer jar,Home Essentials,758.0,UPI_QR
R104388,2026-01-04,Jeans,Apparel,867.0,UPI_APP
R104389,2026-01-04,Screen guard,Accessories,651.0,CASH
R104390,2026-01-04,Washing machine,Appliances,12400.0,CARD
R104391,2026-01-04,Screen guard,Accessories,817.0,UPI_QR
R104392,2026-01-04,Cookware set,Home Essentials,701.0,CASH
R104393,2026-01-04,Kurta set,Apparel,720.0,UPI_APP
R104394,2026-01-04,Phone case,Accessories,692.0,UPI_APP
R104395,2026-01-05,Gaming console,Electronics,15570.0,CASH
R104396,2026-01-05,Phone case,Accessories,577.0,CARD
R104397,2026-01-05,Charger,Accessories,437.0,UPI_QR
R104398,2026-01-05,Storage box,Home Essentials,525.0,CARD
R104399,2026-01-05,Wardrobe,Furniture,13960.0,UPI_QR
R104400,2026-01-05,Jeans,Apparel,1810.0,UPI_QR
R104401,2026-01-05,Washing machine,Appliances,16930.0,UPI_APP
R104402,2026-01-05,Screen guard,Accessories,150.0,UPI_APP
R104403,2026-01-05,Water purifier,Appliances,16580.0,UPI_QR
R104404,2026-01-05,Screen guard,Accessories,630.0,UPI_APP
R104405,2026-01-05,Mixer jar,Home Essentials,298.0,CARD
R104406,2026-01-05,Water purifier,Appliances,40150.0,CARD
R104407,2026-01-05,Power bank,Accessories,369.0,CARD
R104408,2026-01-05,Jeans,Apparel,1670.0,UPI_QR
R104409,2026-01-05,Jeans,Apparel,1070.0,CASH
R104410,2026-01-05,Screen guard,Accessories,648.0,UPI_QR
R104411,2026-01-05,Kurta set,Apparel,1720.0,CARD
R104412,2026-01-05,Kurta set,Apparel,1390.0,CARD
R104413,2026-01-05,Jacket,Apparel,1550.0,CARD
R104414,2026-01-05,Storage box,Home Essentials,1030.0,CARD
R104415,2026-01-05,Cookware set,Home Essentials,924.0,UPI_QR
R104416,2026-01-05,Kurta set,Apparel,394.0,CASH
R104417,2026-01-05,Kurta set,Apparel,2370.0,UPI_QR
R104418,2026-01-05,Smart TV 43in,Electronics,23910.0,UPI_APP
R104419,2026-01-05,Tablet,Electronics,12180.0,UPI_QR
R104420,2026-01-05,Jeans,Apparel,829.0,UPI_QR
R104421,2026-01-05,Jacket,Apparel,2170.0,UPI_APP
R104422,2026-01-05,Formal shirt,Apparel,1300.0,UPI_QR
R104423,2026-01-05,Water purifier,Appliances,16150.0,CASH
R104424,2026-01-05,Curtains,Home Essentials,816.0,CASH
R104425,2026-01-05,Cookware set,Home Essentials,934.0,UPI_QR
R104426,2026-01-05,Smart TV 43in,Electronics,60390.0,CARD
R104427,2026-01-05,Phone case,Accessories,651.0,CARD
R104428,2026-01-06,Tablet,Electronics,6960.0,CASH
R104429,2026-01-06,Curtains,Home Essentials,1080.0,CARD
R104430,2026-01-06,Charger,Accessories,657.0,CARD
R104431,2026-01-06,Jeans,Apparel,1460.0,UPI_QR
R104432,2026-01-06,Curtains,Home Essentials,1650.0,CASH
R104433,2026-01-06,Smartphone A,Mobiles,20710.0,CARD
R104434,2026-01-06,Jeans,Apparel,2000.0,CASH
R104435,2026-01-06,Storage box,Home Essentials,865.0,UPI_QR
R104436,2026-01-06,Formal shirt,Apparel,1390.0,UPI_APP
R104437,2026-01-06,Sports shoes,Apparel,1450.0,UPI_APP
R104438,2026-01-06,Water purifier,Appliances,76150.0,CARD
R104439,2026-01-06,Mixer jar,Home Essentials,933.0,CASH
R104440,2026-01-06,Jacket,Apparel,1810.0,CARD
R104441,2026-01-06,Laptop,Electronics,8820.0,CARD
R104442,2026-01-06,Storage box,Home Essentials,1120.0,CARD
R104443,2026-01-06,Soundbar,Electronics,5780.0,CARD
R104444,2026-01-06,Cookware set,Home Essentials,245.0,CARD
R104445,2026-01-06,Sofa set,Furniture,16770.0,UPI_QR
R104446,2026-01-06,Charger,Accessories,253.0,CASH
R104447,2026-01-06,Power bank,Accessories,190.0,CARD
R104448,2026-01-06,Jeans,Apparel,1640.0,UPI_APP
R104449,2026-01-06,Kurta set,Apparel,1300.0,UPI_QR
R104450,2026-01-06,Earphones,Accessories,763.0,UPI_QR
R104451,2026-01-06,Earphones,Accessories,553.0,CASH
R104452,2026-01-06,Microwave,Appliances,27170.0,UPI_QR
R104453,2026-01-06,Soundbar,Electronics,18410.0,UPI_APP
R104454,2026-01-06,Screen guard,Accessories,759.0,UPI_APP
R104455,2026-01-06,Bedsheet set,Home Essentials,579.0,UPI_APP
R104456,2026-01-06,Screen guard,Accessories,889.0,CARD
R104457,2026-01-07,Smartphone A,Mobiles,64480.0,CARD
R104458,2026-01-07,Tablet,Electronics,46680.0,CARD
R104459,2026-01-07,Storage box,Home Essentials,1130.0,CARD
R104460,2026-01-07,Washing machine,Appliances,19530.0,UPI_APP
R104461,2026-01-07,Kurta set,Apparel,448.0,UPI_QR
R104462,2026-01-07,Formal shirt,Apparel,2360.0,UPI_QR
R104463,2026-01-07,Refrigerator,Appliances,10740.0,UPI_QR
R104464,2026-01-07,Power bank,Accessories,487.0,CARD
R104465,2026-01-07,Wardrobe,Furniture,7490.0,UPI_APP
R104466,2026-01-07,Microwave,Appliances,20490.0,UPI_APP
R104467,2026-01-07,Mixer jar,Home Essentials,1030.0,UPI_APP
R104468,2026-01-07,Charger,Accessories,810.0,CARD
R104469,2026-01-07,Earphones,Accessories,475.0,UPI_QR
R104470,2026-01-07,Screen guard,Accessories,449.0,CARD
R104471,2026-01-07,Curtains,Home Essentials,928.0,CASH
R104472,2026-01-07,Power bank,Accessories,184.0,UPI_APP
R104473,2026-01-07,Smartphone C,Mobiles,51610.0,CARD
R104474,2026-01-07,Earphones,Accessories,245.0,UPI_APP
R104475,2026-01-07,Water purifier,Appliances,20050.0,UPI_QR
R104476,2026-01-07,Phone case,Accessories,1360.0,CASH
R104477,2026-01-07,Storage box,Home Essentials,420.0,CASH
R104478,2026-01-07,Smartphone A,Mobiles,27710.0,CARD
R104479,2026-01-07,Kurta set,Apparel,1610.0,CASH
R104480,2026-01-07,Storage box,Home Essentials,523.0,CARD
R104481,2026-01-07,Smartphone B,Mobiles,26980.0,UPI_QR
R104482,2026-01-07,Screen guard,Accessories,399.0,UPI_QR
R104483,2026-01-07,Office chair,Furniture,20430.0,CARD
R104484,2026-01-07,Power bank,Accessories,447.0,UPI_QR
R104485,2026-01-07,Soundbar,Electronics,22910.0,CARD
R104486,2026-01-07,Earphones,Accessories,200.0,UPI_APP
R104487,2026-01-07,Smartphone C,Mobiles,11540.0,UPI_APP
R104488,2026-01-08,Jeans,Apparel,642.0,UPI_QR
R104489,2026-01-08,Water purifier,Appliances,20350.0,UPI_QR
R104490,2026-01-08,Kurta set,Apparel,1150.0,CASH
R104491,2026-01-08,Bed frame,Furniture,9960.0,UPI_QR
R104492,2026-01-08,Jeans,Apparel,969.0,UPI_QR
R104493,2026-01-08,Formal shirt,Apparel,1340.0,CARD
R104494,2026-01-08,Screen guard,Accessories,520.0,UPI_QR
R104495,2026-01-08,Earphones,Accessories,1020.0,UPI_QR
R104496,2026-01-08,Kurta set,Apparel,1970.0,UPI_QR
R104497,2026-01-08,Formal shirt,Apparel,1850.0,CARD
R104498,2026-01-08,Phone case,Accessories,994.0,UPI_QR
R104499,2026-01-08,Power bank,Accessories,583.0,UPI_QR
R104500,2026-01-08,Phone case,Accessories,294.0,UPI_APP
R104501,2026-01-08,Power bank,Accessories,328.0,CASH
R104502,2026-01-08,Phone case,Accessories,1030.0,CARD
R104503,2026-01-08,Formal shirt,Apparel,1520.0,CARD
R104504,2026-01-08,Soundbar,Electronics,30070.0,UPI_QR
R104505,2026-01-08,Refrigerator,Appliances,13450.0,CARD
R104506,2026-01-08,Phone case,Accessories,416.0,UPI_QR
R104507,2026-01-08,Charger,Accessories,456.0,UPI_APP
R104508,2026-01-08,Phone case,Accessories,99.0,CASH
R104509,2026-01-08,Bedsheet set,Home Essentials,1040.0,CARD
R104510,2026-01-08,Charger,Accessories,331.0,UPI_QR
R104511,2026-01-08,Mixer jar,Home Essentials,1140.0,CARD
R104512,2026-01-08,Cookware set,Home Essentials,545.0,CARD
R104513,2026-01-08,Kurta set,Apparel,1140.0,UPI_APP
R104514,2026-01-08,Soundbar,Electronics,9850.0,CARD
R104515,2026-01-08,Screen guard,Accessories,112.0,CARD
R104516,2026-01-08,Sports shoes,Apparel,2360.0,UPI_QR
R104517,2026-01-08,Sports shoes,Apparel,754.0,UPI_QR
R104518,2026-01-08,Kurta set,Apparel,1390.0,CASH
R104519,2026-01-08,Charger,Accessories,615.0,UPI_QR
R104520,2026-01-08,Bedsheet set,Home Essentials,1410.0,UPI_QR
R104521,2026-01-08,Sofa set,Furniture,5450.0,CASH
R104522,2026-01-08,Earphones,Accessories,148.0,UPI_QR
R104523,2026-01-09,Earphones,Accessories,315.0,CASH
R104524,2026-01-09,Sports shoes,Apparel,1380.0,UPI_APP
R104525,2026-01-09,Bedsheet set,Home Essentials,404.0,UPI_QR
R104526,2026-01-09,Dining table,Furniture,23470.0,CASH
R104527,2026-01-09,Power bank,Accessories,629.0,UPI_QR
R104528,2026-01-09,Earphones,Accessories,167.0,UPI_QR
R104529,2026-01-09,Earphones,Accessories,306.0,UPI_QR
R104530,2026-01-09,Phone case,Accessories,380.0,CARD
R104531,2026-01-09,Charger,Accessories,831.0,UPI_APP
R104532,2026-01-09,Power bank,Accessories,415.0,CARD
R104533,2026-01-09,Storage box,Home Essentials,429.0,CARD
R104534,2026-01-09,Bedsheet set,Home Essentials,719.0,CARD
R104535,2026-01-09,Jacket,Apparel,1120.0,UPI_QR
R104536,2026-01-09,Power bank,Accessories,287.0,CARD
R104537,2026-01-09,Kurta set,Apparel,1330.0,UPI_QR
R104538,2026-01-09,Kurta set,Apparel,1260.0,CARD
R104539,2026-01-09,Cookware set,Home Essentials,409.0,UPI_APP
R104540,2026-01-09,Screen guard,Accessories,476.0,CARD
R104541,2026-01-09,Formal shirt,Apparel,1730.0,UPI_QR
R104542,2026-01-09,Microwave,Appliances,34560.0,CARD
R104543,2026-01-09,Earphones,Accessories,790.0,UPI_QR
R104544,2026-01-09,Kurta set,Apparel,644.0,UPI_QR
R104545,2026-01-09,Charger,Accessories,250.0,UPI_APP
R104546,2026-01-10,Smartphone B,Mobiles,14500.0,CASH
R104547,2026-01-10,Jeans,Apparel,1180.0,UPI_QR
R104548,2026-01-10,Sofa set,Furniture,22310.0,CASH
R104549,2026-01-10,Dining table,Furniture,20060.0,UPI_APP
R104550,2026-01-10,Power bank,Accessories,558.0,UPI_APP
R104551,2026-01-10,Earphones,Accessories,666.0,UPI_APP
R104552,2026-01-10,Screen guard,Accessories,503.0,CARD
R104553,2026-01-10,Smartphone C,Mobiles,34080.0,UPI_QR
R104554,2026-01-10,Power bank,Accessories,396.0,CARD
R104555,2026-01-10,Smartphone A,Mobiles,26320.0,UPI_QR
R104556,2026-01-10,Smartphone B,Mobiles,24340.0,CARD
R104557,2026-01-10,Charger,Accessories,960.0,CARD
R104558,2026-01-10,Refrigerator,Appliances,39570.0,CARD
R104559,2026-01-10,Formal shirt,Apparel,727.0,UPI_QR
R104560,2026-01-10,Microwave,Appliances,14150.0,UPI_QR
R104561,2026-01-10,Power bank,Accessories,158.0,UPI_QR
R104562,2026-01-10,Cookware set,Home Essentials,1020.0,CARD
R104563,2026-01-10,Sports shoes,Apparel,2230.0,UPI_QR
R104564,2026-01-10,Screen guard,Accessories,804.0,UPI_QR
R104565,2026-01-10,Earphones,Accessories,543.0,CARD
R104566,2026-01-10,Water purifier,Appliances,23710.0,CARD
R104567,2026-01-10,Air conditioner,Appliances,11420.0,UPI_APP
R104568,2026-01-10,Phone case,Accessories,664.0,CARD
R104569,2026-01-10,Power bank,Accessories,1510.0,UPI_QR
R104570,2026-01-10,Charger,Accessories,484.0,CARD
R104571,2026-01-10,Earphones,Accessories,688.0,CARD
R104572,2026-01-10,Tablet,Electronics,46200.0,CARD
R104573,2026-01-10,Phone case,Accessories,410.0,CASH
R104574,2026-01-11,Jeans,Apparel,1180.0,CASH
R104575,2026-01-11,Tablet,Electronics,9400.0,UPI_APP
R104576,2026-01-11,Laptop,Electronics,22780.0,CARD
R104577,2026-01-11,Earphones,Accessories,409.0,UPI_QR
R104578,2026-01-11,Screen guard,Accessories,443.0,UPI_APP
R104579,2026-01-11,Power bank,Accessories,618.0,CARD
R104580,2026-01-11,Kurta set,Apparel,2160.0,CARD
R104581,2026-01-11,Foldable phone,Mobiles,47600.0,UPI_APP
R104582,2026-01-11,Mixer jar,Home Essentials,746.0,CARD
R104583,2026-01-11,Smartphone B,Mobiles,23410.0,CARD
R104584,2026-01-11,Earphones,Accessories,371.0,CARD
R104585,2026-01-11,Earphones,Accessories,279.0,CASH
R104586,2026-01-11,Power bank,Accessories,691.0,UPI_APP
R104587,2026-01-11,Jeans,Apparel,1780.0,UPI_QR
R104588,2026-01-11,Bedsheet set,Home Essentials,553.0,UPI_APP
R104589,2026-01-11,Sofa set,Furniture,16530.0,UPI_QR
R104590,2026-01-11,Tablet,Electronics,20760.0,UPI_APP
R104591,2026-01-11,Microwave,Appliances,40520.0,CARD
R104592,2026-01-11,Formal shirt,Apparel,981.0,UPI_QR
R104593,2026-01-11,Mixer jar,Home Essentials,521.0,CARD
R104594,2026-01-11,Gaming console,Electronics,37440.0,CARD
R104595,2026-01-11,Tablet,Electronics,18890.0,CASH
R104596,2026-01-11,Soundbar,Electronics,35590.0,UPI_QR
R104597,2026-01-11,Bedsheet set,Home Essentials,680.0,UPI_APP
R104598,2026-01-11,Sports shoes,Apparel,873.0,UPI_APP
R104599,2026-01-11,Sports shoes,Apparel,1990.0,CASH
R104600,2026-01-11,Charger,Accessories,776.0,CARD
R104601,2026-01-11,Earphones,Accessories,750.0,UPI_QR
R104602,2026-01-11,Phone case,Accessories,468.0,UPI_APP
R104603,2026-01-11,Phone case,Accessories,341.0,UPI_QR
R104604,2026-01-11,Kurta set,Apparel,874.0,UPI_APP
R104605,2026-01-11,Storage box,Home Essentials,490.0,CARD
R104606,2026-01-12,Laptop,Electronics,103850.0,CARD
R104607,2026-01-12,Laptop,Electronics,4290.0,CASH
R104608,2026-01-12,Storage box,Home Essentials,944.0,CASH
R104609,2026-01-12,Smart TV 43in,Electronics,48800.0,CARD
R104610,2026-01-12,Kurta set,Apparel,1090.0,CARD
R104611,2026-01-12,Bed frame,Furniture,27190.0,CARD
R104612,2026-01-12,Charger,Accessories,860.0,UPI_APP
R104613,2026-01-12,Smart TV 43in,Electronics,16530.0,UPI_QR
R104614,2026-01-12,Formal shirt,Apparel,1400.0,CARD
R104615,2026-01-12,Phone case,Accessories,597.0,UPI_QR
R104616,2026-01-12,Smartphone A,Mobiles,11030.0,UPI_QR
R104617,2026-01-12,Jeans,Apparel,2020.0,UPI_QR
R104618,2026-01-12,Phone case,Accessories,471.0,UPI_APP
R104619,2026-01-12,Power bank,Accessories,992.0,UPI_APP
R104620,2026-01-12,Cookware set,Home Essentials,991.0,CARD
R104621,2026-01-12,Sofa set,Furniture,26450.0,CARD
R104622,2026-01-12,Smartphone A,Mobiles,31360.0,CARD
R104623,2026-01-12,Curtains,Home Essentials,384.0,CARD
R104624,2026-01-12,Charger,Accessories,633.0,UPI_QR
R104625,2026-01-12,Formal shirt,Apparel,2550.0,CARD
R104626,2026-01-12,Smartphone C,Mobiles,25750.0,CARD
R104627,2026-01-12,Sports shoes,Apparel,428.0,UPI_APP
R104628,2026-01-12,Kurta set,Apparel,3120.0,CASH
R104629,2026-01-12,Curtains,Home Essentials,247.0,UPI_QR
R104630,2026-01-12,Jacket,Apparel,1020.0,CARD
R104631,2026-01-13,Soundbar,Electronics,9040.0,UPI_APP
R104632,2026-01-13,Jeans,Apparel,505.0,UPI_QR
R104633,2026-01-13,Formal shirt,Apparel,1230.0,UPI_QR
R104634,2026-01-13,Bedsheet set,Home Essentials,733.0,UPI_APP
R104635,2026-01-13,Tablet,Electronics,19210.0,CARD
R104636,2026-01-13,Sports shoes,Apparel,1040.0,UPI_QR
R104637,2026-01-13,Earphones,Accessories,694.0,UPI_QR
R104638,2026-01-13,Smartphone A,Mobiles,27520.0,CASH
R104639,2026-01-13,Phone case,Accessories,896.0,UPI_QR
R104640,2026-01-13,Smartphone A,Mobiles,21140.0,UPI_QR
R104641,2026-01-13,Curtains,Home Essentials,487.0,UPI_QR
R104642,2026-01-13,Earphones,Accessories,437.0,UPI_QR
R104643,2026-01-13,Screen guard,Accessories,185.0,CARD
R104644,2026-01-13,Formal shirt,Apparel,486.0,UPI_APP
R104645,2026-01-13,Dining table,Furniture,6390.0,UPI_QR
R104646,2026-01-13,Phone case,Accessories,438.0,UPI_APP
R104647,2026-01-13,Earphones,Accessories,300.0,CASH
R104648,2026-01-13,Mixer jar,Home Essentials,1040.0,CASH
R104649,2026-01-14,Phone case,Accessories,609.0,CASH
R104650,2026-01-14,Cookware set,Home Essentials,393.0,UPI_QR
R104651,2026-01-14,Curtains,Home Essentials,577.0,CASH
R104652,2026-01-14,Charger,Accessories,362.0,CASH
R104653,2026-01-14,Cookware set,Home Essentials,580.0,UPI_APP
R104654,2026-01-14,Storage box,Home Essentials,2990.0,CARD
R104655,2026-01-14,Storage box,Home Essentials,982.0,UPI_APP
R104656,2026-01-14,Screen guard,Accessories,204.0,CASH
R104657,2026-01-14,Storage box,Home Essentials,712.0,UPI_QR
R104658,2026-01-14,Bed frame,Furniture,23340.0,UPI_APP
R104659,2026-01-14,Bedsheet set,Home Essentials,1460.0,UPI_QR
R104660,2026-01-14,Screen guard,Accessories,1210.0,UPI_QR
R104661,2026-01-14,Phone case,Accessories,1080.0,CASH
R104662,2026-01-14,Air conditioner,Appliances,31940.0,CARD
R104663,2026-01-14,Phone case,Accessories,518.0,UPI_QR
R104664,2026-01-14,Smartphone A,Mobiles,12410.0,CARD
R104665,2026-01-14,Gaming console,Electronics,10140.0,CARD
R104666,2026-01-14,Refrigerator,Appliances,36110.0,UPI_APP
R104667,2026-01-14,Kurta set,Apparel,679.0,UPI_QR
R104668,2026-01-14,Sports shoes,Apparel,904.0,CARD
R104669,2026-01-14,Soundbar,Electronics,3590.0,UPI_QR
R104670,2026-01-14,Phone case,Accessories,278.0,CASH
R104671,2026-01-14,Jeans,Apparel,1650.0,UPI_QR
R104672,2026-01-14,Phone case,Accessories,795.0,UPI_QR
R104673,2026-01-14,Washing machine,Appliances,5820.0,CARD
R104674,2026-01-14,Sports shoes,Apparel,2120.0,UPI_QR
R104675,2026-01-14,Soundbar,Electronics,7730.0,CASH
R104676,2026-01-14,Tablet,Electronics,80130.0,UPI_APP
R104677,2026-01-14,Microwave,Appliances,15140.0,UPI_QR
R104678,2026-01-14,Formal shirt,Apparel,1520.0,CASH
R104679,2026-01-14,Wardrobe,Furniture,14100.0,UPI_QR
R104680,2026-01-14,Power bank,Accessories,219.0,CASH
R104681,2026-01-14,Smartphone C,Mobiles,34910.0,CARD
R104682,2026-01-14,Washing machine,Appliances,81700.0,UPI_QR
R104683,2026-01-14,Phone case,Accessories,305.0,UPI_QR
R104684,2026-01-14,Curtains,Home Essentials,985.0,UPI_QR
R104685,2026-01-15,Earphones,Accessories,459.0,UPI_APP
R104686,2026-01-15,Jacket,Apparel,2570.0,UPI_APP
R104687,2026-01-15,Foldable phone,Mobiles,35680.0,UPI_APP
R104688,2026-01-15,Earphones,Accessories,510.0,UPI_QR
R104689,2026-01-15,Phone case,Accessories,1520.0,UPI_QR
R104690,2026-01-15,Power bank,Accessories,705.0,UPI_QR
R104691,2026-01-15,Earphones,Accessories,732.0,UPI_QR
R104692,2026-01-15,Refrigerator,Appliances,26500.0,CARD
R104693,2026-01-15,Foldable phone,Mobiles,17830.0,UPI_APP
R104694,2026-01-15,Phone case,Accessories,584.0,UPI_QR
R104695,2026-01-15,Kurta set,Apparel,1950.0,CARD
R104696,2026-01-15,Jeans,Apparel,1210.0,UPI_QR
R104697,2026-01-15,Gaming console,Electronics,3000.0,UPI_APP
R104698,2026-01-15,Kurta set,Apparel,1950.0,UPI_QR
R104699,2026-01-15,Refrigerator,Appliances,13910.0,UPI_QR
R104700,2026-01-15,Charger,Accessories,357.0,CARD
R104701,2026-01-15,Tablet,Electronics,13180.0,UPI_QR
R104702,2026-01-15,Kurta set,Apparel,1860.0,UPI_APP
R104703,2026-01-15,Curtains,Home Essentials,418.0,UPI_APP
R104704,2026-01-15,Mixer jar,Home Essentials,1080.0,UPI_QR
R104705,2026-01-15,Charger,Accessories,636.0,CASH
R104706,2026-01-15,Air conditioner,Appliances,15120.0,UPI_APP
R104707,2026-01-15,Jeans,Apparel,1040.0,UPI_APP
R104708,2026-01-15,Smartphone A,Mobiles,33050.0,UPI_QR
R104709,2026-01-15,Formal shirt,Apparel,821.0,CARD
R104710,2026-01-15,Microwave,Appliances,25890.0,UPI_QR
R104711,2026-01-15,Kurta set,Apparel,2270.0,UPI_QR
R104712,2026-01-15,Kurta set,Apparel,1400.0,UPI_QR
R104713,2026-01-15,Formal shirt,Apparel,839.0,CASH
R104714,2026-01-15,Mixer jar,Home Essentials,391.0,CARD
R104715,2026-01-15,Kurta set,Apparel,1860.0,UPI_QR
R104716,2026-01-16,Jacket,Apparel,1070.0,CARD
R104717,2026-01-16,Curtains,Home Essentials,1060.0,UPI_QR
R104718,2026-01-16,Kurta set,Apparel,1820.0,UPI_QR
R104719,2026-01-16,Kurta set,Apparel,1760.0,UPI_APP
R104720,2026-01-16,Formal shirt,Apparel,991.0,CASH
R104721,2026-01-16,Refrigerator,Appliances,27880.0,CARD
R104722,2026-01-16,Phone case,Accessories,279.0,CARD
R104723,2026-01-16,Refrigerator,Appliances,32520.0,CARD
R104724,2026-01-16,Mixer jar,Home Essentials,290.0,CARD
R104725,2026-01-16,Sports shoes,Apparel,2190.0,UPI_QR
R104726,2026-01-16,Power bank,Accessories,332.0,UPI_APP
R104727,2026-01-16,Phone case,Accessories,2010.0,UPI_APP
R104728,2026-01-16,Phone case,Accessories,635.0,UPI_QR
R104729,2026-01-16,Water purifier,Appliances,22060.0,CASH
R104730,2026-01-16,Jacket,Apparel,1410.0,UPI_QR
R104731,2026-01-16,Jeans,Apparel,1590.0,CARD
R104732,2026-01-16,Soundbar,Electronics,42780.0,UPI_QR
R104733,2026-01-16,Bedsheet set,Home Essentials,757.0,UPI_APP
R104734,2026-01-16,Jeans,Apparel,1590.0,UPI_QR
R104735,2026-01-16,Sports shoes,Apparel,1210.0,UPI_QR
R104736,2026-01-16,Formal shirt,Apparel,768.0,UPI_QR
R104737,2026-01-16,Phone case,Accessories,477.0,UPI_QR
R104738,2026-01-16,Washing machine,Appliances,8730.0,CASH
R104739,2026-01-16,Cookware set,Home Essentials,1220.0,CASH
R104740,2026-01-16,Charger,Accessories,276.0,CARD
R104741,2026-01-17,Jacket,Apparel,1950.0,UPI_APP
R104742,2026-01-17,Jeans,Apparel,2170.0,CARD
R104743,2026-01-17,Charger,Accessories,244.0,UPI_APP
R104744,2026-01-17,Phone case,Accessories,745.0,CARD
R104745,2026-01-17,Jacket,Apparel,4800.0,CARD
R104746,2026-01-17,Cookware set,Home Essentials,665.0,UPI_QR
R104747,2026-01-17,Screen guard,Accessories,398.0,CARD
R104748,2026-01-17,Formal shirt,Apparel,889.0,UPI_QR
R104749,2026-01-17,Sofa set,Furniture,9270.0,UPI_QR
R104750,2026-01-17,Charger,Accessories,283.0,UPI_QR
R104751,2026-01-17,Jeans,Apparel,2450.0,UPI_QR
R104752,2026-01-17,Tablet,Electronics,8200.0,UPI_APP
R104753,2026-01-17,Air conditioner,Appliances,28750.0,UPI_APP
R104754,2026-01-17,Bedsheet set,Home Essentials,579.0,CARD
R104755,2026-01-17,Laptop,Electronics,14530.0,CARD
R104756,2026-01-17,Phone case,Accessories,2340.0,CASH
R104757,2026-01-17,Kurta set,Apparel,733.0,UPI_APP
R104758,2026-01-17,Microwave,Appliances,16680.0,CARD
R104759,2026-01-17,Power bank,Accessories,519.0,UPI_APP
R104760,2026-01-17,Screen guard,Accessories,493.0,UPI_APP
R104761,2026-01-17,Smartphone B,Mobiles,9650.0,UPI_QR
R104762,2026-01-17,Charger,Accessories,519.0,UPI_QR
R104763,2026-01-17,Jacket,Apparel,225.0,UPI_QR
R104764,2026-01-17,Sports shoes,Apparel,1620.0,UPI_QR
R104765,2026-01-17,Smartphone C,Mobiles,46440.0,CARD
R104766,2026-01-17,Gaming console,Electronics,60310.0,UPI_QR
R104767,2026-01-17,Charger,Accessories,849.0,CARD
R104768,2026-01-17,Charger,Accessories,761.0,UPI_QR
R104769,2026-01-17,Earphones,Accessories,234.0,UPI_QR
R104770,2026-01-17,Formal shirt,Apparel,2530.0,CARD
R104771,2026-01-17,Kurta set,Apparel,4530.0,CARD
R104772,2026-01-17,Cookware set,Home Essentials,1000.0,CARD
R104773,2026-01-17,Curtains,Home Essentials,1040.0,UPI_APP
R104774,2026-01-17,Earphones,Accessories,346.0,UPI_QR
R104775,2026-01-17,Screen guard,Accessories,409.0,UPI_QR
R104776,2026-01-17,Sports shoes,Apparel,2080.0,UPI_QR
R104777,2026-01-17,Power bank,Accessories,356.0,CARD
R104778,2026-01-17,Jeans,Apparel,1850.0,CARD
R104779,2026-01-17,Smart TV 43in,Electronics,15750.0,UPI_QR
R104780,2026-01-17,Phone case,Accessories,409.0,CASH
R104781,2026-01-17,Laptop,Electronics,18690.0,CARD
R104782,2026-01-17,Screen guard,Accessories,767.0,CARD
R104783,2026-01-18,Laptop,Electronics,7320.0,UPI_QR
R104784,2026-01-18,Jacket,Apparel,2090.0,UPI_QR
R104785,2026-01-18,Curtains,Home Essentials,1770.0,UPI_QR
R104786,2026-01-18,Gaming console,Electronics,25260.0,CARD
R104787,2026-01-18,Microwave,Appliances,31620.0,CARD
R104788,2026-01-18,Sports shoes,Apparel,2540.0,UPI_QR
R104789,2026-01-18,Kurta set,Apparel,1660.0,UPI_APP
R104790,2026-01-18,Phone case,Accessories,421.0,UPI_APP
R104791,2026-01-18,Charger,Accessories,333.0,CARD
R104792,2026-01-18,Sports shoes,Apparel,1270.0,CASH
R104793,2026-01-18,Cookware set,Home Essentials,957.0,UPI_QR
R104794,2026-01-18,Tablet,Electronics,10680.0,CASH
R104795,2026-01-18,Earphones,Accessories,153.0,UPI_QR
R104796,2026-01-18,Gaming console,Electronics,17470.0,CARD
R104797,2026-01-18,Kurta set,Apparel,939.0,CARD
R104798,2026-01-18,Smartphone A,Mobiles,10760.0,CARD
R104799,2026-01-18,Laptop,Electronics,13520.0,CASH
R104800,2026-01-18,Washing machine,Appliances,22660.0,UPI_APP
R104801,2026-01-18,Bedsheet set,Home Essentials,948.0,UPI_APP
R104802,2026-01-18,Kurta set,Apparel,3840.0,CARD
R104803,2026-01-18,Earphones,Accessories,978.0,CARD
R104804,2026-01-18,Formal shirt,Apparel,1260.0,UPI_APP
R104805,2026-01-18,Jacket,Apparel,1870.0,UPI_APP
R104806,2026-01-18,Office chair,Furniture,56660.0,CARD
R104807,2026-01-18,Jacket,Apparel,1610.0,CARD
R104808,2026-01-18,Charger,Accessories,703.0,UPI_APP
R104809,2026-01-18,Office chair,Furniture,21680.0,CARD
R104810,2026-01-18,Microwave,Appliances,13850.0,UPI_QR
R104811,2026-01-18,Water purifier,Appliances,30590.0,UPI_APP
R104812,2026-01-18,Storage box,Home Essentials,1220.0,UPI_APP
R104813,2026-01-18,Laptop,Electronics,19170.0,UPI_APP
R104814,2026-01-18,Soundbar,Electronics,5250.0,CARD
R104815,2026-01-18,Curtains,Home Essentials,288.0,UPI_QR
R104816,2026-01-18,Sports shoes,Apparel,3040.0,UPI_QR
R104817,2026-01-19,Soundbar,Electronics,3730.0,CARD
R104818,2026-01-19,Smartphone B,Mobiles,29290.0,UPI_QR
R104819,2026-01-19,Formal shirt,Apparel,690.0,CARD
R104820,2026-01-19,Water purifier,Appliances,24330.0,CARD
R104821,2026-01-19,Office chair,Furniture,21350.0,CARD
R104822,2026-01-19,Screen guard,Accessories,192.0,UPI_QR
R104823,2026-01-19,Kurta set,Apparel,1100.0,CARD
R104824,2026-01-19,Earphones,Accessories,498.0,CASH
R104825,2026-01-19,Laptop,Electronics,11640.0,UPI_APP
R104826,2026-01-19,Power bank,Accessories,380.0,UPI_QR
R104827,2026-01-19,Smart TV 43in,Electronics,45570.0,UPI_QR
R104828,2026-01-19,Smartphone C,Mobiles,10960.0,CASH
R104829,2026-01-19,Refrigerator,Appliances,4990.0,UPI_QR
R104830,2026-01-19,Formal shirt,Apparel,1680.0,CASH
R104831,2026-01-19,Power bank,Accessories,422.0,UPI_QR
R104832,2026-01-20,Curtains,Home Essentials,552.0,UPI_QR
R104833,2026-01-20,Tablet,Electronics,20450.0,CARD
R104834,2026-01-20,Jeans,Apparel,1110.0,UPI_QR
R104835,2026-01-20,Sports shoes,Apparel,3250.0,UPI_QR
R104836,2026-01-20,Charger,Accessories,631.0,CARD
R104837,2026-01-20,Phone case,Accessories,219.0,UPI_APP
R104838,2026-01-20,Power bank,Accessories,570.0,CARD
R104839,2026-01-20,Curtains,Home Essentials,2150.0,CARD
R104840,2026-01-20,Cookware set,Home Essentials,500.0,UPI_QR
R104841,2026-01-20,Formal shirt,Apparel,1320.0,CARD
R104842,2026-01-20,Curtains,Home Essentials,862.0,UPI_QR
R104843,2026-01-20,Smartphone A,Mobiles,30630.0,UPI_APP
R104844,2026-01-20,Bed frame,Furniture,20760.0,UPI_QR
R104845,2026-01-20,Earphones,Accessories,445.0,CARD
R104846,2026-01-20,Formal shirt,Apparel,1790.0,UPI_APP
R104847,2026-01-20,Sports shoes,Apparel,819.0,UPI_QR
R104848,2026-01-20,Cookware set,Home Essentials,1660.0,UPI_QR
R104849,2026-01-20,Earphones,Accessories,198.0,CASH
R104850,2026-01-20,Screen guard,Accessories,1040.0,UPI_QR
R104851,2026-01-20,Formal shirt,Apparel,1490.0,CARD
R104852,2026-01-20,Washing machine,Appliances,23280.0,UPI_QR
R104853,2026-01-20,Storage box,Home Essentials,275.0,UPI_APP
R104854,2026-01-20,Sports shoes,Apparel,1200.0,UPI_QR
R104855,2026-01-20,Formal shirt,Apparel,797.0,CASH
R104856,2026-01-20,Tablet,Electronics,7280.0,CARD
R104857,2026-01-20,Smartphone C,Mobiles,14300.0,UPI_QR
R104858,2026-01-20,Jeans,Apparel,2640.0,UPI_QR
R104859,2026-01-20,Office chair,Furniture,6080.0,UPI_QR
R104860,2026-01-21,Bedsheet set,Home Essentials,1040.0,UPI_QR
R104861,2026-01-21,Laptop,Electronics,12360.0,CARD
R104862,2026-01-21,Office chair,Furniture,16100.0,UPI_QR
R104863,2026-01-21,Screen guard,Accessories,1280.0,UPI_APP
R104864,2026-01-21,Charger,Accessories,933.0,UPI_APP
R104865,2026-01-21,Power bank,Accessories,139.0,CASH
R104866,2026-01-21,Storage box,Home Essentials,284.0,UPI_APP
R104867,2026-01-21,Kurta set,Apparel,1100.0,UPI_QR
R104868,2026-01-21,Water purifier,Appliances,24570.0,UPI_QR
R104869,2026-01-21,Screen guard,Accessories,337.0,UPI_QR
R104870,2026-01-21,Sports shoes,Apparel,1670.0,UPI_QR
R104871,2026-01-21,Phone case,Accessories,601.0,CASH
R104872,2026-01-21,Curtains,Home Essentials,513.0,UPI_APP
R104873,2026-01-21,Phone case,Accessories,376.0,CARD
R104874,2026-01-21,Earphones,Accessories,294.0,CARD
R104875,2026-01-21,Screen guard,Accessories,1290.0,CASH
R104876,2026-01-21,Laptop,Electronics,13810.0,UPI_APP
R104877,2026-01-21,Gaming console,Electronics,7990.0,CASH
R104878,2026-01-22,Jacket,Apparel,1170.0,UPI_APP
R104879,2026-01-22,Kurta set,Apparel,1190.0,UPI_QR
R104880,2026-01-22,Screen guard,Accessories,353.0,UPI_QR
R104881,2026-01-22,Charger,Accessories,386.0,CARD
R104882,2026-01-22,Cookware set,Home Essentials,842.0,CARD
R104883,2026-01-22,Laptop,Electronics,32800.0,UPI_QR
R104884,2026-01-22,Kurta set,Apparel,1230.0,UPI_APP
R104885,2026-01-22,Cookware set,Home Essentials,774.0,CARD
R104886,2026-01-22,Refrigerator,Appliances,11840.0,CARD
R104887,2026-01-22,Jacket,Apparel,706.0,UPI_APP
R104888,2026-01-22,Air conditioner,Appliances,88720.0,CARD
R104889,2026-01-22,Bedsheet set,Home Essentials,842.0,CARD
R104890,2026-01-22,Kurta set,Apparel,2390.0,UPI_QR
R104891,2026-01-22,Screen guard,Accessories,478.0,UPI_QR
R104892,2026-01-22,Power bank,Accessories,251.0,UPI_APP
R104893,2026-01-22,Wardrobe,Furniture,8150.0,UPI_APP
R104894,2026-01-22,Jeans,Apparel,2380.0,UPI_APP
R104895,2026-01-22,Dining table,Furniture,16630.0,CASH
R104896,2026-01-22,Smart TV 43in,Electronics,42760.0,UPI_APP
R104897,2026-01-22,Phone case,Accessories,1070.0,CASH
R104898,2026-01-22,Earphones,Accessories,581.0,UPI_QR
R104899,2026-01-22,Bedsheet set,Home Essentials,496.0,UPI_QR
R104900,2026-01-22,Power bank,Accessories,1090.0,CASH
R104901,2026-01-22,Phone case,Accessories,584.0,UPI_QR
R104902,2026-01-22,Formal shirt,Apparel,1660.0,UPI_QR
R104903,2026-01-22,Screen guard,Accessories,461.0,UPI_APP
R104904,2026-01-22,Tablet,Electronics,7990.0,UPI_QR
R104905,2026-01-22,Sofa set,Furniture,7680.0,UPI_QR
R104906,2026-01-22,Bedsheet set,Home Essentials,651.0,UPI_QR
R104907,2026-01-22,Foldable phone,Mobiles,30100.0,CARD
R104908,2026-01-23,Smart TV 43in,Electronics,10260.0,CASH
R104909,2026-01-23,Charger,Accessories,2490.0,CARD
R104910,2026-01-23,Smart TV 43in,Electronics,2090.0,CARD
R104911,2026-01-23,Charger,Accessories,551.0,UPI_APP
R104912,2026-01-23,Wardrobe,Furniture,27110.0,CARD
R104913,2026-01-23,Phone case,Accessories,435.0,UPI_QR
R104914,2026-01-23,Jeans,Apparel,1510.0,UPI_QR
R104915,2026-01-23,Phone case,Accessories,1210.0,CARD
R104916,2026-01-23,Charger,Accessories,174.0,CARD
R104917,2026-01-23,Jacket,Apparel,840.0,UPI_QR
R104918,2026-01-23,Phone case,Accessories,184.0,UPI_QR
R104919,2026-01-23,Phone case,Accessories,962.0,CASH
R104920,2026-01-23,Power bank,Accessories,533.0,UPI_QR
R104921,2026-01-23,Smartphone B,Mobiles,36980.0,CARD
R104922,2026-01-23,Bedsheet set,Home Essentials,1040.0,UPI_APP
R104923,2026-01-23,Microwave,Appliances,15920.0,UPI_APP
R104924,2026-01-23,Curtains,Home Essentials,561.0,UPI_QR
R104925,2026-01-23,Screen guard,Accessories,496.0,UPI_APP
R104926,2026-01-23,Tablet,Electronics,13780.0,UPI_QR
R104927,2026-01-23,Dining table,Furniture,8530.0,UPI_QR
R104928,2026-01-23,Formal shirt,Apparel,1040.0,UPI_QR
R104929,2026-01-23,Soundbar,Electronics,73390.0,UPI_APP
R104930,2026-01-23,Storage box,Home Essentials,438.0,CASH
R104931,2026-01-23,Bedsheet set,Home Essentials,853.0,UPI_QR
R104932,2026-01-23,Office chair,Furniture,18790.0,UPI_QR
R104933,2026-01-23,Sports shoes,Apparel,779.0,UPI_APP
R104934,2026-01-23,Refrigerator,Appliances,16100.0,UPI_QR
R104935,2026-01-23,Tablet,Electronics,16240.0,UPI_QR
R104936,2026-01-23,Curtains,Home Essentials,509.0,CASH
R104937,2026-01-23,Bedsheet set,Home Essentials,423.0,UPI_QR
R104938,2026-01-23,Screen guard,Accessories,331.0,CARD
R104939,2026-01-23,Washing machine,Appliances,28850.0,UPI_APP
R104940,2026-01-23,Laptop,Electronics,12140.0,UPI_QR
R104941,2026-01-24,Laptop,Electronics,46760.0,UPI_QR
R104942,2026-01-24,Cookware set,Home Essentials,573.0,UPI_QR
R104943,2026-01-24,Cookware set,Home Essentials,928.0,UPI_QR
R104944,2026-01-24,Screen guard,Accessories,569.0,CARD
R104945,2026-01-24,Charger,Accessories,724.0,UPI_QR
R104946,2026-01-24,Jeans,Apparel,1850.0,UPI_APP
R104947,2026-01-24,Charger,Accessories,787.0,CASH
R104948,2026-01-24,Dining table,Furniture,16530.0,CASH
R104949,2026-01-24,Earphones,Accessories,405.0,CASH
R104950,2026-01-24,Kurta set,Apparel,741.0,CARD
R104951,2026-01-24,Charger,Accessories,262.0,CASH
R104952,2026-01-24,Water purifier,Appliances,17410.0,UPI_QR
R104953,2026-01-24,Smart TV 43in,Electronics,29800.0,UPI_APP
R104954,2026-01-24,Power bank,Accessories,489.0,UPI_QR
R104955,2026-01-24,Smartphone C,Mobiles,15010.0,UPI_QR
R104956,2026-01-24,Smart TV 43in,Electronics,13100.0,UPI_APP
R104957,2026-01-24,Air conditioner,Appliances,20930.0,CARD
R104958,2026-01-24,Power bank,Accessories,761.0,UPI_QR
R104959,2026-01-24,Formal shirt,Apparel,994.0,UPI_QR
R104960,2026-01-24,Formal shirt,Apparel,1100.0,UPI_APP
R104961,2026-01-24,Smartphone A,Mobiles,63950.0,CASH
R104962,2026-01-24,Formal shirt,Apparel,1150.0,CARD
R104963,2026-01-24,Tablet,Electronics,6740.0,UPI_QR
R104964,2026-01-24,Smartphone B,Mobiles,18370.0,CASH
R104965,2026-01-24,Formal shirt,Apparel,3380.0,UPI_QR
R104966,2026-01-24,Screen guard,Accessories,388.0,UPI_QR
R104967,2026-01-24,Power bank,Accessories,788.0,UPI_QR
R104968,2026-01-24,Cookware set,Home Essentials,878.0,UPI_QR
R104969,2026-01-24,Refrigerator,Appliances,51360.0,CARD
R104970,2026-01-24,Bedsheet set,Home Essentials,795.0,UPI_QR
R104971,2026-01-24,Mixer jar,Home Essentials,748.0,UPI_QR
R104972,2026-01-24,Power bank,Accessories,613.0,UPI_QR
R104973,2026-01-24,Charger,Accessories,203.0,UPI_APP
R104974,2026-01-24,Foldable phone,Mobiles,31850.0,UPI_QR
R104975,2026-01-24,Kurta set,Apparel,1910.0,UPI_QR
R104976,2026-01-24,Refrigerator,Appliances,9700.0,UPI_QR
R104977,2026-01-24,Charger,Accessories,822.0,CASH
R104978,2026-01-24,Jeans,Apparel,1220.0,UPI_APP
R104979,2026-01-24,Jeans,Apparel,986.0,CASH
R104980,2026-01-24,Bed frame,Furniture,11490.0,UPI_APP
R104981,2026-01-24,Tablet,Electronics,68430.0,CARD
R104982,2026-01-24,Formal shirt,Apparel,1420.0,UPI_QR
R104983,2026-01-24,Refrigerator,Appliances,34530.0,CARD
R104984,2026-01-24,Curtains,Home Essentials,520.0,CARD
R104985,2026-01-24,Smartphone B,Mobiles,17310.0,CARD
R104986,2026-01-25,Charger,Accessories,454.0,UPI_APP
R104987,2026-01-25,Screen guard,Accessories,223.0,UPI_APP
R104988,2026-01-25,Jeans,Apparel,1430.0,UPI_QR
R104989,2026-01-25,Earphones,Accessories,528.0,CASH
R104990,2026-01-25,Mixer jar,Home Essentials,608.0,CARD
R104991,2026-01-25,Jacket,Apparel,652.0,UPI_QR
R104992,2026-01-25,Refrigerator,Appliances,33690.0,CARD
R104993,2026-01-25,Jacket,Apparel,1570.0,UPI_QR
R104994,2026-01-25,Smartphone B,Mobiles,31360.0,CARD
R104995,2026-01-25,Water purifier,Appliances,10850.0,CARD
R104996,2026-01-25,Screen guard,Accessories,516.0,CASH
R104997,2026-01-25,Mixer jar,Home Essentials,424.0,CARD
R104998,2026-01-25,Earphones,Accessories,345.0,CASH
R104999,2026-01-25,Soundbar,Electronics,94640.0,CARD
R105000,2026-01-25,Laptop,Electronics,14280.0,UPI_QR
R105001,2026-01-25,Screen guard,Accessories,751.0,CASH
R105002,2026-01-25,Microwave,Appliances,27560.0,CARD
R105003,2026-01-25,Soundbar,Electronics,62630.0,CARD
R105004,2026-01-25,Screen guard,Accessories,580.0,UPI_QR
R105005,2026-01-25,Tablet,Electronics,15390.0,UPI_QR
R105006,2026-01-25,Jeans,Apparel,2180.0,UPI_APP
R105007,2026-01-25,Smartphone B,Mobiles,15960.0,CASH
R105008,2026-01-25,Jacket,Apparel,592.0,UPI_APP
R105009,2026-01-25,Mixer jar,Home Essentials,672.0,UPI_APP
R105010,2026-01-25,Screen guard,Accessories,497.0,UPI_APP
R105011,2026-01-25,Kurta set,Apparel,2190.0,CARD
R105012,2026-01-25,Smart TV 43in,Electronics,2240.0,UPI_APP
R105013,2026-01-25,Formal shirt,Apparel,680.0,UPI_QR
R105014,2026-01-25,Charger,Accessories,473.0,UPI_QR
R105015,2026-01-25,Cookware set,Home Essentials,410.0,UPI_APP
R105016,2026-01-25,Bedsheet set,Home Essentials,1320.0,UPI_QR
R105017,2026-01-25,Cookware set,Home Essentials,643.0,CASH
R105018,2026-01-25,Jacket,Apparel,391.0,CARD
R105019,2026-01-25,Power bank,Accessories,187.0,UPI_QR
R105020,2026-01-25,Gaming console,Electronics,33910.0,CARD
R105021,2026-01-25,Phone case,Accessories,1460.0,UPI_APP
R105022,2026-01-26,Jacket,Apparel,839.0,CARD
R105023,2026-01-26,Cookware set,Home Essentials,323.0,UPI_QR
R105024,2026-01-26,Microwave,Appliances,8800.0,UPI_APP
R105025,2026-01-26,Gaming console,Electronics,26310.0,UPI_QR
R105026,2026-01-26,Phone case,Accessories,657.0,UPI_QR
R105027,2026-01-26,Air conditioner,Appliances,55800.0,UPI_APP
R105028,2026-01-26,Soundbar,Electronics,10910.0,UPI_QR
R105029,2026-01-26,Storage box,Home Essentials,1680.0,UPI_APP
R105030,2026-01-26,Sports shoes,Apparel,876.0,CASH
R105031,2026-01-26,Screen guard,Accessories,156.0,UPI_QR
R105032,2026-01-26,Jacket,Apparel,864.0,UPI_QR
R105033,2026-01-26,Smart TV 43in,Electronics,16450.0,CARD
R105034,2026-01-26,Tablet,Electronics,5980.0,CARD
R105035,2026-01-26,Soundbar,Electronics,15440.0,UPI_QR
R105036,2026-01-26,Charger,Accessories,641.0,UPI_QR
R105037,2026-01-26,Charger,Accessories,566.0,CARD
R105038,2026-01-26,Charger,Accessories,816.0,CARD
R105039,2026-01-26,Power bank,Accessories,486.0,UPI_QR
R105040,2026-01-26,Smart TV 43in,Electronics,13710.0,CASH
R105041,2026-01-26,Earphones,Accessories,828.0,UPI_QR
R105042,2026-01-27,Cookware set,Home Essentials,1630.0,CASH
R105043,2026-01-27,Storage box,Home Essentials,502.0,CARD
R105044,2026-01-27,Laptop,Electronics,28940.0,UPI_QR
R105045,2026-01-27,Screen guard,Accessories,1530.0,UPI_APP
R105046,2026-01-27,Dining table,Furniture,12040.0,CARD
R105047,2026-01-27,Screen guard,Accessories,525.0,UPI_APP
R105048,2026-01-27,Kurta set,Apparel,1160.0,UPI_QR
R105049,2026-01-27,Wardrobe,Furniture,7050.0,UPI_QR
R105050,2026-01-27,Jacket,Apparel,1000.0,UPI_QR
R105051,2026-01-27,Tablet,Electronics,12130.0,UPI_QR
R105052,2026-01-27,Office chair,Furniture,8250.0,CARD
R105053,2026-01-27,Charger,Accessories,287.0,UPI_APP
R105054,2026-01-27,Charger,Accessories,119.0,UPI_APP
R105055,2026-01-27,Jeans,Apparel,919.0,CASH
R105056,2026-01-27,Power bank,Accessories,247.0,CARD
R105057,2026-01-27,Microwave,Appliances,14130.0,CARD
R105058,2026-01-27,Smart TV 43in,Electronics,21040.0,CARD
R105059,2026-01-27,Power bank,Accessories,1240.0,UPI_QR
R105060,2026-01-27,Kurta set,Apparel,1090.0,UPI_APP
R105061,2026-01-27,Mixer jar,Home Essentials,342.0,CARD
R105062,2026-01-27,Jacket,Apparel,892.0,CARD
R105063,2026-01-27,Formal shirt,Apparel,815.0,UPI_APP
R105064,2026-01-27,Earphones,Accessories,881.0,UPI_QR
R105065,2026-01-27,Curtains,Home Essentials,662.0,UPI_QR
R105066,2026-01-27,Power bank,Accessories,1030.0,CARD
R105067,2026-01-28,Laptop,Electronics,88390.0,UPI_APP
R105068,2026-01-28,Power bank,Accessories,119.0,UPI_QR
R105069,2026-01-28,Jacket,Apparel,521.0,UPI_QR
R105070,2026-01-28,Dining table,Furniture,12480.0,UPI_QR
R105071,2026-01-28,Cookware set,Home Essentials,381.0,CARD
R105072,2026-01-28,Power bank,Accessories,252.0,UPI_APP
R105073,2026-01-28,Kurta set,Apparel,1770.0,UPI_QR
R105074,2026-01-28,Charger,Accessories,336.0,CARD
R105075,2026-01-28,Mixer jar,Home Essentials,623.0,CASH
R105076,2026-01-28,Screen guard,Accessories,346.0,CARD
R105077,2026-01-28,Jacket,Apparel,1390.0,UPI_APP
R105078,2026-01-28,Bedsheet set,Home Essentials,521.0,UPI_QR
R105079,2026-01-28,Foldable phone,Mobiles,50800.0,CARD
R105080,2026-01-28,Gaming console,Electronics,20620.0,UPI_QR
R105081,2026-01-28,Sports shoes,Apparel,1150.0,UPI_QR
R105082,2026-01-28,Cookware set,Home Essentials,449.0,CARD
R105083,2026-01-28,Phone case,Accessories,669.0,UPI_APP
R105084,2026-01-28,Sports shoes,Apparel,2650.0,CARD
R105085,2026-01-28,Storage box,Home Essentials,1400.0,UPI_QR
R105086,2026-01-28,Earphones,Accessories,448.0,UPI_QR
R105087,2026-01-28,Smart TV 43in,Electronics,45010.0,CARD
R105088,2026-01-28,Curtains,Home Essentials,559.0,UPI_QR
R105089,2026-01-28,Jacket,Apparel,1170.0,UPI_QR
R105090,2026-01-28,Charger,Accessories,1700.0,UPI_QR
R105091,2026-01-29,Air conditioner,Appliances,33460.0,CARD
R105092,2026-01-29,Kurta set,Apparel,2200.0,UPI_APP
R105093,2026-01-29,Earphones,Accessories,413.0,CARD
R105094,2026-01-29,Water purifier,Appliances,13340.0,UPI_QR
R105095,2026-01-29,Formal shirt,Apparel,1660.0,UPI_QR
R105096,2026-01-29,Power bank,Accessories,208.0,UPI_QR
R105097,2026-01-29,Sports shoes,Apparel,975.0,UPI_APP
R105098,2026-01-29,Earphones,Accessories,191.0,UPI_QR
R105099,2026-01-29,Storage box,Home Essentials,683.0,CASH
R105100,2026-01-29,Bedsheet set,Home Essentials,759.0,CASH
R105101,2026-01-29,Charger,Accessories,832.0,CARD
R105102,2026-01-29,Storage box,Home Essentials,425.0,CASH
R105103,2026-01-29,Gaming console,Electronics,34440.0,CASH
R105104,2026-01-29,Mixer jar,Home Essentials,707.0,UPI_QR
R105105,2026-01-29,Formal shirt,Apparel,1930.0,CASH
R105106,2026-01-29,Bedsheet set,Home Essentials,718.0,UPI_APP
R105107,2026-01-29,Smart TV 43in,Electronics,17030.0,CARD
R105108,2026-01-29,Jacket,Apparel,2000.0,UPI_QR
R105109,2026-01-29,Storage box,Home Essentials,481.0,UPI_APP
R105110,2026-01-29,Smart TV 43in,Electronics,18610.0,UPI_QR
R105111,2026-01-29,Jacket,Apparel,724.0,CASH
R105112,2026-01-29,Jacket,Apparel,1170.0,CARD
R105113,2026-01-29,Gaming console,Electronics,24520.0,CASH
R105114,2026-01-29,Water purifier,Appliances,30750.0,UPI_APP
R105115,2026-01-29,Dining table,Furniture,17620.0,CARD
R105116,2026-01-29,Laptop,Electronics,62040.0,CARD
R105117,2026-01-29,Water purifier,Appliances,19470.0,UPI_QR
R105118,2026-01-29,Formal shirt,Apparel,1220.0,UPI_APP
R105119,2026-01-30,Jeans,Apparel,3760.0,UPI_QR
R105120,2026-01-30,Storage box,Home Essentials,1000.0,CARD
R105121,2026-01-30,Charger,Accessories,849.0,UPI_QR
R105122,2026-01-30,Screen guard,Accessories,435.0,UPI_QR
R105123,2026-01-30,Mixer jar,Home Essentials,479.0,UPI_APP
R105124,2026-01-30,Air conditioner,Appliances,8050.0,UPI_APP
R105125,2026-01-30,Wardrobe,Furniture,10500.0,CARD
R105126,2026-01-30,Sofa set,Furniture,4010.0,UPI_QR
R105127,2026-01-30,Jeans,Apparel,1480.0,UPI_QR
R105128,2026-01-30,Screen guard,Accessories,879.0,CARD
R105129,2026-01-30,Jeans,Apparel,1540.0,CARD
R105130,2026-01-30,Bedsheet set,Home Essentials,999.0,UPI_APP
R105131,2026-01-30,Jeans,Apparel,3260.0,UPI_QR
R105132,2026-01-30,Earphones,Accessories,434.0,CASH
R105133,2026-01-30,Screen guard,Accessories,280.0,UPI_QR
R105134,2026-01-30,Curtains,Home Essentials,560.0,UPI_QR
R105135,2026-01-30,Charger,Accessories,1080.0,CARD
R105136,2026-01-30,Storage box,Home Essentials,1070.0,UPI_QR
R105137,2026-01-30,Sports shoes,Apparel,1080.0,UPI_QR
R105138,2026-01-30,Charger,Accessories,448.0,UPI_QR
R105139,2026-01-30,Laptop,Electronics,8460.0,UPI_QR
R105140,2026-01-30,Air conditioner,Appliances,44120.0,CARD
R105141,2026-01-30,Dining table,Furniture,5870.0,UPI_QR
R105142,2026-01-30,Charger,Accessories,1090.0,UPI_QR
R105143,2026-01-30,Curtains,Home Essentials,589.0,UPI_APP
R105144,2026-01-31,Smartphone B,Mobiles,31010.0,CARD
R105145,2026-01-31,Laptop,Electronics,16850.0,CARD
R105146,2026-01-31,Dining table,Furniture,36420.0,CARD
R105147,2026-01-31,Microwave,Appliances,56340.0,CASH
R105148,2026-01-31,Mixer jar,Home Essentials,296.0,CARD
R105149,2026-01-31,Power bank,Accessories,765.0,CARD
R105150,2026-01-31,Kurta set,Apparel,1270.0,CARD
R105151,2026-01-31,Sports shoes,Apparel,1400.0,UPI_QR
R105152,2026-01-31,Earphones,Accessories,478.0,UPI_QR
R105153,2026-01-31,Phone case,Accessories,758.0,CASH
R105154,2026-01-31,Kurta set,Apparel,1450.0,CARD
R105155,2026-01-31,Bedsheet set,Home Essentials,905.0,UPI_APP
R105156,2026-01-31,Mixer jar,Home Essentials,927.0,UPI_QR
R105157,2026-01-31,Jeans,Apparel,1480.0,UPI_APP
R105158,2026-01-31,Laptop,Electronics,7380.0,UPI_QR
R105159,2026-01-31,Power bank,Accessories,337.0,CARD
R105160,2026-01-31,Jeans,Apparel,2360.0,UPI_APP
R105161,2026-01-31,Water purifier,Appliances,15060.0,UPI_QR
R105162,2026-01-31,Charger,Accessories,285.0,UPI_QR
R105163,2026-01-31,Office chair,Furniture,9930.0,UPI_QR
R105164,2026-01-31,Charger,Accessories,265.0,CASH
R105165,2026-01-31,Power bank,Accessories,1340.0,UPI_QR
R105166,2026-01-31,Formal shirt,Apparel,1190.0,CARD
R105167,2026-01-31,Earphones,Accessories,911.0,UPI_APP
R105168,2026-01-31,Sofa set,Furniture,28160.0,UPI_APP
R105169,2026-01-31,Cookware set,Home Essentials,5210.0,CARD
R105170,2026-01-31,Smartphone C,Mobiles,28390.0,CARD
R105171,2026-01-31,Bedsheet set,Home Essentials,358.0,CARD
R105172,2026-01-31,Gaming console,Electronics,16300.0,CARD
R105173,2026-01-31,Sports shoes,Apparel,1090.0,UPI_QR
R105174,2026-01-31,Power bank,Accessories,296.0,UPI_QR
R105175,2026-01-31,Power bank,Accessories,468.0,CASH
R105176,2026-01-31,Cookware set,Home Essentials,812.0,CASH
R105177,2026-01-31,Jeans,Apparel,835.0,CASH
R105178,2026-01-31,Smart TV 43in,Electronics,27720.0,UPI_APP
R105179,2026-02-01,Sports shoes,Apparel,1020.0,UPI_QR
R105180,2026-02-01,Phone case,Accessories,1050.0,CASH
R105181,2026-02-01,Charger,Accessories,546.0,UPI_QR
R105182,2026-02-01,Power bank,Accessories,423.0,CARD
R105183,2026-02-01,Washing machine,Appliances,20820.0,CASH
R105184,2026-02-01,Sofa set,Furniture,42850.0,UPI_QR
R105185,2026-02-01,Screen guard,Accessories,1380.0,UPI_QR
R105186,2026-02-01,Curtains,Home Essentials,447.0,CARD
R105187,2026-02-01,Phone case,Accessories,1390.0,CARD
R105188,2026-02-01,Soundbar,Electronics,38650.0,UPI_QR
R105189,2026-02-01,Storage box,Home Essentials,818.0,UPI_QR
R105190,2026-02-01,Power bank,Accessories,157.0,UPI_QR
R105191,2026-02-01,Jacket,Apparel,1340.0,UPI_QR
R105192,2026-02-01,Bedsheet set,Home Essentials,651.0,UPI_QR
R105193,2026-02-01,Phone case,Accessories,339.0,CASH
R105194,2026-02-01,Curtains,Home Essentials,412.0,UPI_APP
R105195,2026-02-01,Power bank,Accessories,411.0,UPI_APP
R105196,2026-02-01,Formal shirt,Apparel,889.0,CARD
R105197,2026-02-01,Gaming console,Electronics,25600.0,UPI_QR
R105198,2026-02-01,Jacket,Apparel,980.0,CASH
R105199,2026-02-01,Charger,Accessories,443.0,CARD
R105200,2026-02-01,Jacket,Apparel,2070.0,UPI_APP
R105201,2026-02-01,Gaming console,Electronics,51950.0,CARD
R105202,2026-02-01,Cookware set,Home Essentials,1170.0,CARD
R105203,2026-02-01,Sports shoes,Apparel,739.0,UPI_QR
R105204,2026-02-01,Mixer jar,Home Essentials,509.0,CASH
R105205,2026-02-01,Sports shoes,Apparel,1820.0,UPI_QR
R105206,2026-02-01,Screen guard,Accessories,502.0,UPI_APP
R105207,2026-02-01,Phone case,Accessories,1350.0,CARD
R105208,2026-02-01,Bedsheet set,Home Essentials,350.0,UPI_QR
R105209,2026-02-01,Earphones,Accessories,691.0,UPI_APP
R105210,2026-02-01,Jeans,Apparel,699.0,CARD
R105211,2026-02-01,Kurta set,Apparel,1010.0,CARD
R105212,2026-02-01,Sports shoes,Apparel,1400.0,UPI_QR
R105213,2026-02-01,Water purifier,Appliances,16350.0,CASH
R105214,2026-02-01,Smartphone B,Mobiles,48120.0,CARD
R105215,2026-02-01,Kurta set,Apparel,959.0,UPI_APP
R105216,2026-02-01,Earphones,Accessories,262.0,UPI_QR
R105217,2026-02-01,Tablet,Electronics,26840.0,UPI_QR
R105218,2026-02-01,Bedsheet set,Home Essentials,1300.0,UPI_APP
R105219,2026-02-01,Power bank,Accessories,319.0,CASH
R105220,2026-02-01,Power bank,Accessories,353.0,CARD
R105221,2026-02-01,Bedsheet set,Home Essentials,1450.0,UPI_APP
R105222,2026-02-02,Screen guard,Accessories,553.0,CARD
R105223,2026-02-02,Laptop,Electronics,16520.0,UPI_APP
R105224,2026-02-02,Jacket,Apparel,1330.0,UPI_QR
R105225,2026-02-02,Microwave,Appliances,25390.0,UPI_QR
R105226,2026-02-02,Formal shirt,Apparel,1210.0,UPI_QR
R105227,2026-02-02,Tablet,Electronics,30510.0,CARD
R105228,2026-02-02,Smart TV 43in,Electronics,11880.0,CARD
R105229,2026-02-02,Smartphone A,Mobiles,16470.0,CARD
R105230,2026-02-02,Gaming console,Electronics,17770.0,UPI_QR
R105231,2026-02-02,Air conditioner,Appliances,36910.0,UPI_QR
R105232,2026-02-02,Soundbar,Electronics,3620.0,CARD
R105233,2026-02-02,Phone case,Accessories,564.0,CARD
R105234,2026-02-02,Curtains,Home Essentials,293.0,UPI_APP
R105235,2026-02-02,Charger,Accessories,269.0,CARD
R105236,2026-02-02,Charger,Accessories,831.0,CARD
R105237,2026-02-02,Formal shirt,Apparel,1440.0,UPI_QR
R105238,2026-02-02,Air conditioner,Appliances,18590.0,CASH
R105239,2026-02-02,Sports shoes,Apparel,2230.0,UPI_APP
R105240,2026-02-02,Sports shoes,Apparel,787.0,UPI_QR
R105241,2026-02-02,Power bank,Accessories,266.0,CASH
R105242,2026-02-02,Formal shirt,Apparel,1140.0,UPI_APP
R105243,2026-02-02,Power bank,Accessories,257.0,CASH
R105244,2026-02-02,Curtains,Home Essentials,338.0,CARD
R105245,2026-02-02,Sports shoes,Apparel,1420.0,CARD
R105246,2026-02-02,Soundbar,Electronics,39770.0,CARD
R105247,2026-02-02,Screen guard,Accessories,705.0,CASH
R105248,2026-02-02,Dining table,Furniture,15510.0,CARD
R105249,2026-02-02,Tablet,Electronics,51150.0,CARD
R105250,2026-02-02,Power bank,Accessories,208.0,UPI_QR
R105251,2026-02-02,Screen guard,Accessories,542.0,UPI_QR
R105252,2026-02-02,Air conditioner,Appliances,73920.0,CARD
R105253,2026-02-02,Storage box,Home Essentials,421.0,UPI_APP
R105254,2026-02-03,Laptop,Electronics,41850.0,UPI_QR
R105255,2026-02-03,Storage box,Home Essentials,598.0,CARD
R105256,2026-02-03,Formal shirt,Apparel,2390.0,CARD
R105257,2026-02-03,Jeans,Apparel,1780.0,CARD
R105258,2026-02-03,Screen guard,Accessories,805.0,CASH
R105259,2026-02-03,Kurta set,Apparel,642.0,UPI_QR
R105260,2026-02-03,Jeans,Apparel,1380.0,UPI_QR
R105261,2026-02-03,Washing machine,Appliances,18360.0,UPI_QR
R105262,2026-02-03,Cookware set,Home Essentials,396.0,CASH
R105263,2026-02-03,Office chair,Furniture,8370.0,UPI_QR
R105264,2026-02-03,Jacket,Apparel,2710.0,CASH
R105265,2026-02-03,Power bank,Accessories,473.0,UPI_QR
R105266,2026-02-03,Mixer jar,Home Essentials,770.0,UPI_QR
R105267,2026-02-03,Laptop,Electronics,8080.0,UPI_QR
R105268,2026-02-03,Smart TV 43in,Electronics,8890.0,UPI_QR
R105269,2026-02-03,Power bank,Accessories,257.0,CARD
R105270,2026-02-03,Mixer jar,Home Essentials,776.0,UPI_QR
R105271,2026-02-03,Screen guard,Accessories,845.0,CARD
R105272,2026-02-03,Smart TV 43in,Electronics,27230.0,CASH
R105273,2026-02-03,Cookware set,Home Essentials,684.0,UPI_QR
R105274,2026-02-03,Screen guard,Accessories,99.0,UPI_APP
R105275,2026-02-03,Storage box,Home Essentials,1180.0,UPI_APP
R105276,2026-02-03,Jacket,Apparel,968.0,UPI_APP
R105277,2026-02-03,Phone case,Accessories,826.0,UPI_QR
R105278,2026-02-03,Sports shoes,Apparel,908.0,UPI_QR
R105279,2026-02-03,Bedsheet set,Home Essentials,852.0,UPI_QR
R105280,2026-02-03,Phone case,Accessories,669.0,UPI_QR
R105281,2026-02-04,Earphones,Accessories,372.0,UPI_APP
R105282,2026-02-04,Cookware set,Home Essentials,1060.0,CARD
R105283,2026-02-04,Jeans,Apparel,1070.0,UPI_QR
R105284,2026-02-04,Earphones,Accessories,421.0,UPI_APP
R105285,2026-02-04,Microwave,Appliances,17270.0,CARD
R105286,2026-02-04,Power bank,Accessories,839.0,UPI_QR
R105287,2026-02-04,Charger,Accessories,423.0,UPI_QR
R105288,2026-02-04,Earphones,Accessories,2520.0,UPI_APP
R105289,2026-02-04,Refrigerator,Appliances,21930.0,CARD
R105290,2026-02-04,Formal shirt,Apparel,722.0,UPI_QR
R105291,2026-02-04,Phone case,Accessories,135.0,CASH
R105292,2026-02-04,Screen guard,Accessories,256.0,CARD
R105293,2026-02-04,Jacket,Apparel,1180.0,UPI_APP
R105294,2026-02-04,Sports shoes,Apparel,1450.0,UPI_QR
R105295,2026-02-04,Screen guard,Accessories,284.0,CARD
R105296,2026-02-04,Earphones,Accessories,302.0,UPI_QR
R105297,2026-02-04,Charger,Accessories,683.0,CARD
R105298,2026-02-04,Cookware set,Home Essentials,888.0,UPI_QR
R105299,2026-02-04,Bedsheet set,Home Essentials,1970.0,CASH
R105300,2026-02-04,Refrigerator,Appliances,16700.0,UPI_APP
R105301,2026-02-04,Screen guard,Accessories,2530.0,UPI_QR
R105302,2026-02-04,Earphones,Accessories,436.0,CARD
R105303,2026-02-04,Sofa set,Furniture,10320.0,CARD
R105304,2026-02-04,Air conditioner,Appliances,19480.0,UPI_APP
R105305,2026-02-04,Smartphone A,Mobiles,27480.0,CARD
R105306,2026-02-04,Phone case,Accessories,380.0,UPI_QR
R105307,2026-02-04,Microwave,Appliances,16530.0,CARD
R105308,2026-02-04,Earphones,Accessories,1240.0,UPI_APP
R105309,2026-02-04,Jacket,Apparel,1050.0,UPI_APP
R105310,2026-02-04,Charger,Accessories,323.0,UPI_QR
R105311,2026-02-04,Screen guard,Accessories,522.0,UPI_QR
R105312,2026-02-04,Screen guard,Accessories,317.0,CASH
R105313,2026-02-05,Microwave,Appliances,27260.0,UPI_QR
R105314,2026-02-05,Charger,Accessories,193.0,CARD
R105315,2026-02-05,Gaming console,Electronics,8940.0,UPI_QR
R105316,2026-02-05,Jeans,Apparel,1170.0,UPI_QR
R105317,2026-02-05,Microwave,Appliances,19880.0,UPI_QR
R105318,2026-02-05,Washing machine,Appliances,27290.0,UPI_APP
R105319,2026-02-05,Smart TV 43in,Electronics,59180.0,CARD
R105320,2026-02-05,Tablet,Electronics,29730.0,UPI_APP
R105321,2026-02-05,Sports shoes,Apparel,1350.0,CARD
R105322,2026-02-05,Cookware set,Home Essentials,631.0,CARD
R105323,2026-02-05,Power bank,Accessories,322.0,CARD
R105324,2026-02-05,Power bank,Accessories,711.0,UPI_APP
R105325,2026-02-05,Bed frame,Furniture,33460.0,CASH
R105326,2026-02-05,Mixer jar,Home Essentials,469.0,CASH
R105327,2026-02-05,Storage box,Home Essentials,469.0,UPI_QR
R105328,2026-02-05,Earphones,Accessories,717.0,UPI_QR
R105329,2026-02-05,Microwave,Appliances,32570.0,UPI_APP
R105330,2026-02-05,Curtains,Home Essentials,597.0,CARD
R105331,2026-02-05,Curtains,Home Essentials,1150.0,CARD
R105332,2026-02-05,Soundbar,Electronics,32600.0,CARD
R105333,2026-02-05,Smartphone C,Mobiles,19780.0,UPI_APP
R105334,2026-02-05,Phone case,Accessories,1090.0,UPI_QR
R105335,2026-02-05,Washing machine,Appliances,53850.0,CARD
R105336,2026-02-05,Bedsheet set,Home Essentials,1160.0,UPI_QR
R105337,2026-02-05,Tablet,Electronics,3700.0,UPI_QR
R105338,2026-02-05,Earphones,Accessories,334.0,CARD
R105339,2026-02-05,Jacket,Apparel,2060.0,UPI_QR
R105340,2026-02-05,Bedsheet set,Home Essentials,901.0,UPI_QR
R105341,2026-02-06,Refrigerator,Appliances,86220.0,CARD
R105342,2026-02-06,Screen guard,Accessories,438.0,CASH
R105343,2026-02-06,Gaming console,Electronics,36400.0,CARD
R105344,2026-02-06,Curtains,Home Essentials,1040.0,CARD
R105345,2026-02-06,Jeans,Apparel,2150.0,UPI_APP
R105346,2026-02-06,Kurta set,Apparel,980.0,UPI_QR
R105347,2026-02-06,Jeans,Apparel,1160.0,UPI_QR
R105348,2026-02-06,Tablet,Electronics,22890.0,CASH
R105349,2026-02-06,Dining table,Furniture,13160.0,UPI_QR
R105350,2026-02-06,Sofa set,Furniture,14160.0,UPI_QR
R105351,2026-02-06,Bed frame,Furniture,14210.0,CARD
R105352,2026-02-06,Screen guard,Accessories,622.0,CARD
R105353,2026-02-06,Kurta set,Apparel,1350.0,CARD
R105354,2026-02-06,Curtains,Home Essentials,728.0,UPI_QR
R105355,2026-02-06,Sports shoes,Apparel,1530.0,CASH
R105356,2026-02-06,Mixer jar,Home Essentials,489.0,UPI_QR
R105357,2026-02-06,Foldable phone,Mobiles,22070.0,UPI_APP
R105358,2026-02-06,Charger,Accessories,408.0,UPI_QR
R105359,2026-02-06,Dining table,Furniture,56360.0,CARD
R105360,2026-02-06,Formal shirt,Apparel,3110.0,UPI_APP
R105361,2026-02-06,Dining table,Furniture,5170.0,UPI_QR
R105362,2026-02-07,Jeans,Apparel,1200.0,UPI_QR
R105363,2026-02-07,Sports shoes,Apparel,2400.0,UPI_QR
R105364,2026-02-07,Phone case,Accessories,534.0,UPI_QR
R105365,2026-02-07,Water purifier,Appliances,93770.0,CASH
R105366,2026-02-07,Bedsheet set,Home Essentials,1220.0,CASH
R105367,2026-02-07,Power bank,Accessories,346.0,UPI_QR
R105368,2026-02-07,Jacket,Apparel,602.0,CARD
R105369,2026-02-07,Screen guard,Accessories,1560.0,CARD
R105370,2026-02-07,Phone case,Accessories,832.0,UPI_QR
R105371,2026-02-07,Soundbar,Electronics,18670.0,UPI_QR
R105372,2026-02-07,Refrigerator,Appliances,28920.0,UPI_QR
R105373,2026-02-07,Storage box,Home Essentials,520.0,CARD
R105374,2026-02-07,Charger,Accessories,621.0,CARD
R105375,2026-02-07,Jeans,Apparel,683.0,CARD
R105376,2026-02-07,Washing machine,Appliances,20290.0,UPI_APP
R105377,2026-02-07,Smart TV 43in,Electronics,18040.0,UPI_QR
R105378,2026-02-07,Kurta set,Apparel,3330.0,UPI_QR
R105379,2026-02-07,Tablet,Electronics,5170.0,UPI_QR
R105380,2026-02-07,Curtains,Home Essentials,492.0,UPI_QR
R105381,2026-02-07,Phone case,Accessories,349.0,UPI_QR
R105382,2026-02-07,Gaming console,Electronics,4480.0,UPI_QR
R105383,2026-02-07,Mixer jar,Home Essentials,494.0,UPI_QR
R105384,2026-02-07,Earphones,Accessories,431.0,CARD
R105385,2026-02-07,Power bank,Accessories,1440.0,UPI_APP
R105386,2026-02-07,Storage box,Home Essentials,639.0,UPI_APP
R105387,2026-02-07,Jacket,Apparel,1380.0,UPI_APP
R105388,2026-02-07,Jeans,Apparel,1260.0,CARD
R105389,2026-02-07,Foldable phone,Mobiles,25530.0,UPI_QR
R105390,2026-02-07,Jeans,Apparel,893.0,UPI_APP
R105391,2026-02-07,Power bank,Accessories,1130.0,CARD
R105392,2026-02-07,Curtains,Home Essentials,1450.0,CARD
R105393,2026-02-07,Air conditioner,Appliances,24490.0,CARD
R105394,2026-02-07,Jacket,Apparel,1800.0,CASH
R105395,2026-02-07,Foldable phone,Mobiles,16320.0,CARD
R105396,2026-02-07,Water purifier,Appliances,14900.0,CASH
R105397,2026-02-07,Earphones,Accessories,660.0,CARD
R105398,2026-02-07,Power bank,Accessories,581.0,UPI_APP
R105399,2026-02-07,Power bank,Accessories,563.0,UPI_QR
R105400,2026-02-07,Earphones,Accessories,840.0,UPI_APP
R105401,2026-02-07,Air conditioner,Appliances,16890.0,UPI_QR
R105402,2026-02-07,Air conditioner,Appliances,54900.0,CARD
R105403,2026-02-07,Earphones,Accessories,301.0,CARD
R105404,2026-02-07,Formal shirt,Apparel,1740.0,CARD
R105405,2026-02-07,Sports shoes,Apparel,541.0,UPI_QR
R105406,2026-02-07,Tablet,Electronics,13510.0,CASH
R105407,2026-02-07,Screen guard,Accessories,807.0,UPI_QR
R105408,2026-02-07,Charger,Accessories,409.0,CARD
R105409,2026-02-07,Jacket,Apparel,1380.0,UPI_QR
R105410,2026-02-07,Sports shoes,Apparel,535.0,UPI_APP
R105411,2026-02-07,Smartphone C,Mobiles,12030.0,UPI_QR
R105412,2026-02-07,Power bank,Accessories,143.0,CARD
R105413,2026-02-08,Storage box,Home Essentials,420.0,UPI_APP
R105414,2026-02-08,Soundbar,Electronics,53360.0,CARD
R105415,2026-02-08,Wardrobe,Furniture,7970.0,CARD
R105416,2026-02-08,Phone case,Accessories,609.0,UPI_APP
R105417,2026-02-08,Charger,Accessories,520.0,UPI_QR
R105418,2026-02-08,Power bank,Accessories,324.0,CARD
R105419,2026-02-08,Sports shoes,Apparel,2050.0,UPI_APP
R105420,2026-02-08,Power bank,Accessories,492.0,CARD
R105421,2026-02-08,Jacket,Apparel,1120.0,CARD
R105422,2026-02-08,Storage box,Home Essentials,639.0,UPI_QR
R105423,2026-02-08,Cookware set,Home Essentials,1100.0,UPI_QR
R105424,2026-02-08,Storage box,Home Essentials,569.0,UPI_QR
R105425,2026-02-08,Curtains,Home Essentials,562.0,CARD
R105426,2026-02-08,Water purifier,Appliances,22310.0,CARD
R105427,2026-02-08,Water purifier,Appliances,14920.0,UPI_QR
R105428,2026-02-08,Storage box,Home Essentials,1190.0,CARD
R105429,2026-02-08,Phone case,Accessories,348.0,CARD
R105430,2026-02-08,Screen guard,Accessories,564.0,UPI_APP
R105431,2026-02-08,Charger,Accessories,412.0,UPI_QR
R105432,2026-02-08,Storage box,Home Essentials,1330.0,UPI_QR
R105433,2026-02-08,Bedsheet set,Home Essentials,1070.0,UPI_QR
R105434,2026-02-08,Earphones,Accessories,749.0,CARD
R105435,2026-02-08,Jacket,Apparel,1420.0,CASH
R105436,2026-02-08,Water purifier,Appliances,12730.0,UPI_APP
R105437,2026-02-08,Jeans,Apparel,2190.0,UPI_QR
R105438,2026-02-08,Mixer jar,Home Essentials,1040.0,UPI_QR
R105439,2026-02-08,Kurta set,Apparel,1090.0,UPI_APP
R105440,2026-02-08,Jeans,Apparel,2660.0,UPI_APP
R105441,2026-02-08,Refrigerator,Appliances,19550.0,CARD
R105442,2026-02-08,Smartphone B,Mobiles,35680.0,UPI_APP
R105443,2026-02-08,Bedsheet set,Home Essentials,1010.0,UPI_QR
R105444,2026-02-08,Power bank,Accessories,851.0,UPI_QR
R105445,2026-02-08,Earphones,Accessories,534.0,UPI_QR
R105446,2026-02-08,Earphones,Accessories,479.0,CARD
R105447,2026-02-08,Smartphone B,Mobiles,29060.0,UPI_APP
R105448,2026-02-08,Cookware set,Home Essentials,1470.0,UPI_QR
R105449,2026-02-08,Smartphone C,Mobiles,24210.0,UPI_QR
R105450,2026-02-08,Air conditioner,Appliances,14880.0,UPI_APP
R105451,2026-02-08,Power bank,Accessories,767.0,CARD
R105452,2026-02-08,Jeans,Apparel,1210.0,UPI_QR
R105453,2026-02-08,Gaming console,Electronics,30820.0,CARD
R105454,2026-02-08,Smart TV 43in,Electronics,47100.0,UPI_APP
R105455,2026-02-08,Gaming console,Electronics,4030.0,UPI_QR
R105456,2026-02-08,Earphones,Accessories,234.0,UPI_QR
R105457,2026-02-09,Smartphone C,Mobiles,16980.0,CARD
R105458,2026-02-09,Screen guard,Accessories,133.0,CARD
R105459,2026-02-09,Bed frame,Furniture,24070.0,UPI_QR
R105460,2026-02-09,Kurta set,Apparel,1490.0,UPI_QR
R105461,2026-02-09,Sports shoes,Apparel,1530.0,CARD
R105462,2026-02-09,Bed frame,Furniture,13790.0,UPI_APP
R105463,2026-02-09,Sports shoes,Apparel,1070.0,UPI_QR
R105464,2026-02-09,Earphones,Accessories,490.0,CARD
R105465,2026-02-09,Air conditioner,Appliances,49120.0,UPI_APP
R105466,2026-02-09,Sports shoes,Apparel,1270.0,UPI_APP
R105467,2026-02-09,Washing machine,Appliances,12880.0,UPI_QR
R105468,2026-02-09,Charger,Accessories,350.0,CASH
R105469,2026-02-09,Mixer jar,Home Essentials,535.0,UPI_QR
R105470,2026-02-09,Curtains,Home Essentials,875.0,UPI_QR
R105471,2026-02-09,Jacket,Apparel,734.0,CARD
R105472,2026-02-09,Screen guard,Accessories,105.0,UPI_APP
R105473,2026-02-09,Bedsheet set,Home Essentials,421.0,UPI_QR
R105474,2026-02-09,Jacket,Apparel,841.0,UPI_APP
R105475,2026-02-09,Charger,Accessories,769.0,UPI_QR
R105476,2026-02-09,Phone case,Accessories,837.0,UPI_QR
R105477,2026-02-09,Formal shirt,Apparel,751.0,UPI_QR
R105478,2026-02-09,Phone case,Accessories,801.0,UPI_APP
R105479,2026-02-09,Sports shoes,Apparel,1920.0,CASH
R105480,2026-02-09,Power bank,Accessories,449.0,UPI_QR
R105481,2026-02-09,Formal shirt,Apparel,2890.0,CARD
R105482,2026-02-09,Laptop,Electronics,7490.0,UPI_QR
R105483,2026-02-09,Power bank,Accessories,474.0,UPI_APP
R105484,2026-02-09,Smartphone C,Mobiles,27970.0,CARD
R105485,2026-02-09,Cookware set,Home Essentials,605.0,CASH
R105486,2026-02-09,Foldable phone,Mobiles,26180.0,CARD
R105487,2026-02-09,Earphones,Accessories,338.0,UPI_QR
R105488,2026-02-09,Sofa set,Furniture,30330.0,CARD
R105489,2026-02-09,Screen guard,Accessories,166.0,CASH
R105490,2026-02-10,Charger,Accessories,334.0,CARD
R105491,2026-02-10,Gaming console,Electronics,5340.0,CARD
R105492,2026-02-10,Earphones,Accessories,452.0,UPI_APP
R105493,2026-02-10,Power bank,Accessories,621.0,CARD
R105494,2026-02-10,Kurta set,Apparel,1890.0,UPI_QR
R105495,2026-02-10,Storage box,Home Essentials,923.0,UPI_QR
R105496,2026-02-10,Foldable phone,Mobiles,68660.0,CARD
R105497,2026-02-10,Washing machine,Appliances,14290.0,UPI_QR
R105498,2026-02-10,Wardrobe,Furniture,23330.0,CASH
R105499,2026-02-10,Charger,Accessories,748.0,CARD
R105500,2026-02-10,Screen guard,Accessories,495.0,CARD
R105501,2026-02-10,Smartphone A,Mobiles,29950.0,UPI_QR
R105502,2026-02-10,Wardrobe,Furniture,12530.0,UPI_QR
R105503,2026-02-10,Bed frame,Furniture,9280.0,CARD
R105504,2026-02-10,Water purifier,Appliances,26120.0,CASH
R105505,2026-02-10,Cookware set,Home Essentials,764.0,UPI_APP
R105506,2026-02-10,Charger,Accessories,1020.0,UPI_QR
R105507,2026-02-10,Bedsheet set,Home Essentials,541.0,CARD
R105508,2026-02-10,Gaming console,Electronics,19650.0,UPI_QR
R105509,2026-02-10,Cookware set,Home Essentials,679.0,UPI_QR
R105510,2026-02-10,Jeans,Apparel,1250.0,UPI_APP
R105511,2026-02-10,Smartphone A,Mobiles,34440.0,CARD
R105512,2026-02-10,Foldable phone,Mobiles,13110.0,CARD
R105513,2026-02-10,Refrigerator,Appliances,42380.0,CARD
R105514,2026-02-11,Jeans,Apparel,3810.0,CASH
R105515,2026-02-11,Cookware set,Home Essentials,1130.0,UPI_QR
R105516,2026-02-11,Curtains,Home Essentials,1500.0,CARD
R105517,2026-02-11,Sports shoes,Apparel,857.0,UPI_APP
R105518,2026-02-11,Dining table,Furniture,10600.0,CARD
R105519,2026-02-11,Storage box,Home Essentials,463.0,CARD
R105520,2026-02-11,Washing machine,Appliances,55110.0,CARD
R105521,2026-02-11,Kurta set,Apparel,884.0,CARD
R105522,2026-02-11,Earphones,Accessories,414.0,UPI_APP
R105523,2026-02-11,Mixer jar,Home Essentials,722.0,CARD
R105524,2026-02-11,Curtains,Home Essentials,1200.0,UPI_APP
R105525,2026-02-11,Phone case,Accessories,278.0,CASH
R105526,2026-02-11,Dining table,Furniture,42640.0,UPI_QR
R105527,2026-02-11,Jeans,Apparel,2370.0,UPI_QR
R105528,2026-02-11,Dining table,Furniture,38960.0,CARD
R105529,2026-02-11,Curtains,Home Essentials,784.0,UPI_QR
R105530,2026-02-11,Sports shoes,Apparel,1980.0,UPI_QR
R105531,2026-02-11,Tablet,Electronics,53330.0,CARD
R105532,2026-02-11,Power bank,Accessories,859.0,UPI_QR
R105533,2026-02-11,Charger,Accessories,1670.0,CASH
R105534,2026-02-11,Phone case,Accessories,290.0,UPI_QR
R105535,2026-02-11,Jacket,Apparel,717.0,UPI_APP
R105536,2026-02-11,Jacket,Apparel,1050.0,UPI_QR
R105537,2026-02-11,Earphones,Accessories,239.0,CARD
R105538,2026-02-11,Power bank,Accessories,240.0,UPI_QR
R105539,2026-02-11,Kurta set,Apparel,3930.0,CARD
R105540,2026-02-11,Jeans,Apparel,2610.0,UPI_QR
R105541,2026-02-11,Cookware set,Home Essentials,588.0,UPI_APP
R105542,2026-02-11,Refrigerator,Appliances,38750.0,CASH
R105543,2026-02-12,Screen guard,Accessories,240.0,CARD
R105544,2026-02-12,Washing machine,Appliances,18770.0,UPI_QR
R105545,2026-02-12,Mixer jar,Home Essentials,810.0,CARD
R105546,2026-02-12,Earphones,Accessories,313.0,UPI_QR
R105547,2026-02-12,Smart TV 43in,Electronics,46720.0,UPI_QR
R105548,2026-02-12,Earphones,Accessories,244.0,CARD
R105549,2026-02-12,Sports shoes,Apparel,670.0,UPI_QR
R105550,2026-02-12,Sports shoes,Apparel,1800.0,CARD
R105551,2026-02-12,Charger,Accessories,523.0,UPI_QR
R105552,2026-02-12,Phone case,Accessories,1330.0,UPI_QR
R105553,2026-02-12,Power bank,Accessories,401.0,CASH
R105554,2026-02-12,Sofa set,Furniture,9400.0,UPI_APP
R105555,2026-02-12,Jeans,Apparel,597.0,UPI_QR
R105556,2026-02-12,Mixer jar,Home Essentials,623.0,UPI_APP
R105557,2026-02-12,Charger,Accessories,568.0,CARD
R105558,2026-02-12,Bedsheet set,Home Essentials,664.0,CARD
R105559,2026-02-12,Formal shirt,Apparel,858.0,UPI_QR
R105560,2026-02-12,Soundbar,Electronics,1990.0,UPI_QR
R105561,2026-02-12,Phone case,Accessories,679.0,UPI_APP
R105562,2026-02-12,Kurta set,Apparel,1440.0,UPI_QR
R105563,2026-02-12,Jacket,Apparel,642.0,UPI_QR
R105564,2026-02-12,Screen guard,Accessories,691.0,CARD
R105565,2026-02-13,Mixer jar,Home Essentials,657.0,CASH
R105566,2026-02-13,Screen guard,Accessories,151.0,UPI_QR
R105567,2026-02-13,Gaming console,Electronics,31180.0,UPI_APP
R105568,2026-02-13,Mixer jar,Home Essentials,475.0,CARD
R105569,2026-02-13,Sports shoes,Apparel,1950.0,UPI_QR
R105570,2026-02-13,Earphones,Accessories,698.0,CASH
R105571,2026-02-13,Washing machine,Appliances,12210.0,UPI_QR
R105572,2026-02-13,Jacket,Apparel,780.0,CASH
R105573,2026-02-13,Wardrobe,Furniture,10660.0,UPI_QR
R105574,2026-02-13,Gaming console,Electronics,8320.0,UPI_QR
R105575,2026-02-13,Phone case,Accessories,463.0,UPI_QR
R105576,2026-02-13,Power bank,Accessories,333.0,CASH
R105577,2026-02-13,Sports shoes,Apparel,2450.0,CARD
R105578,2026-02-13,Smart TV 43in,Electronics,11290.0,CASH
R105579,2026-02-13,Wardrobe,Furniture,12280.0,UPI_QR
R105580,2026-02-13,Earphones,Accessories,1330.0,UPI_APP
R105581,2026-02-13,Jeans,Apparel,1890.0,UPI_APP
R105582,2026-02-13,Laptop,Electronics,11770.0,CARD
R105583,2026-02-13,Smart TV 43in,Electronics,14700.0,CARD
R105584,2026-02-13,Water purifier,Appliances,46520.0,UPI_APP
R105585,2026-02-13,Laptop,Electronics,89250.0,CARD
R105586,2026-02-13,Tablet,Electronics,9030.0,UPI_QR
R105587,2026-02-13,Gaming console,Electronics,4570.0,CASH
R105588,2026-02-13,Gaming console,Electronics,46950.0,CARD
R105589,2026-02-13,Phone case,Accessories,692.0,UPI_QR
R105590,2026-02-13,Foldable phone,Mobiles,47690.0,CARD
R105591,2026-02-13,Screen guard,Accessories,421.0,CARD
R105592,2026-02-13,Formal shirt,Apparel,1540.0,CARD
R105593,2026-02-14,Soundbar,Electronics,46530.0,CARD
R105594,2026-02-14,Microwave,Appliances,39350.0,UPI_QR
R105595,2026-02-14,Jeans,Apparel,1120.0,CARD
R105596,2026-02-14,Power bank,Accessories,565.0,CARD
R105597,2026-02-14,Screen guard,Accessories,749.0,UPI_QR
R105598,2026-02-14,Microwave,Appliances,9560.0,UPI_QR
R105599,2026-02-14,Washing machine,Appliances,11250.0,CASH
R105600,2026-02-14,Laptop,Electronics,16210.0,CARD
R105601,2026-02-14,Dining table,Furniture,53550.0,CARD
R105602,2026-02-14,Screen guard,Accessories,283.0,CARD
R105603,2026-02-14,Phone case,Accessories,360.0,UPI_APP
R105604,2026-02-14,Sports shoes,Apparel,1050.0,CARD
R105605,2026-02-14,Cookware set,Home Essentials,753.0,CARD
R105606,2026-02-14,Charger,Accessories,452.0,CARD
R105607,2026-02-14,Bed frame,Furniture,18400.0,CASH
R105608,2026-02-14,Cookware set,Home Essentials,2310.0,CASH
R105609,2026-02-14,Formal shirt,Apparel,1280.0,CARD
R105610,2026-02-14,Earphones,Accessories,395.0,CARD
R105611,2026-02-14,Sports shoes,Apparel,1070.0,UPI_QR
R105612,2026-02-14,Power bank,Accessories,294.0,CARD
R105613,2026-02-14,Gaming console,Electronics,4630.0,UPI_QR
R105614,2026-02-14,Curtains,Home Essentials,612.0,UPI_QR
R105615,2026-02-14,Kurta set,Apparel,1070.0,UPI_APP
R105616,2026-02-14,Bedsheet set,Home Essentials,634.0,UPI_QR
R105617,2026-02-14,Jacket,Apparel,1350.0,UPI_QR
R105618,2026-02-14,Refrigerator,Appliances,11530.0,CARD
R105619,2026-02-14,Charger,Accessories,300.0,CARD
R105620,2026-02-14,Phone case,Accessories,354.0,CARD
R105621,2026-02-14,Earphones,Accessories,787.0,UPI_QR
R105622,2026-02-14,Charger,Accessories,488.0,CASH
R105623,2026-02-14,Earphones,Accessories,301.0,UPI_QR
R105624,2026-02-14,Kurta set,Apparel,1950.0,UPI_APP
R105625,2026-02-14,Bedsheet set,Home Essentials,776.0,CASH
R105626,2026-02-14,Formal shirt,Apparel,1790.0,CARD
R105627,2026-02-14,Formal shirt,Apparel,709.0,CARD
R105628,2026-02-14,Water purifier,Appliances,34490.0,UPI_APP
R105629,2026-02-14,Phone case,Accessories,830.0,UPI_APP
R105630,2026-02-14,Jeans,Apparel,1260.0,UPI_QR
R105631,2026-02-14,Air conditioner,Appliances,21380.0,UPI_APP
R105632,2026-02-14,Soundbar,Electronics,6320.0,UPI_QR
R105633,2026-02-14,Charger,Accessories,472.0,UPI_APP
R105634,2026-02-14,Power bank,Accessories,442.0,CARD
R105635,2026-02-14,Water purifier,Appliances,10440.0,CARD
R105636,2026-02-15,Jeans,Apparel,816.0,CARD
R105637,2026-02-15,Phone case,Accessories,400.0,UPI_QR
R105638,2026-02-15,Screen guard,Accessories,211.0,UPI_QR
R105639,2026-02-15,Kurta set,Apparel,2160.0,UPI_QR
R105640,2026-02-15,Washing machine,Appliances,15330.0,UPI_QR
R105641,2026-02-15,Phone case,Accessories,197.0,UPI_QR
R105642,2026-02-15,Formal shirt,Apparel,1410.0,CASH
R105643,2026-02-15,Jeans,Apparel,1040.0,UPI_QR
R105644,2026-02-15,Cookware set,Home Essentials,703.0,CARD
R105645,2026-02-15,Gaming console,Electronics,11160.0,CARD
R105646,2026-02-15,Jacket,Apparel,2050.0,UPI_QR
R105647,2026-02-15,Refrigerator,Appliances,26200.0,CARD
R105648,2026-02-15,Jeans,Apparel,1890.0,UPI_APP
R105649,2026-02-15,Charger,Accessories,352.0,UPI_QR
R105650,2026-02-15,Sports shoes,Apparel,2370.0,UPI_APP
R105651,2026-02-15,Sports shoes,Apparel,1710.0,CARD
R105652,2026-02-15,Sports shoes,Apparel,994.0,UPI_QR
R105653,2026-02-15,Smart TV 43in,Electronics,4010.0,UPI_QR
R105654,2026-02-15,Bed frame,Furniture,19330.0,CARD
R105655,2026-02-15,Jacket,Apparel,1220.0,CASH
R105656,2026-02-15,Tablet,Electronics,7850.0,UPI_QR
R105657,2026-02-15,Phone case,Accessories,171.0,UPI_QR
R105658,2026-02-15,Tablet,Electronics,25060.0,CARD
R105659,2026-02-15,Screen guard,Accessories,333.0,UPI_QR
R105660,2026-02-15,Earphones,Accessories,450.0,UPI_QR
R105661,2026-02-15,Earphones,Accessories,137.0,UPI_APP
R105662,2026-02-15,Storage box,Home Essentials,848.0,UPI_QR
R105663,2026-02-15,Charger,Accessories,317.0,UPI_APP
R105664,2026-02-15,Mixer jar,Home Essentials,1100.0,UPI_APP
R105665,2026-02-15,Mixer jar,Home Essentials,801.0,UPI_QR
R105666,2026-02-15,Charger,Accessories,383.0,CASH
R105667,2026-02-15,Wardrobe,Furniture,46470.0,CARD
R105668,2026-02-15,Screen guard,Accessories,301.0,CARD
R105669,2026-02-15,Mixer jar,Home Essentials,559.0,UPI_QR
R105670,2026-02-15,Power bank,Accessories,338.0,UPI_QR
R105671,2026-02-15,Bedsheet set,Home Essentials,1180.0,UPI_QR
R105672,2026-02-15,Jeans,Apparel,1310.0,UPI_QR
R105673,2026-02-15,Bedsheet set,Home Essentials,1220.0,UPI_APP
R105674,2026-02-15,Foldable phone,Mobiles,19420.0,UPI_APP
R105675,2026-02-15,Tablet,Electronics,4940.0,UPI_APP
R105676,2026-02-15,Earphones,Accessories,790.0,UPI_QR
R105677,2026-02-16,Storage box,Home Essentials,499.0,UPI_APP
R105678,2026-02-16,Tablet,Electronics,9780.0,CASH
R105679,2026-02-16,Soundbar,Electronics,16180.0,UPI_QR
R105680,2026-02-16,Formal shirt,Apparel,3250.0,CARD
R105681,2026-02-16,Curtains,Home Essentials,572.0,UPI_QR
R105682,2026-02-16,Washing machine,Appliances,15360.0,CARD
R105683,2026-02-16,Charger,Accessories,319.0,CASH
R105684,2026-02-16,Soundbar,Electronics,17470.0,CASH
R105685,2026-02-16,Jeans,Apparel,2180.0,CARD
R105686,2026-02-16,Smart TV 43in,Electronics,25170.0,UPI_APP
R105687,2026-02-16,Laptop,Electronics,32040.0,CARD
R105688,2026-02-16,Jacket,Apparel,2540.0,CARD
R105689,2026-02-16,Refrigerator,Appliances,25980.0,UPI_QR
R105690,2026-02-16,Earphones,Accessories,560.0,CARD
R105691,2026-02-16,Sports shoes,Apparel,858.0,UPI_APP
R105692,2026-02-16,Formal shirt,Apparel,1090.0,UPI_APP
R105693,2026-02-16,Power bank,Accessories,690.0,UPI_APP
R105694,2026-02-16,Jacket,Apparel,2220.0,CASH
R105695,2026-02-16,Power bank,Accessories,598.0,CASH
R105696,2026-02-16,Smartphone B,Mobiles,48480.0,UPI_QR
R105697,2026-02-16,Sports shoes,Apparel,1890.0,UPI_APP
R105698,2026-02-16,Screen guard,Accessories,574.0,CASH
R105699,2026-02-16,Mixer jar,Home Essentials,337.0,CARD
R105700,2026-02-16,Formal shirt,Apparel,1960.0,UPI_APP
R105701,2026-02-16,Sports shoes,Apparel,2010.0,CARD
R105702,2026-02-16,Power bank,Accessories,664.0,UPI_QR
R105703,2026-02-16,Jacket,Apparel,1210.0,UPI_QR
R105704,2026-02-16,Screen guard,Accessories,260.0,UPI_QR
R105705,2026-02-16,Kurta set,Apparel,1720.0,CARD
R105706,2026-02-16,Laptop,Electronics,6980.0,CARD
R105707,2026-02-16,Smart TV 43in,Electronics,33480.0,UPI_QR
R105708,2026-02-16,Storage box,Home Essentials,738.0,CARD
R105709,2026-02-16,Dining table,Furniture,12090.0,UPI_APP
R105710,2026-02-16,Bedsheet set,Home Essentials,1770.0,UPI_APP
R105711,2026-02-16,Washing machine,Appliances,10660.0,UPI_QR
R105712,2026-02-16,Power bank,Accessories,191.0,UPI_QR
R105713,2026-02-17,Sofa set,Furniture,25910.0,UPI_QR
R105714,2026-02-17,Jacket,Apparel,3640.0,UPI_APP
R105715,2026-02-17,Bedsheet set,Home Essentials,438.0,UPI_APP
R105716,2026-02-17,Gaming console,Electronics,76080.0,UPI_QR
R105717,2026-02-17,Soundbar,Electronics,118060.0,CARD
R105718,2026-02-17,Earphones,Accessories,582.0,UPI_QR
R105719,2026-02-17,Power bank,Accessories,695.0,UPI_QR
R105720,2026-02-17,Phone case,Accessories,217.0,CASH
R105721,2026-02-17,Sofa set,Furniture,10140.0,UPI_QR
R105722,2026-02-17,Wardrobe,Furniture,8670.0,CASH
R105723,2026-02-17,Refrigerator,Appliances,22830.0,CARD
R105724,2026-02-17,Formal shirt,Apparel,996.0,UPI_APP
R105725,2026-02-17,Cookware set,Home Essentials,730.0,UPI_APP
R105726,2026-02-17,Storage box,Home Essentials,498.0,UPI_QR
R105727,2026-02-17,Screen guard,Accessories,484.0,UPI_QR
R105728,2026-02-17,Smartphone A,Mobiles,19900.0,UPI_QR
R105729,2026-02-17,Sports shoes,Apparel,1450.0,UPI_APP
R105730,2026-02-17,Bed frame,Furniture,30980.0,CARD
R105731,2026-02-17,Soundbar,Electronics,4450.0,UPI_APP
R105732,2026-02-17,Microwave,Appliances,10860.0,UPI_QR
R105733,2026-02-17,Dining table,Furniture,11760.0,UPI_APP
R105734,2026-02-17,Power bank,Accessories,572.0,CARD
R105735,2026-02-17,Power bank,Accessories,210.0,UPI_QR
R105736,2026-02-18,Cookware set,Home Essentials,442.0,UPI_QR
R105737,2026-02-18,Tablet,Electronics,50720.0,CARD
R105738,2026-02-18,Gaming console,Electronics,12630.0,UPI_APP
R105739,2026-02-18,Power bank,Accessories,1300.0,UPI_QR
R105740,2026-02-18,Power bank,Accessories,936.0,UPI_QR
R105741,2026-02-18,Formal shirt,Apparel,1850.0,CASH
R105742,2026-02-18,Dining table,Furniture,34460.0,CARD
R105743,2026-02-18,Laptop,Electronics,31840.0,UPI_QR
R105744,2026-02-18,Jeans,Apparel,1840.0,CARD
R105745,2026-02-18,Curtains,Home Essentials,915.0,CARD
R105746,2026-02-18,Phone case,Accessories,651.0,CARD
R105747,2026-02-18,Jacket,Apparel,596.0,UPI_QR
R105748,2026-02-18,Microwave,Appliances,30760.0,CARD
R105749,2026-02-18,Kurta set,Apparel,569.0,CARD
R105750,2026-02-18,Cookware set,Home Essentials,247.0,CARD
R105751,2026-02-18,Cookware set,Home Essentials,1310.0,UPI_QR
R105752,2026-02-18,Refrigerator,Appliances,43830.0,CARD
R105753,2026-02-18,Earphones,Accessories,682.0,UPI_APP
R105754,2026-02-18,Formal shirt,Apparel,646.0,UPI_QR
R105755,2026-02-18,Washing machine,Appliances,12900.0,CASH
R105756,2026-02-18,Earphones,Accessories,685.0,UPI_QR
R105757,2026-02-18,Mixer jar,Home Essentials,549.0,UPI_QR
R105758,2026-02-18,Smart TV 43in,Electronics,4520.0,UPI_QR
R105759,2026-02-18,Formal shirt,Apparel,1100.0,CARD
R105760,2026-02-18,Smart TV 43in,Electronics,2050.0,CARD
R105761,2026-02-18,Phone case,Accessories,403.0,UPI_QR
R105762,2026-02-18,Charger,Accessories,379.0,CARD
R105763,2026-02-18,Phone case,Accessories,447.0,UPI_QR
R105764,2026-02-18,Jacket,Apparel,2970.0,UPI_QR
R105765,2026-02-18,Storage box,Home Essentials,2610.0,UPI_APP
R105766,2026-02-18,Mixer jar,Home Essentials,615.0,CASH
R105767,2026-02-18,Phone case,Accessories,632.0,UPI_QR
R105768,2026-02-18,Charger,Accessories,392.0,CARD
R105769,2026-02-18,Laptop,Electronics,21690.0,CARD
R105770,2026-02-18,Mixer jar,Home Essentials,1170.0,UPI_QR
R105771,2026-02-18,Charger,Accessories,409.0,UPI_QR
R105772,2026-02-19,Refrigerator,Appliances,39520.0,UPI_APP
R105773,2026-02-19,Charger,Accessories,225.0,UPI_APP
R105774,2026-02-19,Formal shirt,Apparel,1350.0,CARD
R105775,2026-02-19,Kurta set,Apparel,3970.0,CARD
R105776,2026-02-19,Sofa set,Furniture,27160.0,UPI_APP
R105777,2026-02-19,Power bank,Accessories,483.0,CASH
R105778,2026-02-19,Cookware set,Home Essentials,657.0,UPI_APP
R105779,2026-02-19,Screen guard,Accessories,411.0,UPI_APP
R105780,2026-02-19,Screen guard,Accessories,577.0,UPI_QR
R105781,2026-02-19,Phone case,Accessories,1040.0,UPI_QR
R105782,2026-02-19,Bedsheet set,Home Essentials,494.0,UPI_QR
R105783,2026-02-19,Jeans,Apparel,1840.0,UPI_QR
R105784,2026-02-19,Smartphone C,Mobiles,41390.0,CARD
R105785,2026-02-19,Smart TV 43in,Electronics,5960.0,UPI_QR
R105786,2026-02-19,Laptop,Electronics,37090.0,UPI_QR
R105787,2026-02-19,Jacket,Apparel,1660.0,CASH
R105788,2026-02-19,Cookware set,Home Essentials,328.0,UPI_APP
R105789,2026-02-19,Laptop,Electronics,16380.0,UPI_QR
R105790,2026-02-19,Curtains,Home Essentials,433.0,UPI_APP
R105791,2026-02-19,Smartphone B,Mobiles,19650.0,UPI_QR
R105792,2026-02-20,Earphones,Accessories,236.0,CASH
R105793,2026-02-20,Storage box,Home Essentials,1520.0,UPI_APP
R105794,2026-02-20,Power bank,Accessories,770.0,UPI_QR
R105795,2026-02-20,Refrigerator,Appliances,5660.0,UPI_QR
R105796,2026-02-20,Tablet,Electronics,70470.0,CARD
R105797,2026-02-20,Phone case,Accessories,586.0,CARD
R105798,2026-02-20,Formal shirt,Apparel,5540.0,UPI_QR
R105799,2026-02-20,Sports shoes,Apparel,733.0,CARD
R105800,2026-02-20,Mixer jar,Home Essentials,1050.0,UPI_QR
R105801,2026-02-20,Phone case,Accessories,1280.0,CARD
R105802,2026-02-20,Kurta set,Apparel,1570.0,CASH
R105803,2026-02-20,Laptop,Electronics,7030.0,CASH
R105804,2026-02-20,Charger,Accessories,572.0,CASH
R105805,2026-02-20,Earphones,Accessories,875.0,CARD
R105806,2026-02-20,Mixer jar,Home Essentials,1400.0,UPI_QR
R105807,2026-02-20,Jacket,Apparel,1360.0,CARD
R105808,2026-02-20,Jeans,Apparel,1490.0,CARD
R105809,2026-02-20,Jacket,Apparel,3390.0,CASH
R105810,2026-02-20,Curtains,Home Essentials,1310.0,UPI_APP
R105811,2026-02-20,Mixer jar,Home Essentials,710.0,CASH
R105812,2026-02-20,Soundbar,Electronics,7120.0,UPI_QR
R105813,2026-02-20,Laptop,Electronics,7590.0,CARD
R105814,2026-02-20,Kurta set,Apparel,982.0,CARD
R105815,2026-02-20,Smartphone C,Mobiles,29950.0,CARD
R105816,2026-02-20,Jeans,Apparel,1280.0,UPI_QR
R105817,2026-02-20,Power bank,Accessories,151.0,UPI_QR
R105818,2026-02-20,Smart TV 43in,Electronics,18930.0,UPI_QR
R105819,2026-02-21,Air conditioner,Appliances,11870.0,UPI_QR
R105820,2026-02-21,Smart TV 43in,Electronics,3340.0,UPI_QR
R105821,2026-02-21,Tablet,Electronics,11470.0,UPI_QR
R105822,2026-02-21,Formal shirt,Apparel,699.0,CARD
R105823,2026-02-21,Power bank,Accessories,149.0,UPI_APP
R105824,2026-02-21,Cookware set,Home Essentials,1070.0,CARD
R105825,2026-02-21,Jacket,Apparel,686.0,UPI_APP
R105826,2026-02-21,Phone case,Accessories,781.0,UPI_QR
R105827,2026-02-21,Formal shirt,Apparel,2120.0,UPI_QR
R105828,2026-02-21,Air conditioner,Appliances,12830.0,UPI_QR
R105829,2026-02-21,Curtains,Home Essentials,640.0,CARD
R105830,2026-02-21,Jeans,Apparel,1340.0,CARD
R105831,2026-02-21,Phone case,Accessories,553.0,UPI_QR
R105832,2026-02-21,Formal shirt,Apparel,1450.0,UPI_QR
R105833,2026-02-21,Screen guard,Accessories,978.0,UPI_QR
R105834,2026-02-21,Earphones,Accessories,1110.0,UPI_QR
R105835,2026-02-21,Jeans,Apparel,9480.0,CARD
R105836,2026-02-21,Kurta set,Apparel,1840.0,UPI_QR
R105837,2026-02-21,Formal shirt,Apparel,2310.0,CARD
R105838,2026-02-21,Dining table,Furniture,15460.0,CARD
R105839,2026-02-21,Kurta set,Apparel,793.0,CARD
R105840,2026-02-21,Storage box,Home Essentials,1100.0,UPI_QR
R105841,2026-02-21,Charger,Accessories,115.0,UPI_QR
R105842,2026-02-21,Formal shirt,Apparel,1030.0,UPI_QR
R105843,2026-02-21,Soundbar,Electronics,6770.0,UPI_APP
R105844,2026-02-21,Soundbar,Electronics,50130.0,UPI_QR
R105845,2026-02-21,Earphones,Accessories,427.0,CARD
R105846,2026-02-21,Screen guard,Accessories,376.0,UPI_APP
R105847,2026-02-21,Air conditioner,Appliances,15730.0,CASH
R105848,2026-02-21,Laptop,Electronics,20000.0,UPI_QR
R105849,2026-02-21,Smart TV 43in,Electronics,20180.0,UPI_QR
R105850,2026-02-21,Phone case,Accessories,844.0,CASH
R105851,2026-02-21,Air conditioner,Appliances,27360.0,UPI_APP
R105852,2026-02-21,Earphones,Accessories,653.0,UPI_APP
R105853,2026-02-21,Soundbar,Electronics,2990.0,UPI_QR
R105854,2026-02-21,Tablet,Electronics,16630.0,CARD
R105855,2026-02-21,Smart TV 43in,Electronics,10980.0,UPI_QR
R105856,2026-02-21,Screen guard,Accessories,1050.0,UPI_QR
R105857,2026-02-21,Cookware set,Home Essentials,859.0,CASH
R105858,2026-02-21,Charger,Accessories,306.0,CARD
R105859,2026-02-21,Gaming console,Electronics,9210.0,UPI_QR
R105860,2026-02-21,Earphones,Accessories,491.0,CARD
R105861,2026-02-21,Refrigerator,Appliances,28160.0,CARD
R105862,2026-02-21,Jacket,Apparel,1840.0,UPI_APP
R105863,2026-02-21,Power bank,Accessories,389.0,UPI_QR
R105864,2026-02-21,Power bank,Accessories,357.0,UPI_QR
R105865,2026-02-21,Jacket,Apparel,2810.0,UPI_APP
R105866,2026-02-21,Sofa set,Furniture,10460.0,UPI_QR
R105867,2026-02-22,Sports shoes,Apparel,1780.0,UPI_QR
R105868,2026-02-22,Charger,Accessories,354.0,CARD
R105869,2026-02-22,Charger,Accessories,924.0,UPI_QR
R105870,2026-02-22,Storage box,Home Essentials,1080.0,CARD
R105871,2026-02-22,Phone case,Accessories,952.0,UPI_APP
R105872,2026-02-22,Bedsheet set,Home Essentials,381.0,UPI_QR
R105873,2026-02-22,Foldable phone,Mobiles,26670.0,UPI_QR
R105874,2026-02-22,Air conditioner,Appliances,28660.0,UPI_APP
R105875,2026-02-22,Kurta set,Apparel,800.0,UPI_QR
R105876,2026-02-22,Power bank,Accessories,195.0,CARD
R105877,2026-02-22,Gaming console,Electronics,13360.0,CARD
R105878,2026-02-22,Tablet,Electronics,32260.0,UPI_QR
R105879,2026-02-22,Charger,Accessories,584.0,UPI_APP
R105880,2026-02-22,Gaming console,Electronics,9680.0,CASH
R105881,2026-02-22,Power bank,Accessories,321.0,UPI_QR
R105882,2026-02-22,Formal shirt,Apparel,1750.0,UPI_APP
R105883,2026-02-22,Air conditioner,Appliances,54220.0,CARD
R105884,2026-02-22,Wardrobe,Furniture,29330.0,UPI_APP
R105885,2026-02-22,Charger,Accessories,718.0,UPI_QR
R105886,2026-02-22,Sports shoes,Apparel,1390.0,UPI_APP
R105887,2026-02-22,Laptop,Electronics,11820.0,CASH
R105888,2026-02-22,Power bank,Accessories,258.0,UPI_APP
R105889,2026-02-22,Tablet,Electronics,65050.0,UPI_QR
R105890,2026-02-22,Smart TV 43in,Electronics,13370.0,UPI_APP
R105891,2026-02-22,Earphones,Accessories,352.0,UPI_QR
R105892,2026-02-22,Cookware set,Home Essentials,791.0,UPI_QR
R105893,2026-02-22,Air conditioner,Appliances,48680.0,UPI_QR
R105894,2026-02-22,Phone case,Accessories,660.0,CARD
R105895,2026-02-22,Screen guard,Accessories,707.0,CASH
R105896,2026-02-22,Gaming console,Electronics,16790.0,CARD
R105897,2026-02-22,Smartphone B,Mobiles,81890.0,CARD
R105898,2026-02-22,Microwave,Appliances,11620.0,CARD
R105899,2026-02-22,Gaming console,Electronics,12100.0,UPI_APP
R105900,2026-02-22,Laptop,Electronics,13540.0,CASH
R105901,2026-02-22,Charger,Accessories,638.0,UPI_QR
R105902,2026-02-22,Smart TV 43in,Electronics,4460.0,UPI_APP
R105903,2026-02-22,Bedsheet set,Home Essentials,752.0,UPI_APP
R105904,2026-02-22,Sports shoes,Apparel,2200.0,UPI_QR
R105905,2026-02-22,Earphones,Accessories,143.0,UPI_APP
R105906,2026-02-22,Air conditioner,Appliances,14110.0,UPI_APP
R105907,2026-02-22,Tablet,Electronics,16860.0,UPI_QR
R105908,2026-02-22,Sports shoes,Apparel,682.0,CASH
R105909,2026-02-22,Phone case,Accessories,1010.0,UPI_QR
R105910,2026-02-22,Cookware set,Home Essentials,631.0,CASH
R105911,2026-02-23,Phone case,Accessories,187.0,UPI_QR
R105912,2026-02-23,Sports shoes,Apparel,2040.0,UPI_APP
R105913,2026-02-23,Gaming console,Electronics,18010.0,CARD
R105914,2026-02-23,Formal shirt,Apparel,812.0,CASH
R105915,2026-02-23,Kurta set,Apparel,1210.0,UPI_QR
R105916,2026-02-23,Screen guard,Accessories,180.0,UPI_QR
R105917,2026-02-23,Sofa set,Furniture,8950.0,UPI_QR
R105918,2026-02-23,Bedsheet set,Home Essentials,678.0,UPI_QR
R105919,2026-02-23,Smart TV 43in,Electronics,45930.0,UPI_QR
R105920,2026-02-23,Power bank,Accessories,457.0,UPI_QR
R105921,2026-02-23,Smartphone B,Mobiles,15190.0,UPI_APP
R105922,2026-02-23,Microwave,Appliances,20170.0,CARD
R105923,2026-02-23,Mixer jar,Home Essentials,387.0,UPI_QR
R105924,2026-02-23,Laptop,Electronics,11300.0,UPI_QR
R105925,2026-02-23,Wardrobe,Furniture,12930.0,CARD
R105926,2026-02-23,Sports shoes,Apparel,3880.0,CARD
R105927,2026-02-23,Tablet,Electronics,17830.0,CARD
R105928,2026-02-23,Tablet,Electronics,54130.0,UPI_APP
R105929,2026-02-23,Curtains,Home Essentials,793.0,CARD
R105930,2026-02-23,Water purifier,Appliances,10180.0,CASH
R105931,2026-02-23,Jacket,Apparel,3490.0,CARD
R105932,2026-02-23,Phone case,Accessories,820.0,CARD
R105933,2026-02-24,Screen guard,Accessories,1420.0,CARD
R105934,2026-02-24,Smart TV 43in,Electronics,12740.0,CARD
R105935,2026-02-24,Jeans,Apparel,4370.0,UPI_APP
R105936,2026-02-24,Foldable phone,Mobiles,18780.0,UPI_APP
R105937,2026-02-24,Cookware set,Home Essentials,382.0,CARD
R105938,2026-02-24,Earphones,Accessories,304.0,UPI_QR
R105939,2026-02-24,Formal shirt,Apparel,2330.0,UPI_QR
R105940,2026-02-24,Bed frame,Furniture,16260.0,UPI_QR
R105941,2026-02-24,Kurta set,Apparel,728.0,UPI_QR
R105942,2026-02-24,Bed frame,Furniture,15910.0,CARD
R105943,2026-02-24,Refrigerator,Appliances,28390.0,UPI_APP
R105944,2026-02-24,Smartphone B,Mobiles,53150.0,CARD
R105945,2026-02-24,Bedsheet set,Home Essentials,1610.0,UPI_QR
R105946,2026-02-24,Foldable phone,Mobiles,31520.0,CARD
R105947,2026-02-24,Kurta set,Apparel,1580.0,CARD
R105948,2026-02-24,Earphones,Accessories,423.0,UPI_QR
R105949,2026-02-24,Smartphone A,Mobiles,24390.0,CARD
R105950,2026-02-24,Formal shirt,Apparel,1100.0,CARD
R105951,2026-02-24,Sofa set,Furniture,19100.0,UPI_QR
R105952,2026-02-24,Wardrobe,Furniture,5220.0,UPI_QR
R105953,2026-02-24,Gaming console,Electronics,5060.0,CARD
R105954,2026-02-24,Power bank,Accessories,121.0,CASH
R105955,2026-02-24,Smart TV 43in,Electronics,4770.0,CASH
R105956,2026-02-24,Sports shoes,Apparel,3980.0,UPI_QR
R105957,2026-02-24,Smartphone A,Mobiles,31330.0,CARD
R105958,2026-02-24,Earphones,Accessories,344.0,UPI_QR
R105959,2026-02-24,Earphones,Accessories,404.0,UPI_QR
R105960,2026-02-24,Sports shoes,Apparel,3120.0,CARD
R105961,2026-02-24,Curtains,Home Essentials,1750.0,UPI_QR
R105962,2026-02-24,Gaming console,Electronics,103560.0,UPI_QR
R105963,2026-02-25,Charger,Accessories,347.0,CARD
R105964,2026-02-25,Jeans,Apparel,573.0,CARD
R105965,2026-02-25,Tablet,Electronics,6020.0,CASH
R105966,2026-02-25,Water purifier,Appliances,18620.0,CARD
R105967,2026-02-25,Earphones,Accessories,636.0,CARD
R105968,2026-02-25,Bedsheet set,Home Essentials,1760.0,UPI_QR
R105969,2026-02-25,Soundbar,Electronics,15810.0,UPI_APP
R105970,2026-02-25,Earphones,Accessories,413.0,UPI_QR
R105971,2026-02-25,Phone case,Accessories,647.0,UPI_QR
R105972,2026-02-25,Tablet,Electronics,47810.0,UPI_QR
R105973,2026-02-25,Laptop,Electronics,10790.0,UPI_QR
R105974,2026-02-25,Soundbar,Electronics,45040.0,CARD
R105975,2026-02-25,Air conditioner,Appliances,38130.0,UPI_QR
R105976,2026-02-25,Power bank,Accessories,425.0,UPI_QR
R105977,2026-02-25,Curtains,Home Essentials,1110.0,CARD
R105978,2026-02-25,Smartphone A,Mobiles,30370.0,UPI_QR
R105979,2026-02-25,Kurta set,Apparel,1700.0,CASH
R105980,2026-02-25,Kurta set,Apparel,948.0,UPI_QR
R105981,2026-02-25,Mixer jar,Home Essentials,630.0,UPI_APP
R105982,2026-02-25,Dining table,Furniture,13690.0,UPI_QR
R105983,2026-02-25,Charger,Accessories,345.0,UPI_APP
R105984,2026-02-25,Tablet,Electronics,53770.0,CARD
R105985,2026-02-25,Smartphone A,Mobiles,47470.0,UPI_APP
R105986,2026-02-25,Laptop,Electronics,10080.0,UPI_QR
R105987,2026-02-25,Screen guard,Accessories,659.0,UPI_QR
R105988,2026-02-25,Storage box,Home Essentials,333.0,CASH
R105989,2026-02-25,Charger,Accessories,1360.0,UPI_QR
R105990,2026-02-25,Bed frame,Furniture,38770.0,CARD
R105991,2026-02-25,Phone case,Accessories,522.0,UPI_APP
R105992,2026-02-25,Screen guard,Accessories,287.0,CARD
R105993,2026-02-25,Storage box,Home Essentials,432.0,UPI_QR
R105994,2026-02-25,Dining table,Furniture,26200.0,UPI_QR
R105995,2026-02-25,Earphones,Accessories,934.0,CARD
R105996,2026-02-26,Storage box,Home Essentials,1210.0,UPI_QR
R105997,2026-02-26,Sports shoes,Apparel,2780.0,CARD
R105998,2026-02-26,Laptop,Electronics,1730.0,UPI_QR
R105999,2026-02-26,Kurta set,Apparel,2130.0,UPI_APP
R106000,2026-02-26,Bed frame,Furniture,5090.0,UPI_APP
R106001,2026-02-26,Soundbar,Electronics,9980.0,UPI_QR
R106002,2026-02-26,Mixer jar,Home Essentials,1270.0,UPI_QR
R106003,2026-02-26,Formal shirt,Apparel,1470.0,CARD
R106004,2026-02-26,Air conditioner,Appliances,60820.0,CARD
R106005,2026-02-26,Microwave,Appliances,20000.0,UPI_QR
R106006,2026-02-26,Dining table,Furniture,19100.0,CARD
R106007,2026-02-26,Kurta set,Apparel,1220.0,CARD
R106008,2026-02-26,Mixer jar,Home Essentials,925.0,UPI_APP
R106009,2026-02-26,Soundbar,Electronics,17280.0,UPI_QR
R106010,2026-02-26,Foldable phone,Mobiles,22850.0,CASH
R106011,2026-02-26,Storage box,Home Essentials,1600.0,UPI_QR
R106012,2026-02-26,Laptop,Electronics,5900.0,UPI_QR
R106013,2026-02-26,Sports shoes,Apparel,811.0,CARD
R106014,2026-02-26,Screen guard,Accessories,287.0,UPI_QR
R106015,2026-02-26,Formal shirt,Apparel,1790.0,CARD
R106016,2026-02-26,Charger,Accessories,812.0,UPI_APP
R106017,2026-02-26,Curtains,Home Essentials,784.0,UPI_QR
R106018,2026-02-26,Formal shirt,Apparel,992.0,CARD
R106019,2026-02-26,Air conditioner,Appliances,111920.0,CARD
R106020,2026-02-27,Sports shoes,Apparel,420.0,CARD
R106021,2026-02-27,Smartphone B,Mobiles,21760.0,CARD
R106022,2026-02-27,Formal shirt,Apparel,1220.0,UPI_APP
R106023,2026-02-27,Cookware set,Home Essentials,574.0,UPI_QR
R106024,2026-02-27,Sports shoes,Apparel,1480.0,UPI_QR
R106025,2026-02-27,Laptop,Electronics,5920.0,UPI_QR
R106026,2026-02-27,Smart TV 43in,Electronics,4410.0,CARD
R106027,2026-02-27,Curtains,Home Essentials,443.0,UPI_QR
R106028,2026-02-27,Kurta set,Apparel,876.0,UPI_QR
R106029,2026-02-27,Power bank,Accessories,549.0,UPI_QR
R106030,2026-02-27,Charger,Accessories,577.0,UPI_QR
R106031,2026-02-27,Jeans,Apparel,996.0,UPI_QR
R106032,2026-02-27,Screen guard,Accessories,757.0,UPI_QR
R106033,2026-02-27,Charger,Accessories,423.0,UPI_QR
R106034,2026-02-27,Screen guard,Accessories,717.0,CASH
R106035,2026-02-27,Phone case,Accessories,400.0,UPI_QR
R106036,2026-02-27,Power bank,Accessories,364.0,UPI_QR
R106037,2026-02-27,Kurta set,Apparel,3190.0,CASH
R106038,2026-02-27,Jacket,Apparel,1870.0,CARD
R106039,2026-02-27,Soundbar,Electronics,22390.0,UPI_APP
R106040,2026-02-27,Laptop,Electronics,11250.0,UPI_QR
R106041,2026-02-28,Smartphone A,Mobiles,19030.0,CASH
R106042,2026-02-28,Screen guard,Accessories,193.0,CARD
R106043,2026-02-28,Mixer jar,Home Essentials,570.0,UPI_QR
R106044,2026-02-28,Screen guard,Accessories,255.0,UPI_QR
R106045,2026-02-28,Sofa set,Furniture,7560.0,UPI_APP
R106046,2026-02-28,Laptop,Electronics,86220.0,UPI_APP
R106047,2026-02-28,Mixer jar,Home Essentials,137.0,CARD
R106048,2026-02-28,Cookware set,Home Essentials,498.0,UPI_APP
R106049,2026-02-28,Earphones,Accessories,538.0,UPI_QR
R106050,2026-02-28,Refrigerator,Appliances,24720.0,UPI_QR
R106051,2026-02-28,Cookware set,Home Essentials,588.0,CARD
R106052,2026-02-28,Kurta set,Apparel,1360.0,UPI_APP
R106053,2026-02-28,Cookware set,Home Essentials,2520.0,UPI_QR
R106054,2026-02-28,Sofa set,Furniture,8790.0,CARD
R106055,2026-02-28,Smart TV 43in,Electronics,7050.0,UPI_APP
R106056,2026-02-28,Charger,Accessories,412.0,CASH
R106057,2026-02-28,Sofa set,Furniture,11400.0,UPI_QR
R106058,2026-02-28,Jeans,Apparel,1050.0,CARD
R106059,2026-02-28,Formal shirt,Apparel,847.0,CASH
R106060,2026-02-28,Bedsheet set,Home Essentials,475.0,CASH
R106061,2026-02-28,Jeans,Apparel,860.0,CASH
R106062,2026-02-28,Kurta set,Apparel,4460.0,UPI_QR
R106063,2026-02-28,Kurta set,Apparel,1200.0,UPI_QR
R106064,2026-02-28,Power bank,Accessories,420.0,UPI_APP
R106065,2026-02-28,Bedsheet set,Home Essentials,469.0,CARD
R106066,2026-02-28,Refrigerator,Appliances,37010.0,UPI_QR
R106067,2026-02-28,Phone case,Accessories,1860.0,UPI_QR
R106068,2026-02-28,Bedsheet set,Home Essentials,575.0,CASH
R106069,2026-02-28,Mixer jar,Home Essentials,454.0,UPI_APP
R106070,2026-02-28,Soundbar,Electronics,14660.0,CARD
R106071,2026-02-28,Power bank,Accessories,220.0,UPI_QR
R106072,2026-02-28,Smart TV 43in,Electronics,6970.0,UPI_APP
R106073,2026-02-28,Phone case,Accessories,456.0,UPI_APP
R106074,2026-02-28,Earphones,Accessories,321.0,UPI_APP
R106075,2026-02-28,Phone case,Accessories,589.0,CARD
R106076,2026-02-28,Tablet,Electronics,9590.0,UPI_QR
R106077,2026-02-28,Storage box,Home Essentials,1250.0,UPI_APP
R106078,2026-02-28,Bed frame,Furniture,22540.0,UPI_QR
R106079,2026-02-28,Dining table,Furniture,23250.0,UPI_QR
R106080,2026-02-28,Cookware set,Home Essentials,814.0,UPI_APP
R106081,2026-02-28,Kurta set,Apparel,1020.0,CARD
R106082,2026-02-28,Jacket,Apparel,972.0,UPI_QR
R106083,2026-02-28,Gaming console,Electronics,8620.0,UPI_QR
R106084,2026-02-28,Gaming console,Electronics,12320.0,CASH
R106085,2026-03-01,Jeans,Apparel,932.0,CASH
R106086,2026-03-01,Charger,Accessories,229.0,CARD
R106087,2026-03-01,Smartphone B,Mobiles,21780.0,UPI_APP
R106088,2026-03-01,Bedsheet set,Home Essentials,2430.0,CARD
R106089,2026-03-01,Formal shirt,Apparel,1580.0,UPI_QR
R106090,2026-03-01,Air conditioner,Appliances,40860.0,UPI_QR
R106091,2026-03-01,Soundbar,Electronics,10510.0,CARD
R106092,2026-03-01,Charger,Accessories,563.0,UPI_APP
R106093,2026-03-01,Laptop,Electronics,31970.0,CARD
R106094,2026-03-01,Phone case,Accessories,381.0,UPI_QR
R106095,2026-03-01,Earphones,Accessories,902.0,CARD
R106096,2026-03-01,Smart TV 43in,Electronics,15420.0,CARD
R106097,2026-03-01,Charger,Accessories,424.0,UPI_QR
R106098,2026-03-01,Tablet,Electronics,15800.0,UPI_QR
R106099,2026-03-01,Smartphone C,Mobiles,15370.0,CARD
R106100,2026-03-01,Smartphone A,Mobiles,13960.0,UPI_QR
R106101,2026-03-01,Jacket,Apparel,1180.0,UPI_QR
R106102,2026-03-01,Earphones,Accessories,470.0,UPI_QR
R106103,2026-03-01,Earphones,Accessories,302.0,CARD
R106104,2026-03-01,Charger,Accessories,584.0,UPI_APP
R106105,2026-03-01,Charger,Accessories,651.0,UPI_APP
R106106,2026-03-01,Jeans,Apparel,1380.0,UPI_QR
R106107,2026-03-01,Charger,Accessories,703.0,CARD
R106108,2026-03-01,Earphones,Accessories,636.0,UPI_QR
R106109,2026-03-01,Bedsheet set,Home Essentials,473.0,CARD
R106110,2026-03-01,Smart TV 43in,Electronics,23720.0,UPI_QR
R106111,2026-03-01,Tablet,Electronics,11780.0,CARD
R106112,2026-03-01,Kurta set,Apparel,713.0,CASH
R106113,2026-03-01,Jacket,Apparel,573.0,UPI_APP
R106114,2026-03-01,Mixer jar,Home Essentials,553.0,UPI_APP
R106115,2026-03-01,Sports shoes,Apparel,1040.0,CARD
R106116,2026-03-01,Earphones,Accessories,525.0,CASH
R106117,2026-03-01,Formal shirt,Apparel,1350.0,UPI_APP
R106118,2026-03-02,Earphones,Accessories,299.0,CARD
R106119,2026-03-02,Soundbar,Electronics,57330.0,UPI_APP
R106120,2026-03-02,Charger,Accessories,315.0,UPI_QR
R106121,2026-03-02,Bed frame,Furniture,58740.0,CARD
R106122,2026-03-02,Microwave,Appliances,55600.0,UPI_QR
R106123,2026-03-02,Washing machine,Appliances,10810.0,CARD
R106124,2026-03-02,Soundbar,Electronics,12510.0,CARD
R106125,2026-03-02,Phone case,Accessories,265.0,UPI_QR
R106126,2026-03-02,Mixer jar,Home Essentials,1740.0,UPI_QR
R106127,2026-03-02,Jacket,Apparel,1530.0,CARD
R106128,2026-03-02,Cookware set,Home Essentials,234.0,UPI_QR
R106129,2026-03-02,Phone case,Accessories,272.0,CARD
R106130,2026-03-02,Storage box,Home Essentials,715.0,CARD
R106131,2026-03-02,Jacket,Apparel,4310.0,UPI_QR
R106132,2026-03-02,Washing machine,Appliances,9560.0,UPI_QR
R106133,2026-03-02,Sports shoes,Apparel,1680.0,CARD
R106134,2026-03-02,Gaming console,Electronics,14690.0,UPI_APP
R106135,2026-03-02,Sports shoes,Apparel,1920.0,UPI_QR
R106136,2026-03-02,Formal shirt,Apparel,1590.0,CARD
R106137,2026-03-02,Storage box,Home Essentials,583.0,UPI_APP
R106138,2026-03-02,Charger,Accessories,961.0,UPI_APP
R106139,2026-03-02,Curtains,Home Essentials,1470.0,UPI_APP
R106140,2026-03-02,Tablet,Electronics,23080.0,UPI_QR
R106141,2026-03-02,Screen guard,Accessories,604.0,UPI_QR
R106142,2026-03-02,Washing machine,Appliances,34400.0,UPI_QR
R106143,2026-03-02,Kurta set,Apparel,1710.0,CASH
R106144,2026-03-03,Screen guard,Accessories,204.0,UPI_APP
R106145,2026-03-03,Smart TV 43in,Electronics,16360.0,UPI_QR
R106146,2026-03-03,Earphones,Accessories,294.0,CARD
R106147,2026-03-03,Smart TV 43in,Electronics,33760.0,CARD
R106148,2026-03-03,Kurta set,Apparel,2130.0,CARD
R106149,2026-03-03,Smartphone A,Mobiles,10310.0,CARD
R106150,2026-03-03,Sports shoes,Apparel,1570.0,UPI_APP
R106151,2026-03-03,Curtains,Home Essentials,561.0,CASH
R106152,2026-03-03,Bedsheet set,Home Essentials,373.0,UPI_QR
R106153,2026-03-03,Soundbar,Electronics,9210.0,UPI_APP
R106154,2026-03-03,Smart TV 43in,Electronics,7010.0,UPI_QR
R106155,2026-03-03,Screen guard,Accessories,311.0,UPI_QR
R106156,2026-03-03,Kurta set,Apparel,2520.0,CARD
R106157,2026-03-03,Tablet,Electronics,21600.0,UPI_APP
R106158,2026-03-03,Air conditioner,Appliances,56540.0,CARD
R106159,2026-03-03,Gaming console,Electronics,7770.0,UPI_QR
R106160,2026-03-03,Soundbar,Electronics,3490.0,UPI_QR
R106161,2026-03-03,Jeans,Apparel,1320.0,UPI_APP
R106162,2026-03-03,Earphones,Accessories,870.0,UPI_APP
R106163,2026-03-03,Charger,Accessories,1290.0,UPI_QR
R106164,2026-03-03,Screen guard,Accessories,217.0,UPI_APP
R106165,2026-03-03,Bedsheet set,Home Essentials,1100.0,CARD
R106166,2026-03-03,Screen guard,Accessories,564.0,UPI_APP
R106167,2026-03-03,Gaming console,Electronics,5390.0,CASH
R106168,2026-03-03,Jeans,Apparel,1270.0,UPI_QR
R106169,2026-03-03,Kurta set,Apparel,1880.0,UPI_QR
R106170,2026-03-03,Bed frame,Furniture,24910.0,UPI_QR
R106171,2026-03-03,Dining table,Furniture,26370.0,CARD
R106172,2026-03-03,Phone case,Accessories,732.0,UPI_QR
R106173,2026-03-03,Jeans,Apparel,3510.0,UPI_QR
R106174,2026-03-03,Sports shoes,Apparel,1390.0,UPI_APP
R106175,2026-03-03,Refrigerator,Appliances,17870.0,UPI_QR
R106176,2026-03-04,Screen guard,Accessories,125.0,UPI_QR
R106177,2026-03-04,Air conditioner,Appliances,15730.0,UPI_APP
R106178,2026-03-04,Formal shirt,Apparel,1250.0,UPI_QR
R106179,2026-03-04,Phone case,Accessories,973.0,CASH
R106180,2026-03-04,Refrigerator,Appliances,19520.0,CARD
R106181,2026-03-04,Jeans,Apparel,796.0,CARD
R106182,2026-03-04,Kurta set,Apparel,259.0,CARD
R106183,2026-03-04,Gaming console,Electronics,27270.0,CASH
R106184,2026-03-04,Jeans,Apparel,2150.0,UPI_QR
R106185,2026-03-04,Office chair,Furniture,15750.0,UPI_QR
R106186,2026-03-04,Laptop,Electronics,987.0,CARD
R106187,2026-03-04,Formal shirt,Apparel,1960.0,CARD
R106188,2026-03-04,Gaming console,Electronics,34840.0,CARD
R106189,2026-03-04,Kurta set,Apparel,1280.0,UPI_QR
R106190,2026-03-04,Jacket,Apparel,951.0,CASH
R106191,2026-03-04,Jeans,Apparel,1030.0,UPI_APP
R106192,2026-03-04,Formal shirt,Apparel,2050.0,UPI_QR
R106193,2026-03-04,Foldable phone,Mobiles,42880.0,UPI_APP
R106194,2026-03-05,Power bank,Accessories,944.0,UPI_APP
R106195,2026-03-05,Sofa set,Furniture,8990.0,UPI_QR
R106196,2026-03-05,Office chair,Furniture,14220.0,CASH
R106197,2026-03-05,Screen guard,Accessories,1370.0,CASH
R106198,2026-03-05,Jeans,Apparel,1380.0,CARD
R106199,2026-03-05,Formal shirt,Apparel,1710.0,UPI_QR
R106200,2026-03-05,Cookware set,Home Essentials,745.0,CASH
R106201,2026-03-05,Charger,Accessories,1430.0,CASH
R106202,2026-03-05,Sofa set,Furniture,18480.0,UPI_QR
R106203,2026-03-05,Sofa set,Furniture,20470.0,CARD
R106204,2026-03-05,Storage box,Home Essentials,699.0,CASH
R106205,2026-03-05,Cookware set,Home Essentials,735.0,UPI_QR
R106206,2026-03-05,Charger,Accessories,1330.0,UPI_QR
R106207,2026-03-05,Jeans,Apparel,848.0,CARD
R106208,2026-03-05,Curtains,Home Essentials,909.0,CASH
R106209,2026-03-05,Office chair,Furniture,4510.0,UPI_APP
R106210,2026-03-05,Mixer jar,Home Essentials,925.0,CARD
R106211,2026-03-05,Kurta set,Apparel,1260.0,UPI_QR
R106212,2026-03-05,Kurta set,Apparel,595.0,CASH
R106213,2026-03-05,Screen guard,Accessories,983.0,UPI_APP
R106214,2026-03-05,Earphones,Accessories,312.0,UPI_QR
R106215,2026-03-05,Water purifier,Appliances,59400.0,CARD
R106216,2026-03-05,Microwave,Appliances,7980.0,CARD
R106217,2026-03-05,Kurta set,Apparel,920.0,CARD
R106218,2026-03-05,Air conditioner,Appliances,22260.0,UPI_QR
R106219,2026-03-05,Jacket,Apparel,1910.0,UPI_QR
R106220,2026-03-05,Earphones,Accessories,1680.0,UPI_QR
R106221,2026-03-05,Jacket,Apparel,3410.0,CASH
R106222,2026-03-06,Mixer jar,Home Essentials,663.0,CARD
R106223,2026-03-06,Formal shirt,Apparel,602.0,UPI_APP
R106224,2026-03-06,Jeans,Apparel,1230.0,CARD
R106225,2026-03-06,Jacket,Apparel,586.0,UPI_QR
R106226,2026-03-06,Jacket,Apparel,1380.0,CARD
R106227,2026-03-06,Jeans,Apparel,2590.0,UPI_QR
R106228,2026-03-06,Phone case,Accessories,618.0,UPI_APP
R106229,2026-03-06,Tablet,Electronics,15980.0,UPI_QR
R106230,2026-03-06,Charger,Accessories,175.0,UPI_QR
R106231,2026-03-06,Charger,Accessories,792.0,UPI_QR
R106232,2026-03-06,Tablet,Electronics,27270.0,UPI_QR
R106233,2026-03-06,Earphones,Accessories,512.0,UPI_APP
R106234,2026-03-06,Kurta set,Apparel,2590.0,UPI_QR
R106235,2026-03-06,Wardrobe,Furniture,12680.0,CARD
R106236,2026-03-06,Bedsheet set,Home Essentials,399.0,CARD
R106237,2026-03-06,Screen guard,Accessories,246.0,CARD
R106238,2026-03-06,Smart TV 43in,Electronics,45000.0,CARD
R106239,2026-03-06,Curtains,Home Essentials,792.0,CARD
R106240,2026-03-06,Earphones,Accessories,439.0,UPI_QR
R106241,2026-03-06,Bed frame,Furniture,12630.0,UPI_QR
R106242,2026-03-06,Cookware set,Home Essentials,346.0,CARD
R106243,2026-03-06,Curtains,Home Essentials,351.0,UPI_APP
R106244,2026-03-06,Jacket,Apparel,1330.0,UPI_QR
R106245,2026-03-06,Phone case,Accessories,174.0,UPI_APP
R106246,2026-03-06,Jacket,Apparel,2000.0,UPI_APP
R106247,2026-03-06,Phone case,Accessories,404.0,UPI_QR
R106248,2026-03-06,Phone case,Accessories,444.0,CARD
R106249,2026-03-06,Screen guard,Accessories,340.0,CARD
R106250,2026-03-06,Refrigerator,Appliances,14770.0,UPI_QR
R106251,2026-03-06,Phone case,Accessories,718.0,UPI_QR
R106252,2026-03-06,Formal shirt,Apparel,2150.0,UPI_QR
R106253,2026-03-07,Earphones,Accessories,1260.0,UPI_QR
R106254,2026-03-07,Phone case,Accessories,1300.0,UPI_APP
R106255,2026-03-07,Storage box,Home Essentials,201.0,UPI_QR
R106256,2026-03-07,Kurta set,Apparel,862.0,UPI_QR
R106257,2026-03-07,Bed frame,Furniture,31060.0,CARD
R106258,2026-03-07,Smart TV 43in,Electronics,12030.0,UPI_APP
R106259,2026-03-07,Sports shoes,Apparel,894.0,CARD
R106260,2026-03-07,Air conditioner,Appliances,8730.0,CARD
R106261,2026-03-07,Smart TV 43in,Electronics,8630.0,CARD
R106262,2026-03-07,Tablet,Electronics,19030.0,CASH
R106263,2026-03-07,Gaming console,Electronics,18700.0,CARD
R106264,2026-03-07,Earphones,Accessories,587.0,CARD
R106265,2026-03-07,Tablet,Electronics,40590.0,CARD
R106266,2026-03-07,Dining table,Furniture,15120.0,UPI_QR
R106267,2026-03-07,Jeans,Apparel,1130.0,UPI_QR
R106268,2026-03-07,Mixer jar,Home Essentials,527.0,UPI_QR
R106269,2026-03-07,Jeans,Apparel,655.0,UPI_QR
R106270,2026-03-07,Jacket,Apparel,679.0,UPI_QR
R106271,2026-03-07,Laptop,Electronics,8430.0,CARD
R106272,2026-03-07,Smartphone C,Mobiles,49870.0,CARD
R106273,2026-03-07,Screen guard,Accessories,387.0,UPI_QR
R106274,2026-03-07,Sports shoes,Apparel,625.0,CASH
R106275,2026-03-07,Refrigerator,Appliances,32610.0,CARD
R106276,2026-03-07,Tablet,Electronics,2800.0,UPI_QR
R106277,2026-03-07,Sofa set,Furniture,12150.0,UPI_QR
R106278,2026-03-07,Phone case,Accessories,164.0,UPI_QR
R106279,2026-03-07,Tablet,Electronics,17850.0,UPI_QR
R106280,2026-03-07,Bedsheet set,Home Essentials,975.0,UPI_QR
R106281,2026-03-07,Smart TV 43in,Electronics,13000.0,UPI_QR
R106282,2026-03-07,Gaming console,Electronics,16420.0,UPI_APP
R106283,2026-03-07,Microwave,Appliances,49140.0,UPI_QR
R106284,2026-03-07,Gaming console,Electronics,8620.0,UPI_APP
R106285,2026-03-07,Jeans,Apparel,1120.0,CARD
R106286,2026-03-07,Soundbar,Electronics,57090.0,CARD
R106287,2026-03-07,Power bank,Accessories,213.0,UPI_QR
R106288,2026-03-07,Screen guard,Accessories,1140.0,UPI_QR
R106289,2026-03-07,Formal shirt,Apparel,598.0,UPI_QR
R106290,2026-03-07,Charger,Accessories,274.0,CARD
R106291,2026-03-07,Jeans,Apparel,848.0,UPI_APP
R106292,2026-03-07,Gaming console,Electronics,16070.0,UPI_QR
R106293,2026-03-07,Storage box,Home Essentials,802.0,CASH
R106294,2026-03-07,Refrigerator,Appliances,15880.0,UPI_QR
R106295,2026-03-07,Screen guard,Accessories,1060.0,CARD
R106296,2026-03-08,Smart TV 43in,Electronics,33320.0,CARD
R106297,2026-03-08,Phone case,Accessories,448.0,CARD
R106298,2026-03-08,Jacket,Apparel,929.0,CASH
R106299,2026-03-08,Earphones,Accessories,694.0,UPI_APP
R106300,2026-03-08,Power bank,Accessories,730.0,UPI_QR
R106301,2026-03-08,Bedsheet set,Home Essentials,385.0,UPI_QR
R106302,2026-03-08,Earphones,Accessories,239.0,CARD
R106303,2026-03-08,Kurta set,Apparel,624.0,UPI_QR
R106304,2026-03-08,Cookware set,Home Essentials,400.0,UPI_QR
R106305,2026-03-08,Refrigerator,Appliances,25820.0,UPI_QR
R106306,2026-03-08,Mixer jar,Home Essentials,316.0,UPI_QR
R106307,2026-03-08,Kurta set,Apparel,1540.0,UPI_QR
R106308,2026-03-08,Earphones,Accessories,519.0,CARD
R106309,2026-03-08,Smartphone A,Mobiles,21250.0,CARD
R106310,2026-03-08,Smart TV 43in,Electronics,16170.0,UPI_APP
R106311,2026-03-08,Charger,Accessories,690.0,UPI_QR
R106312,2026-03-08,Sports shoes,Apparel,2040.0,UPI_APP
R106313,2026-03-08,Power bank,Accessories,1100.0,UPI_QR
R106314,2026-03-08,Kurta set,Apparel,866.0,UPI_QR
R106315,2026-03-08,Tablet,Electronics,11930.0,CASH
R106316,2026-03-08,Charger,Accessories,892.0,UPI_QR
R106317,2026-03-08,Jacket,Apparel,1190.0,UPI_QR
R106318,2026-03-08,Screen guard,Accessories,414.0,UPI_QR
R106319,2026-03-08,Mixer jar,Home Essentials,1210.0,UPI_QR
R106320,2026-03-08,Bedsheet set,Home Essentials,286.0,UPI_APP
R106321,2026-03-08,Earphones,Accessories,380.0,CASH
R106322,2026-03-08,Screen guard,Accessories,1510.0,CASH
R106323,2026-03-08,Charger,Accessories,189.0,UPI_QR
R106324,2026-03-08,Washing machine,Appliances,34040.0,CARD
R106325,2026-03-08,Curtains,Home Essentials,715.0,CARD
R106326,2026-03-08,Formal shirt,Apparel,990.0,CARD
R106327,2026-03-08,Formal shirt,Apparel,1110.0,CASH
R106328,2026-03-08,Jacket,Apparel,1160.0,UPI_QR
R106329,2026-03-08,Sports shoes,Apparel,634.0,UPI_APP
R106330,2026-03-09,Dining table,Furniture,19480.0,UPI_QR
R106331,2026-03-09,Air conditioner,Appliances,13180.0,UPI_QR
R106332,2026-03-09,Tablet,Electronics,31520.0,UPI_QR
R106333,2026-03-09,Jeans,Apparel,1220.0,CASH
R106334,2026-03-09,Mixer jar,Home Essentials,603.0,UPI_QR
R106335,2026-03-09,Smart TV 43in,Electronics,24670.0,UPI_QR
R106336,2026-03-09,Smart TV 43in,Electronics,5110.0,UPI_QR
R106337,2026-03-09,Phone case,Accessories,532.0,UPI_QR
R106338,2026-03-09,Jeans,Apparel,1370.0,UPI_APP
R106339,2026-03-09,Earphones,Accessories,496.0,CARD
R106340,2026-03-09,Earphones,Accessories,737.0,UPI_QR
R106341,2026-03-09,Jeans,Apparel,1120.0,UPI_QR
R106342,2026-03-09,Formal shirt,Apparel,769.0,CASH
R106343,2026-03-09,Soundbar,Electronics,39000.0,CARD
R106344,2026-03-09,Phone case,Accessories,340.0,CARD
R106345,2026-03-09,Kurta set,Apparel,301.0,CARD
R106346,2026-03-09,Wardrobe,Furniture,21980.0,CARD
R106347,2026-03-09,Storage box,Home Essentials,705.0,UPI_QR
R106348,2026-03-09,Mixer jar,Home Essentials,726.0,CARD
R106349,2026-03-09,Smart TV 43in,Electronics,10600.0,UPI_QR
R106350,2026-03-09,Dining table,Furniture,20650.0,CASH
R106351,2026-03-09,Charger,Accessories,211.0,UPI_APP
R106352,2026-03-09,Jacket,Apparel,932.0,UPI_QR
R106353,2026-03-09,Formal shirt,Apparel,1060.0,UPI_QR
R106354,2026-03-09,Air conditioner,Appliances,17730.0,UPI_QR
R106355,2026-03-09,Screen guard,Accessories,587.0,UPI_QR
R106356,2026-03-09,Jeans,Apparel,2220.0,CASH
R106357,2026-03-10,Charger,Accessories,898.0,CARD
R106358,2026-03-10,Screen guard,Accessories,310.0,CARD
R106359,2026-03-10,Cookware set,Home Essentials,391.0,UPI_QR
R106360,2026-03-10,Phone case,Accessories,297.0,CARD
R106361,2026-03-10,Screen guard,Accessories,968.0,CASH
R106362,2026-03-10,Soundbar,Electronics,19960.0,UPI_QR
R106363,2026-03-10,Screen guard,Accessories,740.0,CARD
R106364,2026-03-10,Kurta set,Apparel,1490.0,UPI_QR
R106365,2026-03-10,Smartphone A,Mobiles,43490.0,CARD
R106366,2026-03-10,Sports shoes,Apparel,2090.0,UPI_APP
R106367,2026-03-10,Smart TV 43in,Electronics,49130.0,CARD
R106368,2026-03-10,Office chair,Furniture,13630.0,CARD
R106369,2026-03-10,Dining table,Furniture,12210.0,UPI_QR
R106370,2026-03-10,Power bank,Accessories,501.0,CASH
R106371,2026-03-10,Storage box,Home Essentials,299.0,CARD
R106372,2026-03-10,Smartphone C,Mobiles,21300.0,UPI_QR
R106373,2026-03-10,Refrigerator,Appliances,58370.0,CARD
R106374,2026-03-10,Screen guard,Accessories,176.0,CARD
R106375,2026-03-10,Soundbar,Electronics,34430.0,CASH
R106376,2026-03-10,Kurta set,Apparel,2160.0,UPI_QR
R106377,2026-03-10,Cookware set,Home Essentials,932.0,CARD
R106378,2026-03-11,Bedsheet set,Home Essentials,650.0,CARD
R106379,2026-03-11,Screen guard,Accessories,381.0,UPI_APP
R106380,2026-03-11,Power bank,Accessories,305.0,UPI_QR
R106381,2026-03-11,Power bank,Accessories,554.0,CARD
R106382,2026-03-11,Phone case,Accessories,433.0,CASH
R106383,2026-03-11,Gaming console,Electronics,75910.0,CARD
R106384,2026-03-11,Curtains,Home Essentials,561.0,UPI_APP
R106385,2026-03-11,Gaming console,Electronics,25770.0,CARD
R106386,2026-03-11,Screen guard,Accessories,270.0,CASH
R106387,2026-03-11,Storage box,Home Essentials,492.0,UPI_APP
R106388,2026-03-11,Water purifier,Appliances,12860.0,UPI_QR
R106389,2026-03-11,Screen guard,Accessories,460.0,UPI_QR
R106390,2026-03-11,Office chair,Furniture,8910.0,CARD
R106391,2026-03-11,Gaming console,Electronics,23950.0,UPI_QR
R106392,2026-03-11,Power bank,Accessories,783.0,CARD
R106393,2026-03-11,Soundbar,Electronics,16370.0,UPI_QR
R106394,2026-03-11,Screen guard,Accessories,317.0,CARD
R106395,2026-03-11,Smartphone C,Mobiles,19270.0,UPI_QR
R106396,2026-03-11,Charger,Accessories,292.0,UPI_QR
R106397,2026-03-11,Washing machine,Appliances,34270.0,CARD
R106398,2026-03-11,Power bank,Accessories,392.0,CARD
R106399,2026-03-11,Cookware set,Home Essentials,642.0,CARD
R106400,2026-03-11,Screen guard,Accessories,1130.0,UPI_QR
R106401,2026-03-11,Phone case,Accessories,527.0,UPI_QR
R106402,2026-03-11,Curtains,Home Essentials,801.0,UPI_QR
R106403,2026-03-11,Sports shoes,Apparel,3040.0,CASH
R106404,2026-03-11,Soundbar,Electronics,18720.0,UPI_APP
R106405,2026-03-11,Bed frame,Furniture,16220.0,CASH
R106406,2026-03-11,Sports shoes,Apparel,1300.0,UPI_QR
R106407,2026-03-11,Dining table,Furniture,17390.0,CASH
R106408,2026-03-11,Screen guard,Accessories,455.0,CASH
R106409,2026-03-11,Phone case,Accessories,197.0,UPI_APP
R106410,2026-03-11,Screen guard,Accessories,383.0,UPI_QR
R106411,2026-03-12,Phone case,Accessories,343.0,UPI_QR
R106412,2026-03-12,Cookware set,Home Essentials,883.0,UPI_QR
R106413,2026-03-12,Curtains,Home Essentials,383.0,UPI_QR
R106414,2026-03-12,Refrigerator,Appliances,31520.0,CARD
R106415,2026-03-12,Sofa set,Furniture,18790.0,CARD
R106416,2026-03-12,Washing machine,Appliances,26720.0,CARD
R106417,2026-03-12,Bed frame,Furniture,15620.0,UPI_APP
R106418,2026-03-12,Power bank,Accessories,342.0,UPI_QR
R106419,2026-03-12,Charger,Accessories,1020.0,CASH
R106420,2026-03-12,Curtains,Home Essentials,629.0,CARD
R106421,2026-03-12,Power bank,Accessories,432.0,CARD
R106422,2026-03-12,Washing machine,Appliances,12460.0,UPI_QR
R106423,2026-03-12,Laptop,Electronics,10340.0,UPI_QR
R106424,2026-03-12,Kurta set,Apparel,1260.0,UPI_QR
R106425,2026-03-12,Charger,Accessories,1240.0,UPI_APP
R106426,2026-03-12,Bed frame,Furniture,31380.0,CARD
R106427,2026-03-12,Jacket,Apparel,2470.0,CASH
R106428,2026-03-12,Storage box,Home Essentials,225.0,CASH
R106429,2026-03-12,Formal shirt,Apparel,1020.0,CARD
R106430,2026-03-12,Earphones,Accessories,223.0,UPI_QR
R106431,2026-03-12,Mixer jar,Home Essentials,1100.0,UPI_QR
R106432,2026-03-12,Laptop,Electronics,32100.0,CARD
R106433,2026-03-12,Jacket,Apparel,435.0,UPI_QR
R106434,2026-03-12,Phone case,Accessories,331.0,CARD
R106435,2026-03-12,Screen guard,Accessories,289.0,CASH
R106436,2026-03-12,Sports shoes,Apparel,2040.0,UPI_QR
R106437,2026-03-12,Tablet,Electronics,22600.0,UPI_QR
R106438,2026-03-12,Earphones,Accessories,362.0,UPI_QR
R106439,2026-03-12,Foldable phone,Mobiles,20900.0,UPI_QR
R106440,2026-03-13,Tablet,Electronics,7310.0,UPI_QR
R106441,2026-03-13,Charger,Accessories,483.0,UPI_APP
R106442,2026-03-13,Screen guard,Accessories,244.0,UPI_QR
R106443,2026-03-13,Jacket,Apparel,5920.0,UPI_APP
R106444,2026-03-13,Charger,Accessories,174.0,CASH
R106445,2026-03-13,Laptop,Electronics,80210.0,CARD
R106446,2026-03-13,Smart TV 43in,Electronics,6600.0,UPI_APP
R106447,2026-03-13,Power bank,Accessories,368.0,CARD
R106448,2026-03-13,Jeans,Apparel,844.0,UPI_QR
R106449,2026-03-13,Phone case,Accessories,736.0,CARD
R106450,2026-03-13,Soundbar,Electronics,14720.0,UPI_QR
R106451,2026-03-13,Soundbar,Electronics,33950.0,CASH
R106452,2026-03-13,Kurta set,Apparel,2220.0,UPI_APP
R106453,2026-03-13,Jeans,Apparel,951.0,UPI_APP
R106454,2026-03-13,Charger,Accessories,967.0,CARD
R106455,2026-03-13,Wardrobe,Furniture,13860.0,UPI_APP
R106456,2026-03-13,Earphones,Accessories,472.0,CASH
R106457,2026-03-13,Smartphone C,Mobiles,64970.0,UPI_APP
R106458,2026-03-13,Earphones,Accessories,443.0,UPI_QR
R106459,2026-03-13,Washing machine,Appliances,16700.0,UPI_APP
R106460,2026-03-13,Sofa set,Furniture,46880.0,CARD
R106461,2026-03-13,Bed frame,Furniture,13100.0,CARD
R106462,2026-03-14,Kurta set,Apparel,727.0,CARD
R106463,2026-03-14,Cookware set,Home Essentials,2230.0,UPI_QR
R106464,2026-03-14,Phone case,Accessories,276.0,UPI_APP
R106465,2026-03-14,Bedsheet set,Home Essentials,476.0,CARD
R106466,2026-03-14,Power bank,Accessories,760.0,CARD
R106467,2026-03-14,Gaming console,Electronics,3670.0,UPI_APP
R106468,2026-03-14,Formal shirt,Apparel,1070.0,UPI_QR
R106469,2026-03-14,Foldable phone,Mobiles,64150.0,CARD
R106470,2026-03-14,Washing machine,Appliances,16390.0,UPI_APP
R106471,2026-03-14,Refrigerator,Appliances,15470.0,UPI_QR
R106472,2026-03-14,Gaming console,Electronics,13640.0,CARD
R106473,2026-03-14,Jacket,Apparel,1600.0,CASH
R106474,2026-03-14,Earphones,Accessories,545.0,CARD
R106475,2026-03-14,Laptop,Electronics,18330.0,UPI_APP
R106476,2026-03-14,Storage box,Home Essentials,963.0,UPI_APP
R106477,2026-03-14,Air conditioner,Appliances,34900.0,CARD
R106478,2026-03-14,Water purifier,Appliances,22320.0,CARD
R106479,2026-03-14,Charger,Accessories,530.0,CARD
R106480,2026-03-14,Refrigerator,Appliances,33780.0,CARD
R106481,2026-03-14,Storage box,Home Essentials,595.0,CARD
R106482,2026-03-14,Sports shoes,Apparel,2100.0,UPI_QR
R106483,2026-03-14,Screen guard,Accessories,1060.0,UPI_APP
R106484,2026-03-14,Laptop,Electronics,33080.0,UPI_APP
R106485,2026-03-14,Power bank,Accessories,255.0,UPI_QR
R106486,2026-03-14,Storage box,Home Essentials,934.0,UPI_QR
R106487,2026-03-14,Curtains,Home Essentials,510.0,CARD
R106488,2026-03-14,Soundbar,Electronics,35510.0,UPI_QR
R106489,2026-03-14,Formal shirt,Apparel,2290.0,CASH
R106490,2026-03-14,Refrigerator,Appliances,26070.0,UPI_APP
R106491,2026-03-14,Air conditioner,Appliances,41180.0,CASH
R106492,2026-03-14,Formal shirt,Apparel,1690.0,CASH
R106493,2026-03-14,Soundbar,Electronics,8340.0,UPI_APP
R106494,2026-03-14,Screen guard,Accessories,1030.0,CASH
R106495,2026-03-14,Earphones,Accessories,196.0,CARD
R106496,2026-03-14,Smart TV 43in,Electronics,15710.0,UPI_APP
R106497,2026-03-14,Formal shirt,Apparel,1410.0,UPI_APP
R106498,2026-03-14,Bedsheet set,Home Essentials,1970.0,CASH
R106499,2026-03-14,Cookware set,Home Essentials,775.0,CARD
R106500,2026-03-14,Earphones,Accessories,1370.0,UPI_APP
R106501,2026-03-14,Jeans,Apparel,1500.0,UPI_APP
R106502,2026-03-14,Curtains,Home Essentials,482.0,CASH
R106503,2026-03-14,Smartphone C,Mobiles,35630.0,CASH
R106504,2026-03-14,Jeans,Apparel,1470.0,CARD
R106505,2026-03-15,Gaming console,Electronics,15930.0,CASH
R106506,2026-03-15,Sports shoes,Apparel,1150.0,CARD
R106507,2026-03-15,Formal shirt,Apparel,1080.0,UPI_APP
R106508,2026-03-15,Soundbar,Electronics,45730.0,CARD
R106509,2026-03-15,Gaming console,Electronics,47640.0,UPI_APP
R106510,2026-03-15,Soundbar,Electronics,16580.0,UPI_QR
R106511,2026-03-15,Sports shoes,Apparel,2620.0,CARD
R106512,2026-03-15,Soundbar,Electronics,30980.0,CARD
R106513,2026-03-15,Refrigerator,Appliances,11410.0,UPI_QR
R106514,2026-03-15,Formal shirt,Apparel,903.0,UPI_QR
R106515,2026-03-15,Jacket,Apparel,457.0,UPI_QR
R106516,2026-03-15,Power bank,Accessories,573.0,UPI_QR
R106517,2026-03-15,Screen guard,Accessories,527.0,UPI_QR
R106518,2026-03-15,Smart TV 43in,Electronics,26990.0,UPI_APP
R106519,2026-03-15,Kurta set,Apparel,2250.0,CARD
R106520,2026-03-15,Bedsheet set,Home Essentials,452.0,CARD
R106521,2026-03-15,Screen guard,Accessories,245.0,CARD
R106522,2026-03-15,Jeans,Apparel,751.0,UPI_QR
R106523,2026-03-15,Kurta set,Apparel,2580.0,CARD
R106524,2026-03-15,Mixer jar,Home Essentials,851.0,UPI_APP
R106525,2026-03-15,Mixer jar,Home Essentials,688.0,CASH
R106526,2026-03-15,Storage box,Home Essentials,1530.0,UPI_APP
R106527,2026-03-15,Dining table,Furniture,5930.0,UPI_QR
R106528,2026-03-15,Phone case,Accessories,701.0,UPI_QR
R106529,2026-03-15,Power bank,Accessories,192.0,CASH
R106530,2026-03-15,Earphones,Accessories,242.0,UPI_QR
R106531,2026-03-15,Gaming console,Electronics,5180.0,UPI_APP
R106532,2026-03-15,Smartphone B,Mobiles,41660.0,CARD
R106533,2026-03-15,Charger,Accessories,531.0,UPI_APP
R106534,2026-03-15,Storage box,Home Essentials,1150.0,UPI_QR
R106535,2026-03-15,Soundbar,Electronics,38800.0,CARD
R106536,2026-03-15,Kurta set,Apparel,512.0,UPI_APP
R106537,2026-03-15,Charger,Accessories,510.0,CASH
R106538,2026-03-15,Storage box,Home Essentials,1050.0,CARD
R106539,2026-03-15,Earphones,Accessories,572.0,UPI_QR
R106540,2026-03-15,Wardrobe,Furniture,8290.0,CARD
R106541,2026-03-15,Charger,Accessories,1990.0,UPI_QR
R106542,2026-03-15,Jeans,Apparel,1190.0,UPI_APP
R106543,2026-03-15,Gaming console,Electronics,25580.0,CARD
R106544,2026-03-15,Curtains,Home Essentials,863.0,UPI_APP
R106545,2026-03-15,Smart TV 43in,Electronics,23280.0,CASH
R106546,2026-03-15,Mixer jar,Home Essentials,1860.0,CARD
R106547,2026-03-16,Laptop,Electronics,36440.0,CARD
R106548,2026-03-16,Mixer jar,Home Essentials,906.0,UPI_APP
R106549,2026-03-16,Soundbar,Electronics,15570.0,CARD
R106550,2026-03-16,Power bank,Accessories,325.0,UPI_APP
R106551,2026-03-16,Screen guard,Accessories,256.0,CARD
R106552,2026-03-16,Screen guard,Accessories,664.0,CASH
R106553,2026-03-16,Kurta set,Apparel,2060.0,UPI_APP
R106554,2026-03-16,Kurta set,Apparel,1290.0,UPI_QR
R106555,2026-03-16,Bed frame,Furniture,7890.0,UPI_QR
R106556,2026-03-16,Wardrobe,Furniture,27180.0,UPI_APP
R106557,2026-03-16,Earphones,Accessories,414.0,CARD
R106558,2026-03-16,Jeans,Apparel,1340.0,UPI_QR
R106559,2026-03-16,Phone case,Accessories,612.0,UPI_APP
R106560,2026-03-16,Gaming console,Electronics,23620.0,UPI_QR
R106561,2026-03-16,Screen guard,Accessories,306.0,CASH
R106562,2026-03-16,Microwave,Appliances,22400.0,UPI_QR
R106563,2026-03-16,Gaming console,Electronics,83560.0,CASH
R106564,2026-03-16,Cookware set,Home Essentials,446.0,UPI_APP
R106565,2026-03-17,Kurta set,Apparel,1300.0,UPI_QR
R106566,2026-03-17,Charger,Accessories,1990.0,CARD
R106567,2026-03-17,Smart TV 43in,Electronics,47350.0,UPI_QR
R106568,2026-03-17,Power bank,Accessories,1000.0,CARD
R106569,2026-03-17,Bedsheet set,Home Essentials,1990.0,UPI_QR
R106570,2026-03-17,Jacket,Apparel,1810.0,UPI_QR
R106571,2026-03-17,Refrigerator,Appliances,29260.0,UPI_QR
R106572,2026-03-17,Bed frame,Furniture,11540.0,UPI_QR
R106573,2026-03-17,Laptop,Electronics,34060.0,UPI_APP
R106574,2026-03-17,Charger,Accessories,1600.0,CARD
R106575,2026-03-17,Phone case,Accessories,398.0,UPI_APP
R106576,2026-03-17,Power bank,Accessories,1830.0,UPI_QR
R106577,2026-03-17,Tablet,Electronics,3170.0,UPI_APP
R106578,2026-03-17,Laptop,Electronics,18140.0,UPI_QR
R106579,2026-03-17,Charger,Accessories,704.0,CARD
R106580,2026-03-17,Jeans,Apparel,616.0,CARD
R106581,2026-03-17,Power bank,Accessories,379.0,UPI_QR
R106582,2026-03-17,Laptop,Electronics,22540.0,UPI_QR
R106583,2026-03-17,Smartphone A,Mobiles,24230.0,UPI_APP
R106584,2026-03-17,Screen guard,Accessories,373.0,CARD
R106585,2026-03-17,Smartphone A,Mobiles,11500.0,UPI_APP
R106586,2026-03-17,Phone case,Accessories,553.0,UPI_QR
R106587,2026-03-18,Jacket,Apparel,1210.0,UPI_APP
R106588,2026-03-18,Mixer jar,Home Essentials,642.0,UPI_APP
R106589,2026-03-18,Mixer jar,Home Essentials,370.0,UPI_APP
R106590,2026-03-18,Sports shoes,Apparel,925.0,UPI_APP
R106591,2026-03-18,Foldable phone,Mobiles,28530.0,UPI_APP
R106592,2026-03-18,Formal shirt,Apparel,1450.0,UPI_APP
R106593,2026-03-18,Screen guard,Accessories,389.0,CASH
R106594,2026-03-18,Curtains,Home Essentials,575.0,UPI_APP
R106595,2026-03-18,Screen guard,Accessories,606.0,CARD
R106596,2026-03-18,Charger,Accessories,606.0,UPI_APP
R106597,2026-03-18,Smart TV 43in,Electronics,28810.0,UPI_QR
R106598,2026-03-18,Screen guard,Accessories,306.0,UPI_QR
R106599,2026-03-18,Washing machine,Appliances,21100.0,CARD
R106600,2026-03-18,Jacket,Apparel,765.0,UPI_QR
R106601,2026-03-18,Screen guard,Accessories,1860.0,CARD
R106602,2026-03-18,Curtains,Home Essentials,753.0,CARD
R106603,2026-03-18,Smart TV 43in,Electronics,15790.0,UPI_APP
R106604,2026-03-18,Mixer jar,Home Essentials,579.0,CARD
R106605,2026-03-18,Jeans,Apparel,1210.0,CASH
R106606,2026-03-18,Earphones,Accessories,257.0,CARD
R106607,2026-03-18,Jacket,Apparel,862.0,UPI_APP
R106608,2026-03-18,Formal shirt,Apparel,1490.0,CARD
R106609,2026-03-18,Microwave,Appliances,12530.0,UPI_QR
R106610,2026-03-18,Phone case,Accessories,496.0,UPI_QR
R106611,2026-03-19,Wardrobe,Furniture,12250.0,UPI_QR
R106612,2026-03-19,Washing machine,Appliances,22690.0,UPI_QR
R106613,2026-03-19,Bedsheet set,Home Essentials,419.0,CASH
R106614,2026-03-19,Charger,Accessories,237.0,UPI_APP
R106615,2026-03-19,Storage box,Home Essentials,1430.0,CARD
R106616,2026-03-19,Laptop,Electronics,18310.0,UPI_QR
R106617,2026-03-19,Power bank,Accessories,412.0,CARD
R106618,2026-03-19,Sofa set,Furniture,19670.0,CARD
R106619,2026-03-19,Smartphone A,Mobiles,11260.0,UPI_QR
R106620,2026-03-19,Sofa set,Furniture,14840.0,UPI_QR
R106621,2026-03-19,Jeans,Apparel,1860.0,UPI_QR
R106622,2026-03-19,Microwave,Appliances,30570.0,CARD
R106623,2026-03-19,Gaming console,Electronics,9740.0,UPI_QR
R106624,2026-03-19,Curtains,Home Essentials,980.0,CASH
R106625,2026-03-19,Washing machine,Appliances,9990.0,CASH
R106626,2026-03-19,Refrigerator,Appliances,11230.0,CARD
R106627,2026-03-19,Sofa set,Furniture,8860.0,UPI_QR
R106628,2026-03-19,Charger,Accessories,448.0,UPI_QR
R106629,2026-03-19,Phone case,Accessories,150.0,CARD
R106630,2026-03-19,Bedsheet set,Home Essentials,673.0,UPI_QR
R106631,2026-03-19,Bedsheet set,Home Essentials,820.0,UPI_QR
R106632,2026-03-19,Formal shirt,Apparel,1050.0,UPI_QR
R106633,2026-03-19,Jacket,Apparel,542.0,UPI_QR
R106634,2026-03-19,Phone case,Accessories,717.0,UPI_QR
R106635,2026-03-19,Phone case,Accessories,332.0,UPI_QR
R106636,2026-03-19,Earphones,Accessories,399.0,UPI_QR
R106637,2026-03-19,Microwave,Appliances,28440.0,UPI_QR
R106638,2026-03-19,Charger,Accessories,206.0,CARD
R106639,2026-03-19,Jeans,Apparel,1140.0,CARD
R106640,2026-03-19,Earphones,Accessories,386.0,UPI_QR
R106641,2026-03-19,Bedsheet set,Home Essentials,889.0,CARD
R106642,2026-03-19,Screen guard,Accessories,1100.0,UPI_QR
R106643,2026-03-20,Screen guard,Accessories,695.0,UPI_APP
R106644,2026-03-20,Gaming console,Electronics,9980.0,UPI_QR
R106645,2026-03-20,Air conditioner,Appliances,16170.0,CARD
R106646,2026-03-20,Tablet,Electronics,10020.0,UPI_APP
R106647,2026-03-20,Tablet,Electronics,14750.0,CARD
R106648,2026-03-20,Water purifier,Appliances,20590.0,CARD
R106649,2026-03-20,Mixer jar,Home Essentials,728.0,UPI_QR
R106650,2026-03-20,Cookware set,Home Essentials,800.0,CARD
R106651,2026-03-20,Office chair,Furniture,9550.0,UPI_QR
R106652,2026-03-20,Screen guard,Accessories,255.0,UPI_QR
R106653,2026-03-20,Microwave,Appliances,7820.0,UPI_QR
R106654,2026-03-20,Earphones,Accessories,1100.0,CARD
R106655,2026-03-20,Office chair,Furniture,20750.0,UPI_QR
R106656,2026-03-20,Earphones,Accessories,153.0,UPI_QR
R106657,2026-03-20,Gaming console,Electronics,17940.0,UPI_QR
R106658,2026-03-20,Jeans,Apparel,2230.0,CARD
R106659,2026-03-20,Formal shirt,Apparel,1260.0,CASH
R106660,2026-03-20,Formal shirt,Apparel,1250.0,CASH
R106661,2026-03-20,Charger,Accessories,682.0,CARD
R106662,2026-03-20,Dining table,Furniture,19070.0,UPI_QR
R106663,2026-03-20,Refrigerator,Appliances,15510.0,CASH
R106664,2026-03-20,Charger,Accessories,332.0,UPI_APP
R106665,2026-03-20,Curtains,Home Essentials,887.0,CARD
R106666,2026-03-20,Phone case,Accessories,250.0,UPI_QR
R106667,2026-03-20,Curtains,Home Essentials,399.0,UPI_QR
R106668,2026-03-20,Sports shoes,Apparel,1380.0,UPI_QR
R106669,2026-03-20,Sports shoes,Apparel,935.0,UPI_QR
R106670,2026-03-20,Kurta set,Apparel,1060.0,UPI_APP
R106671,2026-03-20,Bed frame,Furniture,17250.0,CARD
R106672,2026-03-20,Sports shoes,Apparel,1620.0,UPI_QR
R106673,2026-03-20,Jeans,Apparel,2110.0,UPI_APP
R106674,2026-03-20,Refrigerator,Appliances,33170.0,CARD
R106675,2026-03-20,Power bank,Accessories,611.0,UPI_QR
R106676,2026-03-20,Power bank,Accessories,695.0,CARD
R106677,2026-03-20,Wardrobe,Furniture,37130.0,CARD
R106678,2026-03-20,Microwave,Appliances,7960.0,UPI_QR
R106679,2026-03-21,Jacket,Apparel,1640.0,CARD
R106680,2026-03-21,Smartphone B,Mobiles,29890.0,CARD
R106681,2026-03-21,Phone case,Accessories,462.0,UPI_QR
R106682,2026-03-21,Laptop,Electronics,24380.0,UPI_QR
R106683,2026-03-21,Kurta set,Apparel,1780.0,UPI_QR
R106684,2026-03-21,Bed frame,Furniture,7000.0,CARD
R106685,2026-03-21,Bed frame,Furniture,19290.0,CARD
R106686,2026-03-21,Office chair,Furniture,10960.0,UPI_QR
R106687,2026-03-21,Charger,Accessories,1010.0,CARD
R106688,2026-03-21,Charger,Accessories,755.0,UPI_QR
R106689,2026-03-21,Office chair,Furniture,9970.0,UPI_QR
R106690,2026-03-21,Kurta set,Apparel,1890.0,UPI_QR
R106691,2026-03-21,Screen guard,Accessories,358.0,CASH
R106692,2026-03-21,Earphones,Accessories,722.0,UPI_QR
R106693,2026-03-21,Jeans,Apparel,606.0,UPI_QR
R106694,2026-03-21,Formal shirt,Apparel,1960.0,CARD
R106695,2026-03-21,Microwave,Appliances,30640.0,UPI_APP
R106696,2026-03-21,Jeans,Apparel,1750.0,CASH
R106697,2026-03-21,Cookware set,Home Essentials,797.0,UPI_APP
R106698,2026-03-21,Earphones,Accessories,367.0,CASH
R106699,2026-03-21,Bedsheet set,Home Essentials,887.0,UPI_QR
R106700,2026-03-21,Jeans,Apparel,1880.0,UPI_QR
R106701,2026-03-21,Gaming console,Electronics,10060.0,UPI_QR
R106702,2026-03-21,Phone case,Accessories,660.0,UPI_QR
R106703,2026-03-21,Kurta set,Apparel,2600.0,UPI_QR
R106704,2026-03-21,Formal shirt,Apparel,1110.0,UPI_QR
R106705,2026-03-21,Smartphone B,Mobiles,22850.0,UPI_APP
R106706,2026-03-21,Charger,Accessories,744.0,CARD
R106707,2026-03-21,Power bank,Accessories,1720.0,CARD
R106708,2026-03-21,Screen guard,Accessories,996.0,UPI_QR
R106709,2026-03-21,Water purifier,Appliances,13550.0,CARD
R106710,2026-03-21,Earphones,Accessories,328.0,UPI_APP
R106711,2026-03-21,Soundbar,Electronics,6850.0,CARD
R106712,2026-03-21,Soundbar,Electronics,29690.0,UPI_QR
R106713,2026-03-21,Office chair,Furniture,16160.0,UPI_APP
R106714,2026-03-21,Screen guard,Accessories,207.0,UPI_APP
R106715,2026-03-21,Bed frame,Furniture,15750.0,CARD
R106716,2026-03-21,Phone case,Accessories,367.0,UPI_QR
R106717,2026-03-21,Phone case,Accessories,187.0,CARD
R106718,2026-03-21,Smartphone C,Mobiles,19250.0,CASH
R106719,2026-03-21,Gaming console,Electronics,14670.0,UPI_APP
R106720,2026-03-21,Earphones,Accessories,355.0,CARD
R106721,2026-03-22,Smartphone A,Mobiles,59970.0,CARD
R106722,2026-03-22,Formal shirt,Apparel,1400.0,CARD
R106723,2026-03-22,Phone case,Accessories,997.0,CARD
R106724,2026-03-22,Smartphone A,Mobiles,34990.0,UPI_QR
R106725,2026-03-22,Jeans,Apparel,3470.0,UPI_APP
R106726,2026-03-22,Mixer jar,Home Essentials,1100.0,UPI_QR
R106727,2026-03-22,Jeans,Apparel,910.0,UPI_QR
R106728,2026-03-22,Kurta set,Apparel,928.0,CARD
R106729,2026-03-22,Power bank,Accessories,338.0,CASH
R106730,2026-03-22,Storage box,Home Essentials,529.0,CARD
R106731,2026-03-22,Screen guard,Accessories,866.0,CARD
R106732,2026-03-22,Curtains,Home Essentials,1080.0,UPI_QR
R106733,2026-03-22,Charger,Accessories,242.0,CASH
R106734,2026-03-22,Kurta set,Apparel,2640.0,UPI_QR
R106735,2026-03-22,Earphones,Accessories,192.0,UPI_QR
R106736,2026-03-22,Earphones,Accessories,324.0,UPI_QR
R106737,2026-03-22,Charger,Accessories,511.0,UPI_APP
R106738,2026-03-22,Power bank,Accessories,136.0,CARD
R106739,2026-03-22,Jeans,Apparel,956.0,CARD
R106740,2026-03-22,Sofa set,Furniture,14480.0,CARD
R106741,2026-03-22,Office chair,Furniture,8460.0,UPI_QR
R106742,2026-03-22,Smartphone A,Mobiles,22320.0,CARD
R106743,2026-03-22,Earphones,Accessories,284.0,UPI_APP
R106744,2026-03-22,Formal shirt,Apparel,2370.0,UPI_APP
R106745,2026-03-22,Dining table,Furniture,23360.0,UPI_QR
R106746,2026-03-22,Jeans,Apparel,566.0,UPI_QR
R106747,2026-03-22,Charger,Accessories,799.0,CASH
R106748,2026-03-22,Earphones,Accessories,1410.0,UPI_APP
R106749,2026-03-22,Earphones,Accessories,411.0,UPI_APP
R106750,2026-03-22,Formal shirt,Apparel,1300.0,CARD
R106751,2026-03-22,Formal shirt,Apparel,1110.0,UPI_APP
R106752,2026-03-22,Formal shirt,Apparel,791.0,UPI_QR
R106753,2026-03-23,Soundbar,Electronics,28640.0,UPI_QR
R106754,2026-03-23,Soundbar,Electronics,27470.0,CARD
R106755,2026-03-23,Jeans,Apparel,1930.0,CARD
R106756,2026-03-23,Sports shoes,Apparel,1600.0,CARD
R106757,2026-03-23,Power bank,Accessories,182.0,CASH
R106758,2026-03-23,Phone case,Accessories,475.0,CASH
R106759,2026-03-23,Mixer jar,Home Essentials,413.0,UPI_QR
R106760,2026-03-23,Earphones,Accessories,490.0,CASH
R106761,2026-03-23,Smartphone A,Mobiles,20540.0,CARD
R106762,2026-03-23,Jacket,Apparel,1160.0,UPI_QR
R106763,2026-03-23,Earphones,Accessories,565.0,UPI_QR
R106764,2026-03-23,Wardrobe,Furniture,17090.0,UPI_QR
R106765,2026-03-23,Bedsheet set,Home Essentials,703.0,UPI_QR
R106766,2026-03-23,Phone case,Accessories,454.0,CARD
R106767,2026-03-23,Power bank,Accessories,442.0,UPI_QR
R106768,2026-03-23,Water purifier,Appliances,21780.0,UPI_QR
R106769,2026-03-23,Phone case,Accessories,789.0,UPI_APP
R106770,2026-03-23,Screen guard,Accessories,460.0,CASH
R106771,2026-03-23,Bed frame,Furniture,6210.0,UPI_APP
R106772,2026-03-23,Storage box,Home Essentials,733.0,UPI_APP
R106773,2026-03-23,Jeans,Apparel,812.0,UPI_QR
R106774,2026-03-23,Bed frame,Furniture,23400.0,UPI_APP
R106775,2026-03-23,Tablet,Electronics,37220.0,UPI_QR
R106776,2026-03-23,Smart TV 43in,Electronics,32550.0,CARD
R106777,2026-03-23,Kurta set,Apparel,3000.0,CARD
R106778,2026-03-24,Washing machine,Appliances,14850.0,UPI_QR
R106779,2026-03-24,Smart TV 43in,Electronics,23210.0,UPI_QR
R106780,2026-03-24,Smartphone B,Mobiles,35830.0,CARD
R106781,2026-03-24,Earphones,Accessories,272.0,CARD
R106782,2026-03-24,Charger,Accessories,2450.0,UPI_QR
R106783,2026-03-24,Charger,Accessories,392.0,UPI_APP
R106784,2026-03-24,Bedsheet set,Home Essentials,760.0,UPI_APP
R106785,2026-03-24,Earphones,Accessories,953.0,CARD
R106786,2026-03-24,Smart TV 43in,Electronics,10900.0,UPI_QR
R106787,2026-03-24,Tablet,Electronics,5430.0,UPI_APP
R106788,2026-03-24,Laptop,Electronics,17550.0,CARD
R106789,2026-03-24,Power bank,Accessories,317.0,UPI_QR
R106790,2026-03-24,Soundbar,Electronics,4960.0,UPI_QR
R106791,2026-03-24,Screen guard,Accessories,473.0,CARD
R106792,2026-03-24,Tablet,Electronics,77790.0,CASH
R106793,2026-03-24,Gaming console,Electronics,22420.0,UPI_QR
R106794,2026-03-24,Jeans,Apparel,907.0,UPI_APP
R106795,2026-03-24,Formal shirt,Apparel,1760.0,UPI_APP
R106796,2026-03-24,Smartphone A,Mobiles,28130.0,CARD
R106797,2026-03-24,Phone case,Accessories,401.0,CARD
R106798,2026-03-24,Jacket,Apparel,670.0,UPI_APP
R106799,2026-03-24,Kurta set,Apparel,1000.0,CARD
R106800,2026-03-24,Charger,Accessories,673.0,UPI_APP
R106801,2026-03-24,Phone case,Accessories,116.0,UPI_QR
R106802,2026-03-24,Phone case,Accessories,2130.0,UPI_QR
R106803,2026-03-25,Jeans,Apparel,1010.0,CARD
R106804,2026-03-25,Jeans,Apparel,2190.0,UPI_APP
R106805,2026-03-25,Sofa set,Furniture,34010.0,CARD
R106806,2026-03-25,Jacket,Apparel,1090.0,CASH
R106807,2026-03-25,Gaming console,Electronics,45170.0,CASH
R106808,2026-03-25,Jacket,Apparel,646.0,UPI_QR
R106809,2026-03-25,Sports shoes,Apparel,789.0,UPI_QR
R106810,2026-03-25,Smartphone A,Mobiles,29160.0,UPI_QR
R106811,2026-03-25,Phone case,Accessories,347.0,UPI_APP
R106812,2026-03-25,Refrigerator,Appliances,10360.0,UPI_QR
R106813,2026-03-25,Phone case,Accessories,663.0,UPI_QR
R106814,2026-03-25,Formal shirt,Apparel,1520.0,CASH
R106815,2026-03-25,Screen guard,Accessories,646.0,CARD
R106816,2026-03-25,Sports shoes,Apparel,1820.0,CASH
R106817,2026-03-25,Tablet,Electronics,31600.0,CARD
R106818,2026-03-25,Sports shoes,Apparel,2780.0,CASH
R106819,2026-03-25,Cookware set,Home Essentials,414.0,UPI_QR
R106820,2026-03-25,Charger,Accessories,317.0,CASH
R106821,2026-03-25,Jacket,Apparel,1120.0,CARD
R106822,2026-03-25,Power bank,Accessories,648.0,UPI_QR
R106823,2026-03-25,Sofa set,Furniture,12920.0,UPI_APP
R106824,2026-03-25,Washing machine,Appliances,18090.0,UPI_QR
R106825,2026-03-25,Bedsheet set,Home Essentials,550.0,UPI_QR
R106826,2026-03-25,Jacket,Apparel,2150.0,UPI_APP
R106827,2026-03-25,Earphones,Accessories,161.0,CARD
R106828,2026-03-25,Curtains,Home Essentials,1210.0,UPI_QR
R106829,2026-03-25,Foldable phone,Mobiles,34460.0,UPI_APP
R106830,2026-03-25,Tablet,Electronics,9400.0,CASH
R106831,2026-03-25,Charger,Accessories,452.0,UPI_QR
R106832,2026-03-25,Storage box,Home Essentials,484.0,UPI_APP
R106833,2026-03-26,Smartphone C,Mobiles,23940.0,UPI_QR
R106834,2026-03-26,Wardrobe,Furniture,5270.0,CASH
R106835,2026-03-26,Refrigerator,Appliances,16570.0,UPI_APP
R106836,2026-03-26,Bedsheet set,Home Essentials,908.0,UPI_QR
R106837,2026-03-26,Screen guard,Accessories,618.0,UPI_APP
R106838,2026-03-26,Earphones,Accessories,459.0,UPI_QR
R106839,2026-03-26,Laptop,Electronics,18350.0,CARD
R106840,2026-03-26,Office chair,Furniture,18250.0,UPI_QR
R106841,2026-03-26,Laptop,Electronics,34730.0,CASH
R106842,2026-03-26,Jeans,Apparel,916.0,UPI_QR
R106843,2026-03-26,Soundbar,Electronics,5550.0,CARD
R106844,2026-03-26,Phone case,Accessories,115.0,CARD
R106845,2026-03-26,Power bank,Accessories,1500.0,UPI_QR
R106846,2026-03-26,Charger,Accessories,275.0,CARD
R106847,2026-03-26,Formal shirt,Apparel,771.0,UPI_QR
R106848,2026-03-26,Sports shoes,Apparel,1420.0,UPI_QR
R106849,2026-03-26,Bed frame,Furniture,41920.0,CARD
R106850,2026-03-26,Power bank,Accessories,1060.0,UPI_APP
R106851,2026-03-26,Mixer jar,Home Essentials,1040.0,CASH
R106852,2026-03-26,Sports shoes,Apparel,839.0,UPI_QR
R106853,2026-03-26,Earphones,Accessories,609.0,UPI_QR
R106854,2026-03-26,Microwave,Appliances,54250.0,CARD
R106855,2026-03-26,Screen guard,Accessories,737.0,CARD
R106856,2026-03-26,Air conditioner,Appliances,27840.0,CARD
R106857,2026-03-26,Phone case,Accessories,672.0,CASH
R106858,2026-03-26,Bedsheet set,Home Essentials,1310.0,UPI_QR
R106859,2026-03-26,Tablet,Electronics,36360.0,CARD
R106860,2026-03-26,Charger,Accessories,199.0,UPI_APP
R106861,2026-03-26,Phone case,Accessories,206.0,UPI_QR
R106862,2026-03-26,Gaming console,Electronics,7560.0,UPI_QR
R106863,2026-03-26,Air conditioner,Appliances,78300.0,CARD
R106864,2026-03-26,Bed frame,Furniture,10410.0,UPI_QR
R106865,2026-03-26,Office chair,Furniture,11140.0,CARD
R106866,2026-03-26,Dining table,Furniture,9880.0,CARD
R106867,2026-03-26,Earphones,Accessories,701.0,CASH
R106868,2026-03-26,Jacket,Apparel,1330.0,CASH
R106869,2026-03-26,Phone case,Accessories,586.0,UPI_APP
R106870,2026-03-26,Charger,Accessories,296.0,UPI_APP
R106871,2026-03-26,Charger,Accessories,248.0,CASH
R106872,2026-03-26,Cookware set,Home Essentials,281.0,CARD
R106873,2026-03-26,Smart TV 43in,Electronics,8140.0,UPI_QR
R106874,2026-03-27,Screen guard,Accessories,505.0,CARD
R106875,2026-03-27,Screen guard,Accessories,529.0,CARD
R106876,2026-03-27,Screen guard,Accessories,419.0,UPI_QR
R106877,2026-03-27,Earphones,Accessories,203.0,CARD
R106878,2026-03-27,Phone case,Accessories,352.0,UPI_QR
R106879,2026-03-27,Sports shoes,Apparel,936.0,CARD
R106880,2026-03-27,Jacket,Apparel,1040.0,UPI_APP
R106881,2026-03-27,Bedsheet set,Home Essentials,1070.0,CARD
R106882,2026-03-27,Kurta set,Apparel,982.0,CASH
R106883,2026-03-27,Tablet,Electronics,112200.0,UPI_QR
R106884,2026-03-27,Office chair,Furniture,11150.0,UPI_QR
R106885,2026-03-27,Smart TV 43in,Electronics,2220.0,CARD
R106886,2026-03-27,Jacket,Apparel,2560.0,CARD
R106887,2026-03-27,Laptop,Electronics,4460.0,UPI_QR
R106888,2026-03-27,Kurta set,Apparel,557.0,CASH
R106889,2026-03-27,Smartphone A,Mobiles,18370.0,UPI_QR
R106890,2026-03-27,Microwave,Appliances,50590.0,CARD
R106891,2026-03-27,Soundbar,Electronics,3420.0,UPI_APP
R106892,2026-03-27,Sports shoes,Apparel,1840.0,UPI_APP
R106893,2026-03-27,Formal shirt,Apparel,1710.0,UPI_APP
R106894,2026-03-27,Washing machine,Appliances,45580.0,CARD
R106895,2026-03-27,Formal shirt,Apparel,2070.0,UPI_QR
R106896,2026-03-27,Water purifier,Appliances,14420.0,UPI_QR
R106897,2026-03-27,Wardrobe,Furniture,6720.0,CARD
R106898,2026-03-27,Formal shirt,Apparel,1430.0,UPI_APP
R106899,2026-03-27,Storage box,Home Essentials,1040.0,CASH
R106900,2026-03-27,Smart TV 43in,Electronics,10080.0,UPI_QR
R106901,2026-03-27,Charger,Accessories,396.0,UPI_QR
R106902,2026-03-27,Soundbar,Electronics,25220.0,UPI_QR
R106903,2026-03-28,Screen guard,Accessories,201.0,UPI_QR
R106904,2026-03-28,Cookware set,Home Essentials,352.0,CARD
R106905,2026-03-28,Power bank,Accessories,1300.0,UPI_QR
R106906,2026-03-28,Mixer jar,Home Essentials,876.0,UPI_QR
R106907,2026-03-28,Earphones,Accessories,351.0,UPI_QR
R106908,2026-03-28,Phone case,Accessories,283.0,UPI_QR
R106909,2026-03-28,Storage box,Home Essentials,596.0,UPI_APP
R106910,2026-03-28,Dining table,Furniture,7850.0,CASH
R106911,2026-03-28,Foldable phone,Mobiles,21140.0,CARD
R106912,2026-03-28,Screen guard,Accessories,201.0,UPI_QR
R106913,2026-03-28,Charger,Accessories,458.0,UPI_QR
R106914,2026-03-28,Refrigerator,Appliances,41260.0,CARD
R106915,2026-03-28,Earphones,Accessories,712.0,CARD
R106916,2026-03-28,Soundbar,Electronics,15380.0,UPI_QR
R106917,2026-03-28,Storage box,Home Essentials,861.0,CASH
R106918,2026-03-28,Earphones,Accessories,577.0,UPI_APP
R106919,2026-03-28,Screen guard,Accessories,233.0,UPI_APP
R106920,2026-03-28,Cookware set,Home Essentials,1290.0,UPI_APP
R106921,2026-03-28,Phone case,Accessories,623.0,UPI_QR
R106922,2026-03-28,Jeans,Apparel,1290.0,UPI_QR
R106923,2026-03-28,Power bank,Accessories,504.0,UPI_QR
R106924,2026-03-28,Kurta set,Apparel,2330.0,UPI_QR
R106925,2026-03-28,Gaming console,Electronics,20310.0,UPI_QR
R106926,2026-03-28,Charger,Accessories,395.0,UPI_APP
R106927,2026-03-28,Power bank,Accessories,537.0,UPI_APP
R106928,2026-03-28,Kurta set,Apparel,914.0,CARD
R106929,2026-03-28,Storage box,Home Essentials,652.0,UPI_QR
R106930,2026-03-28,Laptop,Electronics,47510.0,CARD
R106931,2026-03-28,Cookware set,Home Essentials,691.0,CASH
R106932,2026-03-28,Smart TV 43in,Electronics,9370.0,UPI_QR
R106933,2026-03-28,Screen guard,Accessories,674.0,UPI_APP
R106934,2026-03-28,Charger,Accessories,1600.0,UPI_QR
R106935,2026-03-28,Formal shirt,Apparel,2110.0,CARD
R106936,2026-03-28,Sports shoes,Apparel,1920.0,UPI_QR
R106937,2026-03-28,Kurta set,Apparel,1720.0,UPI_QR
R106938,2026-03-28,Jeans,Apparel,1740.0,UPI_APP
R106939,2026-03-29,Formal shirt,Apparel,476.0,UPI_QR
R106940,2026-03-29,Charger,Accessories,302.0,CARD
R106941,2026-03-29,Soundbar,Electronics,6140.0,UPI_QR
R106942,2026-03-29,Refrigerator,Appliances,70090.0,CARD
R106943,2026-03-29,Office chair,Furniture,4350.0,CARD
R106944,2026-03-29,Office chair,Furniture,26920.0,UPI_QR
R106945,2026-03-29,Earphones,Accessories,122.0,UPI_QR
R106946,2026-03-29,Sports shoes,Apparel,1700.0,UPI_QR
R106947,2026-03-29,Jeans,Apparel,2090.0,UPI_QR
R106948,2026-03-29,Laptop,Electronics,13930.0,CARD
R106949,2026-03-29,Jeans,Apparel,393.0,UPI_QR
R106950,2026-03-29,Soundbar,Electronics,16720.0,CARD
R106951,2026-03-29,Charger,Accessories,787.0,CARD
R106952,2026-03-29,Sports shoes,Apparel,1110.0,CARD
R106953,2026-03-29,Screen guard,Accessories,652.0,UPI_QR
R106954,2026-03-29,Soundbar,Electronics,13340.0,UPI_QR
R106955,2026-03-29,Foldable phone,Mobiles,11550.0,CARD
R106956,2026-03-29,Jeans,Apparel,576.0,UPI_QR
R106957,2026-03-29,Charger,Accessories,295.0,CARD
R106958,2026-03-29,Sports shoes,Apparel,1460.0,UPI_APP
R106959,2026-03-29,Jacket,Apparel,1250.0,CARD
R106960,2026-03-29,Soundbar,Electronics,9180.0,UPI_APP
R106961,2026-03-29,Mixer jar,Home Essentials,1190.0,UPI_APP
R106962,2026-03-29,Charger,Accessories,300.0,CASH
R106963,2026-03-29,Charger,Accessories,466.0,CARD
R106964,2026-03-29,Jeans,Apparel,1370.0,UPI_APP
R106965,2026-03-29,Mixer jar,Home Essentials,2070.0,CARD
R106966,2026-03-29,Sports shoes,Apparel,1460.0,UPI_APP
R106967,2026-03-29,Earphones,Accessories,529.0,UPI_APP
R106968,2026-03-29,Smartphone B,Mobiles,23040.0,UPI_QR
R106969,2026-03-29,Gaming console,Electronics,64120.0,UPI_QR
R106970,2026-03-29,Gaming console,Electronics,24480.0,CASH
R106971,2026-03-29,Smartphone C,Mobiles,18040.0,CARD
R106972,2026-03-29,Laptop,Electronics,13850.0,CARD
R106973,2026-03-29,Charger,Accessories,761.0,CARD
R106974,2026-03-30,Earphones,Accessories,333.0,CASH
R106975,2026-03-30,Phone case,Accessories,719.0,UPI_QR
R106976,2026-03-30,Charger,Accessories,322.0,CARD
R106977,2026-03-30,Bedsheet set,Home Essentials,709.0,UPI_QR
R106978,2026-03-30,Phone case,Accessories,661.0,CASH
R106979,2026-03-30,Smartphone C,Mobiles,35230.0,CARD
R106980,2026-03-30,Sports shoes,Apparel,2340.0,UPI_QR
R106981,2026-03-30,Screen guard,Accessories,281.0,UPI_QR
R106982,2026-03-30,Kurta set,Apparel,1770.0,UPI_QR
R106983,2026-03-30,Phone case,Accessories,255.0,CASH
R106984,2026-03-30,Wardrobe,Furniture,25660.0,CARD
R106985,2026-03-30,Cookware set,Home Essentials,835.0,UPI_QR
R106986,2026-03-30,Cookware set,Home Essentials,588.0,UPI_QR
R106987,2026-03-30,Jacket,Apparel,1750.0,UPI_APP
R106988,2026-03-30,Kurta set,Apparel,8170.0,UPI_QR
R106989,2026-03-30,Jeans,Apparel,814.0,CARD
R106990,2026-03-30,Storage box,Home Essentials,612.0,UPI_QR
R106991,2026-03-30,Mixer jar,Home Essentials,404.0,CARD
R106992,2026-03-30,Power bank,Accessories,949.0,UPI_QR
R106993,2026-03-30,Tablet,Electronics,64440.0,CARD
R106994,2026-03-30,Air conditioner,Appliances,11760.0,CARD
R106995,2026-03-30,Storage box,Home Essentials,502.0,UPI_QR
R106996,2026-03-30,Sports shoes,Apparel,1280.0,CASH
R106997,2026-03-30,Formal shirt,Apparel,667.0,CARD
R106998,2026-03-30,Water purifier,Appliances,32390.0,UPI_QR
R106999,2026-03-30,Kurta set,Apparel,1040.0,CARD
R107000,2026-03-30,Jacket,Apparel,1230.0,UPI_QR
R107001,2026-03-30,Refrigerator,Appliances,12290.0,UPI_QR
R107002,2026-03-30,Soundbar,Electronics,22470.0,CARD
R107003,2026-03-31,Screen guard,Accessories,640.0,UPI_APP
R107004,2026-03-31,Laptop,Electronics,39140.0,UPI_QR
R107005,2026-03-31,Office chair,Furniture,10340.0,UPI_QR
R107006,2026-03-31,Screen guard,Accessories,99.0,CARD
R107007,2026-03-31,Laptop,Electronics,30030.0,UPI_APP
R107008,2026-03-31,Phone case,Accessories,870.0,UPI_QR
R107009,2026-03-31,Foldable phone,Mobiles,36250.0,UPI_APP
R107010,2026-03-31,Earphones,Accessories,271.0,UPI_APP
R107011,2026-03-31,Charger,Accessories,531.0,UPI_QR
R107012,2026-03-31,Phone case,Accessories,253.0,UPI_QR
R107013,2026-03-31,Microwave,Appliances,23250.0,UPI_QR
R107014,2026-03-31,Gaming console,Electronics,7510.0,CARD
R107015,2026-03-31,Sports shoes,Apparel,837.0,CARD
R107016,2026-03-31,Phone case,Accessories,290.0,UPI_QR
R107017,2026-03-31,Jacket,Apparel,1000.0,UPI_QR
R107018,2026-03-31,Earphones,Accessories,248.0,UPI_QR
R107019,2026-03-31,Charger,Accessories,460.0,CARD
R107020,2026-03-31,Storage box,Home Essentials,373.0,UPI_APP
R107021,2026-03-31,Cookware set,Home Essentials,810.0,CARD
R107022,2026-03-31,Power bank,Accessories,1180.0,UPI_QR
R107023,2026-03-31,Bedsheet set,Home Essentials,865.0,UPI_APP
R107024,2026-03-31,Bed frame,Furniture,14930.0,CARD
R107025,2026-03-31,Washing machine,Appliances,21610.0,UPI_QR
R107026,2026-03-31,Storage box,Home Essentials,745.0,UPI_QR
R107027,2026-03-31,Sports shoes,Apparel,1270.0,CARD
R107028,2026-03-31,Air conditioner,Appliances,22260.0,CARD
R107029,2026-03-31,Earphones,Accessories,295.0,UPI_QR
R107030,2026-03-31,Smartphone B,Mobiles,53980.0,UPI_QR
R107031,2026-03-31,Charger,Accessories,373.0,UPI_QR
R107032,2026-03-31,Formal shirt,Apparel,3030.0,UPI_QR
R107033,2026-03-31,Screen guard,Accessories,286.0,UPI_QR
R107034,2026-03-31,Smart TV 43in,Electronics,6250.0,CARD
R107035,2026-04-01,Earphones,Accessories,154.0,UPI_APP
R107036,2026-04-01,Air conditioner,Appliances,35900.0,CARD
R107037,2026-04-01,Earphones,Accessories,433.0,UPI_QR
R107038,2026-04-01,Kurta set,Apparel,3420.0,UPI_APP
R107039,2026-04-01,Air conditioner,Appliances,8520.0,CARD
R107040,2026-04-01,Mixer jar,Home Essentials,829.0,CARD
R107041,2026-04-01,Laptop,Electronics,9900.0,UPI_APP
R107042,2026-04-01,Soundbar,Electronics,35490.0,CARD
R107043,2026-04-01,Phone case,Accessories,303.0,CARD
R107044,2026-04-01,Earphones,Accessories,214.0,UPI_QR
R107045,2026-04-01,Jacket,Apparel,3360.0,CARD
R107046,2026-04-01,Phone case,Accessories,326.0,CARD
R107047,2026-04-01,Jacket,Apparel,1040.0,CARD
R107048,2026-04-01,Wardrobe,Furniture,7700.0,UPI_QR
R107049,2026-04-01,Charger,Accessories,866.0,UPI_QR
R107050,2026-04-01,Bed frame,Furniture,6420.0,UPI_APP
R107051,2026-04-01,Sports shoes,Apparel,1280.0,UPI_QR
R107052,2026-04-01,Laptop,Electronics,48810.0,CARD
R107053,2026-04-01,Gaming console,Electronics,13270.0,UPI_QR
R107054,2026-04-01,Soundbar,Electronics,9200.0,UPI_APP
R107055,2026-04-01,Formal shirt,Apparel,2060.0,CARD
R107056,2026-04-01,Power bank,Accessories,660.0,UPI_QR
R107057,2026-04-02,Kurta set,Apparel,1920.0,UPI_APP
R107058,2026-04-02,Wardrobe,Furniture,6810.0,UPI_QR
R107059,2026-04-02,Phone case,Accessories,197.0,CARD
R107060,2026-04-02,Water purifier,Appliances,65380.0,CARD
R107061,2026-04-02,Air conditioner,Appliances,20060.0,CARD
R107062,2026-04-02,Phone case,Accessories,500.0,CARD
R107063,2026-04-02,Sports shoes,Apparel,1210.0,UPI_APP
R107064,2026-04-02,Jacket,Apparel,1400.0,CARD
R107065,2026-04-02,Smartphone C,Mobiles,17350.0,CARD
R107066,2026-04-02,Phone case,Accessories,238.0,UPI_APP
R107067,2026-04-02,Sofa set,Furniture,8890.0,UPI_APP
R107068,2026-04-02,Curtains,Home Essentials,481.0,CASH
R107069,2026-04-02,Smart TV 43in,Electronics,17570.0,CARD
R107070,2026-04-02,Air conditioner,Appliances,14220.0,CARD
R107071,2026-04-02,Screen guard,Accessories,442.0,UPI_QR
R107072,2026-04-02,Charger,Accessories,310.0,UPI_APP
R107073,2026-04-02,Gaming console,Electronics,7710.0,UPI_QR
R107074,2026-04-02,Cookware set,Home Essentials,547.0,UPI_QR
R107075,2026-04-02,Smartphone A,Mobiles,28170.0,UPI_APP
R107076,2026-04-02,Charger,Accessories,434.0,UPI_QR
R107077,2026-04-02,Mixer jar,Home Essentials,749.0,CARD
R107078,2026-04-02,Kurta set,Apparel,621.0,UPI_APP
R107079,2026-04-02,Laptop,Electronics,10250.0,CARD
R107080,2026-04-02,Jacket,Apparel,992.0,UPI_QR
R107081,2026-04-02,Sports shoes,Apparel,510.0,CARD
R107082,2026-04-02,Formal shirt,Apparel,2020.0,CARD
R107083,2026-04-02,Kurta set,Apparel,5150.0,CARD
R107084,2026-04-02,Curtains,Home Essentials,952.0,UPI_QR
R107085,2026-04-02,Dining table,Furniture,9830.0,CARD
R107086,2026-04-02,Charger,Accessories,483.0,UPI_QR
R107087,2026-04-02,Sports shoes,Apparel,707.0,CARD
R107088,2026-04-03,Tablet,Electronics,11860.0,CASH
R107089,2026-04-03,Charger,Accessories,342.0,CARD
R107090,2026-04-03,Charger,Accessories,415.0,UPI_QR
R107091,2026-04-03,Mixer jar,Home Essentials,241.0,CARD
R107092,2026-04-03,Power bank,Accessories,1390.0,UPI_APP
R107093,2026-04-03,Phone case,Accessories,430.0,UPI_APP
R107094,2026-04-03,Jeans,Apparel,805.0,UPI_QR
R107095,2026-04-03,Air conditioner,Appliances,41980.0,CARD
R107096,2026-04-03,Storage box,Home Essentials,927.0,UPI_QR
R107097,2026-04-03,Curtains,Home Essentials,934.0,UPI_QR
R107098,2026-04-03,Laptop,Electronics,22460.0,CARD
R107099,2026-04-03,Curtains,Home Essentials,504.0,UPI_QR
R107100,2026-04-03,Earphones,Accessories,1150.0,UPI_QR
R107101,2026-04-03,Office chair,Furniture,16840.0,UPI_APP
R107102,2026-04-03,Storage box,Home Essentials,646.0,UPI_QR
R107103,2026-04-03,Screen guard,Accessories,1030.0,CARD
R107104,2026-04-03,Screen guard,Accessories,342.0,CARD
R107105,2026-04-03,Microwave,Appliances,17080.0,CARD
R107106,2026-04-03,Phone case,Accessories,666.0,CARD
R107107,2026-04-03,Formal shirt,Apparel,2950.0,CARD
R107108,2026-04-03,Gaming console,Electronics,25130.0,CARD
R107109,2026-04-03,Charger,Accessories,701.0,UPI_QR
R107110,2026-04-04,Jeans,Apparel,971.0,UPI_QR
R107111,2026-04-04,Earphones,Accessories,689.0,CARD
R107112,2026-04-04,Earphones,Accessories,196.0,CARD
R107113,2026-04-04,Jacket,Apparel,3310.0,UPI_QR
R107114,2026-04-04,Soundbar,Electronics,25680.0,UPI_QR
R107115,2026-04-04,Cookware set,Home Essentials,712.0,UPI_APP
R107116,2026-04-04,Tablet,Electronics,13090.0,CASH
R107117,2026-04-04,Gaming console,Electronics,10050.0,UPI_APP
R107118,2026-04-04,Power bank,Accessories,417.0,CARD
R107119,2026-04-04,Mixer jar,Home Essentials,465.0,CARD
R107120,2026-04-04,Tablet,Electronics,11550.0,UPI_QR
R107121,2026-04-04,Jeans,Apparel,2020.0,UPI_QR
R107122,2026-04-04,Formal shirt,Apparel,3070.0,CARD
R107123,2026-04-04,Bed frame,Furniture,23140.0,UPI_APP
R107124,2026-04-04,Phone case,Accessories,839.0,UPI_APP
R107125,2026-04-04,Curtains,Home Essentials,540.0,UPI_QR
R107126,2026-04-04,Soundbar,Electronics,35660.0,CARD
R107127,2026-04-04,Jacket,Apparel,755.0,UPI_QR
R107128,2026-04-04,Gaming console,Electronics,36620.0,UPI_QR
R107129,2026-04-04,Jeans,Apparel,1880.0,UPI_APP
R107130,2026-04-04,Sports shoes,Apparel,1070.0,UPI_APP
R107131,2026-04-04,Mixer jar,Home Essentials,247.0,UPI_QR
R107132,2026-04-04,Bedsheet set,Home Essentials,482.0,UPI_QR
R107133,2026-04-04,Jacket,Apparel,1220.0,CASH
R107134,2026-04-04,Kurta set,Apparel,1440.0,UPI_QR
R107135,2026-04-04,Soundbar,Electronics,62270.0,CARD
R107136,2026-04-04,Screen guard,Accessories,408.0,CARD
R107137,2026-04-04,Office chair,Furniture,20420.0,CARD
R107138,2026-04-04,Mixer jar,Home Essentials,1150.0,UPI_APP
R107139,2026-04-04,Soundbar,Electronics,6970.0,UPI_QR
R107140,2026-04-04,Cookware set,Home Essentials,785.0,CARD
R107141,2026-04-05,Laptop,Electronics,3300.0,UPI_QR
R107142,2026-04-05,Formal shirt,Apparel,1920.0,UPI_APP
R107143,2026-04-05,Screen guard,Accessories,407.0,UPI_QR
R107144,2026-04-05,Sports shoes,Apparel,767.0,UPI_APP
R107145,2026-04-05,Phone case,Accessories,584.0,UPI_APP
R107146,2026-04-05,Cookware set,Home Essentials,809.0,UPI_QR
R107147,2026-04-05,Soundbar,Electronics,11620.0,UPI_APP
R107148,2026-04-05,Curtains,Home Essentials,2060.0,UPI_QR
R107149,2026-04-05,Formal shirt,Apparel,1190.0,UPI_QR
R107150,2026-04-05,Curtains,Home Essentials,311.0,UPI_QR
R107151,2026-04-05,Phone case,Accessories,308.0,UPI_QR
R107152,2026-04-05,Mixer jar,Home Essentials,585.0,UPI_QR
R107153,2026-04-05,Screen guard,Accessories,341.0,UPI_QR
R107154,2026-04-05,Bedsheet set,Home Essentials,1350.0,CARD
R107155,2026-04-05,Screen guard,Accessories,155.0,UPI_QR
R107156,2026-04-05,Screen guard,Accessories,223.0,CARD
R107157,2026-04-05,Laptop,Electronics,18490.0,UPI_QR
R107158,2026-04-05,Phone case,Accessories,2130.0,UPI_APP
R107159,2026-04-05,Power bank,Accessories,394.0,UPI_APP
R107160,2026-04-05,Earphones,Accessories,194.0,UPI_APP
R107161,2026-04-05,Jeans,Apparel,1720.0,CASH
R107162,2026-04-05,Sports shoes,Apparel,3550.0,CARD
R107163,2026-04-05,Soundbar,Electronics,22670.0,UPI_APP
R107164,2026-04-05,Kurta set,Apparel,3870.0,CARD
R107165,2026-04-05,Washing machine,Appliances,49450.0,CARD
R107166,2026-04-05,Screen guard,Accessories,1090.0,UPI_QR
R107167,2026-04-05,Phone case,Accessories,168.0,UPI_QR
R107168,2026-04-05,Sports shoes,Apparel,1700.0,UPI_QR
R107169,2026-04-05,Jeans,Apparel,801.0,CASH
R107170,2026-04-05,Jacket,Apparel,1390.0,UPI_QR
R107171,2026-04-05,Jeans,Apparel,804.0,CARD
R107172,2026-04-05,Cookware set,Home Essentials,543.0,CARD
R107173,2026-04-05,Tablet,Electronics,6510.0,UPI_QR
R107174,2026-04-05,Bedsheet set,Home Essentials,1880.0,UPI_QR
R107175,2026-04-05,Formal shirt,Apparel,532.0,CARD
R107176,2026-04-05,Sports shoes,Apparel,1640.0,UPI_APP
R107177,2026-04-05,Phone case,Accessories,218.0,UPI_QR
R107178,2026-04-05,Sports shoes,Apparel,959.0,CASH
R107179,2026-04-05,Power bank,Accessories,616.0,UPI_QR
R107180,2026-04-05,Cookware set,Home Essentials,1030.0,UPI_APP
R107181,2026-04-05,Kurta set,Apparel,2410.0,UPI_QR
R107182,2026-04-05,Sports shoes,Apparel,2940.0,CARD
R107183,2026-04-05,Charger,Accessories,383.0,UPI_APP
R107184,2026-04-05,Charger,Accessories,347.0,UPI_QR
R107185,2026-04-05,Microwave,Appliances,75600.0,UPI_APP
R107186,2026-04-05,Charger,Accessories,318.0,UPI_QR
R107187,2026-04-05,Charger,Accessories,992.0,UPI_QR
R107188,2026-04-05,Formal shirt,Apparel,960.0,UPI_APP
R107189,2026-04-05,Smart TV 43in,Electronics,26550.0,UPI_QR
R107190,2026-04-05,Kurta set,Apparel,819.0,UPI_APP
R107191,2026-04-06,Laptop,Electronics,23720.0,UPI_APP
R107192,2026-04-06,Jacket,Apparel,2370.0,UPI_QR
R107193,2026-04-06,Jeans,Apparel,1950.0,CARD
R107194,2026-04-06,Dining table,Furniture,15330.0,UPI_QR
R107195,2026-04-06,Dining table,Furniture,9980.0,CARD
R107196,2026-04-06,Phone case,Accessories,896.0,UPI_QR
R107197,2026-04-06,Screen guard,Accessories,127.0,UPI_APP
R107198,2026-04-06,Dining table,Furniture,15880.0,UPI_QR
R107199,2026-04-06,Bed frame,Furniture,19240.0,UPI_APP
R107200,2026-04-06,Gaming console,Electronics,37480.0,UPI_QR
R107201,2026-04-06,Phone case,Accessories,1430.0,UPI_QR
R107202,2026-04-06,Sports shoes,Apparel,1650.0,UPI_APP
R107203,2026-04-06,Storage box,Home Essentials,279.0,CARD
R107204,2026-04-06,Formal shirt,Apparel,4080.0,UPI_QR
R107205,2026-04-06,Jeans,Apparel,1430.0,UPI_QR
R107206,2026-04-06,Curtains,Home Essentials,1530.0,UPI_QR
R107207,2026-04-06,Sports shoes,Apparel,1140.0,UPI_QR
R107208,2026-04-06,Gaming console,Electronics,10040.0,CASH
R107209,2026-04-06,Sports shoes,Apparel,1680.0,CARD
R107210,2026-04-06,Screen guard,Accessories,552.0,UPI_APP
R107211,2026-04-06,Dining table,Furniture,7390.0,UPI_QR
R107212,2026-04-06,Refrigerator,Appliances,41090.0,CARD
R107213,2026-04-06,Charger,Accessories,240.0,CARD
R107214,2026-04-06,Jeans,Apparel,2040.0,UPI_QR
R107215,2026-04-06,Water purifier,Appliances,8180.0,UPI_QR
R107216,2026-04-06,Smart TV 43in,Electronics,8960.0,UPI_QR
R107217,2026-04-06,Water purifier,Appliances,10980.0,UPI_QR
R107218,2026-04-07,Curtains,Home Essentials,686.0,UPI_QR
R107219,2026-04-07,Jacket,Apparel,2850.0,UPI_QR
R107220,2026-04-07,Sofa set,Furniture,15650.0,UPI_APP
R107221,2026-04-07,Kurta set,Apparel,770.0,UPI_QR
R107222,2026-04-07,Cookware set,Home Essentials,923.0,UPI_APP
R107223,2026-04-07,Sofa set,Furniture,9670.0,UPI_QR
R107224,2026-04-07,Charger,Accessories,619.0,CARD
R107225,2026-04-07,Cookware set,Home Essentials,508.0,UPI_QR
R107226,2026-04-07,Bed frame,Furniture,5800.0,CARD
R107227,2026-04-07,Phone case,Accessories,488.0,CARD
R107228,2026-04-07,Gaming console,Electronics,6130.0,UPI_APP
R107229,2026-04-07,Phone case,Accessories,282.0,CARD
R107230,2026-04-07,Smart TV 43in,Electronics,16790.0,UPI_QR
R107231,2026-04-07,Refrigerator,Appliances,11820.0,UPI_QR
R107232,2026-04-07,Mixer jar,Home Essentials,459.0,CASH
R107233,2026-04-07,Kurta set,Apparel,1230.0,UPI_QR
R107234,2026-04-07,Curtains,Home Essentials,924.0,UPI_APP
R107235,2026-04-07,Earphones,Accessories,804.0,CARD
R107236,2026-04-07,Curtains,Home Essentials,839.0,CARD
R107237,2026-04-07,Gaming console,Electronics,35660.0,CARD
R107238,2026-04-07,Charger,Accessories,362.0,CARD
R107239,2026-04-07,Curtains,Home Essentials,374.0,CARD
R107240,2026-04-07,Charger,Accessories,750.0,UPI_QR
R107241,2026-04-07,Storage box,Home Essentials,588.0,UPI_QR
R107242,2026-04-07,Soundbar,Electronics,51970.0,UPI_QR
R107243,2026-04-07,Curtains,Home Essentials,1430.0,UPI_QR
R107244,2026-04-07,Phone case,Accessories,737.0,CARD
R107245,2026-04-07,Air conditioner,Appliances,36490.0,CARD
R107246,2026-04-07,Charger,Accessories,193.0,UPI_QR
R107247,2026-04-07,Bedsheet set,Home Essentials,912.0,CARD
R107248,2026-04-07,Jacket,Apparel,1130.0,UPI_QR
R107249,2026-04-08,Charger,Accessories,1110.0,CARD
R107250,2026-04-08,Power bank,Accessories,475.0,UPI_QR
R107251,2026-04-08,Washing machine,Appliances,49280.0,CASH
R107252,2026-04-08,Wardrobe,Furniture,7850.0,UPI_QR
R107253,2026-04-08,Tablet,Electronics,17370.0,UPI_QR
R107254,2026-04-08,Kurta set,Apparel,505.0,UPI_QR
R107255,2026-04-08,Storage box,Home Essentials,904.0,CARD
R107256,2026-04-08,Phone case,Accessories,286.0,UPI_APP
R107257,2026-04-08,Earphones,Accessories,369.0,UPI_QR
R107258,2026-04-08,Tablet,Electronics,22010.0,CARD
R107259,2026-04-08,Power bank,Accessories,1630.0,UPI_APP
R107260,2026-04-08,Mixer jar,Home Essentials,1020.0,UPI_QR
R107261,2026-04-08,Tablet,Electronics,14770.0,CARD
R107262,2026-04-08,Sports shoes,Apparel,1490.0,UPI_QR
R107263,2026-04-08,Smartphone B,Mobiles,16450.0,CASH
R107264,2026-04-08,Gaming console,Electronics,2540.0,UPI_APP
R107265,2026-04-08,Mixer jar,Home Essentials,1030.0,UPI_QR
R107266,2026-04-08,Gaming console,Electronics,8800.0,UPI_APP
R107267,2026-04-08,Gaming console,Electronics,19240.0,UPI_QR
R107268,2026-04-08,Screen guard,Accessories,252.0,UPI_APP
R107269,2026-04-08,Earphones,Accessories,2340.0,UPI_APP
R107270,2026-04-08,Washing machine,Appliances,27700.0,UPI_QR
R107271,2026-04-08,Soundbar,Electronics,33230.0,UPI_QR
R107272,2026-04-08,Curtains,Home Essentials,589.0,UPI_QR
R107273,2026-04-08,Mixer jar,Home Essentials,293.0,UPI_QR
R107274,2026-04-08,Soundbar,Electronics,10630.0,CARD
R107275,2026-04-09,Curtains,Home Essentials,808.0,UPI_APP
R107276,2026-04-09,Smartphone A,Mobiles,16270.0,CARD
R107277,2026-04-09,Smartphone C,Mobiles,21850.0,CASH
R107278,2026-04-09,Curtains,Home Essentials,421.0,UPI_APP
R107279,2026-04-09,Smart TV 43in,Electronics,53330.0,UPI_APP
R107280,2026-04-09,Laptop,Electronics,14400.0,UPI_QR
R107281,2026-04-09,Power bank,Accessories,555.0,CASH
R107282,2026-04-09,Jacket,Apparel,2320.0,UPI_QR
R107283,2026-04-09,Charger,Accessories,473.0,UPI_QR
R107284,2026-04-09,Earphones,Accessories,183.0,CARD
R107285,2026-04-09,Bedsheet set,Home Essentials,1110.0,CASH
R107286,2026-04-09,Gaming console,Electronics,19300.0,UPI_APP
R107287,2026-04-09,Charger,Accessories,425.0,CARD
R107288,2026-04-09,Kurta set,Apparel,1700.0,CARD
R107289,2026-04-09,Water purifier,Appliances,21200.0,CARD
R107290,2026-04-09,Earphones,Accessories,423.0,UPI_QR
R107291,2026-04-09,Screen guard,Accessories,306.0,UPI_QR
R107292,2026-04-09,Power bank,Accessories,435.0,UPI_APP
R107293,2026-04-09,Wardrobe,Furniture,16300.0,CARD
R107294,2026-04-09,Smartphone B,Mobiles,42470.0,CARD
R107295,2026-04-09,Laptop,Electronics,37800.0,CARD
R107296,2026-04-09,Laptop,Electronics,15580.0,CARD
R107297,2026-04-09,Mixer jar,Home Essentials,678.0,UPI_QR
R107298,2026-04-09,Foldable phone,Mobiles,49440.0,CARD
R107299,2026-04-09,Kurta set,Apparel,1190.0,UPI_QR
R107300,2026-04-09,Soundbar,Electronics,44290.0,CARD
R107301,2026-04-09,Formal shirt,Apparel,1750.0,CASH
R107302,2026-04-09,Jeans,Apparel,1250.0,UPI_QR
R107303,2026-04-09,Sports shoes,Apparel,2210.0,CARD
R107304,2026-04-09,Kurta set,Apparel,2860.0,UPI_APP
R107305,2026-04-09,Earphones,Accessories,1630.0,UPI_QR
R107306,2026-04-09,Air conditioner,Appliances,48940.0,UPI_APP
R107307,2026-04-09,Tablet,Electronics,6580.0,UPI_QR
R107308,2026-04-09,Screen guard,Accessories,964.0,CARD
R107309,2026-04-10,Kurta set,Apparel,1280.0,UPI_APP
R107310,2026-04-10,Phone case,Accessories,358.0,UPI_APP
R107311,2026-04-10,Earphones,Accessories,246.0,UPI_APP
R107312,2026-04-10,Formal shirt,Apparel,842.0,UPI_APP
R107313,2026-04-10,Formal shirt,Apparel,1070.0,UPI_APP
R107314,2026-04-10,Kurta set,Apparel,926.0,UPI_QR
R107315,2026-04-10,Power bank,Accessories,417.0,UPI_APP
R107316,2026-04-10,Soundbar,Electronics,9820.0,UPI_QR
R107317,2026-04-10,Earphones,Accessories,567.0,UPI_QR
R107318,2026-04-10,Storage box,Home Essentials,530.0,CARD
R107319,2026-04-10,Bedsheet set,Home Essentials,347.0,UPI_APP
R107320,2026-04-10,Bed frame,Furniture,10640.0,CASH
R107321,2026-04-10,Earphones,Accessories,764.0,UPI_QR
R107322,2026-04-10,Washing machine,Appliances,21770.0,CASH
R107323,2026-04-10,Phone case,Accessories,154.0,UPI_QR
R107324,2026-04-10,Earphones,Accessories,1220.0,CARD
R107325,2026-04-10,Jeans,Apparel,1300.0,UPI_QR
R107326,2026-04-10,Laptop,Electronics,42720.0,CARD
R107327,2026-04-10,Mixer jar,Home Essentials,216.0,CARD
R107328,2026-04-10,Phone case,Accessories,893.0,CASH
R107329,2026-04-10,Power bank,Accessories,1140.0,UPI_APP
R107330,2026-04-10,Formal shirt,Apparel,1380.0,CARD
R107331,2026-04-10,Sports shoes,Apparel,2900.0,UPI_APP
R107332,2026-04-10,Storage box,Home Essentials,260.0,CARD
R107333,2026-04-10,Smartphone B,Mobiles,12170.0,UPI_QR
R107334,2026-04-10,Jeans,Apparel,3030.0,CARD
R107335,2026-04-10,Earphones,Accessories,501.0,CARD
R107336,2026-04-10,Smartphone C,Mobiles,40270.0,UPI_APP
R107337,2026-04-10,Charger,Accessories,372.0,UPI_APP
R107338,2026-04-10,Charger,Accessories,524.0,CARD
R107339,2026-04-10,Bed frame,Furniture,5100.0,CASH
R107340,2026-04-11,Wardrobe,Furniture,10520.0,CARD
R107341,2026-04-11,Charger,Accessories,940.0,UPI_QR
R107342,2026-04-11,Jeans,Apparel,3170.0,UPI_QR
R107343,2026-04-11,Storage box,Home Essentials,1620.0,CARD
R107344,2026-04-11,Earphones,Accessories,616.0,CARD
R107345,2026-04-11,Microwave,Appliances,24090.0,UPI_QR
R107346,2026-04-11,Soundbar,Electronics,12460.0,CARD
R107347,2026-04-11,Smartphone A,Mobiles,15220.0,CARD
R107348,2026-04-11,Phone case,Accessories,387.0,CASH
R107349,2026-04-11,Screen guard,Accessories,787.0,UPI_QR
R107350,2026-04-11,Office chair,Furniture,15560.0,UPI_APP
R107351,2026-04-11,Kurta set,Apparel,1200.0,CASH
R107352,2026-04-11,Phone case,Accessories,636.0,UPI_QR
R107353,2026-04-11,Charger,Accessories,384.0,UPI_QR
R107354,2026-04-11,Washing machine,Appliances,24820.0,UPI_QR
R107355,2026-04-11,Curtains,Home Essentials,981.0,UPI_APP
R107356,2026-04-11,Refrigerator,Appliances,52910.0,CARD
R107357,2026-04-11,Jacket,Apparel,1080.0,UPI_APP
R107358,2026-04-11,Smartphone C,Mobiles,25490.0,UPI_QR
R107359,2026-04-11,Sofa set,Furniture,33330.0,CARD
R107360,2026-04-11,Sports shoes,Apparel,2040.0,UPI_APP
R107361,2026-04-11,Phone case,Accessories,525.0,UPI_APP
R107362,2026-04-11,Soundbar,Electronics,15150.0,UPI_APP
R107363,2026-04-11,Charger,Accessories,635.0,CARD
R107364,2026-04-11,Mixer jar,Home Essentials,398.0,UPI_QR
R107365,2026-04-11,Jacket,Apparel,3240.0,UPI_QR
R107366,2026-04-11,Smart TV 43in,Electronics,59460.0,CARD
R107367,2026-04-11,Sofa set,Furniture,10770.0,CARD
R107368,2026-04-11,Soundbar,Electronics,12830.0,UPI_APP
R107369,2026-04-11,Smartphone C,Mobiles,10320.0,CARD
R107370,2026-04-12,Bedsheet set,Home Essentials,510.0,UPI_QR
R107371,2026-04-12,Smartphone B,Mobiles,24320.0,UPI_QR
R107372,2026-04-12,Charger,Accessories,809.0,UPI_QR
R107373,2026-04-12,Earphones,Accessories,330.0,UPI_QR
R107374,2026-04-12,Air conditioner,Appliances,9270.0,CARD
R107375,2026-04-12,Jacket,Apparel,1100.0,UPI_QR
R107376,2026-04-12,Gaming console,Electronics,23310.0,CARD
R107377,2026-04-12,Formal shirt,Apparel,1030.0,CASH
R107378,2026-04-12,Sports shoes,Apparel,2460.0,CARD
R107379,2026-04-12,Washing machine,Appliances,22890.0,CARD
R107380,2026-04-12,Bedsheet set,Home Essentials,974.0,UPI_QR
R107381,2026-04-12,Jeans,Apparel,2420.0,CARD
R107382,2026-04-12,Smartphone B,Mobiles,31080.0,CARD
R107383,2026-04-12,Microwave,Appliances,16310.0,UPI_QR
R107384,2026-04-12,Screen guard,Accessories,1990.0,CASH
R107385,2026-04-12,Earphones,Accessories,557.0,UPI_APP
R107386,2026-04-12,Jacket,Apparel,947.0,UPI_QR
R107387,2026-04-12,Formal shirt,Apparel,1410.0,CARD
R107388,2026-04-12,Tablet,Electronics,45590.0,CARD
R107389,2026-04-12,Mixer jar,Home Essentials,1780.0,UPI_QR
R107390,2026-04-12,Sofa set,Furniture,34310.0,CARD
R107391,2026-04-12,Charger,Accessories,585.0,UPI_APP
R107392,2026-04-12,Laptop,Electronics,13440.0,CARD
R107393,2026-04-12,Kurta set,Apparel,747.0,UPI_APP
R107394,2026-04-12,Earphones,Accessories,792.0,CARD
R107395,2026-04-12,Soundbar,Electronics,23490.0,UPI_APP
R107396,2026-04-12,Sports shoes,Apparel,1340.0,UPI_QR
R107397,2026-04-12,Kurta set,Apparel,933.0,CARD
R107398,2026-04-12,Screen guard,Accessories,942.0,CARD
R107399,2026-04-12,Kurta set,Apparel,1950.0,UPI_APP
R107400,2026-04-12,Dining table,Furniture,20360.0,CASH
R107401,2026-04-12,Jeans,Apparel,2140.0,CARD
R107402,2026-04-12,Sports shoes,Apparel,1280.0,CARD
R107403,2026-04-12,Screen guard,Accessories,691.0,UPI_APP
R107404,2026-04-12,Storage box,Home Essentials,840.0,CARD
R107405,2026-04-12,Jacket,Apparel,862.0,UPI_QR
R107406,2026-04-12,Power bank,Accessories,535.0,UPI_APP
R107407,2026-04-12,Soundbar,Electronics,60870.0,UPI_QR
R107408,2026-04-12,Jeans,Apparel,1090.0,UPI_QR
R107409,2026-04-13,Bed frame,Furniture,13410.0,CARD
R107410,2026-04-13,Phone case,Accessories,317.0,UPI_QR
R107411,2026-04-13,Jeans,Apparel,1270.0,UPI_QR
R107412,2026-04-13,Kurta set,Apparel,1780.0,CASH
R107413,2026-04-13,Jeans,Apparel,621.0,UPI_APP
R107414,2026-04-13,Kurta set,Apparel,911.0,CARD
R107415,2026-04-13,Charger,Accessories,402.0,CASH
R107416,2026-04-13,Mixer jar,Home Essentials,570.0,CARD
R107417,2026-04-13,Washing machine,Appliances,13730.0,UPI_QR
R107418,2026-04-13,Microwave,Appliances,57790.0,CARD
R107419,2026-04-13,Foldable phone,Mobiles,19580.0,UPI_QR
R107420,2026-04-13,Sofa set,Furniture,14090.0,UPI_QR
R107421,2026-04-13,Laptop,Electronics,44690.0,CARD
R107422,2026-04-13,Power bank,Accessories,206.0,UPI_APP
R107423,2026-04-13,Power bank,Accessories,272.0,CARD
R107424,2026-04-13,Bedsheet set,Home Essentials,623.0,UPI_QR
R107425,2026-04-13,Formal shirt,Apparel,989.0,UPI_QR
R107426,2026-04-13,Dining table,Furniture,12730.0,UPI_APP
R107427,2026-04-13,Mixer jar,Home Essentials,426.0,UPI_APP
R107428,2026-04-13,Earphones,Accessories,543.0,CARD
R107429,2026-04-13,Screen guard,Accessories,261.0,UPI_APP
R107430,2026-04-13,Cookware set,Home Essentials,466.0,UPI_APP
R107431,2026-04-13,Washing machine,Appliances,53460.0,CARD
R107432,2026-04-13,Storage box,Home Essentials,992.0,UPI_QR
R107433,2026-04-13,Mixer jar,Home Essentials,371.0,CASH
R107434,2026-04-13,Earphones,Accessories,474.0,CARD
R107435,2026-04-13,Jacket,Apparel,2570.0,UPI_QR
R107436,2026-04-13,Storage box,Home Essentials,644.0,UPI_APP
R107437,2026-04-13,Cookware set,Home Essentials,539.0,CARD
R107438,2026-04-13,Jacket,Apparel,563.0,UPI_APP
R107439,2026-04-13,Sports shoes,Apparel,1120.0,UPI_QR
R107440,2026-04-14,Air conditioner,Appliances,21140.0,CARD
R107441,2026-04-14,Refrigerator,Appliances,26770.0,UPI_QR
R107442,2026-04-14,Smartphone A,Mobiles,30450.0,CARD
R107443,2026-04-14,Screen guard,Accessories,300.0,CARD
R107444,2026-04-14,Phone case,Accessories,448.0,UPI_QR
R107445,2026-04-14,Curtains,Home Essentials,1000.0,CARD
R107446,2026-04-14,Soundbar,Electronics,10440.0,CASH
R107447,2026-04-14,Kurta set,Apparel,1790.0,UPI_APP
R107448,2026-04-14,Water purifier,Appliances,9800.0,CASH
R107449,2026-04-14,Smartphone B,Mobiles,13320.0,UPI_QR
R107450,2026-04-14,Formal shirt,Apparel,1560.0,CASH
R107451,2026-04-14,Cookware set,Home Essentials,980.0,UPI_QR
R107452,2026-04-14,Smartphone B,Mobiles,37200.0,CARD
R107453,2026-04-14,Curtains,Home Essentials,1160.0,UPI_QR
R107454,2026-04-14,Cookware set,Home Essentials,802.0,CARD
R107455,2026-04-14,Laptop,Electronics,31600.0,CASH
R107456,2026-04-14,Wardrobe,Furniture,6730.0,UPI_QR
R107457,2026-04-14,Bedsheet set,Home Essentials,939.0,UPI_APP
R107458,2026-04-14,Charger,Accessories,353.0,UPI_QR
R107459,2026-04-14,Sports shoes,Apparel,826.0,CARD
R107460,2026-04-14,Earphones,Accessories,554.0,UPI_QR
R107461,2026-04-14,Phone case,Accessories,352.0,CARD
R107462,2026-04-14,Earphones,Accessories,245.0,UPI_APP
R107463,2026-04-14,Sports shoes,Apparel,2650.0,UPI_QR
R107464,2026-04-14,Refrigerator,Appliances,7680.0,UPI_QR
R107465,2026-04-14,Dining table,Furniture,25450.0,CARD
R107466,2026-04-14,Mixer jar,Home Essentials,1100.0,UPI_APP
R107467,2026-04-14,Earphones,Accessories,748.0,CARD
R107468,2026-04-15,Dining table,Furniture,8810.0,UPI_QR
R107469,2026-04-15,Sports shoes,Apparel,1020.0,UPI_QR
R107470,2026-04-15,Office chair,Furniture,3970.0,UPI_QR
R107471,2026-04-15,Screen guard,Accessories,615.0,UPI_QR
R107472,2026-04-15,Screen guard,Accessories,433.0,UPI_QR
R107473,2026-04-15,Power bank,Accessories,517.0,UPI_APP
R107474,2026-04-15,Sofa set,Furniture,12420.0,CARD
R107475,2026-04-15,Storage box,Home Essentials,512.0,CASH
R107476,2026-04-15,Smartphone A,Mobiles,28170.0,UPI_QR
R107477,2026-04-15,Screen guard,Accessories,435.0,UPI_APP
R107478,2026-04-15,Phone case,Accessories,893.0,CARD
R107479,2026-04-15,Kurta set,Apparel,820.0,UPI_APP
R107480,2026-04-15,Cookware set,Home Essentials,510.0,UPI_QR
R107481,2026-04-15,Jacket,Apparel,1290.0,UPI_QR
R107482,2026-04-15,Power bank,Accessories,221.0,UPI_QR
R107483,2026-04-15,Bedsheet set,Home Essentials,786.0,UPI_QR
R107484,2026-04-15,Washing machine,Appliances,18840.0,UPI_QR
R107485,2026-04-15,Bedsheet set,Home Essentials,296.0,CARD
R107486,2026-04-15,Screen guard,Accessories,1170.0,UPI_QR
R107487,2026-04-15,Power bank,Accessories,694.0,UPI_QR
R107488,2026-04-15,Smartphone A,Mobiles,18150.0,UPI_QR
R107489,2026-04-15,Washing machine,Appliances,15300.0,UPI_QR
R107490,2026-04-15,Formal shirt,Apparel,979.0,UPI_QR
R107491,2026-04-15,Tablet,Electronics,18780.0,CARD
R107492,2026-04-15,Dining table,Furniture,12120.0,CARD
R107493,2026-04-15,Screen guard,Accessories,357.0,UPI_QR
R107494,2026-04-16,Earphones,Accessories,354.0,CASH
R107495,2026-04-16,Mixer jar,Home Essentials,985.0,UPI_APP
R107496,2026-04-16,Smart TV 43in,Electronics,2880.0,UPI_APP
R107497,2026-04-16,Microwave,Appliances,35580.0,CARD
R107498,2026-04-16,Smart TV 43in,Electronics,13580.0,CASH
R107499,2026-04-16,Cookware set,Home Essentials,1050.0,UPI_APP
R107500,2026-04-16,Cookware set,Home Essentials,640.0,CARD
R107501,2026-04-16,Cookware set,Home Essentials,693.0,UPI_QR
R107502,2026-04-16,Dining table,Furniture,20260.0,UPI_APP
R107503,2026-04-16,Soundbar,Electronics,4480.0,UPI_QR
R107504,2026-04-16,Gaming console,Electronics,25700.0,CARD
R107505,2026-04-16,Charger,Accessories,580.0,CARD
R107506,2026-04-16,Water purifier,Appliances,28670.0,CASH
R107507,2026-04-16,Curtains,Home Essentials,693.0,UPI_QR
R107508,2026-04-16,Refrigerator,Appliances,8600.0,UPI_QR
R107509,2026-04-16,Earphones,Accessories,408.0,UPI_QR
R107510,2026-04-16,Mixer jar,Home Essentials,399.0,CARD
R107511,2026-04-16,Power bank,Accessories,167.0,UPI_QR
R107512,2026-04-16,Bedsheet set,Home Essentials,1500.0,CARD
R107513,2026-04-16,Cookware set,Home Essentials,918.0,UPI_QR
R107514,2026-04-16,Refrigerator,Appliances,24800.0,UPI_APP
R107515,2026-04-16,Phone case,Accessories,450.0,CARD
R107516,2026-04-16,Kurta set,Apparel,1720.0,UPI_QR
R107517,2026-04-16,Phone case,Accessories,623.0,CARD
R107518,2026-04-16,Laptop,Electronics,9530.0,UPI_QR
R107519,2026-04-16,Formal shirt,Apparel,696.0,CARD
R107520,2026-04-16,Sofa set,Furniture,10350.0,UPI_QR
R107521,2026-04-16,Smart TV 43in,Electronics,4170.0,UPI_QR
R107522,2026-04-16,Earphones,Accessories,354.0,UPI_QR
R107523,2026-04-17,Dining table,Furniture,9110.0,CASH
R107524,2026-04-17,Gaming console,Electronics,39990.0,UPI_QR
R107525,2026-04-17,Jacket,Apparel,812.0,UPI_QR
R107526,2026-04-17,Microwave,Appliances,5690.0,CARD
R107527,2026-04-17,Charger,Accessories,302.0,UPI_QR
R107528,2026-04-17,Curtains,Home Essentials,711.0,CARD
R107529,2026-04-17,Smartphone A,Mobiles,20270.0,CARD
R107530,2026-04-17,Bed frame,Furniture,3230.0,CASH
R107531,2026-04-17,Refrigerator,Appliances,28110.0,UPI_QR
R107532,2026-04-17,Cookware set,Home Essentials,642.0,CASH
R107533,2026-04-17,Charger,Accessories,178.0,CARD
R107534,2026-04-17,Smart TV 43in,Electronics,6070.0,CARD
R107535,2026-04-17,Foldable phone,Mobiles,23000.0,UPI_APP
R107536,2026-04-17,Tablet,Electronics,13280.0,UPI_QR
R107537,2026-04-17,Curtains,Home Essentials,547.0,CARD
R107538,2026-04-17,Mixer jar,Home Essentials,465.0,UPI_QR
R107539,2026-04-17,Refrigerator,Appliances,19360.0,UPI_QR
R107540,2026-04-17,Sofa set,Furniture,8710.0,CASH
R107541,2026-04-17,Power bank,Accessories,1070.0,CASH
R107542,2026-04-17,Storage box,Home Essentials,459.0,UPI_QR
R107543,2026-04-17,Earphones,Accessories,481.0,UPI_APP
R107544,2026-04-17,Screen guard,Accessories,321.0,CASH
R107545,2026-04-17,Phone case,Accessories,600.0,UPI_APP
R107546,2026-04-17,Jacket,Apparel,716.0,UPI_QR
R107547,2026-04-17,Smartphone A,Mobiles,31000.0,UPI_APP
R107548,2026-04-17,Water purifier,Appliances,7360.0,CARD
R107549,2026-04-18,Washing machine,Appliances,36190.0,CARD
R107550,2026-04-18,Gaming console,Electronics,35800.0,UPI_QR
R107551,2026-04-18,Curtains,Home Essentials,1100.0,UPI_QR
R107552,2026-04-18,Earphones,Accessories,414.0,UPI_QR
R107553,2026-04-18,Jacket,Apparel,735.0,UPI_QR
R107554,2026-04-18,Power bank,Accessories,113.0,UPI_APP
R107555,2026-04-18,Sports shoes,Apparel,1560.0,UPI_QR
R107556,2026-04-18,Charger,Accessories,618.0,UPI_QR
R107557,2026-04-18,Tablet,Electronics,4210.0,UPI_APP
R107558,2026-04-18,Formal shirt,Apparel,1610.0,UPI_QR
R107559,2026-04-18,Formal shirt,Apparel,1070.0,UPI_APP
R107560,2026-04-18,Washing machine,Appliances,16690.0,UPI_QR
R107561,2026-04-18,Soundbar,Electronics,9090.0,CARD
R107562,2026-04-18,Bedsheet set,Home Essentials,1000.0,UPI_QR
R107563,2026-04-18,Office chair,Furniture,17570.0,UPI_APP
R107564,2026-04-18,Jeans,Apparel,1200.0,UPI_QR
R107565,2026-04-18,Earphones,Accessories,156.0,CARD
R107566,2026-04-18,Storage box,Home Essentials,1910.0,UPI_APP
R107567,2026-04-18,Formal shirt,Apparel,2110.0,UPI_APP
R107568,2026-04-18,Charger,Accessories,633.0,UPI_APP
R107569,2026-04-18,Formal shirt,Apparel,2450.0,UPI_QR
R107570,2026-04-18,Jeans,Apparel,898.0,UPI_QR
R107571,2026-04-18,Screen guard,Accessories,803.0,UPI_APP
R107572,2026-04-18,Phone case,Accessories,817.0,UPI_QR
R107573,2026-04-18,Mixer jar,Home Essentials,431.0,UPI_APP
R107574,2026-04-18,Gaming console,Electronics,5490.0,CARD
R107575,2026-04-18,Phone case,Accessories,513.0,CASH
R107576,2026-04-18,Jacket,Apparel,3640.0,CARD
R107577,2026-04-18,Smartphone B,Mobiles,19070.0,CARD
R107578,2026-04-18,Soundbar,Electronics,69340.0,UPI_QR
R107579,2026-04-18,Air conditioner,Appliances,9800.0,UPI_QR
R107580,2026-04-18,Dining table,Furniture,7440.0,UPI_QR
R107581,2026-04-18,Phone case,Accessories,511.0,UPI_QR
R107582,2026-04-18,Bedsheet set,Home Essentials,1040.0,UPI_QR
R107583,2026-04-18,Gaming console,Electronics,20290.0,UPI_QR
R107584,2026-04-19,Washing machine,Appliances,3120.0,UPI_QR
R107585,2026-04-19,Screen guard,Accessories,294.0,UPI_QR
R107586,2026-04-19,Soundbar,Electronics,12440.0,UPI_QR
R107587,2026-04-19,Smartphone A,Mobiles,25420.0,CARD
R107588,2026-04-19,Screen guard,Accessories,549.0,UPI_APP
R107589,2026-04-19,Power bank,Accessories,1300.0,UPI_QR
R107590,2026-04-19,Gaming console,Electronics,5320.0,CARD
R107591,2026-04-19,Bed frame,Furniture,12870.0,CASH
R107592,2026-04-19,Gaming console,Electronics,33340.0,CARD
R107593,2026-04-19,Curtains,Home Essentials,672.0,UPI_QR
R107594,2026-04-19,Kurta set,Apparel,851.0,UPI_QR
R107595,2026-04-19,Sofa set,Furniture,11510.0,UPI_APP
R107596,2026-04-19,Jacket,Apparel,2410.0,UPI_QR
R107597,2026-04-19,Air conditioner,Appliances,35990.0,UPI_QR
R107598,2026-04-19,Office chair,Furniture,17470.0,UPI_APP
R107599,2026-04-19,Screen guard,Accessories,271.0,CARD
R107600,2026-04-19,Power bank,Accessories,338.0,UPI_QR
R107601,2026-04-19,Mixer jar,Home Essentials,958.0,UPI_APP
R107602,2026-04-19,Jacket,Apparel,1630.0,CASH
R107603,2026-04-19,Phone case,Accessories,261.0,UPI_APP
R107604,2026-04-19,Bedsheet set,Home Essentials,1180.0,UPI_QR
R107605,2026-04-19,Charger,Accessories,634.0,CARD
R107606,2026-04-19,Power bank,Accessories,502.0,CARD
R107607,2026-04-19,Foldable phone,Mobiles,19360.0,CASH
R107608,2026-04-19,Screen guard,Accessories,268.0,CARD
R107609,2026-04-19,Dining table,Furniture,23100.0,UPI_QR
R107610,2026-04-19,Sofa set,Furniture,3580.0,CARD
R107611,2026-04-19,Formal shirt,Apparel,1760.0,CARD
R107612,2026-04-19,Earphones,Accessories,589.0,CASH
R107613,2026-04-19,Earphones,Accessories,542.0,UPI_QR
R107614,2026-04-19,Jacket,Apparel,2310.0,CARD
R107615,2026-04-19,Mixer jar,Home Essentials,704.0,CASH
R107616,2026-04-19,Storage box,Home Essentials,2000.0,UPI_QR
R107617,2026-04-19,Soundbar,Electronics,21660.0,CARD
R107618,2026-04-19,Office chair,Furniture,12090.0,UPI_APP
R107619,2026-04-19,Jacket,Apparel,2500.0,UPI_APP
R107620,2026-04-19,Gaming console,Electronics,18950.0,UPI_APP
R107621,2026-04-19,Laptop,Electronics,18830.0,UPI_QR
R107622,2026-04-19,Sofa set,Furniture,21030.0,CARD
R107623,2026-04-19,Jacket,Apparel,2850.0,UPI_QR
R107624,2026-04-19,Air conditioner,Appliances,39200.0,CARD
R107625,2026-04-19,Gaming console,Electronics,9450.0,CARD
R107626,2026-04-19,Storage box,Home Essentials,191.0,UPI_QR
R107627,2026-04-19,Bed frame,Furniture,9950.0,UPI_QR
R107628,2026-04-19,Formal shirt,Apparel,1900.0,CARD
R107629,2026-04-19,Curtains,Home Essentials,557.0,CARD
R107630,2026-04-20,Screen guard,Accessories,996.0,UPI_QR
R107631,2026-04-20,Power bank,Accessories,275.0,CASH
R107632,2026-04-20,Microwave,Appliances,25800.0,CARD
R107633,2026-04-20,Jacket,Apparel,1200.0,CARD
R107634,2026-04-20,Jacket,Apparel,1140.0,UPI_QR
R107635,2026-04-20,Sofa set,Furniture,9990.0,UPI_APP
R107636,2026-04-20,Jacket,Apparel,1960.0,UPI_QR
R107637,2026-04-20,Earphones,Accessories,516.0,UPI_APP
R107638,2026-04-20,Storage box,Home Essentials,641.0,UPI_QR
R107639,2026-04-20,Refrigerator,Appliances,40420.0,CARD
R107640,2026-04-20,Power bank,Accessories,374.0,UPI_QR
R107641,2026-04-20,Foldable phone,Mobiles,31130.0,UPI_QR
R107642,2026-04-20,Smartphone C,Mobiles,11460.0,UPI_QR
R107643,2026-04-20,Bedsheet set,Home Essentials,1730.0,UPI_QR
R107644,2026-04-20,Smartphone C,Mobiles,26620.0,UPI_APP
R107645,2026-04-20,Bed frame,Furniture,9190.0,UPI_QR
R107646,2026-04-20,Charger,Accessories,398.0,UPI_QR
R107647,2026-04-20,Cookware set,Home Essentials,635.0,UPI_QR
R107648,2026-04-20,Gaming console,Electronics,6240.0,UPI_APP
R107649,2026-04-20,Sports shoes,Apparel,399.0,UPI_QR
R107650,2026-04-20,Curtains,Home Essentials,714.0,CASH
R107651,2026-04-20,Cookware set,Home Essentials,292.0,UPI_QR
R107652,2026-04-20,Smart TV 43in,Electronics,39010.0,CARD
R107653,2026-04-20,Bedsheet set,Home Essentials,1320.0,CARD
R107654,2026-04-20,Mixer jar,Home Essentials,794.0,UPI_QR
R107655,2026-04-21,Bed frame,Furniture,13160.0,UPI_QR
R107656,2026-04-21,Smart TV 43in,Electronics,43530.0,UPI_QR
R107657,2026-04-21,Refrigerator,Appliances,20620.0,CARD
R107658,2026-04-21,Phone case,Accessories,518.0,CASH
R107659,2026-04-21,Screen guard,Accessories,414.0,UPI_APP
R107660,2026-04-21,Smartphone A,Mobiles,28720.0,UPI_APP
R107661,2026-04-21,Power bank,Accessories,787.0,CARD
R107662,2026-04-21,Laptop,Electronics,5690.0,CARD
R107663,2026-04-21,Curtains,Home Essentials,583.0,CASH
R107664,2026-04-21,Jeans,Apparel,1690.0,UPI_QR
R107665,2026-04-21,Jacket,Apparel,1520.0,UPI_QR
R107666,2026-04-21,Earphones,Accessories,262.0,UPI_QR
R107667,2026-04-21,Mixer jar,Home Essentials,993.0,UPI_QR
R107668,2026-04-21,Earphones,Accessories,169.0,UPI_QR
R107669,2026-04-21,Tablet,Electronics,2590.0,UPI_QR
R107670,2026-04-21,Bedsheet set,Home Essentials,407.0,UPI_QR
R107671,2026-04-21,Sports shoes,Apparel,824.0,CARD
R107672,2026-04-21,Air conditioner,Appliances,20410.0,CARD
R107673,2026-04-21,Kurta set,Apparel,1760.0,UPI_QR
R107674,2026-04-21,Sofa set,Furniture,7610.0,UPI_QR
R107675,2026-04-21,Earphones,Accessories,1220.0,UPI_QR
R107676,2026-04-21,Sports shoes,Apparel,1440.0,UPI_QR
R107677,2026-04-21,Earphones,Accessories,195.0,CARD
R107678,2026-04-21,Bedsheet set,Home Essentials,682.0,UPI_QR
R107679,2026-04-21,Bedsheet set,Home Essentials,1160.0,UPI_QR
R107680,2026-04-21,Phone case,Accessories,361.0,UPI_QR
R107681,2026-04-21,Gaming console,Electronics,18230.0,CARD
R107682,2026-04-21,Sports shoes,Apparel,2180.0,CARD
R107683,2026-04-21,Sports shoes,Apparel,783.0,UPI_QR
R107684,2026-04-21,Jacket,Apparel,1040.0,UPI_APP
R107685,2026-04-22,Bedsheet set,Home Essentials,600.0,UPI_QR
R107686,2026-04-22,Kurta set,Apparel,935.0,UPI_APP
R107687,2026-04-22,Wardrobe,Furniture,7740.0,UPI_QR
R107688,2026-04-22,Charger,Accessories,678.0,CARD
R107689,2026-04-22,Jeans,Apparel,1170.0,UPI_QR
R107690,2026-04-22,Foldable phone,Mobiles,13960.0,CASH
R107691,2026-04-22,Earphones,Accessories,1310.0,CASH
R107692,2026-04-22,Curtains,Home Essentials,1020.0,UPI_QR
R107693,2026-04-22,Power bank,Accessories,401.0,UPI_APP
R107694,2026-04-22,Screen guard,Accessories,642.0,UPI_QR
R107695,2026-04-22,Formal shirt,Apparel,479.0,CARD
R107696,2026-04-22,Soundbar,Electronics,17940.0,UPI_QR
R107697,2026-04-22,Tablet,Electronics,16890.0,UPI_QR
R107698,2026-04-22,Water purifier,Appliances,12970.0,CASH
R107699,2026-04-22,Kurta set,Apparel,1660.0,UPI_QR
R107700,2026-04-22,Jacket,Apparel,1270.0,UPI_QR
R107701,2026-04-22,Sofa set,Furniture,34510.0,CARD
R107702,2026-04-22,Soundbar,Electronics,53290.0,UPI_QR
R107703,2026-04-22,Laptop,Electronics,6000.0,UPI_QR
R107704,2026-04-22,Charger,Accessories,653.0,CARD
R107705,2026-04-22,Jacket,Apparel,1240.0,UPI_QR
R107706,2026-04-22,Washing machine,Appliances,30620.0,UPI_APP
R107707,2026-04-22,Curtains,Home Essentials,634.0,UPI_APP
R107708,2026-04-22,Refrigerator,Appliances,28800.0,UPI_APP
R107709,2026-04-22,Sports shoes,Apparel,1110.0,UPI_QR
R107710,2026-04-22,Microwave,Appliances,17430.0,UPI_QR
R107711,2026-04-22,Gaming console,Electronics,10760.0,CARD
R107712,2026-04-22,Phone case,Accessories,230.0,UPI_APP
R107713,2026-04-22,Screen guard,Accessories,716.0,CARD
R107714,2026-04-22,Power bank,Accessories,312.0,UPI_APP
R107715,2026-04-22,Formal shirt,Apparel,1580.0,CARD
R107716,2026-04-23,Phone case,Accessories,420.0,UPI_QR
R107717,2026-04-23,Jeans,Apparel,817.0,CARD
R107718,2026-04-23,Jeans,Apparel,2120.0,UPI_APP
R107719,2026-04-23,Screen guard,Accessories,653.0,UPI_QR
R107720,2026-04-23,Gaming console,Electronics,4980.0,CASH
R107721,2026-04-23,Sofa set,Furniture,18010.0,UPI_QR
R107722,2026-04-23,Power bank,Accessories,306.0,UPI_APP
R107723,2026-04-23,Earphones,Accessories,892.0,CASH
R107724,2026-04-23,Curtains,Home Essentials,235.0,CARD
R107725,2026-04-23,Microwave,Appliances,26760.0,UPI_QR
R107726,2026-04-23,Screen guard,Accessories,365.0,CARD
R107727,2026-04-23,Power bank,Accessories,355.0,CARD
R107728,2026-04-23,Air conditioner,Appliances,49960.0,CARD
R107729,2026-04-23,Storage box,Home Essentials,393.0,CARD
R107730,2026-04-23,Jeans,Apparel,1120.0,UPI_APP
R107731,2026-04-23,Charger,Accessories,657.0,CARD
R107732,2026-04-23,Kurta set,Apparel,1310.0,UPI_QR
R107733,2026-04-23,Jacket,Apparel,2780.0,CARD
R107734,2026-04-23,Wardrobe,Furniture,5510.0,UPI_QR
R107735,2026-04-23,Bedsheet set,Home Essentials,633.0,CASH
R107736,2026-04-23,Jeans,Apparel,1180.0,UPI_APP
R107737,2026-04-23,Screen guard,Accessories,1050.0,CARD
R107738,2026-04-23,Screen guard,Accessories,391.0,CARD
R107739,2026-04-23,Sports shoes,Apparel,1570.0,CARD
R107740,2026-04-23,Bedsheet set,Home Essentials,447.0,CASH
R107741,2026-04-23,Jacket,Apparel,1130.0,CARD
R107742,2026-04-24,Earphones,Accessories,262.0,CARD
R107743,2026-04-24,Sports shoes,Apparel,1960.0,UPI_QR
R107744,2026-04-24,Laptop,Electronics,5040.0,UPI_APP
R107745,2026-04-24,Formal shirt,Apparel,2040.0,UPI_APP
R107746,2026-04-24,Charger,Accessories,157.0,UPI_QR
R107747,2026-04-24,Smart TV 43in,Electronics,9950.0,CARD
R107748,2026-04-24,Gaming console,Electronics,7710.0,UPI_QR
R107749,2026-04-24,Screen guard,Accessories,1310.0,UPI_QR
R107750,2026-04-24,Screen guard,Accessories,245.0,CARD
R107751,2026-04-24,Screen guard,Accessories,196.0,UPI_QR
R107752,2026-04-24,Microwave,Appliances,10820.0,UPI_APP
R107753,2026-04-24,Mixer jar,Home Essentials,544.0,UPI_QR
R107754,2026-04-24,Jacket,Apparel,696.0,UPI_APP
R107755,2026-04-24,Power bank,Accessories,815.0,UPI_QR
R107756,2026-04-24,Earphones,Accessories,452.0,UPI_QR
R107757,2026-04-24,Curtains,Home Essentials,723.0,UPI_QR
R107758,2026-04-24,Phone case,Accessories,208.0,CASH
R107759,2026-04-24,Kurta set,Apparel,830.0,UPI_APP
R107760,2026-04-24,Screen guard,Accessories,483.0,CARD
R107761,2026-04-24,Screen guard,Accessories,1880.0,CARD
R107762,2026-04-24,Charger,Accessories,424.0,UPI_QR
R107763,2026-04-24,Jacket,Apparel,768.0,CARD
R107764,2026-04-24,Sports shoes,Apparel,2370.0,UPI_APP
R107765,2026-04-24,Air conditioner,Appliances,16690.0,UPI_QR
R107766,2026-04-24,Phone case,Accessories,1360.0,UPI_APP
R107767,2026-04-24,Jacket,Apparel,1590.0,UPI_APP
R107768,2026-04-24,Bedsheet set,Home Essentials,555.0,UPI_APP
R107769,2026-04-24,Formal shirt,Apparel,1650.0,UPI_QR
R107770,2026-04-24,Power bank,Accessories,318.0,UPI_QR
R107771,2026-04-25,Earphones,Accessories,245.0,UPI_QR
R107772,2026-04-25,Curtains,Home Essentials,472.0,UPI_QR
R107773,2026-04-25,Sports shoes,Apparel,1690.0,CARD
R107774,2026-04-25,Sports shoes,Apparel,2710.0,CASH
R107775,2026-04-25,Washing machine,Appliances,20190.0,CARD
R107776,2026-04-25,Jacket,Apparel,869.0,UPI_QR
R107777,2026-04-25,Power bank,Accessories,875.0,CARD
R107778,2026-04-25,Water purifier,Appliances,25790.0,UPI_APP
R107779,2026-04-25,Bedsheet set,Home Essentials,975.0,CARD
R107780,2026-04-25,Smartphone B,Mobiles,10200.0,UPI_APP
R107781,2026-04-25,Jacket,Apparel,3290.0,UPI_QR
R107782,2026-04-25,Storage box,Home Essentials,832.0,CASH
R107783,2026-04-25,Wardrobe,Furniture,16440.0,UPI_APP
R107784,2026-04-25,Gaming console,Electronics,5680.0,UPI_QR
R107785,2026-04-25,Screen guard,Accessories,357.0,UPI_QR
R107786,2026-04-25,Smartphone C,Mobiles,8390.0,UPI_QR
R107787,2026-04-25,Jeans,Apparel,1310.0,UPI_QR
R107788,2026-04-25,Jacket,Apparel,3440.0,UPI_APP
R107789,2026-04-25,Gaming console,Electronics,38650.0,CARD
R107790,2026-04-25,Dining table,Furniture,16300.0,UPI_APP
R107791,2026-04-25,Charger,Accessories,747.0,UPI_APP
R107792,2026-04-25,Smartphone C,Mobiles,13370.0,UPI_APP
R107793,2026-04-25,Kurta set,Apparel,662.0,CARD
R107794,2026-04-25,Sports shoes,Apparel,1600.0,CASH
R107795,2026-04-25,Bed frame,Furniture,31470.0,UPI_APP
R107796,2026-04-25,Laptop,Electronics,7870.0,UPI_QR
R107797,2026-04-25,Earphones,Accessories,935.0,CARD
R107798,2026-04-25,Smartphone C,Mobiles,20550.0,UPI_QR
R107799,2026-04-25,Screen guard,Accessories,564.0,UPI_APP
R107800,2026-04-25,Charger,Accessories,345.0,UPI_APP
R107801,2026-04-25,Jeans,Apparel,980.0,CARD
R107802,2026-04-25,Kurta set,Apparel,855.0,UPI_APP
R107803,2026-04-25,Formal shirt,Apparel,1100.0,CARD
R107804,2026-04-25,Jacket,Apparel,1810.0,CARD
R107805,2026-04-25,Sports shoes,Apparel,2680.0,UPI_QR
R107806,2026-04-26,Jacket,Apparel,849.0,UPI_QR
R107807,2026-04-26,Screen guard,Accessories,300.0,CARD
R107808,2026-04-26,Power bank,Accessories,1540.0,UPI_QR
R107809,2026-04-26,Cookware set,Home Essentials,481.0,UPI_APP
R107810,2026-04-26,Mixer jar,Home Essentials,762.0,UPI_APP
R107811,2026-04-26,Air conditioner,Appliances,18620.0,CASH
R107812,2026-04-26,Storage box,Home Essentials,743.0,UPI_APP
R107813,2026-04-26,Screen guard,Accessories,495.0,UPI_QR
R107814,2026-04-26,Foldable phone,Mobiles,27690.0,UPI_APP
R107815,2026-04-26,Tablet,Electronics,13790.0,UPI_QR
R107816,2026-04-26,Jeans,Apparel,3730.0,CASH
R107817,2026-04-26,Soundbar,Electronics,18090.0,UPI_APP
R107818,2026-04-26,Microwave,Appliances,7640.0,UPI_APP
R107819,2026-04-26,Bedsheet set,Home Essentials,907.0,CARD
R107820,2026-04-26,Phone case,Accessories,374.0,CARD
R107821,2026-04-26,Bedsheet set,Home Essentials,626.0,CARD
R107822,2026-04-26,Screen guard,Accessories,524.0,CARD
R107823,2026-04-26,Cookware set,Home Essentials,431.0,UPI_APP
R107824,2026-04-26,Screen guard,Accessories,842.0,UPI_QR
R107825,2026-04-26,Bedsheet set,Home Essentials,1010.0,UPI_QR
R107826,2026-04-26,Smartphone A,Mobiles,19160.0,UPI_QR
R107827,2026-04-26,Office chair,Furniture,29200.0,UPI_APP
R107828,2026-04-26,Formal shirt,Apparel,643.0,UPI_QR
R107829,2026-04-26,Smartphone A,Mobiles,24120.0,UPI_QR
R107830,2026-04-26,Phone case,Accessories,317.0,UPI_QR
R107831,2026-04-26,Microwave,Appliances,7680.0,CASH
R107832,2026-04-26,Curtains,Home Essentials,373.0,UPI_QR
R107833,2026-04-26,Earphones,Accessories,645.0,UPI_QR
R107834,2026-04-26,Soundbar,Electronics,22120.0,UPI_QR
R107835,2026-04-26,Phone case,Accessories,698.0,CARD
R107836,2026-04-26,Tablet,Electronics,15790.0,CASH
R107837,2026-04-26,Phone case,Accessories,228.0,CARD
R107838,2026-04-26,Formal shirt,Apparel,1560.0,CARD
R107839,2026-04-26,Earphones,Accessories,296.0,UPI_QR
R107840,2026-04-26,Screen guard,Accessories,501.0,UPI_QR
R107841,2026-04-26,Curtains,Home Essentials,609.0,UPI_QR
R107842,2026-04-26,Microwave,Appliances,13110.0,UPI_APP
R107843,2026-04-26,Phone case,Accessories,199.0,UPI_QR
R107844,2026-04-26,Gaming console,Electronics,11680.0,CASH
R107845,2026-04-26,Air conditioner,Appliances,12050.0,UPI_QR
R107846,2026-04-26,Formal shirt,Apparel,1820.0,UPI_QR
R107847,2026-04-26,Phone case,Accessories,224.0,UPI_QR
R107848,2026-04-26,Earphones,Accessories,1090.0,CARD
R107849,2026-04-26,Soundbar,Electronics,10460.0,CARD
R107850,2026-04-26,Smartphone B,Mobiles,34430.0,CARD
R107851,2026-04-27,Power bank,Accessories,407.0,UPI_APP
R107852,2026-04-27,Charger,Accessories,435.0,UPI_QR
R107853,2026-04-27,Bedsheet set,Home Essentials,1240.0,CARD
R107854,2026-04-27,Curtains,Home Essentials,434.0,CARD
R107855,2026-04-27,Earphones,Accessories,282.0,CARD
R107856,2026-04-27,Jeans,Apparel,2120.0,UPI_QR
R107857,2026-04-27,Earphones,Accessories,337.0,UPI_APP
R107858,2026-04-27,Earphones,Accessories,247.0,CASH
R107859,2026-04-27,Kurta set,Apparel,3190.0,CARD
R107860,2026-04-27,Power bank,Accessories,246.0,CARD
R107861,2026-04-27,Formal shirt,Apparel,998.0,UPI_QR
R107862,2026-04-27,Water purifier,Appliances,22260.0,CARD
R107863,2026-04-27,Power bank,Accessories,289.0,UPI_QR
R107864,2026-04-27,Power bank,Accessories,657.0,CARD
R107865,2026-04-27,Storage box,Home Essentials,799.0,CARD
R107866,2026-04-27,Kurta set,Apparel,1640.0,UPI_QR
R107867,2026-04-27,Earphones,Accessories,139.0,UPI_APP
R107868,2026-04-27,Refrigerator,Appliances,53990.0,UPI_QR
R107869,2026-04-27,Earphones,Accessories,1640.0,UPI_QR
R107870,2026-04-27,Smartphone B,Mobiles,6390.0,CARD
R107871,2026-04-27,Charger,Accessories,998.0,UPI_APP
R107872,2026-04-27,Microwave,Appliances,27980.0,UPI_QR
R107873,2026-04-27,Sports shoes,Apparel,1080.0,UPI_APP
R107874,2026-04-27,Air conditioner,Appliances,29950.0,UPI_QR
R107875,2026-04-27,Mixer jar,Home Essentials,511.0,CARD
R107876,2026-04-27,Charger,Accessories,453.0,UPI_APP
R107877,2026-04-27,Formal shirt,Apparel,734.0,CARD
R107878,2026-04-27,Jeans,Apparel,1380.0,UPI_QR
R107879,2026-04-27,Kurta set,Apparel,695.0,UPI_QR
R107880,2026-04-28,Mixer jar,Home Essentials,440.0,CARD
R107881,2026-04-28,Microwave,Appliances,20380.0,UPI_APP
R107882,2026-04-28,Power bank,Accessories,127.0,CARD
R107883,2026-04-28,Formal shirt,Apparel,1250.0,UPI_QR
R107884,2026-04-28,Curtains,Home Essentials,476.0,UPI_QR
R107885,2026-04-28,Laptop,Electronics,6290.0,CASH
R107886,2026-04-28,Mixer jar,Home Essentials,739.0,CARD
R107887,2026-04-28,Formal shirt,Apparel,1720.0,UPI_APP
R107888,2026-04-28,Screen guard,Accessories,663.0,UPI_APP
R107889,2026-04-28,Screen guard,Accessories,437.0,UPI_QR
R107890,2026-04-28,Jeans,Apparel,1270.0,UPI_APP
R107891,2026-04-28,Phone case,Accessories,269.0,CARD
R107892,2026-04-28,Laptop,Electronics,6560.0,UPI_QR
R107893,2026-04-28,Jeans,Apparel,683.0,UPI_QR
R107894,2026-04-28,Laptop,Electronics,25370.0,UPI_QR
R107895,2026-04-28,Storage box,Home Essentials,429.0,UPI_QR
R107896,2026-04-28,Charger,Accessories,310.0,CARD
R107897,2026-04-28,Jacket,Apparel,2040.0,UPI_APP
R107898,2026-04-28,Jeans,Apparel,1020.0,UPI_APP
R107899,2026-04-28,Earphones,Accessories,320.0,UPI_APP
R107900,2026-04-28,Kurta set,Apparel,2190.0,CARD
R107901,2026-04-28,Formal shirt,Apparel,1230.0,CASH
R107902,2026-04-28,Storage box,Home Essentials,415.0,CARD
R107903,2026-04-28,Smart TV 43in,Electronics,8020.0,UPI_QR
R107904,2026-04-28,Phone case,Accessories,447.0,CASH
R107905,2026-04-28,Air conditioner,Appliances,19510.0,CARD
R107906,2026-04-28,Jeans,Apparel,2120.0,CARD
R107907,2026-04-28,Soundbar,Electronics,43090.0,CARD
R107908,2026-04-28,Phone case,Accessories,361.0,CARD
R107909,2026-04-28,Kurta set,Apparel,1200.0,UPI_QR
R107910,2026-04-28,Jacket,Apparel,1010.0,UPI_QR
R107911,2026-04-28,Office chair,Furniture,7560.0,CARD
R107912,2026-04-28,Power bank,Accessories,282.0,CASH
R107913,2026-04-28,Phone case,Accessories,281.0,CARD
R107914,2026-04-29,Jacket,Apparel,1230.0,UPI_QR
R107915,2026-04-29,Smartphone C,Mobiles,33540.0,CARD
R107916,2026-04-29,Phone case,Accessories,322.0,UPI_QR
R107917,2026-04-29,Earphones,Accessories,413.0,CARD
R107918,2026-04-29,Formal shirt,Apparel,638.0,UPI_APP
R107919,2026-04-29,Curtains,Home Essentials,828.0,UPI_QR
R107920,2026-04-29,Bed frame,Furniture,13980.0,UPI_APP
R107921,2026-04-29,Laptop,Electronics,35390.0,CARD
R107922,2026-04-29,Cookware set,Home Essentials,1220.0,CASH
R107923,2026-04-29,Smartphone B,Mobiles,36040.0,UPI_QR
R107924,2026-04-29,Power bank,Accessories,742.0,CARD
R107925,2026-04-29,Earphones,Accessories,797.0,UPI_APP
R107926,2026-04-29,Formal shirt,Apparel,2050.0,CASH
R107927,2026-04-29,Earphones,Accessories,766.0,UPI_QR
R107928,2026-04-29,Earphones,Accessories,548.0,UPI_QR
R107929,2026-04-29,Power bank,Accessories,443.0,UPI_APP
R107930,2026-04-29,Laptop,Electronics,33780.0,CARD
R107931,2026-04-29,Jacket,Apparel,1150.0,UPI_QR
R107932,2026-04-29,Smartphone C,Mobiles,48050.0,CASH
R107933,2026-04-29,Phone case,Accessories,372.0,CARD
R107934,2026-04-29,Cookware set,Home Essentials,1130.0,CARD
R107935,2026-04-29,Kurta set,Apparel,1680.0,UPI_QR
R107936,2026-04-29,Microwave,Appliances,11390.0,UPI_QR
R107937,2026-04-30,Earphones,Accessories,464.0,UPI_QR
R107938,2026-04-30,Curtains,Home Essentials,586.0,UPI_QR
R107939,2026-04-30,Sports shoes,Apparel,1970.0,UPI_QR
R107940,2026-04-30,Formal shirt,Apparel,837.0,UPI_APP
R107941,2026-04-30,Tablet,Electronics,7310.0,CASH
R107942,2026-04-30,Sports shoes,Apparel,891.0,UPI_APP
R107943,2026-04-30,Smartphone C,Mobiles,31880.0,CARD
R107944,2026-04-30,Kurta set,Apparel,2180.0,UPI_QR
R107945,2026-04-30,Foldable phone,Mobiles,46010.0,CARD
R107946,2026-04-30,Formal shirt,Apparel,1260.0,CARD
R107947,2026-04-30,Jeans,Apparel,2340.0,UPI_QR
R107948,2026-04-30,Screen guard,Accessories,188.0,CARD
R107949,2026-04-30,Tablet,Electronics,17950.0,UPI_QR
R107950,2026-04-30,Sports shoes,Apparel,871.0,UPI_APP
R107951,2026-04-30,Tablet,Electronics,42290.0,UPI_QR
R107952,2026-04-30,Dining table,Furniture,6430.0,UPI_APP
R107953,2026-04-30,Jeans,Apparel,1560.0,CARD
R107954,2026-04-30,Soundbar,Electronics,42670.0,UPI_APP
R107955,2026-04-30,Phone case,Accessories,329.0,UPI_APP
R107956,2026-04-30,Mixer jar,Home Essentials,824.0,UPI_QR
R107957,2026-04-30,Charger,Accessories,244.0,UPI_QR
R107958,2026-04-30,Soundbar,Electronics,23630.0,CASH
R107959,2026-04-30,Kurta set,Apparel,2460.0,CARD
R107960,2026-04-30,Water purifier,Appliances,15890.0,UPI_QR
R107961,2026-04-30,Jeans,Apparel,1660.0,UPI_QR
R107962,2026-04-30,Cookware set,Home Essentials,923.0,CASH
R107963,2026-04-30,Sports shoes,Apparel,1460.0,UPI_QR
R107964,2026-04-30,Power bank,Accessories,701.0,UPI_QR
R107965,2026-04-30,Jacket,Apparel,1820.0,UPI_APP
R107966,2026-05-01,Screen guard,Accessories,363.0,UPI_APP
R107967,2026-05-01,Curtains,Home Essentials,1150.0,UPI_QR
R107968,2026-05-01,Screen guard,Accessories,780.0,UPI_QR
R107969,2026-05-01,Phone case,Accessories,666.0,UPI_QR
R107970,2026-05-01,Screen guard,Accessories,819.0,CASH
R107971,2026-05-01,Charger,Accessories,403.0,UPI_QR
R107972,2026-05-01,Jeans,Apparel,1160.0,CARD
R107973,2026-05-01,Cookware set,Home Essentials,426.0,UPI_QR
R107974,2026-05-01,Smart TV 43in,Electronics,10910.0,UPI_APP
R107975,2026-05-01,Tablet,Electronics,25020.0,CASH
R107976,2026-05-01,Charger,Accessories,663.0,CARD
R107977,2026-05-01,Smart TV 43in,Electronics,41940.0,CARD
R107978,2026-05-01,Charger,Accessories,622.0,CASH
R107979,2026-05-01,Laptop,Electronics,19950.0,UPI_APP
R107980,2026-05-01,Curtains,Home Essentials,227.0,UPI_APP
R107981,2026-05-01,Air conditioner,Appliances,17590.0,UPI_APP
R107982,2026-05-01,Water purifier,Appliances,12780.0,UPI_QR
R107983,2026-05-01,Water purifier,Appliances,17810.0,CARD
R107984,2026-05-01,Cookware set,Home Essentials,557.0,UPI_APP
R107985,2026-05-01,Storage box,Home Essentials,1560.0,CARD
R107986,2026-05-01,Curtains,Home Essentials,1060.0,CARD
R107987,2026-05-01,Kurta set,Apparel,739.0,CARD
R107988,2026-05-01,Charger,Accessories,229.0,UPI_QR
R107989,2026-05-01,Power bank,Accessories,275.0,UPI_APP
R107990,2026-05-01,Smart TV 43in,Electronics,11710.0,CASH
R107991,2026-05-01,Gaming console,Electronics,5590.0,UPI_APP
R107992,2026-05-01,Smart TV 43in,Electronics,4980.0,CASH
R107993,2026-05-01,Jeans,Apparel,6810.0,UPI_QR
R107994,2026-05-01,Phone case,Accessories,189.0,CARD
R107995,2026-05-01,Sofa set,Furniture,4270.0,UPI_QR
R107996,2026-05-02,Screen guard,Accessories,790.0,UPI_APP
R107997,2026-05-02,Cookware set,Home Essentials,776.0,UPI_QR
R107998,2026-05-02,Kurta set,Apparel,2110.0,CARD
R107999,2026-05-02,Sports shoes,Apparel,872.0,UPI_QR
R108000,2026-05-02,Phone case,Accessories,255.0,UPI_QR
R108001,2026-05-02,Screen guard,Accessories,290.0,UPI_QR
R108002,2026-05-02,Bedsheet set,Home Essentials,305.0,CASH
R108003,2026-05-02,Formal shirt,Apparel,884.0,UPI_APP
R108004,2026-05-02,Kurta set,Apparel,896.0,UPI_QR
R108005,2026-05-02,Bed frame,Furniture,5630.0,CARD
R108006,2026-05-02,Microwave,Appliances,17830.0,UPI_QR
R108007,2026-05-02,Bedsheet set,Home Essentials,412.0,UPI_QR
R108008,2026-05-02,Power bank,Accessories,332.0,CARD
R108009,2026-05-02,Gaming console,Electronics,11620.0,UPI_QR
R108010,2026-05-02,Power bank,Accessories,1410.0,UPI_QR
R108011,2026-05-02,Smartphone B,Mobiles,16680.0,UPI_APP
R108012,2026-05-02,Tablet,Electronics,13080.0,UPI_QR
R108013,2026-05-02,Jeans,Apparel,3270.0,UPI_QR
R108014,2026-05-02,Jacket,Apparel,1270.0,UPI_QR
R108015,2026-05-02,Phone case,Accessories,136.0,CARD
R108016,2026-05-02,Gaming console,Electronics,46670.0,CARD
R108017,2026-05-02,Refrigerator,Appliances,30910.0,CARD
R108018,2026-05-02,Cookware set,Home Essentials,356.0,CARD
R108019,2026-05-02,Smartphone C,Mobiles,39890.0,CARD
R108020,2026-05-02,Screen guard,Accessories,613.0,UPI_QR
R108021,2026-05-02,Sofa set,Furniture,8320.0,CARD
R108022,2026-05-02,Smartphone A,Mobiles,18580.0,UPI_QR
R108023,2026-05-02,Sports shoes,Apparel,894.0,UPI_QR
R108024,2026-05-02,Jacket,Apparel,737.0,UPI_APP
R108025,2026-05-02,Screen guard,Accessories,310.0,UPI_APP
R108026,2026-05-02,Sports shoes,Apparel,1850.0,UPI_APP
R108027,2026-05-02,Laptop,Electronics,12600.0,UPI_QR
R108028,2026-05-02,Foldable phone,Mobiles,25670.0,CARD
R108029,2026-05-02,Mixer jar,Home Essentials,523.0,UPI_QR
R108030,2026-05-02,Jacket,Apparel,1760.0,UPI_QR
R108031,2026-05-02,Phone case,Accessories,1710.0,UPI_QR
R108032,2026-05-02,Power bank,Accessories,436.0,UPI_APP
R108033,2026-05-03,Earphones,Accessories,210.0,CARD
R108034,2026-05-03,Sports shoes,Apparel,1560.0,CARD
R108035,2026-05-03,Microwave,Appliances,44920.0,UPI_APP
R108036,2026-05-03,Phone case,Accessories,558.0,CASH
R108037,2026-05-03,Smartphone A,Mobiles,19410.0,CARD
R108038,2026-05-03,Jeans,Apparel,1140.0,UPI_APP
R108039,2026-05-03,Sports shoes,Apparel,692.0,UPI_QR
R108040,2026-05-03,Kurta set,Apparel,2470.0,UPI_QR
R108041,2026-05-03,Office chair,Furniture,17970.0,UPI_APP
R108042,2026-05-03,Bedsheet set,Home Essentials,1220.0,CARD
R108043,2026-05-03,Earphones,Accessories,173.0,UPI_QR
R108044,2026-05-03,Jacket,Apparel,568.0,UPI_APP
R108045,2026-05-03,Washing machine,Appliances,43060.0,UPI_QR
R108046,2026-05-03,Wardrobe,Furniture,7740.0,CARD
R108047,2026-05-03,Jeans,Apparel,1190.0,UPI_APP
R108048,2026-05-03,Water purifier,Appliances,8550.0,UPI_QR
R108049,2026-05-03,Screen guard,Accessories,369.0,UPI_APP
R108050,2026-05-03,Microwave,Appliances,21400.0,CARD
R108051,2026-05-03,Kurta set,Apparel,1080.0,UPI_QR
R108052,2026-05-03,Smart TV 43in,Electronics,6880.0,UPI_QR
R108053,2026-05-03,Laptop,Electronics,6270.0,UPI_APP
R108054,2026-05-03,Power bank,Accessories,467.0,CARD
R108055,2026-05-03,Mixer jar,Home Essentials,932.0,UPI_QR
R108056,2026-05-03,Phone case,Accessories,116.0,CASH
R108057,2026-05-03,Smartphone A,Mobiles,29590.0,UPI_QR
R108058,2026-05-03,Air conditioner,Appliances,12350.0,UPI_APP
R108059,2026-05-03,Phone case,Accessories,2010.0,CARD
R108060,2026-05-03,Earphones,Accessories,447.0,CARD
R108061,2026-05-03,Phone case,Accessories,247.0,CARD
R108062,2026-05-04,Cookware set,Home Essentials,314.0,CARD
R108063,2026-05-04,Curtains,Home Essentials,940.0,UPI_QR
R108064,2026-05-04,Gaming console,Electronics,11040.0,UPI_QR
R108065,2026-05-04,Earphones,Accessories,783.0,UPI_QR
R108066,2026-05-04,Charger,Accessories,529.0,UPI_QR
R108067,2026-05-04,Mixer jar,Home Essentials,914.0,UPI_QR
R108068,2026-05-04,Earphones,Accessories,287.0,CARD
R108069,2026-05-04,Power bank,Accessories,357.0,UPI_QR
R108070,2026-05-04,Air conditioner,Appliances,18220.0,CASH
R108071,2026-05-04,Earphones,Accessories,797.0,CASH
R108072,2026-05-04,Screen guard,Accessories,484.0,UPI_APP
R108073,2026-05-04,Power bank,Accessories,123.0,UPI_QR
R108074,2026-05-04,Power bank,Accessories,1100.0,CASH
R108075,2026-05-04,Phone case,Accessories,240.0,CARD
R108076,2026-05-04,Sports shoes,Apparel,1890.0,UPI_QR
R108077,2026-05-04,Jeans,Apparel,2660.0,CARD
R108078,2026-05-04,Washing machine,Appliances,17070.0,CARD
R108079,2026-05-04,Smartphone A,Mobiles,14280.0,CASH
R108080,2026-05-04,Charger,Accessories,201.0,UPI_APP
R108081,2026-05-04,Laptop,Electronics,23590.0,UPI_APP
R108082,2026-05-05,Power bank,Accessories,515.0,CARD
R108083,2026-05-05,Smartphone C,Mobiles,24680.0,CARD
R108084,2026-05-05,Storage box,Home Essentials,458.0,UPI_QR
R108085,2026-05-05,Earphones,Accessories,454.0,UPI_QR
R108086,2026-05-05,Earphones,Accessories,513.0,CASH
R108087,2026-05-05,Jacket,Apparel,1560.0,CARD
R108088,2026-05-05,Cookware set,Home Essentials,484.0,CARD
R108089,2026-05-05,Air conditioner,Appliances,17610.0,CASH
R108090,2026-05-05,Kurta set,Apparel,1250.0,UPI_APP
R108091,2026-05-05,Sports shoes,Apparel,2530.0,UPI_APP
R108092,2026-05-05,Phone case,Accessories,436.0,UPI_QR
R108093,2026-05-05,Bedsheet set,Home Essentials,619.0,UPI_QR
R108094,2026-05-05,Curtains,Home Essentials,681.0,UPI_QR
R108095,2026-05-05,Smart TV 43in,Electronics,61610.0,UPI_APP
R108096,2026-05-05,Kurta set,Apparel,735.0,CARD
R108097,2026-05-05,Jeans,Apparel,761.0,UPI_QR
R108098,2026-05-05,Earphones,Accessories,693.0,UPI_APP
R108099,2026-05-05,Air conditioner,Appliances,28800.0,UPI_APP
R108100,2026-05-05,Phone case,Accessories,784.0,UPI_APP
R108101,2026-05-05,Screen guard,Accessories,560.0,CARD
R108102,2026-05-05,Kurta set,Apparel,871.0,UPI_APP
R108103,2026-05-05,Mixer jar,Home Essentials,3170.0,CARD
R108104,2026-05-05,Earphones,Accessories,269.0,UPI_APP
R108105,2026-05-05,Charger,Accessories,451.0,UPI_QR
R108106,2026-05-05,Curtains,Home Essentials,500.0,UPI_QR
R108107,2026-05-05,Air conditioner,Appliances,17540.0,CARD
R108108,2026-05-05,Screen guard,Accessories,373.0,UPI_APP
R108109,2026-05-06,Curtains,Home Essentials,739.0,CARD
R108110,2026-05-06,Charger,Accessories,221.0,UPI_QR
R108111,2026-05-06,Water purifier,Appliances,47250.0,CARD
R108112,2026-05-06,Earphones,Accessories,114.0,UPI_QR
R108113,2026-05-06,Cookware set,Home Essentials,681.0,UPI_QR
R108114,2026-05-06,Smart TV 43in,Electronics,61260.0,CARD
R108115,2026-05-06,Phone case,Accessories,142.0,UPI_APP
R108116,2026-05-06,Phone case,Accessories,325.0,CARD
R108117,2026-05-06,Power bank,Accessories,513.0,CARD
R108118,2026-05-06,Laptop,Electronics,5050.0,CARD
R108119,2026-05-06,Tablet,Electronics,23940.0,CARD
R108120,2026-05-06,Jeans,Apparel,2240.0,CARD
R108121,2026-05-06,Formal shirt,Apparel,1340.0,UPI_APP
R108122,2026-05-06,Microwave,Appliances,68990.0,CARD
R108123,2026-05-06,Jacket,Apparel,1520.0,UPI_QR
R108124,2026-05-06,Phone case,Accessories,246.0,UPI_QR
R108125,2026-05-06,Wardrobe,Furniture,9780.0,CARD
R108126,2026-05-06,Smartphone A,Mobiles,17950.0,UPI_QR
R108127,2026-05-06,Sports shoes,Apparel,884.0,CARD
R108128,2026-05-06,Microwave,Appliances,40650.0,UPI_QR
R108129,2026-05-06,Jacket,Apparel,1400.0,UPI_APP
R108130,2026-05-06,Jacket,Apparel,2120.0,CASH
R108131,2026-05-06,Phone case,Accessories,482.0,UPI_QR
R108132,2026-05-06,Earphones,Accessories,526.0,CASH
R108133,2026-05-07,Laptop,Electronics,15850.0,CARD
R108134,2026-05-07,Screen guard,Accessories,328.0,UPI_APP
R108135,2026-05-07,Bed frame,Furniture,32790.0,CARD
R108136,2026-05-07,Jacket,Apparel,837.0,UPI_APP
R108137,2026-05-07,Smart TV 43in,Electronics,24320.0,UPI_APP
R108138,2026-05-07,Smart TV 43in,Electronics,5490.0,UPI_APP
R108139,2026-05-07,Power bank,Accessories,417.0,UPI_APP
R108140,2026-05-07,Phone case,Accessories,316.0,CARD
R108141,2026-05-07,Sports shoes,Apparel,630.0,CARD
R108142,2026-05-07,Charger,Accessories,226.0,CARD
R108143,2026-05-07,Bed frame,Furniture,27360.0,UPI_APP
R108144,2026-05-07,Earphones,Accessories,1360.0,UPI_QR
R108145,2026-05-07,Curtains,Home Essentials,361.0,CARD
R108146,2026-05-07,Power bank,Accessories,593.0,CASH
R108147,2026-05-07,Power bank,Accessories,414.0,CASH
R108148,2026-05-07,Laptop,Electronics,38420.0,CARD
R108149,2026-05-07,Screen guard,Accessories,804.0,UPI_QR
R108150,2026-05-07,Bed frame,Furniture,8970.0,CARD
R108151,2026-05-07,Washing machine,Appliances,13830.0,UPI_APP
R108152,2026-05-07,Charger,Accessories,419.0,UPI_QR
R108153,2026-05-07,Screen guard,Accessories,1200.0,CARD
R108154,2026-05-07,Jeans,Apparel,745.0,CARD
R108155,2026-05-07,Screen guard,Accessories,1250.0,CARD
R108156,2026-05-07,Microwave,Appliances,14310.0,CARD
R108157,2026-05-07,Sports shoes,Apparel,1900.0,CARD
R108158,2026-05-08,Air conditioner,Appliances,15260.0,UPI_APP
R108159,2026-05-08,Mixer jar,Home Essentials,421.0,CASH
R108160,2026-05-08,Power bank,Accessories,249.0,UPI_QR
R108161,2026-05-08,Formal shirt,Apparel,999.0,CARD
R108162,2026-05-08,Curtains,Home Essentials,484.0,CARD
R108163,2026-05-08,Jeans,Apparel,1870.0,CASH
R108164,2026-05-08,Smart TV 43in,Electronics,15560.0,UPI_QR
R108165,2026-05-08,Smartphone A,Mobiles,14260.0,UPI_QR
R108166,2026-05-08,Washing machine,Appliances,16470.0,UPI_APP
R108167,2026-05-08,Phone case,Accessories,177.0,UPI_APP
R108168,2026-05-08,Formal shirt,Apparel,1480.0,UPI_QR
R108169,2026-05-08,Foldable phone,Mobiles,25010.0,UPI_QR
R108170,2026-05-08,Power bank,Accessories,523.0,CARD
R108171,2026-05-08,Earphones,Accessories,552.0,CASH
R108172,2026-05-08,Soundbar,Electronics,7710.0,CARD
R108173,2026-05-08,Earphones,Accessories,459.0,UPI_APP
R108174,2026-05-08,Formal shirt,Apparel,745.0,UPI_QR
R108175,2026-05-08,Smartphone B,Mobiles,9050.0,CASH
R108176,2026-05-08,Power bank,Accessories,511.0,UPI_APP
R108177,2026-05-08,Charger,Accessories,521.0,CARD
R108178,2026-05-08,Screen guard,Accessories,439.0,UPI_QR
R108179,2026-05-08,Sofa set,Furniture,29730.0,UPI_QR
R108180,2026-05-08,Earphones,Accessories,808.0,UPI_APP
R108181,2026-05-08,Soundbar,Electronics,13380.0,UPI_QR
R108182,2026-05-08,Power bank,Accessories,99.0,UPI_QR
R108183,2026-05-08,Tablet,Electronics,5770.0,UPI_QR
R108184,2026-05-08,Screen guard,Accessories,500.0,UPI_QR
R108185,2026-05-08,Kurta set,Apparel,891.0,CASH
R108186,2026-05-08,Kurta set,Apparel,2870.0,UPI_QR
R108187,2026-05-08,Earphones,Accessories,178.0,CARD
R108188,2026-05-08,Jeans,Apparel,947.0,UPI_APP
R108189,2026-05-08,Smart TV 43in,Electronics,18300.0,UPI_APP
R108190,2026-05-09,Charger,Accessories,132.0,CASH
R108191,2026-05-09,Phone case,Accessories,356.0,UPI_QR
R108192,2026-05-09,Screen guard,Accessories,222.0,CARD
R108193,2026-05-09,Screen guard,Accessories,758.0,CARD
R108194,2026-05-09,Jeans,Apparel,931.0,UPI_APP
R108195,2026-05-09,Kurta set,Apparel,1670.0,UPI_APP
R108196,2026-05-09,Phone case,Accessories,534.0,CARD
R108197,2026-05-09,Phone case,Accessories,1040.0,CARD
R108198,2026-05-09,Charger,Accessories,412.0,UPI_APP
R108199,2026-05-09,Earphones,Accessories,159.0,UPI_APP
R108200,2026-05-09,Jeans,Apparel,1820.0,UPI_QR
R108201,2026-05-09,Mixer jar,Home Essentials,636.0,UPI_APP
R108202,2026-05-09,Earphones,Accessories,356.0,UPI_APP
R108203,2026-05-09,Storage box,Home Essentials,880.0,CARD
R108204,2026-05-09,Mixer jar,Home Essentials,1280.0,UPI_QR
R108205,2026-05-09,Jeans,Apparel,1530.0,CARD
R108206,2026-05-09,Screen guard,Accessories,333.0,CASH
R108207,2026-05-09,Earphones,Accessories,633.0,CASH
R108208,2026-05-09,Laptop,Electronics,4110.0,CARD
R108209,2026-05-09,Phone case,Accessories,452.0,CASH
R108210,2026-05-09,Kurta set,Apparel,2670.0,UPI_QR
R108211,2026-05-09,Screen guard,Accessories,922.0,CASH
R108212,2026-05-09,Power bank,Accessories,285.0,CARD
R108213,2026-05-09,Jeans,Apparel,1900.0,UPI_QR
R108214,2026-05-09,Smart TV 43in,Electronics,48720.0,UPI_QR
R108215,2026-05-09,Smart TV 43in,Electronics,10770.0,UPI_APP
R108216,2026-05-09,Microwave,Appliances,22620.0,UPI_QR
R108217,2026-05-09,Curtains,Home Essentials,1050.0,CARD
R108218,2026-05-09,Gaming console,Electronics,16290.0,UPI_QR
R108219,2026-05-09,Charger,Accessories,159.0,UPI_QR
R108220,2026-05-09,Formal shirt,Apparel,654.0,UPI_QR
R108221,2026-05-09,Jeans,Apparel,990.0,CARD
R108222,2026-05-09,Air conditioner,Appliances,11950.0,UPI_APP
R108223,2026-05-09,Jeans,Apparel,629.0,UPI_QR
R108224,2026-05-09,Dining table,Furniture,10580.0,UPI_APP
R108225,2026-05-10,Laptop,Electronics,28480.0,UPI_QR
R108226,2026-05-10,Formal shirt,Apparel,3390.0,UPI_APP
R108227,2026-05-10,Phone case,Accessories,308.0,CARD
R108228,2026-05-10,Charger,Accessories,187.0,CASH
R108229,2026-05-10,Dining table,Furniture,5700.0,UPI_APP
R108230,2026-05-10,Smart TV 43in,Electronics,3380.0,UPI_APP
R108231,2026-05-10,Curtains,Home Essentials,578.0,UPI_QR
R108232,2026-05-10,Soundbar,Electronics,4880.0,UPI_APP
R108233,2026-05-10,Kurta set,Apparel,1560.0,UPI_APP
R108234,2026-05-10,Soundbar,Electronics,18300.0,UPI_QR
R108235,2026-05-10,Kurta set,Apparel,1780.0,UPI_QR
R108236,2026-05-10,Laptop,Electronics,48260.0,UPI_QR
R108237,2026-05-10,Tablet,Electronics,18220.0,CARD
R108238,2026-05-10,Cookware set,Home Essentials,1550.0,UPI_APP
R108239,2026-05-10,Sofa set,Furniture,22750.0,UPI_QR
R108240,2026-05-10,Earphones,Accessories,252.0,CASH
R108241,2026-05-10,Curtains,Home Essentials,1560.0,CARD
R108242,2026-05-10,Earphones,Accessories,546.0,UPI_QR
R108243,2026-05-10,Phone case,Accessories,615.0,UPI_APP
R108244,2026-05-10,Jacket,Apparel,2270.0,UPI_APP
R108245,2026-05-10,Power bank,Accessories,203.0,CARD
R108246,2026-05-10,Storage box,Home Essentials,657.0,UPI_QR
R108247,2026-05-10,Screen guard,Accessories,199.0,UPI_APP
R108248,2026-05-10,Jacket,Apparel,603.0,CASH
R108249,2026-05-10,Jeans,Apparel,1710.0,UPI_APP
R108250,2026-05-10,Storage box,Home Essentials,1500.0,CARD
R108251,2026-05-10,Gaming console,Electronics,26770.0,UPI_QR
R108252,2026-05-11,Curtains,Home Essentials,628.0,UPI_QR
R108253,2026-05-11,Earphones,Accessories,347.0,UPI_QR
R108254,2026-05-11,Phone case,Accessories,1140.0,UPI_QR
R108255,2026-05-11,Laptop,Electronics,28360.0,CASH
R108256,2026-05-11,Cookware set,Home Essentials,656.0,UPI_QR
R108257,2026-05-11,Earphones,Accessories,236.0,CARD
R108258,2026-05-11,Office chair,Furniture,5090.0,CARD
R108259,2026-05-11,Jacket,Apparel,1120.0,UPI_QR
R108260,2026-05-11,Cookware set,Home Essentials,333.0,UPI_APP
R108261,2026-05-11,Gaming console,Electronics,60040.0,UPI_QR
R108262,2026-05-11,Jacket,Apparel,723.0,UPI_QR
R108263,2026-05-11,Water purifier,Appliances,14080.0,UPI_QR
R108264,2026-05-11,Storage box,Home Essentials,830.0,CARD
R108265,2026-05-11,Sports shoes,Apparel,1480.0,CARD
R108266,2026-05-11,Charger,Accessories,381.0,CARD
R108267,2026-05-11,Tablet,Electronics,19580.0,UPI_APP
R108268,2026-05-11,Kurta set,Apparel,1230.0,UPI_QR
R108269,2026-05-11,Tablet,Electronics,22540.0,UPI_QR
R108270,2026-05-11,Foldable phone,Mobiles,11630.0,UPI_QR
R108271,2026-05-11,Office chair,Furniture,11120.0,UPI_QR
R108272,2026-05-11,Jeans,Apparel,1770.0,UPI_QR
R108273,2026-05-11,Phone case,Accessories,354.0,UPI_APP
R108274,2026-05-11,Foldable phone,Mobiles,50040.0,UPI_QR
R108275,2026-05-11,Microwave,Appliances,12600.0,CARD
R108276,2026-05-11,Microwave,Appliances,21790.0,UPI_QR
R108277,2026-05-11,Mixer jar,Home Essentials,1440.0,UPI_QR
R108278,2026-05-11,Laptop,Electronics,3150.0,UPI_APP
R108279,2026-05-11,Jeans,Apparel,905.0,UPI_APP
R108280,2026-05-11,Cookware set,Home Essentials,196.0,CARD
R108281,2026-05-11,Jeans,Apparel,1570.0,CARD
R108282,2026-05-11,Gaming console,Electronics,5510.0,UPI_QR
R108283,2026-05-11,Formal shirt,Apparel,746.0,CARD
R108284,2026-05-11,Water purifier,Appliances,21450.0,UPI_QR
R108285,2026-05-11,Soundbar,Electronics,31250.0,CARD
R108286,2026-05-11,Smartphone A,Mobiles,19660.0,UPI_QR
R108287,2026-05-11,Water purifier,Appliances,41900.0,UPI_QR
R108288,2026-05-12,Jeans,Apparel,2580.0,CARD
R108289,2026-05-12,Earphones,Accessories,458.0,CARD
R108290,2026-05-12,Sports shoes,Apparel,1900.0,CARD
R108291,2026-05-12,Screen guard,Accessories,256.0,CASH
R108292,2026-05-12,Bedsheet set,Home Essentials,547.0,UPI_APP
R108293,2026-05-12,Formal shirt,Apparel,474.0,UPI_QR
R108294,2026-05-12,Storage box,Home Essentials,742.0,UPI_QR
R108295,2026-05-12,Phone case,Accessories,473.0,CARD
R108296,2026-05-12,Charger,Accessories,1270.0,UPI_QR
R108297,2026-05-12,Bedsheet set,Home Essentials,364.0,UPI_APP
R108298,2026-05-12,Jacket,Apparel,5280.0,UPI_QR
R108299,2026-05-12,Gaming console,Electronics,16080.0,CARD
R108300,2026-05-12,Kurta set,Apparel,1820.0,CARD
R108301,2026-05-12,Refrigerator,Appliances,12220.0,UPI_QR
R108302,2026-05-12,Sports shoes,Apparel,2290.0,CARD
R108303,2026-05-12,Bedsheet set,Home Essentials,1190.0,UPI_QR
R108304,2026-05-12,Refrigerator,Appliances,18850.0,UPI_QR
R108305,2026-05-12,Wardrobe,Furniture,4770.0,UPI_QR
R108306,2026-05-12,Jeans,Apparel,1160.0,CARD
R108307,2026-05-12,Formal shirt,Apparel,1540.0,UPI_QR
R108308,2026-05-12,Storage box,Home Essentials,603.0,UPI_QR
R108309,2026-05-12,Storage box,Home Essentials,713.0,UPI_QR
R108310,2026-05-12,Mixer jar,Home Essentials,931.0,UPI_QR
R108311,2026-05-12,Water purifier,Appliances,25970.0,CARD
R108312,2026-05-12,Gaming console,Electronics,7310.0,CARD
R108313,2026-05-12,Charger,Accessories,199.0,UPI_APP
R108314,2026-05-12,Gaming console,Electronics,31810.0,CARD
R108315,2026-05-12,Phone case,Accessories,605.0,CARD
R108316,2026-05-12,Screen guard,Accessories,585.0,CARD
R108317,2026-05-12,Air conditioner,Appliances,19490.0,UPI_APP
R108318,2026-05-12,Office chair,Furniture,16360.0,UPI_APP
R108319,2026-05-12,Sofa set,Furniture,8860.0,CASH
R108320,2026-05-12,Soundbar,Electronics,16570.0,UPI_QR
R108321,2026-05-12,Screen guard,Accessories,239.0,CARD
R108322,2026-05-12,Formal shirt,Apparel,1870.0,UPI_QR
R108323,2026-05-12,Screen guard,Accessories,249.0,UPI_QR
R108324,2026-05-12,Curtains,Home Essentials,1100.0,CARD
R108325,2026-05-12,Water purifier,Appliances,14050.0,CARD
R108326,2026-05-13,Charger,Accessories,319.0,UPI_APP
R108327,2026-05-13,Mixer jar,Home Essentials,807.0,CARD
R108328,2026-05-13,Earphones,Accessories,501.0,UPI_APP
R108329,2026-05-13,Smart TV 43in,Electronics,36080.0,UPI_QR
R108330,2026-05-13,Sports shoes,Apparel,2410.0,CARD
R108331,2026-05-13,Sports shoes,Apparel,1850.0,CARD
R108332,2026-05-13,Kurta set,Apparel,1590.0,CARD
R108333,2026-05-13,Smart TV 43in,Electronics,12440.0,UPI_APP
R108334,2026-05-13,Phone case,Accessories,223.0,UPI_APP
R108335,2026-05-13,Power bank,Accessories,603.0,UPI_QR
R108336,2026-05-13,Bed frame,Furniture,8300.0,UPI_QR
R108337,2026-05-13,Sofa set,Furniture,7930.0,CARD
R108338,2026-05-13,Smart TV 43in,Electronics,5690.0,UPI_APP
R108339,2026-05-13,Soundbar,Electronics,34220.0,CARD
R108340,2026-05-13,Earphones,Accessories,572.0,UPI_QR
R108341,2026-05-13,Wardrobe,Furniture,14630.0,UPI_QR
R108342,2026-05-13,Laptop,Electronics,24460.0,UPI_QR
R108343,2026-05-13,Smart TV 43in,Electronics,15540.0,UPI_QR
R108344,2026-05-13,Dining table,Furniture,21290.0,UPI_QR
R108345,2026-05-13,Phone case,Accessories,212.0,CASH
R108346,2026-05-13,Curtains,Home Essentials,603.0,CARD
R108347,2026-05-13,Gaming console,Electronics,4870.0,UPI_QR
R108348,2026-05-13,Kurta set,Apparel,2080.0,UPI_QR
R108349,2026-05-13,Curtains,Home Essentials,599.0,UPI_QR
R108350,2026-05-13,Smartphone A,Mobiles,12480.0,CARD
R108351,2026-05-13,Earphones,Accessories,518.0,UPI_QR
R108352,2026-05-13,Refrigerator,Appliances,33340.0,UPI_QR
R108353,2026-05-13,Cookware set,Home Essentials,236.0,UPI_APP
R108354,2026-05-13,Jacket,Apparel,1210.0,UPI_QR
R108355,2026-05-13,Phone case,Accessories,249.0,CARD
R108356,2026-05-13,Smartphone C,Mobiles,33640.0,UPI_APP
R108357,2026-05-14,Storage box,Home Essentials,653.0,UPI_QR
R108358,2026-05-14,Smartphone A,Mobiles,49240.0,CARD
R108359,2026-05-14,Smartphone A,Mobiles,25090.0,CARD
R108360,2026-05-14,Earphones,Accessories,1180.0,CASH
R108361,2026-05-14,Air conditioner,Appliances,23740.0,CARD
R108362,2026-05-14,Curtains,Home Essentials,1590.0,UPI_QR
R108363,2026-05-14,Tablet,Electronics,15890.0,CASH
R108364,2026-05-14,Microwave,Appliances,55330.0,UPI_APP
R108365,2026-05-14,Wardrobe,Furniture,8780.0,CASH
R108366,2026-05-14,Sports shoes,Apparel,2110.0,CARD
R108367,2026-05-14,Screen guard,Accessories,524.0,UPI_QR
R108368,2026-05-14,Foldable phone,Mobiles,20080.0,UPI_QR
R108369,2026-05-14,Storage box,Home Essentials,510.0,UPI_QR
R108370,2026-05-14,Mixer jar,Home Essentials,703.0,UPI_APP
R108371,2026-05-14,Screen guard,Accessories,704.0,CASH
R108372,2026-05-14,Kurta set,Apparel,3840.0,CASH
R108373,2026-05-14,Smart TV 43in,Electronics,101210.0,CARD
R108374,2026-05-14,Phone case,Accessories,438.0,UPI_QR
R108375,2026-05-14,Earphones,Accessories,347.0,UPI_QR
R108376,2026-05-14,Curtains,Home Essentials,650.0,CARD
R108377,2026-05-14,Curtains,Home Essentials,573.0,CARD
R108378,2026-05-14,Formal shirt,Apparel,1400.0,CARD
R108379,2026-05-14,Phone case,Accessories,735.0,UPI_APP
R108380,2026-05-14,Phone case,Accessories,930.0,UPI_QR
R108381,2026-05-14,Earphones,Accessories,116.0,UPI_QR
R108382,2026-05-15,Washing machine,Appliances,20060.0,CARD
R108383,2026-05-15,Mixer jar,Home Essentials,441.0,UPI_APP
R108384,2026-05-15,Screen guard,Accessories,481.0,UPI_QR
R108385,2026-05-15,Sports shoes,Apparel,1680.0,UPI_QR
R108386,2026-05-15,Charger,Accessories,753.0,CARD
R108387,2026-05-15,Sports shoes,Apparel,3560.0,UPI_QR
R108388,2026-05-15,Gaming console,Electronics,16800.0,CARD
R108389,2026-05-15,Cookware set,Home Essentials,748.0,UPI_APP
R108390,2026-05-15,Smart TV 43in,Electronics,8600.0,UPI_APP
R108391,2026-05-15,Refrigerator,Appliances,15420.0,UPI_QR
R108392,2026-05-15,Earphones,Accessories,243.0,CARD
R108393,2026-05-15,Phone case,Accessories,866.0,UPI_QR
R108394,2026-05-15,Water purifier,Appliances,9140.0,UPI_QR
R108395,2026-05-15,Formal shirt,Apparel,2650.0,CASH
R108396,2026-05-15,Power bank,Accessories,526.0,CASH
R108397,2026-05-15,Tablet,Electronics,42620.0,UPI_QR
R108398,2026-05-15,Formal shirt,Apparel,1230.0,UPI_APP
R108399,2026-05-15,Screen guard,Accessories,587.0,UPI_QR
R108400,2026-05-15,Mixer jar,Home Essentials,557.0,CARD
R108401,2026-05-15,Jacket,Apparel,3190.0,UPI_QR
R108402,2026-05-15,Jeans,Apparel,1180.0,CARD
R108403,2026-05-15,Bedsheet set,Home Essentials,461.0,CARD
R108404,2026-05-15,Sofa set,Furniture,19440.0,CARD
R108405,2026-05-15,Charger,Accessories,792.0,UPI_APP
R108406,2026-05-15,Sports shoes,Apparel,1620.0,CARD
R108407,2026-05-16,Water purifier,Appliances,29370.0,CASH
R108408,2026-05-16,Office chair,Furniture,4110.0,CARD
R108409,2026-05-16,Refrigerator,Appliances,36940.0,CARD
R108410,2026-05-16,Charger,Accessories,313.0,CASH
R108411,2026-05-16,Phone case,Accessories,306.0,CARD
R108412,2026-05-16,Phone case,Accessories,280.0,UPI_APP
R108413,2026-05-16,Phone case,Accessories,515.0,UPI_APP
R108414,2026-05-16,Curtains,Home Essentials,857.0,CASH
R108415,2026-05-16,Charger,Accessories,243.0,UPI_APP
R108416,2026-05-16,Bedsheet set,Home Essentials,1530.0,CASH
R108417,2026-05-16,Air conditioner,Appliances,23380.0,UPI_QR
R108418,2026-05-16,Formal shirt,Apparel,1660.0,CARD
R108419,2026-05-16,Laptop,Electronics,13880.0,UPI_QR
R108420,2026-05-16,Formal shirt,Apparel,4280.0,UPI_QR
R108421,2026-05-16,Sports shoes,Apparel,1030.0,UPI_QR
R108422,2026-05-16,Screen guard,Accessories,325.0,UPI_QR
R108423,2026-05-16,Kurta set,Apparel,1380.0,CARD
R108424,2026-05-16,Gaming console,Electronics,15020.0,UPI_QR
R108425,2026-05-16,Phone case,Accessories,502.0,CARD
R108426,2026-05-16,Charger,Accessories,518.0,UPI_QR
R108427,2026-05-16,Smartphone C,Mobiles,24880.0,UPI_QR
R108428,2026-05-16,Cookware set,Home Essentials,725.0,CASH
R108429,2026-05-16,Earphones,Accessories,365.0,UPI_APP
R108430,2026-05-16,Kurta set,Apparel,1800.0,UPI_QR
R108431,2026-05-16,Water purifier,Appliances,12950.0,UPI_QR
R108432,2026-05-16,Jacket,Apparel,1250.0,CARD
R108433,2026-05-16,Screen guard,Accessories,255.0,CARD
R108434,2026-05-16,Bedsheet set,Home Essentials,675.0,CARD
R108435,2026-05-16,Wardrobe,Furniture,5940.0,UPI_QR
R108436,2026-05-16,Jeans,Apparel,2420.0,UPI_QR
R108437,2026-05-16,Screen guard,Accessories,1060.0,UPI_APP
R108438,2026-05-16,Air conditioner,Appliances,8170.0,CARD
R108439,2026-05-16,Sofa set,Furniture,12350.0,CARD
R108440,2026-05-16,Charger,Accessories,1180.0,CARD
R108441,2026-05-16,Office chair,Furniture,12300.0,UPI_QR
R108442,2026-05-16,Mixer jar,Home Essentials,1220.0,UPI_QR
R108443,2026-05-16,Jeans,Apparel,1110.0,CARD
R108444,2026-05-16,Earphones,Accessories,269.0,CARD
R108445,2026-05-16,Jeans,Apparel,1490.0,CASH
R108446,2026-05-16,Soundbar,Electronics,14170.0,UPI_QR
R108447,2026-05-16,Formal shirt,Apparel,2220.0,UPI_APP
R108448,2026-05-16,Washing machine,Appliances,31190.0,UPI_APP
R108449,2026-05-17,Phone case,Accessories,841.0,UPI_QR
R108450,2026-05-17,Power bank,Accessories,278.0,UPI_QR
R108451,2026-05-17,Earphones,Accessories,174.0,CASH
R108452,2026-05-17,Screen guard,Accessories,206.0,CARD
R108453,2026-05-17,Sports shoes,Apparel,717.0,CARD
R108454,2026-05-17,Dining table,Furniture,13680.0,CARD
R108455,2026-05-17,Jeans,Apparel,1240.0,CASH
R108456,2026-05-17,Phone case,Accessories,686.0,UPI_QR
R108457,2026-05-17,Soundbar,Electronics,26780.0,UPI_QR
R108458,2026-05-17,Smart TV 43in,Electronics,2920.0,UPI_APP
R108459,2026-05-17,Charger,Accessories,298.0,CARD
R108460,2026-05-17,Curtains,Home Essentials,537.0,UPI_APP
R108461,2026-05-17,Curtains,Home Essentials,784.0,UPI_APP
R108462,2026-05-17,Refrigerator,Appliances,57530.0,CARD
R108463,2026-05-17,Sports shoes,Apparel,2490.0,UPI_QR
R108464,2026-05-17,Laptop,Electronics,18190.0,UPI_QR
R108465,2026-05-17,Water purifier,Appliances,21510.0,CARD
R108466,2026-05-17,Air conditioner,Appliances,21000.0,UPI_QR
R108467,2026-05-17,Storage box,Home Essentials,1120.0,UPI_APP
R108468,2026-05-17,Formal shirt,Apparel,867.0,UPI_QR
R108469,2026-05-17,Earphones,Accessories,1000.0,UPI_APP
R108470,2026-05-17,Bed frame,Furniture,11650.0,CARD
R108471,2026-05-17,Washing machine,Appliances,23320.0,CARD
R108472,2026-05-17,Tablet,Electronics,2590.0,CARD
R108473,2026-05-17,Earphones,Accessories,397.0,UPI_QR
R108474,2026-05-17,Tablet,Electronics,29930.0,CARD
R108475,2026-05-17,Earphones,Accessories,213.0,UPI_APP
R108476,2026-05-17,Mixer jar,Home Essentials,541.0,UPI_QR
R108477,2026-05-17,Cookware set,Home Essentials,473.0,CARD
R108478,2026-05-17,Cookware set,Home Essentials,629.0,CARD
R108479,2026-05-17,Water purifier,Appliances,70660.0,CARD
R108480,2026-05-17,Sports shoes,Apparel,1530.0,UPI_QR
R108481,2026-05-17,Water purifier,Appliances,11240.0,UPI_APP
R108482,2026-05-17,Smart TV 43in,Electronics,17560.0,CARD
R108483,2026-05-17,Sports shoes,Apparel,2840.0,CARD
R108484,2026-05-17,Screen guard,Accessories,391.0,UPI_APP
R108485,2026-05-17,Formal shirt,Apparel,2130.0,CARD
R108486,2026-05-17,Mixer jar,Home Essentials,1760.0,UPI_APP
R108487,2026-05-17,Charger,Accessories,791.0,UPI_QR
R108488,2026-05-17,Phone case,Accessories,739.0,UPI_QR
R108489,2026-05-17,Gaming console,Electronics,35670.0,UPI_QR
R108490,2026-05-17,Bedsheet set,Home Essentials,486.0,UPI_QR
R108491,2026-05-17,Sports shoes,Apparel,1380.0,CARD
R108492,2026-05-17,Cookware set,Home Essentials,530.0,CASH
R108493,2026-05-17,Gaming console,Electronics,6610.0,UPI_APP
R108494,2026-05-17,Phone case,Accessories,529.0,UPI_QR
R108495,2026-05-17,Charger,Accessories,1150.0,UPI_APP
R108496,2026-05-17,Kurta set,Apparel,1020.0,UPI_APP
R108497,2026-05-17,Sports shoes,Apparel,747.0,CASH
R108498,2026-05-17,Formal shirt,Apparel,797.0,CARD
R108499,2026-05-17,Screen guard,Accessories,1550.0,UPI_QR
R108500,2026-05-18,Gaming console,Electronics,38440.0,UPI_QR
R108501,2026-05-18,Charger,Accessories,194.0,UPI_QR
R108502,2026-05-18,Jeans,Apparel,1550.0,CASH
R108503,2026-05-18,Phone case,Accessories,240.0,CARD
R108504,2026-05-18,Curtains,Home Essentials,249.0,UPI_QR
R108505,2026-05-18,Cookware set,Home Essentials,533.0,CARD
R108506,2026-05-18,Sports shoes,Apparel,1310.0,CARD
R108507,2026-05-18,Bedsheet set,Home Essentials,489.0,CARD
R108508,2026-05-18,Screen guard,Accessories,340.0,UPI_QR
R108509,2026-05-18,Jacket,Apparel,804.0,UPI_QR
R108510,2026-05-18,Earphones,Accessories,100.0,UPI_QR
R108511,2026-05-18,Earphones,Accessories,454.0,CARD
R108512,2026-05-18,Bedsheet set,Home Essentials,731.0,UPI_QR
R108513,2026-05-18,Smart TV 43in,Electronics,16830.0,CARD
R108514,2026-05-18,Phone case,Accessories,261.0,UPI_APP
R108515,2026-05-18,Power bank,Accessories,378.0,CARD
R108516,2026-05-18,Screen guard,Accessories,1230.0,UPI_QR
R108517,2026-05-18,Cookware set,Home Essentials,572.0,CARD
R108518,2026-05-18,Refrigerator,Appliances,18370.0,CARD
R108519,2026-05-18,Mixer jar,Home Essentials,1400.0,CARD
R108520,2026-05-18,Office chair,Furniture,14240.0,UPI_QR
R108521,2026-05-18,Screen guard,Accessories,483.0,CARD
R108522,2026-05-19,Kurta set,Apparel,2690.0,UPI_QR
R108523,2026-05-19,Jacket,Apparel,682.0,CASH
R108524,2026-05-19,Power bank,Accessories,476.0,UPI_APP
R108525,2026-05-19,Tablet,Electronics,17180.0,UPI_APP
R108526,2026-05-19,Earphones,Accessories,572.0,UPI_QR
R108527,2026-05-19,Earphones,Accessories,807.0,CARD
R108528,2026-05-19,Jeans,Apparel,1590.0,UPI_QR
R108529,2026-05-19,Jeans,Apparel,1610.0,UPI_QR
R108530,2026-05-19,Formal shirt,Apparel,531.0,UPI_QR
R108531,2026-05-19,Jeans,Apparel,1690.0,CARD
R108532,2026-05-19,Soundbar,Electronics,17780.0,CARD
R108533,2026-05-19,Earphones,Accessories,608.0,CARD
R108534,2026-05-19,Washing machine,Appliances,13330.0,UPI_APP
R108535,2026-05-19,Bedsheet set,Home Essentials,387.0,CARD
R108536,2026-05-19,Refrigerator,Appliances,32810.0,CARD
R108537,2026-05-19,Air conditioner,Appliances,49730.0,UPI_APP
R108538,2026-05-19,Jacket,Apparel,881.0,UPI_QR
R108539,2026-05-19,Jacket,Apparel,623.0,UPI_APP
R108540,2026-05-19,Charger,Accessories,850.0,UPI_QR
R108541,2026-05-19,Power bank,Accessories,860.0,UPI_QR
R108542,2026-05-19,Laptop,Electronics,6020.0,CARD
R108543,2026-05-19,Jacket,Apparel,1910.0,CARD
R108544,2026-05-19,Tablet,Electronics,27310.0,UPI_APP
R108545,2026-05-19,Phone case,Accessories,168.0,UPI_QR
R108546,2026-05-19,Gaming console,Electronics,11160.0,UPI_QR
R108547,2026-05-19,Earphones,Accessories,449.0,CARD
R108548,2026-05-19,Earphones,Accessories,246.0,CARD
R108549,2026-05-20,Refrigerator,Appliances,8900.0,CARD
R108550,2026-05-20,Jeans,Apparel,485.0,UPI_QR
R108551,2026-05-20,Kurta set,Apparel,1850.0,UPI_QR
R108552,2026-05-20,Curtains,Home Essentials,726.0,UPI_QR
R108553,2026-05-20,Charger,Accessories,677.0,UPI_APP
R108554,2026-05-20,Earphones,Accessories,399.0,CARD
R108555,2026-05-20,Formal shirt,Apparel,893.0,UPI_QR
R108556,2026-05-20,Cookware set,Home Essentials,1080.0,UPI_APP
R108557,2026-05-20,Smart TV 43in,Electronics,12520.0,UPI_QR
R108558,2026-05-20,Jeans,Apparel,4250.0,UPI_QR
R108559,2026-05-20,Dining table,Furniture,22570.0,CARD
R108560,2026-05-20,Curtains,Home Essentials,356.0,UPI_QR
R108561,2026-05-20,Microwave,Appliances,28040.0,CARD
R108562,2026-05-20,Sports shoes,Apparel,2560.0,CARD
R108563,2026-05-20,Earphones,Accessories,393.0,UPI_QR
R108564,2026-05-20,Washing machine,Appliances,6330.0,CARD
R108565,2026-05-20,Laptop,Electronics,9420.0,CARD
R108566,2026-05-20,Screen guard,Accessories,398.0,CARD
R108567,2026-05-20,Smart TV 43in,Electronics,87550.0,CARD
R108568,2026-05-20,Smartphone C,Mobiles,20350.0,CARD
R108569,2026-05-20,Jeans,Apparel,2070.0,CASH
R108570,2026-05-20,Formal shirt,Apparel,2630.0,UPI_APP
R108571,2026-05-20,Power bank,Accessories,768.0,UPI_APP
R108572,2026-05-20,Storage box,Home Essentials,307.0,CARD
R108573,2026-05-20,Power bank,Accessories,376.0,UPI_QR
R108574,2026-05-20,Laptop,Electronics,16080.0,CARD
R108575,2026-05-20,Kurta set,Apparel,1020.0,CARD
R108576,2026-05-20,Formal shirt,Apparel,1980.0,CARD
R108577,2026-05-20,Bedsheet set,Home Essentials,1390.0,UPI_QR
R108578,2026-05-20,Cookware set,Home Essentials,305.0,CARD
R108579,2026-05-20,Wardrobe,Furniture,11580.0,CARD
R108580,2026-05-20,Laptop,Electronics,7930.0,CASH
R108581,2026-05-20,Gaming console,Electronics,28620.0,UPI_APP
R108582,2026-05-20,Smartphone B,Mobiles,19410.0,UPI_QR
R108583,2026-05-21,Jeans,Apparel,2300.0,CASH
R108584,2026-05-21,Cookware set,Home Essentials,392.0,UPI_QR
R108585,2026-05-21,Jeans,Apparel,4500.0,UPI_QR
R108586,2026-05-21,Charger,Accessories,723.0,CARD
R108587,2026-05-21,Mixer jar,Home Essentials,439.0,UPI_QR
R108588,2026-05-21,Phone case,Accessories,426.0,UPI_QR
R108589,2026-05-21,Jeans,Apparel,561.0,UPI_APP
R108590,2026-05-21,Refrigerator,Appliances,18340.0,CARD
R108591,2026-05-21,Jacket,Apparel,1290.0,CARD
R108592,2026-05-21,Screen guard,Accessories,679.0,CARD
R108593,2026-05-21,Refrigerator,Appliances,8830.0,UPI_QR
R108594,2026-05-21,Smart TV 43in,Electronics,23080.0,UPI_QR
R108595,2026-05-21,Laptop,Electronics,62420.0,CARD
R108596,2026-05-21,Cookware set,Home Essentials,401.0,UPI_QR
R108597,2026-05-21,Power bank,Accessories,346.0,CARD
R108598,2026-05-21,Tablet,Electronics,6360.0,UPI_APP
R108599,2026-05-21,Kurta set,Apparel,1010.0,CASH
R108600,2026-05-21,Smartphone B,Mobiles,36930.0,UPI_QR
R108601,2026-05-21,Charger,Accessories,661.0,UPI_QR
R108602,2026-05-21,Water purifier,Appliances,37940.0,CARD
R108603,2026-05-21,Curtains,Home Essentials,590.0,UPI_APP
R108604,2026-05-21,Storage box,Home Essentials,1250.0,CARD
R108605,2026-05-21,Charger,Accessories,301.0,CASH
R108606,2026-05-21,Charger,Accessories,678.0,UPI_APP
R108607,2026-05-21,Jeans,Apparel,2920.0,CARD
R108608,2026-05-21,Screen guard,Accessories,202.0,UPI_QR
R108609,2026-05-21,Dining table,Furniture,15400.0,UPI_QR
R108610,2026-05-21,Jacket,Apparel,2130.0,UPI_QR
R108611,2026-05-21,Charger,Accessories,331.0,UPI_APP
R108612,2026-05-22,Earphones,Accessories,220.0,UPI_QR
R108613,2026-05-22,Microwave,Appliances,9110.0,UPI_QR
R108614,2026-05-22,Storage box,Home Essentials,690.0,UPI_APP
R108615,2026-05-22,Storage box,Home Essentials,729.0,UPI_QR
R108616,2026-05-22,Smartphone B,Mobiles,13630.0,CARD
R108617,2026-05-22,Bedsheet set,Home Essentials,380.0,UPI_QR
R108618,2026-05-22,Laptop,Electronics,26730.0,UPI_QR
R108619,2026-05-22,Earphones,Accessories,274.0,UPI_QR
R108620,2026-05-22,Power bank,Accessories,590.0,CARD
R108621,2026-05-22,Cookware set,Home Essentials,636.0,UPI_QR
R108622,2026-05-22,Bed frame,Furniture,8100.0,CASH
R108623,2026-05-22,Power bank,Accessories,427.0,UPI_QR
R108624,2026-05-22,Charger,Accessories,970.0,UPI_APP
R108625,2026-05-22,Wardrobe,Furniture,21100.0,UPI_APP
R108626,2026-05-22,Office chair,Furniture,21330.0,UPI_QR
R108627,2026-05-22,Sports shoes,Apparel,765.0,UPI_QR
R108628,2026-05-22,Jacket,Apparel,697.0,CARD
R108629,2026-05-22,Mixer jar,Home Essentials,555.0,UPI_QR
R108630,2026-05-22,Bedsheet set,Home Essentials,896.0,UPI_QR
R108631,2026-05-22,Dining table,Furniture,14460.0,UPI_QR
R108632,2026-05-22,Bed frame,Furniture,19520.0,CARD
R108633,2026-05-22,Office chair,Furniture,12490.0,UPI_QR
R108634,2026-05-22,Power bank,Accessories,429.0,UPI_QR
R108635,2026-05-22,Smartphone A,Mobiles,16360.0,UPI_APP
R108636,2026-05-22,Smartphone B,Mobiles,33750.0,CARD
R108637,2026-05-22,Earphones,Accessories,435.0,CASH
R108638,2026-05-22,Jeans,Apparel,1770.0,UPI_QR
R108639,2026-05-22,Smartphone B,Mobiles,16200.0,CARD
R108640,2026-05-22,Phone case,Accessories,342.0,UPI_APP
R108641,2026-05-22,Screen guard,Accessories,486.0,UPI_QR
R108642,2026-05-22,Cookware set,Home Essentials,747.0,UPI_APP
R108643,2026-05-22,Formal shirt,Apparel,2480.0,CARD
R108644,2026-05-22,Mixer jar,Home Essentials,1380.0,CARD
R108645,2026-05-22,Microwave,Appliances,28720.0,UPI_QR
R108646,2026-05-22,Kurta set,Apparel,1240.0,CARD
R108647,2026-05-23,Screen guard,Accessories,632.0,UPI_APP
R108648,2026-05-23,Curtains,Home Essentials,291.0,CARD
R108649,2026-05-23,Air conditioner,Appliances,11460.0,CASH
R108650,2026-05-23,Phone case,Accessories,463.0,CARD
R108651,2026-05-23,Charger,Accessories,630.0,CARD
R108652,2026-05-23,Earphones,Accessories,196.0,UPI_QR
R108653,2026-05-23,Dining table,Furniture,13010.0,CARD
R108654,2026-05-23,Smartphone B,Mobiles,24470.0,UPI_QR
R108655,2026-05-23,Jeans,Apparel,2440.0,CASH
R108656,2026-05-23,Screen guard,Accessories,2150.0,UPI_QR
R108657,2026-05-23,Jeans,Apparel,1540.0,UPI_QR
R108658,2026-05-23,Charger,Accessories,304.0,UPI_QR
R108659,2026-05-23,Mixer jar,Home Essentials,361.0,UPI_QR
R108660,2026-05-23,Power bank,Accessories,357.0,CARD
R108661,2026-05-23,Charger,Accessories,359.0,UPI_APP
R108662,2026-05-23,Soundbar,Electronics,84160.0,CARD
R108663,2026-05-23,Mixer jar,Home Essentials,1320.0,CARD
R108664,2026-05-23,Gaming console,Electronics,9550.0,UPI_QR
R108665,2026-05-23,Phone case,Accessories,990.0,UPI_QR
R108666,2026-05-23,Sofa set,Furniture,19560.0,CARD
R108667,2026-05-23,Sports shoes,Apparel,1220.0,UPI_QR
R108668,2026-05-23,Wardrobe,Furniture,23150.0,UPI_QR
R108669,2026-05-23,Screen guard,Accessories,531.0,UPI_QR
R108670,2026-05-23,Laptop,Electronics,20560.0,UPI_QR
R108671,2026-05-23,Jeans,Apparel,2100.0,UPI_APP
R108672,2026-05-23,Screen guard,Accessories,441.0,UPI_QR
R108673,2026-05-23,Screen guard,Accessories,178.0,UPI_QR
R108674,2026-05-23,Jacket,Apparel,1440.0,UPI_APP
R108675,2026-05-23,Jacket,Apparel,2430.0,UPI_QR
R108676,2026-05-23,Foldable phone,Mobiles,18470.0,CARD
R108677,2026-05-23,Foldable phone,Mobiles,8060.0,CARD
R108678,2026-05-23,Gaming console,Electronics,7250.0,CARD
R108679,2026-05-23,Power bank,Accessories,335.0,UPI_APP
R108680,2026-05-23,Mixer jar,Home Essentials,373.0,CASH
R108681,2026-05-23,Earphones,Accessories,944.0,UPI_APP
R108682,2026-05-23,Charger,Accessories,889.0,UPI_QR
R108683,2026-05-23,Soundbar,Electronics,58360.0,UPI_QR
R108684,2026-05-23,Screen guard,Accessories,289.0,CARD
R108685,2026-05-23,Power bank,Accessories,775.0,UPI_QR
R108686,2026-05-23,Storage box,Home Essentials,368.0,UPI_QR
R108687,2026-05-23,Curtains,Home Essentials,392.0,CARD
R108688,2026-05-24,Curtains,Home Essentials,755.0,UPI_APP
R108689,2026-05-24,Earphones,Accessories,249.0,UPI_QR
R108690,2026-05-24,Sofa set,Furniture,10460.0,CARD
R108691,2026-05-24,Soundbar,Electronics,6290.0,UPI_APP
R108692,2026-05-24,Cookware set,Home Essentials,856.0,UPI_QR
R108693,2026-05-24,Cookware set,Home Essentials,904.0,CASH
R108694,2026-05-24,Charger,Accessories,728.0,CARD
R108695,2026-05-24,Office chair,Furniture,18630.0,UPI_APP
R108696,2026-05-24,Jeans,Apparel,6340.0,UPI_QR
R108697,2026-05-24,Power bank,Accessories,99.0,CARD
R108698,2026-05-24,Power bank,Accessories,269.0,UPI_APP
R108699,2026-05-24,Earphones,Accessories,300.0,UPI_APP
R108700,2026-05-24,Bedsheet set,Home Essentials,672.0,CARD
R108701,2026-05-24,Gaming console,Electronics,5940.0,UPI_APP
R108702,2026-05-24,Water purifier,Appliances,57320.0,UPI_APP
R108703,2026-05-24,Water purifier,Appliances,27150.0,CARD
R108704,2026-05-24,Storage box,Home Essentials,1380.0,CARD
R108705,2026-05-24,Cookware set,Home Essentials,769.0,CASH
R108706,2026-05-24,Phone case,Accessories,293.0,CASH
R108707,2026-05-24,Smart TV 43in,Electronics,24700.0,UPI_QR
R108708,2026-05-24,Charger,Accessories,548.0,CARD
R108709,2026-05-24,Formal shirt,Apparel,3230.0,UPI_APP
R108710,2026-05-24,Phone case,Accessories,478.0,CASH
R108711,2026-05-24,Wardrobe,Furniture,23620.0,UPI_APP
R108712,2026-05-24,Curtains,Home Essentials,894.0,UPI_APP
R108713,2026-05-24,Storage box,Home Essentials,436.0,UPI_QR
R108714,2026-05-24,Charger,Accessories,865.0,UPI_QR
R108715,2026-05-24,Laptop,Electronics,12840.0,CARD
R108716,2026-05-24,Jeans,Apparel,3950.0,UPI_APP
R108717,2026-05-24,Sports shoes,Apparel,869.0,UPI_QR
R108718,2026-05-24,Microwave,Appliances,10340.0,UPI_QR
R108719,2026-05-24,Jeans,Apparel,585.0,UPI_APP
R108720,2026-05-24,Jeans,Apparel,822.0,UPI_QR
R108721,2026-05-24,Refrigerator,Appliances,25780.0,CASH
R108722,2026-05-24,Smartphone A,Mobiles,10900.0,UPI_APP
R108723,2026-05-25,Storage box,Home Essentials,576.0,CARD
R108724,2026-05-25,Dining table,Furniture,5700.0,UPI_QR
R108725,2026-05-25,Bed frame,Furniture,13950.0,CASH
R108726,2026-05-25,Dining table,Furniture,34490.0,UPI_QR
R108727,2026-05-25,Smartphone A,Mobiles,51920.0,CARD
R108728,2026-05-25,Power bank,Accessories,1130.0,UPI_APP
R108729,2026-05-25,Sports shoes,Apparel,1940.0,UPI_QR
R108730,2026-05-25,Jacket,Apparel,2140.0,UPI_QR
R108731,2026-05-25,Kurta set,Apparel,1270.0,UPI_APP
R108732,2026-05-25,Power bank,Accessories,308.0,UPI_QR
R108733,2026-05-25,Curtains,Home Essentials,389.0,CARD
R108734,2026-05-25,Phone case,Accessories,449.0,UPI_QR
R108735,2026-05-25,Gaming console,Electronics,7640.0,CARD
R108736,2026-05-25,Charger,Accessories,406.0,UPI_APP
R108737,2026-05-25,Kurta set,Apparel,6300.0,CARD
R108738,2026-05-25,Jeans,Apparel,1150.0,UPI_APP
R108739,2026-05-25,Washing machine,Appliances,11450.0,UPI_QR
R108740,2026-05-25,Jeans,Apparel,2710.0,CASH
R108741,2026-05-25,Curtains,Home Essentials,1060.0,UPI_APP
R108742,2026-05-25,Laptop,Electronics,22600.0,UPI_QR
R108743,2026-05-25,Earphones,Accessories,968.0,CARD
R108744,2026-05-25,Bedsheet set,Home Essentials,472.0,UPI_APP
R108745,2026-05-25,Smartphone A,Mobiles,28690.0,UPI_QR
R108746,2026-05-25,Power bank,Accessories,432.0,CARD
R108747,2026-05-25,Mixer jar,Home Essentials,445.0,UPI_QR
R108748,2026-05-25,Smart TV 43in,Electronics,50540.0,CARD
R108749,2026-05-25,Charger,Accessories,1110.0,UPI_QR
R108750,2026-05-25,Soundbar,Electronics,22770.0,CARD
R108751,2026-05-25,Sports shoes,Apparel,3450.0,UPI_APP
R108752,2026-05-25,Wardrobe,Furniture,15930.0,CARD
R108753,2026-05-26,Charger,Accessories,331.0,CARD
R108754,2026-05-26,Screen guard,Accessories,970.0,UPI_QR
R108755,2026-05-26,Jeans,Apparel,2030.0,CASH
R108756,2026-05-26,Smart TV 43in,Electronics,24590.0,UPI_QR
R108757,2026-05-26,Screen guard,Accessories,350.0,CARD
R108758,2026-05-26,Screen guard,Accessories,365.0,CARD
R108759,2026-05-26,Laptop,Electronics,3360.0,UPI_APP
R108760,2026-05-26,Storage box,Home Essentials,844.0,CARD
R108761,2026-05-26,Earphones,Accessories,485.0,UPI_QR
R108762,2026-05-26,Phone case,Accessories,323.0,CARD
R108763,2026-05-26,Kurta set,Apparel,1180.0,UPI_QR
R108764,2026-05-26,Kurta set,Apparel,573.0,UPI_APP
R108765,2026-05-26,Charger,Accessories,163.0,UPI_QR
R108766,2026-05-26,Soundbar,Electronics,11590.0,CARD
R108767,2026-05-26,Power bank,Accessories,477.0,CASH
R108768,2026-05-26,Power bank,Accessories,576.0,CASH
R108769,2026-05-26,Dining table,Furniture,6880.0,UPI_APP
R108770,2026-05-26,Smart TV 43in,Electronics,19050.0,CASH
R108771,2026-05-26,Charger,Accessories,250.0,UPI_APP
R108772,2026-05-26,Laptop,Electronics,2870.0,CARD
R108773,2026-05-26,Soundbar,Electronics,3050.0,UPI_QR
R108774,2026-05-26,Cookware set,Home Essentials,947.0,CARD
R108775,2026-05-26,Charger,Accessories,319.0,CASH
R108776,2026-05-26,Jacket,Apparel,669.0,UPI_QR
R108777,2026-05-26,Screen guard,Accessories,704.0,UPI_QR
R108778,2026-05-27,Smartphone B,Mobiles,26920.0,CASH
R108779,2026-05-27,Power bank,Accessories,1160.0,UPI_QR
R108780,2026-05-27,Refrigerator,Appliances,16250.0,UPI_QR
R108781,2026-05-27,Curtains,Home Essentials,1120.0,UPI_APP
R108782,2026-05-27,Sofa set,Furniture,6480.0,CARD
R108783,2026-05-27,Sports shoes,Apparel,1240.0,UPI_QR
R108784,2026-05-27,Cookware set,Home Essentials,875.0,UPI_QR
R108785,2026-05-27,Bedsheet set,Home Essentials,568.0,CARD
R108786,2026-05-27,Screen guard,Accessories,144.0,UPI_QR
R108787,2026-05-27,Gaming console,Electronics,48430.0,UPI_APP
R108788,2026-05-27,Earphones,Accessories,165.0,UPI_APP
R108789,2026-05-27,Curtains,Home Essentials,1260.0,CARD
R108790,2026-05-27,Power bank,Accessories,399.0,UPI_APP
R108791,2026-05-27,Smartphone A,Mobiles,13830.0,UPI_QR
R108792,2026-05-27,Bedsheet set,Home Essentials,426.0,UPI_APP
R108793,2026-05-27,Gaming console,Electronics,8590.0,UPI_QR
R108794,2026-05-27,Earphones,Accessories,350.0,CARD
R108795,2026-05-27,Phone case,Accessories,638.0,CARD
R108796,2026-05-27,Curtains,Home Essentials,349.0,CARD
R108797,2026-05-27,Smart TV 43in,Electronics,5300.0,CARD
R108798,2026-05-27,Jeans,Apparel,3220.0,CARD
R108799,2026-05-27,Gaming console,Electronics,6200.0,UPI_QR
R108800,2026-05-27,Formal shirt,Apparel,1100.0,CARD
R108801,2026-05-27,Wardrobe,Furniture,9150.0,UPI_APP
R108802,2026-05-27,Sports shoes,Apparel,1290.0,CASH
R108803,2026-05-27,Mixer jar,Home Essentials,609.0,CASH
R108804,2026-05-28,Charger,Accessories,174.0,UPI_QR
R108805,2026-05-28,Cookware set,Home Essentials,260.0,UPI_APP
R108806,2026-05-28,Power bank,Accessories,1310.0,UPI_QR
R108807,2026-05-28,Earphones,Accessories,393.0,UPI_APP
R108808,2026-05-28,Bedsheet set,Home Essentials,784.0,UPI_QR
R108809,2026-05-28,Mixer jar,Home Essentials,649.0,UPI_QR
R108810,2026-05-28,Tablet,Electronics,135370.0,CARD
R108811,2026-05-28,Charger,Accessories,1030.0,UPI_QR
R108812,2026-05-28,Jacket,Apparel,1190.0,UPI_APP
R108813,2026-05-28,Earphones,Accessories,1000.0,UPI_QR
R108814,2026-05-28,Soundbar,Electronics,22680.0,UPI_APP
R108815,2026-05-28,Curtains,Home Essentials,938.0,UPI_QR
R108816,2026-05-28,Power bank,Accessories,279.0,UPI_APP
R108817,2026-05-28,Tablet,Electronics,5110.0,UPI_APP
R108818,2026-05-28,Smartphone B,Mobiles,20860.0,UPI_APP
R108819,2026-05-28,Water purifier,Appliances,23710.0,CASH
R108820,2026-05-28,Refrigerator,Appliances,27680.0,CARD
R108821,2026-05-28,Charger,Accessories,410.0,UPI_QR
R108822,2026-05-28,Curtains,Home Essentials,576.0,UPI_QR
R108823,2026-05-28,Smartphone C,Mobiles,46500.0,UPI_QR
R108824,2026-05-28,Bedsheet set,Home Essentials,1100.0,CASH
R108825,2026-05-28,Sports shoes,Apparel,1080.0,UPI_APP
R108826,2026-05-28,Jacket,Apparel,1270.0,UPI_APP
R108827,2026-05-28,Formal shirt,Apparel,735.0,CARD
R108828,2026-05-28,Earphones,Accessories,128.0,UPI_APP
R108829,2026-05-28,Curtains,Home Essentials,1350.0,UPI_QR
R108830,2026-05-28,Mixer jar,Home Essentials,558.0,UPI_QR
R108831,2026-05-28,Formal shirt,Apparel,1220.0,CASH
R108832,2026-05-28,Foldable phone,Mobiles,37990.0,CARD
R108833,2026-05-28,Sports shoes,Apparel,782.0,CARD
R108834,2026-05-28,Sofa set,Furniture,18990.0,CARD
R108835,2026-05-28,Cookware set,Home Essentials,2550.0,UPI_QR
R108836,2026-05-28,Smart TV 43in,Electronics,11610.0,CARD
R108837,2026-05-28,Water purifier,Appliances,28090.0,UPI_QR
R108838,2026-05-28,Formal shirt,Apparel,2460.0,UPI_APP
R108839,2026-05-28,Water purifier,Appliances,5250.0,UPI_QR
R108840,2026-05-29,Tablet,Electronics,39840.0,CARD
R108841,2026-05-29,Air conditioner,Appliances,29960.0,UPI_QR
R108842,2026-05-29,Tablet,Electronics,11890.0,UPI_QR
R108843,2026-05-29,Refrigerator,Appliances,11070.0,UPI_QR
R108844,2026-05-29,Screen guard,Accessories,724.0,CASH
R108845,2026-05-29,Smart TV 43in,Electronics,4330.0,UPI_QR
R108846,2026-05-29,Refrigerator,Appliances,79900.0,CARD
R108847,2026-05-29,Screen guard,Accessories,315.0,UPI_QR
R108848,2026-05-29,Jeans,Apparel,1470.0,CASH
R108849,2026-05-29,Bedsheet set,Home Essentials,586.0,CASH
R108850,2026-05-29,Tablet,Electronics,43310.0,CARD
R108851,2026-05-29,Curtains,Home Essentials,1030.0,UPI_QR
R108852,2026-05-29,Laptop,Electronics,41470.0,CARD
R108853,2026-05-29,Formal shirt,Apparel,664.0,CASH
R108854,2026-05-29,Laptop,Electronics,23720.0,CARD
R108855,2026-05-29,Jeans,Apparel,744.0,CARD
R108856,2026-05-29,Power bank,Accessories,526.0,UPI_APP
R108857,2026-05-29,Gaming console,Electronics,53280.0,UPI_QR
R108858,2026-05-29,Kurta set,Apparel,429.0,CASH
R108859,2026-05-29,Sports shoes,Apparel,1860.0,CARD
R108860,2026-05-29,Mixer jar,Home Essentials,253.0,UPI_APP
R108861,2026-05-29,Tablet,Electronics,5310.0,UPI_APP
R108862,2026-05-29,Phone case,Accessories,878.0,UPI_QR
R108863,2026-05-29,Charger,Accessories,693.0,CASH
R108864,2026-05-29,Earphones,Accessories,900.0,UPI_QR
R108865,2026-05-29,Laptop,Electronics,5470.0,UPI_QR
R108866,2026-05-30,Sports shoes,Apparel,2040.0,UPI_QR
R108867,2026-05-30,Charger,Accessories,210.0,CARD
R108868,2026-05-30,Smart TV 43in,Electronics,7640.0,UPI_QR
R108869,2026-05-30,Gaming console,Electronics,43300.0,CARD
R108870,2026-05-30,Tablet,Electronics,14450.0,UPI_QR
R108871,2026-05-30,Mixer jar,Home Essentials,2400.0,UPI_QR
R108872,2026-05-30,Refrigerator,Appliances,24220.0,UPI_QR
R108873,2026-05-30,Screen guard,Accessories,409.0,UPI_APP
R108874,2026-05-30,Smartphone C,Mobiles,48680.0,UPI_QR
R108875,2026-05-30,Earphones,Accessories,810.0,CARD
R108876,2026-05-30,Phone case,Accessories,99.0,UPI_QR
R108877,2026-05-30,Bed frame,Furniture,27900.0,CARD
R108878,2026-05-30,Laptop,Electronics,14250.0,CASH
R108879,2026-05-30,Cookware set,Home Essentials,309.0,UPI_QR
R108880,2026-05-30,Charger,Accessories,645.0,UPI_QR
R108881,2026-05-30,Power bank,Accessories,318.0,UPI_APP
R108882,2026-05-30,Smartphone C,Mobiles,24130.0,UPI_QR
R108883,2026-05-30,Laptop,Electronics,18580.0,UPI_APP
R108884,2026-05-30,Power bank,Accessories,1490.0,UPI_APP
R108885,2026-05-30,Jeans,Apparel,1590.0,UPI_QR
R108886,2026-05-30,Screen guard,Accessories,466.0,UPI_APP
R108887,2026-05-30,Curtains,Home Essentials,614.0,UPI_APP
R108888,2026-05-30,Formal shirt,Apparel,2090.0,CARD
R108889,2026-05-30,Jeans,Apparel,1280.0,UPI_APP
R108890,2026-05-30,Power bank,Accessories,1020.0,CARD
R108891,2026-05-30,Curtains,Home Essentials,982.0,UPI_APP
R108892,2026-05-30,Storage box,Home Essentials,746.0,CASH
R108893,2026-05-30,Jacket,Apparel,3340.0,CASH
R108894,2026-05-30,Bed frame,Furniture,8290.0,UPI_QR
R108895,2026-05-30,Gaming console,Electronics,8980.0,CARD
R108896,2026-05-30,Laptop,Electronics,20910.0,UPI_QR
R108897,2026-05-30,Cookware set,Home Essentials,783.0,CARD
R108898,2026-05-30,Wardrobe,Furniture,7780.0,UPI_QR
R108899,2026-05-30,Storage box,Home Essentials,805.0,CARD
R108900,2026-05-31,Charger,Accessories,683.0,UPI_QR
R108901,2026-05-31,Sports shoes,Apparel,1550.0,CASH
R108902,2026-05-31,Sports shoes,Apparel,916.0,UPI_APP
R108903,2026-05-31,Phone case,Accessories,198.0,CARD
R108904,2026-05-31,Formal shirt,Apparel,1680.0,UPI_QR
R108905,2026-05-31,Cookware set,Home Essentials,1080.0,UPI_QR
R108906,2026-05-31,Cookware set,Home Essentials,550.0,CARD
R108907,2026-05-31,Earphones,Accessories,657.0,CASH
R108908,2026-05-31,Power bank,Accessories,741.0,CARD
R108909,2026-05-31,Refrigerator,Appliances,8830.0,CASH
R108910,2026-05-31,Tablet,Electronics,11840.0,UPI_QR
R108911,2026-05-31,Jacket,Apparel,1280.0,UPI_APP
R108912,2026-05-31,Screen guard,Accessories,563.0,UPI_QR
R108913,2026-05-31,Screen guard,Accessories,580.0,UPI_QR
R108914,2026-05-31,Dining table,Furniture,11760.0,UPI_QR
R108915,2026-05-31,Foldable phone,Mobiles,13530.0,UPI_QR
R108916,2026-05-31,Air conditioner,Appliances,33340.0,CARD
R108917,2026-05-31,Earphones,Accessories,1150.0,UPI_APP
R108918,2026-05-31,Charger,Accessories,318.0,UPI_QR
R108919,2026-05-31,Bedsheet set,Home Essentials,836.0,CARD
R108920,2026-05-31,Charger,Accessories,347.0,UPI_APP
R108921,2026-05-31,Phone case,Accessories,295.0,CARD
R108922,2026-05-31,Kurta set,Apparel,2490.0,CARD
R108923,2026-05-31,Smart TV 43in,Electronics,13490.0,CARD
R108924,2026-05-31,Wardrobe,Furniture,14910.0,UPI_APP
R108925,2026-05-31,Power bank,Accessories,745.0,CARD
R108926,2026-05-31,Curtains,Home Essentials,867.0,UPI_APP
R108927,2026-05-31,Earphones,Accessories,260.0,CASH
R108928,2026-05-31,Washing machine,Appliances,19000.0,CASH
R108929,2026-05-31,Power bank,Accessories,138.0,UPI_QR
R108930,2026-05-31,Gaming console,Electronics,31860.0,UPI_APP
R108931,2026-05-31,Charger,Accessories,384.0,UPI_QR
R108932,2026-05-31,Air conditioner,Appliances,8850.0,UPI_QR
R108933,2026-05-31,Earphones,Accessories,386.0,CASH
R108934,2026-05-31,Soundbar,Electronics,8170.0,UPI_APP
R108935,2026-05-31,Charger,Accessories,1010.0,CASH
R108936,2026-05-31,Washing machine,Appliances,20420.0,UPI_QR
R108937,2026-05-31,Screen guard,Accessories,304.0,UPI_QR
R108938,2026-05-31,Refrigerator,Appliances,13490.0,CARD
R108939,2026-05-31,Cookware set,Home Essentials,906.0,CARD
R108940,2026-05-31,Charger,Accessories,323.0,UPI_QR
R108941,2026-05-31,Earphones,Accessories,613.0,CARD
R108942,2026-05-31,Microwave,Appliances,13870.0,UPI_APP
R108943,2026-05-31,Earphones,Accessories,805.0,CARD
R108944,2026-05-31,Screen guard,Accessories,1040.0,UPI_QR
R108945,2026-05-31,Smartphone B,Mobiles,15290.0,UPI_QR
R108946,2026-05-31,Phone case,Accessories,569.0,UPI_APP
R108947,2026-05-31,Phone case,Accessories,409.0,UPI_APP
R108948,2026-05-31,Earphones,Accessories,2090.0,UPI_QR
R108949,2026-05-31,Bedsheet set,Home Essentials,526.0,UPI_APP
R108950,2026-06-01,Water purifier,Appliances,41570.0,UPI_QR
R108951,2026-06-01,Wardrobe,Furniture,31920.0,CASH
R108952,2026-06-01,Storage box,Home Essentials,1220.0,CASH
R108953,2026-06-01,Phone case,Accessories,490.0,UPI_APP
R108954,2026-06-01,Charger,Accessories,356.0,CARD
R108955,2026-06-01,Mixer jar,Home Essentials,379.0,CARD
R108956,2026-06-01,Smartphone C,Mobiles,64420.0,CARD
R108957,2026-06-01,Water purifier,Appliances,14380.0,UPI_APP
R108958,2026-06-01,Earphones,Accessories,421.0,CARD
R108959,2026-06-01,Formal shirt,Apparel,1250.0,UPI_APP
R108960,2026-06-01,Jeans,Apparel,1180.0,CARD
R108961,2026-06-01,Washing machine,Appliances,7180.0,UPI_APP
R108962,2026-06-01,Mixer jar,Home Essentials,596.0,CARD
R108963,2026-06-01,Screen guard,Accessories,978.0,UPI_QR
R108964,2026-06-01,Mixer jar,Home Essentials,511.0,CASH
R108965,2026-06-01,Mixer jar,Home Essentials,1680.0,CASH
R108966,2026-06-01,Charger,Accessories,133.0,UPI_QR
R108967,2026-06-01,Charger,Accessories,99.0,UPI_QR
R108968,2026-06-01,Tablet,Electronics,3010.0,UPI_QR
R108969,2026-06-01,Formal shirt,Apparel,1720.0,UPI_QR
R108970,2026-06-01,Jeans,Apparel,1690.0,CASH
R108971,2026-06-01,Screen guard,Accessories,99.0,CARD
R108972,2026-06-01,Phone case,Accessories,468.0,UPI_APP
R108973,2026-06-02,Screen guard,Accessories,1180.0,UPI_QR
R108974,2026-06-02,Curtains,Home Essentials,1660.0,CARD
R108975,2026-06-02,Phone case,Accessories,434.0,UPI_QR
R108976,2026-06-02,Mixer jar,Home Essentials,575.0,CASH
R108977,2026-06-02,Screen guard,Accessories,172.0,CARD
R108978,2026-06-02,Smartphone C,Mobiles,13000.0,UPI_APP
R108979,2026-06-02,Air conditioner,Appliances,16560.0,UPI_QR
R108980,2026-06-02,Sofa set,Furniture,21640.0,UPI_APP
R108981,2026-06-02,Curtains,Home Essentials,459.0,UPI_QR
R108982,2026-06-02,Sports shoes,Apparel,1630.0,UPI_APP
R108983,2026-06-02,Mixer jar,Home Essentials,3090.0,UPI_QR
R108984,2026-06-02,Jeans,Apparel,1680.0,UPI_APP
R108985,2026-06-02,Cookware set,Home Essentials,330.0,UPI_QR
R108986,2026-06-02,Power bank,Accessories,187.0,CARD
R108987,2026-06-02,Bedsheet set,Home Essentials,507.0,CARD
R108988,2026-06-02,Refrigerator,Appliances,15760.0,CARD
R108989,2026-06-02,Screen guard,Accessories,393.0,UPI_APP
R108990,2026-06-02,Curtains,Home Essentials,1070.0,CARD
R108991,2026-06-02,Bedsheet set,Home Essentials,1490.0,CARD
R108992,2026-06-02,Storage box,Home Essentials,548.0,UPI_QR
R108993,2026-06-02,Earphones,Accessories,206.0,UPI_QR
R108994,2026-06-02,Formal shirt,Apparel,2910.0,UPI_QR
R108995,2026-06-02,Jeans,Apparel,2320.0,UPI_QR
R108996,2026-06-02,Phone case,Accessories,297.0,CASH
R108997,2026-06-02,Formal shirt,Apparel,1090.0,UPI_QR
R108998,2026-06-02,Screen guard,Accessories,179.0,CASH
R108999,2026-06-02,Phone case,Accessories,273.0,UPI_QR
R109000,2026-06-03,Gaming console,Electronics,4780.0,UPI_QR
R109001,2026-06-03,Smart TV 43in,Electronics,22470.0,CASH
R109002,2026-06-03,Phone case,Accessories,723.0,CASH
R109003,2026-06-03,Jacket,Apparel,1310.0,CARD
R109004,2026-06-03,Jeans,Apparel,1290.0,UPI_APP
R109005,2026-06-03,Sports shoes,Apparel,1250.0,CARD
R109006,2026-06-03,Bedsheet set,Home Essentials,1390.0,CASH
R109007,2026-06-03,Curtains,Home Essentials,614.0,UPI_APP
R109008,2026-06-03,Power bank,Accessories,1020.0,UPI_QR
R109009,2026-06-03,Charger,Accessories,184.0,UPI_QR
R109010,2026-06-03,Earphones,Accessories,215.0,UPI_APP
R109011,2026-06-03,Bed frame,Furniture,6920.0,UPI_QR
R109012,2026-06-03,Curtains,Home Essentials,1800.0,CASH
R109013,2026-06-03,Smartphone B,Mobiles,35850.0,UPI_QR
R109014,2026-06-03,Soundbar,Electronics,15020.0,UPI_QR
R109015,2026-06-03,Curtains,Home Essentials,948.0,UPI_APP
R109016,2026-06-03,Storage box,Home Essentials,725.0,UPI_APP
R109017,2026-06-03,Kurta set,Apparel,1460.0,CASH
R109018,2026-06-03,Jeans,Apparel,940.0,CASH
R109019,2026-06-03,Phone case,Accessories,139.0,CARD
R109020,2026-06-03,Power bank,Accessories,961.0,UPI_QR
R109021,2026-06-03,Bed frame,Furniture,22640.0,CASH
R109022,2026-06-03,Formal shirt,Apparel,736.0,UPI_APP
R109023,2026-06-03,Bedsheet set,Home Essentials,768.0,UPI_QR
R109024,2026-06-03,Bedsheet set,Home Essentials,404.0,CARD
R109025,2026-06-04,Formal shirt,Apparel,867.0,UPI_QR
R109026,2026-06-04,Soundbar,Electronics,26360.0,UPI_QR
R109027,2026-06-04,Screen guard,Accessories,255.0,CARD
R109028,2026-06-04,Jeans,Apparel,2090.0,UPI_QR
R109029,2026-06-04,Gaming console,Electronics,12550.0,CASH
R109030,2026-06-04,Laptop,Electronics,6730.0,UPI_QR
R109031,2026-06-04,Gaming console,Electronics,41320.0,CARD
R109032,2026-06-04,Charger,Accessories,836.0,CARD
R109033,2026-06-04,Earphones,Accessories,2590.0,UPI_APP
R109034,2026-06-04,Jacket,Apparel,4300.0,CASH
R109035,2026-06-04,Earphones,Accessories,408.0,CARD
R109036,2026-06-04,Smartphone B,Mobiles,41630.0,CARD
R109037,2026-06-04,Air conditioner,Appliances,5230.0,UPI_QR
R109038,2026-06-04,Formal shirt,Apparel,1780.0,UPI_QR
R109039,2026-06-04,Cookware set,Home Essentials,294.0,CARD
R109040,2026-06-04,Bedsheet set,Home Essentials,1300.0,CARD
R109041,2026-06-04,Mixer jar,Home Essentials,259.0,UPI_APP
R109042,2026-06-04,Cookware set,Home Essentials,656.0,UPI_QR
R109043,2026-06-04,Phone case,Accessories,529.0,UPI_QR
R109044,2026-06-04,Gaming console,Electronics,12790.0,CARD
R109045,2026-06-04,Screen guard,Accessories,279.0,CASH
R109046,2026-06-04,Curtains,Home Essentials,586.0,CARD
R109047,2026-06-04,Cookware set,Home Essentials,912.0,UPI_APP
R109048,2026-06-05,Sports shoes,Apparel,1550.0,CARD
R109049,2026-06-05,Sports shoes,Apparel,1180.0,UPI_QR
R109050,2026-06-05,Charger,Accessories,415.0,UPI_APP
R109051,2026-06-05,Wardrobe,Furniture,21290.0,UPI_APP
R109052,2026-06-05,Earphones,Accessories,188.0,UPI_QR
R109053,2026-06-05,Dining table,Furniture,51830.0,CARD
R109054,2026-06-05,Formal shirt,Apparel,1240.0,CARD
R109055,2026-06-05,Power bank,Accessories,332.0,CARD
R109056,2026-06-05,Sports shoes,Apparel,5840.0,UPI_QR
R109057,2026-06-05,Laptop,Electronics,11470.0,UPI_QR
R109058,2026-06-05,Laptop,Electronics,11090.0,UPI_APP
R109059,2026-06-05,Power bank,Accessories,217.0,UPI_QR
R109060,2026-06-05,Curtains,Home Essentials,1060.0,CASH
R109061,2026-06-05,Screen guard,Accessories,623.0,CARD
R109062,2026-06-05,Formal shirt,Apparel,1490.0,UPI_QR
R109063,2026-06-05,Jacket,Apparel,818.0,CASH
R109064,2026-06-05,Power bank,Accessories,125.0,CARD
R109065,2026-06-05,Mixer jar,Home Essentials,1240.0,UPI_QR
R109066,2026-06-05,Soundbar,Electronics,17580.0,UPI_QR
R109067,2026-06-05,Gaming console,Electronics,24860.0,UPI_APP
R109068,2026-06-05,Tablet,Electronics,72430.0,UPI_APP
R109069,2026-06-05,Wardrobe,Furniture,52730.0,CARD
R109070,2026-06-05,Storage box,Home Essentials,572.0,CARD
R109071,2026-06-05,Refrigerator,Appliances,9650.0,UPI_QR
R109072,2026-06-05,Mixer jar,Home Essentials,1490.0,CARD
R109073,2026-06-05,Jacket,Apparel,1430.0,UPI_APP
R109074,2026-06-05,Dining table,Furniture,15730.0,UPI_QR
R109075,2026-06-05,Phone case,Accessories,156.0,UPI_APP
R109076,2026-06-05,Washing machine,Appliances,20850.0,UPI_APP
R109077,2026-06-05,Kurta set,Apparel,2770.0,UPI_APP
R109078,2026-06-05,Sports shoes,Apparel,4320.0,CARD
R109079,2026-06-06,Sports shoes,Apparel,975.0,UPI_QR
R109080,2026-06-06,Cookware set,Home Essentials,1060.0,CASH
R109081,2026-06-06,Cookware set,Home Essentials,642.0,UPI_APP
R109082,2026-06-06,Power bank,Accessories,99.0,UPI_APP
R109083,2026-06-06,Cookware set,Home Essentials,706.0,UPI_QR
R109084,2026-06-06,Microwave,Appliances,18400.0,UPI_QR
R109085,2026-06-06,Earphones,Accessories,891.0,CARD
R109086,2026-06-06,Tablet,Electronics,10630.0,UPI_QR
R109087,2026-06-06,Earphones,Accessories,223.0,UPI_APP
R109088,2026-06-06,Charger,Accessories,175.0,UPI_QR
R109089,2026-06-06,Gaming console,Electronics,18070.0,UPI_QR
R109090,2026-06-06,Sofa set,Furniture,18930.0,UPI_QR
R109091,2026-06-06,Phone case,Accessories,373.0,CASH
R109092,2026-06-06,Microwave,Appliances,39600.0,CARD
R109093,2026-06-06,Soundbar,Electronics,27930.0,CARD
R109094,2026-06-06,Curtains,Home Essentials,994.0,UPI_APP
R109095,2026-06-06,Microwave,Appliances,29780.0,UPI_APP
R109096,2026-06-06,Smartphone B,Mobiles,39550.0,UPI_QR
R109097,2026-06-06,Cookware set,Home Essentials,878.0,UPI_QR
R109098,2026-06-06,Refrigerator,Appliances,43610.0,UPI_APP
R109099,2026-06-06,Sports shoes,Apparel,843.0,CARD
R109100,2026-06-06,Laptop,Electronics,29010.0,UPI_QR
R109101,2026-06-06,Power bank,Accessories,212.0,CARD
R109102,2026-06-06,Phone case,Accessories,320.0,CASH
R109103,2026-06-06,Refrigerator,Appliances,14240.0,CARD
R109104,2026-06-06,Jeans,Apparel,1970.0,UPI_QR
R109105,2026-06-06,Cookware set,Home Essentials,779.0,UPI_APP
R109106,2026-06-06,Gaming console,Electronics,41670.0,UPI_QR
R109107,2026-06-06,Jacket,Apparel,1540.0,CARD
R109108,2026-06-06,Power bank,Accessories,685.0,CARD
R109109,2026-06-06,Smartphone B,Mobiles,33420.0,CARD
R109110,2026-06-07,Power bank,Accessories,267.0,UPI_QR
R109111,2026-06-07,Refrigerator,Appliances,32220.0,UPI_QR
R109112,2026-06-07,Bedsheet set,Home Essentials,997.0,UPI_QR
R109113,2026-06-07,Power bank,Accessories,275.0,UPI_QR
R109114,2026-06-07,Earphones,Accessories,268.0,CASH
R109115,2026-06-07,Soundbar,Electronics,42270.0,CARD
R109116,2026-06-07,Sports shoes,Apparel,1550.0,CARD
R109117,2026-06-07,Power bank,Accessories,275.0,UPI_QR
R109118,2026-06-07,Phone case,Accessories,1300.0,UPI_QR
R109119,2026-06-07,Power bank,Accessories,579.0,CARD
R109120,2026-06-07,Microwave,Appliances,35850.0,UPI_APP
R109121,2026-06-07,Power bank,Accessories,826.0,UPI_QR
R109122,2026-06-07,Air conditioner,Appliances,25640.0,UPI_QR
R109123,2026-06-07,Laptop,Electronics,6120.0,UPI_QR
R109124,2026-06-07,Kurta set,Apparel,598.0,CARD
R109125,2026-06-07,Bedsheet set,Home Essentials,1480.0,UPI_QR
R109126,2026-06-07,Microwave,Appliances,10360.0,UPI_QR
R109127,2026-06-07,Curtains,Home Essentials,1240.0,UPI_QR
R109128,2026-06-07,Bedsheet set,Home Essentials,1030.0,CARD
R109129,2026-06-07,Washing machine,Appliances,12310.0,CARD
R109130,2026-06-07,Screen guard,Accessories,642.0,CASH
R109131,2026-06-07,Sports shoes,Apparel,773.0,UPI_QR
R109132,2026-06-07,Jacket,Apparel,475.0,UPI_QR
R109133,2026-06-07,Gaming console,Electronics,10560.0,UPI_QR
R109134,2026-06-07,Smart TV 43in,Electronics,7980.0,UPI_APP
R109135,2026-06-07,Screen guard,Accessories,1520.0,CARD
R109136,2026-06-07,Power bank,Accessories,482.0,CASH
R109137,2026-06-07,Earphones,Accessories,868.0,UPI_APP
R109138,2026-06-07,Refrigerator,Appliances,24160.0,UPI_QR
R109139,2026-06-07,Bedsheet set,Home Essentials,558.0,UPI_QR
R109140,2026-06-07,Phone case,Accessories,1610.0,UPI_APP
R109141,2026-06-07,Phone case,Accessories,217.0,UPI_APP
R109142,2026-06-07,Formal shirt,Apparel,591.0,UPI_QR
R109143,2026-06-07,Bedsheet set,Home Essentials,359.0,UPI_APP
R109144,2026-06-07,Foldable phone,Mobiles,17620.0,UPI_QR
R109145,2026-06-07,Earphones,Accessories,311.0,UPI_APP
R109146,2026-06-07,Charger,Accessories,311.0,CARD
R109147,2026-06-07,Jeans,Apparel,5230.0,UPI_QR
R109148,2026-06-07,Kurta set,Apparel,1300.0,CARD
R109149,2026-06-07,Bedsheet set,Home Essentials,788.0,CARD
R109150,2026-06-07,Smartphone B,Mobiles,11710.0,UPI_QR
R109151,2026-06-07,Storage box,Home Essentials,945.0,CARD
R109152,2026-06-07,Jeans,Apparel,762.0,UPI_APP
R109153,2026-06-07,Phone case,Accessories,412.0,CARD
R109154,2026-06-07,Earphones,Accessories,307.0,CARD
R109155,2026-06-07,Storage box,Home Essentials,365.0,UPI_APP
R109156,2026-06-07,Formal shirt,Apparel,2640.0,UPI_QR
R109157,2026-06-07,Laptop,Electronics,37590.0,CARD
R109158,2026-06-07,Gaming console,Electronics,21560.0,UPI_QR
R109159,2026-06-07,Charger,Accessories,717.0,UPI_QR
R109160,2026-06-08,Microwave,Appliances,24820.0,UPI_APP
R109161,2026-06-08,Gaming console,Electronics,17830.0,UPI_QR
R109162,2026-06-08,Air conditioner,Appliances,55060.0,UPI_QR
R109163,2026-06-08,Bed frame,Furniture,10000.0,UPI_APP
R109164,2026-06-08,Refrigerator,Appliances,25510.0,UPI_QR
R109165,2026-06-08,Earphones,Accessories,862.0,UPI_APP
R109166,2026-06-08,Charger,Accessories,453.0,UPI_QR
R109167,2026-06-08,Kurta set,Apparel,2100.0,UPI_QR
R109168,2026-06-08,Screen guard,Accessories,934.0,UPI_QR
R109169,2026-06-08,Earphones,Accessories,1210.0,UPI_APP
R109170,2026-06-08,Power bank,Accessories,280.0,UPI_QR
R109171,2026-06-08,Cookware set,Home Essentials,979.0,CARD
R109172,2026-06-08,Kurta set,Apparel,704.0,UPI_QR
R109173,2026-06-08,Office chair,Furniture,21270.0,UPI_QR
R109174,2026-06-08,Cookware set,Home Essentials,422.0,CASH
R109175,2026-06-08,Mixer jar,Home Essentials,698.0,CASH
R109176,2026-06-08,Smartphone B,Mobiles,62150.0,CARD
R109177,2026-06-08,Foldable phone,Mobiles,11900.0,CASH
R109178,2026-06-08,Jeans,Apparel,2800.0,CARD
R109179,2026-06-08,Tablet,Electronics,32610.0,CARD
R109180,2026-06-08,Charger,Accessories,114.0,UPI_QR
R109181,2026-06-08,Earphones,Accessories,1730.0,CASH
R109182,2026-06-08,Wardrobe,Furniture,5700.0,UPI_QR
R109183,2026-06-08,Microwave,Appliances,28900.0,CASH
R109184,2026-06-08,Kurta set,Apparel,1520.0,UPI_QR
R109185,2026-06-08,Mixer jar,Home Essentials,668.0,UPI_QR
R109186,2026-06-08,Laptop,Electronics,25080.0,CASH
R109187,2026-06-08,Screen guard,Accessories,120.0,UPI_QR
R109188,2026-06-08,Storage box,Home Essentials,518.0,UPI_QR
R109189,2026-06-08,Sofa set,Furniture,21770.0,CASH
R109190,2026-06-09,Power bank,Accessories,635.0,UPI_QR
R109191,2026-06-09,Refrigerator,Appliances,14760.0,CASH
R109192,2026-06-09,Screen guard,Accessories,256.0,UPI_APP
R109193,2026-06-09,Mixer jar,Home Essentials,1200.0,CASH
R109194,2026-06-09,Power bank,Accessories,395.0,CARD
R109195,2026-06-09,Foldable phone,Mobiles,37660.0,UPI_QR
R109196,2026-06-09,Cookware set,Home Essentials,1060.0,CARD
R109197,2026-06-09,Mixer jar,Home Essentials,524.0,UPI_APP
R109198,2026-06-09,Jeans,Apparel,1640.0,CASH
R109199,2026-06-09,Soundbar,Electronics,17510.0,UPI_APP
R109200,2026-06-09,Smart TV 43in,Electronics,9940.0,CARD
R109201,2026-06-09,Screen guard,Accessories,516.0,UPI_QR
R109202,2026-06-09,Charger,Accessories,211.0,UPI_QR
R109203,2026-06-09,Screen guard,Accessories,283.0,UPI_QR
R109204,2026-06-09,Earphones,Accessories,560.0,CARD
R109205,2026-06-09,Jacket,Apparel,809.0,UPI_QR
R109206,2026-06-09,Phone case,Accessories,387.0,UPI_APP
R109207,2026-06-09,Formal shirt,Apparel,2950.0,CASH
R109208,2026-06-09,Jacket,Apparel,605.0,CARD
R109209,2026-06-09,Earphones,Accessories,667.0,CARD
R109210,2026-06-09,Kurta set,Apparel,1410.0,UPI_APP
R109211,2026-06-09,Charger,Accessories,278.0,UPI_QR
R109212,2026-06-09,Dining table,Furniture,4940.0,UPI_QR
R109213,2026-06-09,Charger,Accessories,424.0,CARD
R109214,2026-06-09,Storage box,Home Essentials,888.0,UPI_QR
R109215,2026-06-09,Charger,Accessories,670.0,CARD
R109216,2026-06-09,Formal shirt,Apparel,2310.0,UPI_APP
R109217,2026-06-09,Storage box,Home Essentials,870.0,UPI_APP
R109218,2026-06-09,Power bank,Accessories,283.0,CARD
R109219,2026-06-09,Earphones,Accessories,711.0,UPI_QR
R109220,2026-06-09,Screen guard,Accessories,404.0,UPI_QR
R109221,2026-06-09,Formal shirt,Apparel,1180.0,UPI_QR
R109222,2026-06-09,Smart TV 43in,Electronics,21960.0,CARD
R109223,2026-06-09,Soundbar,Electronics,14680.0,UPI_QR
R109224,2026-06-09,Charger,Accessories,523.0,UPI_QR
R109225,2026-06-09,Refrigerator,Appliances,24000.0,UPI_QR
R109226,2026-06-09,Tablet,Electronics,17940.0,CARD
R109227,2026-06-09,Phone case,Accessories,681.0,UPI_QR
R109228,2026-06-10,Phone case,Accessories,266.0,UPI_QR
R109229,2026-06-10,Dining table,Furniture,18840.0,UPI_QR
R109230,2026-06-10,Screen guard,Accessories,545.0,CARD
R109231,2026-06-10,Power bank,Accessories,310.0,CARD
R109232,2026-06-10,Mixer jar,Home Essentials,425.0,UPI_QR
R109233,2026-06-10,Earphones,Accessories,515.0,CARD
R109234,2026-06-10,Kurta set,Apparel,1180.0,UPI_APP
R109235,2026-06-10,Bed frame,Furniture,5740.0,CARD
R109236,2026-06-10,Charger,Accessories,412.0,UPI_APP
R109237,2026-06-10,Formal shirt,Apparel,2180.0,CARD
R109238,2026-06-10,Storage box,Home Essentials,451.0,CARD
R109239,2026-06-10,Storage box,Home Essentials,632.0,CARD
R109240,2026-06-10,Charger,Accessories,199.0,CARD
R109241,2026-06-10,Smart TV 43in,Electronics,20040.0,CARD
R109242,2026-06-10,Earphones,Accessories,333.0,CARD
R109243,2026-06-10,Sports shoes,Apparel,1780.0,CARD
R109244,2026-06-10,Water purifier,Appliances,56040.0,CARD
R109245,2026-06-10,Sofa set,Furniture,9990.0,CARD
R109246,2026-06-10,Smartphone A,Mobiles,25080.0,UPI_QR
R109247,2026-06-10,Bedsheet set,Home Essentials,617.0,UPI_QR
R109248,2026-06-10,Jacket,Apparel,1560.0,UPI_APP
R109249,2026-06-10,Soundbar,Electronics,2310.0,UPI_QR
R109250,2026-06-10,Charger,Accessories,404.0,UPI_QR
R109251,2026-06-10,Phone case,Accessories,509.0,CARD
R109252,2026-06-10,Refrigerator,Appliances,43060.0,CARD
R109253,2026-06-10,Storage box,Home Essentials,594.0,UPI_QR
R109254,2026-06-10,Sports shoes,Apparel,1590.0,UPI_QR
R109255,2026-06-10,Smart TV 43in,Electronics,2430.0,UPI_QR
R109256,2026-06-10,Cookware set,Home Essentials,1150.0,UPI_APP
R109257,2026-06-11,Sports shoes,Apparel,1330.0,UPI_QR
R109258,2026-06-11,Screen guard,Accessories,276.0,UPI_APP
R109259,2026-06-11,Sofa set,Furniture,26890.0,UPI_QR
R109260,2026-06-11,Smart TV 43in,Electronics,31150.0,CARD
R109261,2026-06-11,Curtains,Home Essentials,814.0,UPI_APP
R109262,2026-06-11,Dining table,Furniture,8470.0,CARD
R109263,2026-06-11,Jacket,Apparel,2160.0,UPI_APP
R109264,2026-06-11,Formal shirt,Apparel,908.0,UPI_QR
R109265,2026-06-11,Charger,Accessories,377.0,UPI_QR
R109266,2026-06-11,Sports shoes,Apparel,904.0,CARD
R109267,2026-06-11,Gaming console,Electronics,11260.0,UPI_QR
R109268,2026-06-11,Smart TV 43in,Electronics,23960.0,UPI_QR
R109269,2026-06-11,Jacket,Apparel,1060.0,CARD
R109270,2026-06-11,Kurta set,Apparel,1040.0,UPI_QR
R109271,2026-06-11,Screen guard,Accessories,245.0,UPI_QR
R109272,2026-06-11,Charger,Accessories,384.0,UPI_APP
R109273,2026-06-11,Earphones,Accessories,123.0,UPI_QR
R109274,2026-06-11,Jacket,Apparel,1540.0,UPI_APP
R109275,2026-06-11,Smart TV 43in,Electronics,4170.0,UPI_APP
R109276,2026-06-11,Earphones,Accessories,437.0,UPI_APP
R109277,2026-06-11,Mixer jar,Home Essentials,480.0,CASH
R109278,2026-06-11,Power bank,Accessories,855.0,UPI_QR
R109279,2026-06-11,Jeans,Apparel,1550.0,CARD
R109280,2026-06-11,Mixer jar,Home Essentials,1380.0,UPI_QR
R109281,2026-06-11,Soundbar,Electronics,20340.0,CASH
R109282,2026-06-11,Earphones,Accessories,886.0,CARD
R109283,2026-06-11,Formal shirt,Apparel,1660.0,CARD
R109284,2026-06-11,Laptop,Electronics,6920.0,UPI_QR
R109285,2026-06-11,Power bank,Accessories,480.0,UPI_APP
R109286,2026-06-11,Smart TV 43in,Electronics,77820.0,UPI_QR
R109287,2026-06-11,Phone case,Accessories,478.0,UPI_APP
R109288,2026-06-11,Formal shirt,Apparel,1470.0,CARD
R109289,2026-06-12,Formal shirt,Apparel,1560.0,UPI_QR
R109290,2026-06-12,Laptop,Electronics,38060.0,CARD
R109291,2026-06-12,Gaming console,Electronics,8710.0,UPI_QR
R109292,2026-06-12,Air conditioner,Appliances,9240.0,CASH
R109293,2026-06-12,Screen guard,Accessories,405.0,CARD
R109294,2026-06-12,Air conditioner,Appliances,30130.0,CARD
R109295,2026-06-12,Tablet,Electronics,35570.0,CARD
R109296,2026-06-12,Jeans,Apparel,1550.0,CARD
R109297,2026-06-12,Screen guard,Accessories,764.0,CASH
R109298,2026-06-12,Sofa set,Furniture,13660.0,UPI_QR
R109299,2026-06-12,Air conditioner,Appliances,35470.0,CASH
R109300,2026-06-12,Sports shoes,Apparel,1740.0,CASH
R109301,2026-06-12,Jeans,Apparel,466.0,CASH
R109302,2026-06-12,Curtains,Home Essentials,705.0,CARD
R109303,2026-06-12,Earphones,Accessories,908.0,CARD
R109304,2026-06-12,Curtains,Home Essentials,1080.0,CARD
R109305,2026-06-12,Bedsheet set,Home Essentials,928.0,UPI_APP
R109306,2026-06-12,Jeans,Apparel,2340.0,UPI_QR
R109307,2026-06-12,Smart TV 43in,Electronics,18770.0,UPI_APP
R109308,2026-06-12,Sofa set,Furniture,10880.0,UPI_APP
R109309,2026-06-12,Formal shirt,Apparel,946.0,UPI_QR
R109310,2026-06-12,Air conditioner,Appliances,12440.0,UPI_QR
R109311,2026-06-12,Charger,Accessories,427.0,UPI_APP
R109312,2026-06-12,Power bank,Accessories,402.0,UPI_QR
R109313,2026-06-12,Screen guard,Accessories,215.0,CARD
R109314,2026-06-12,Foldable phone,Mobiles,57740.0,CARD
R109315,2026-06-12,Sports shoes,Apparel,1610.0,UPI_QR
R109316,2026-06-12,Charger,Accessories,422.0,UPI_QR
R109317,2026-06-12,Phone case,Accessories,160.0,CARD
R109318,2026-06-12,Microwave,Appliances,14520.0,UPI_APP
R109319,2026-06-12,Storage box,Home Essentials,1190.0,CASH
R109320,2026-06-12,Power bank,Accessories,390.0,UPI_QR
R109321,2026-06-12,Earphones,Accessories,569.0,UPI_QR
R109322,2026-06-12,Kurta set,Apparel,1830.0,UPI_QR
R109323,2026-06-12,Jeans,Apparel,1740.0,UPI_APP
R109324,2026-06-12,Phone case,Accessories,214.0,CASH
R109325,2026-06-12,Power bank,Accessories,507.0,UPI_QR
R109326,2026-06-13,Foldable phone,Mobiles,36880.0,CARD
R109327,2026-06-13,Mixer jar,Home Essentials,862.0,UPI_QR
R109328,2026-06-13,Power bank,Accessories,601.0,CARD
R109329,2026-06-13,Screen guard,Accessories,655.0,UPI_QR
R109330,2026-06-13,Earphones,Accessories,266.0,UPI_QR
R109331,2026-06-13,Jeans,Apparel,786.0,UPI_QR
R109332,2026-06-13,Microwave,Appliances,23590.0,UPI_APP
R109333,2026-06-13,Jacket,Apparel,996.0,UPI_QR
R109334,2026-06-13,Cookware set,Home Essentials,461.0,CASH
R109335,2026-06-13,Earphones,Accessories,788.0,CASH
R109336,2026-06-13,Sports shoes,Apparel,2660.0,UPI_QR
R109337,2026-06-13,Jeans,Apparel,1020.0,CARD
R109338,2026-06-13,Jacket,Apparel,1690.0,CARD
R109339,2026-06-13,Charger,Accessories,407.0,CARD
R109340,2026-06-13,Smartphone A,Mobiles,44400.0,CARD
R109341,2026-06-13,Smart TV 43in,Electronics,19150.0,UPI_QR
R109342,2026-06-13,Jacket,Apparel,838.0,CARD
R109343,2026-06-13,Formal shirt,Apparel,1760.0,CARD
R109344,2026-06-13,Mixer jar,Home Essentials,607.0,UPI_QR
R109345,2026-06-13,Storage box,Home Essentials,1470.0,UPI_APP
R109346,2026-06-13,Laptop,Electronics,18840.0,CASH
R109347,2026-06-13,Power bank,Accessories,432.0,CARD
R109348,2026-06-13,Tablet,Electronics,22700.0,CARD
R109349,2026-06-13,Smart TV 43in,Electronics,11280.0,CARD
R109350,2026-06-13,Sports shoes,Apparel,3250.0,CARD
R109351,2026-06-13,Smartphone B,Mobiles,10540.0,CASH
R109352,2026-06-13,Microwave,Appliances,39310.0,CARD
R109353,2026-06-13,Kurta set,Apparel,3170.0,UPI_QR
R109354,2026-06-13,Gaming console,Electronics,6390.0,CARD
R109355,2026-06-13,Screen guard,Accessories,453.0,UPI_QR
R109356,2026-06-13,Screen guard,Accessories,336.0,UPI_QR
R109357,2026-06-13,Wardrobe,Furniture,8660.0,CARD
R109358,2026-06-13,Tablet,Electronics,27810.0,CARD
R109359,2026-06-13,Earphones,Accessories,203.0,CASH
R109360,2026-06-13,Laptop,Electronics,10340.0,CASH
R109361,2026-06-13,Laptop,Electronics,32550.0,UPI_APP
R109362,2026-06-13,Screen guard,Accessories,1800.0,UPI_APP
R109363,2026-06-14,Phone case,Accessories,601.0,UPI_QR
R109364,2026-06-14,Kurta set,Apparel,977.0,CARD
R109365,2026-06-14,Curtains,Home Essentials,598.0,CASH
R109366,2026-06-14,Mixer jar,Home Essentials,673.0,UPI_APP
R109367,2026-06-14,Power bank,Accessories,562.0,UPI_QR
R109368,2026-06-14,Sofa set,Furniture,17140.0,UPI_APP
R109369,2026-06-14,Smart TV 43in,Electronics,14770.0,UPI_QR
R109370,2026-06-14,Storage box,Home Essentials,408.0,UPI_APP
R109371,2026-06-14,Jeans,Apparel,1880.0,CARD
R109372,2026-06-14,Air conditioner,Appliances,44060.0,UPI_QR
R109373,2026-06-14,Microwave,Appliances,20610.0,UPI_APP
R109374,2026-06-14,Charger,Accessories,273.0,CARD
R109375,2026-06-14,Formal shirt,Apparel,1140.0,CASH
R109376,2026-06-14,Screen guard,Accessories,466.0,UPI_APP
R109377,2026-06-14,Sports shoes,Apparel,1570.0,UPI_QR
R109378,2026-06-14,Jacket,Apparel,1750.0,UPI_QR
R109379,2026-06-14,Sofa set,Furniture,6410.0,UPI_QR
R109380,2026-06-14,Formal shirt,Apparel,1170.0,UPI_QR
R109381,2026-06-14,Charger,Accessories,565.0,CASH
R109382,2026-06-14,Wardrobe,Furniture,29820.0,UPI_QR
R109383,2026-06-14,Jacket,Apparel,569.0,UPI_QR
R109384,2026-06-14,Bed frame,Furniture,14240.0,UPI_APP
R109385,2026-06-14,Power bank,Accessories,418.0,UPI_QR
R109386,2026-06-14,Sports shoes,Apparel,1110.0,UPI_QR
R109387,2026-06-14,Charger,Accessories,246.0,CARD
R109388,2026-06-14,Washing machine,Appliances,37630.0,CARD
R109389,2026-06-14,Earphones,Accessories,540.0,UPI_QR
R109390,2026-06-14,Earphones,Accessories,273.0,CASH
R109391,2026-06-14,Smart TV 43in,Electronics,9530.0,UPI_QR
R109392,2026-06-14,Jacket,Apparel,2450.0,CARD
R109393,2026-06-14,Screen guard,Accessories,228.0,UPI_APP
R109394,2026-06-15,Smartphone C,Mobiles,30780.0,CARD
R109395,2026-06-15,Air conditioner,Appliances,15140.0,CASH
R109396,2026-06-15,Earphones,Accessories,538.0,CARD
R109397,2026-06-15,Smartphone B,Mobiles,32440.0,CARD
R109398,2026-06-15,Phone case,Accessories,608.0,UPI_QR
R109399,2026-06-15,Earphones,Accessories,1100.0,UPI_APP
R109400,2026-06-15,Storage box,Home Essentials,689.0,UPI_QR
R109401,2026-06-15,Earphones,Accessories,131.0,CARD
R109402,2026-06-15,Phone case,Accessories,355.0,UPI_QR
R109403,2026-06-15,Formal shirt,Apparel,1180.0,CASH
R109404,2026-06-15,Smartphone C,Mobiles,29780.0,CASH
R109405,2026-06-15,Jeans,Apparel,1440.0,UPI_QR
R109406,2026-06-15,Charger,Accessories,284.0,UPI_APP
R109407,2026-06-15,Power bank,Accessories,1140.0,CARD
R109408,2026-06-15,Earphones,Accessories,514.0,UPI_APP
R109409,2026-06-15,Formal shirt,Apparel,1300.0,UPI_QR
R109410,2026-06-15,Charger,Accessories,173.0,UPI_APP
R109411,2026-06-15,Power bank,Accessories,467.0,CARD
R109412,2026-06-15,Curtains,Home Essentials,625.0,UPI_QR
R109413,2026-06-15,Tablet,Electronics,10350.0,CARD
R109414,2026-06-15,Earphones,Accessories,298.0,CASH
R109415,2026-06-15,Tablet,Electronics,27840.0,CARD
R109416,2026-06-15,Microwave,Appliances,30830.0,CARD
R109417,2026-06-15,Phone case,Accessories,1100.0,UPI_APP
R109418,2026-06-15,Air conditioner,Appliances,34960.0,CARD
R109419,2026-06-15,Screen guard,Accessories,422.0,CARD
R109420,2026-06-15,Water purifier,Appliances,25100.0,CASH
R109421,2026-06-15,Sports shoes,Apparel,1680.0,UPI_APP
R109422,2026-06-15,Wardrobe,Furniture,18940.0,UPI_QR
R109423,2026-06-15,Microwave,Appliances,30980.0,UPI_QR
R109424,2026-06-15,Earphones,Accessories,337.0,UPI_QR
R109425,2026-06-15,Phone case,Accessories,368.0,CARD
R109426,2026-06-16,Jacket,Apparel,2200.0,UPI_APP
R109427,2026-06-16,Earphones,Accessories,1170.0,CARD
R109428,2026-06-16,Laptop,Electronics,4380.0,UPI_QR
R109429,2026-06-16,Kurta set,Apparel,1030.0,CARD
R109430,2026-06-16,Earphones,Accessories,735.0,UPI_APP
R109431,2026-06-16,Jacket,Apparel,1040.0,CARD
R109432,2026-06-16,Phone case,Accessories,478.0,UPI_QR
R109433,2026-06-16,Jeans,Apparel,2250.0,UPI_QR
R109434,2026-06-16,Jacket,Apparel,1210.0,UPI_APP
R109435,2026-06-16,Smartphone A,Mobiles,33790.0,CARD
R109436,2026-06-16,Storage box,Home Essentials,668.0,UPI_QR
R109437,2026-06-16,Sports shoes,Apparel,1790.0,UPI_QR
R109438,2026-06-16,Bedsheet set,Home Essentials,1530.0,CARD
R109439,2026-06-16,Phone case,Accessories,408.0,UPI_APP
R109440,2026-06-16,Tablet,Electronics,9460.0,UPI_QR
R109441,2026-06-16,Phone case,Accessories,234.0,UPI_QR
R109442,2026-06-16,Microwave,Appliances,14090.0,UPI_APP
R109443,2026-06-16,Foldable phone,Mobiles,17200.0,CASH
R109444,2026-06-16,Phone case,Accessories,366.0,UPI_APP
R109445,2026-06-16,Charger,Accessories,235.0,CARD
R109446,2026-06-16,Office chair,Furniture,11960.0,UPI_QR
R109447,2026-06-16,Screen guard,Accessories,462.0,UPI_APP
R109448,2026-06-16,Sports shoes,Apparel,581.0,CASH
R109449,2026-06-16,Power bank,Accessories,211.0,CARD
R109450,2026-06-17,Mixer jar,Home Essentials,656.0,UPI_APP
R109451,2026-06-17,Soundbar,Electronics,42390.0,CARD
R109452,2026-06-17,Washing machine,Appliances,11230.0,CASH
R109453,2026-06-17,Office chair,Furniture,13130.0,CARD
R109454,2026-06-17,Earphones,Accessories,681.0,CARD
R109455,2026-06-17,Phone case,Accessories,1290.0,CASH
R109456,2026-06-17,Kurta set,Apparel,3550.0,CASH
R109457,2026-06-17,Kurta set,Apparel,3860.0,UPI_QR
R109458,2026-06-17,Kurta set,Apparel,2100.0,UPI_QR
R109459,2026-06-17,Washing machine,Appliances,23500.0,CASH
R109460,2026-06-17,Formal shirt,Apparel,2780.0,CARD
R109461,2026-06-17,Curtains,Home Essentials,1180.0,CARD
R109462,2026-06-17,Foldable phone,Mobiles,19890.0,UPI_QR
R109463,2026-06-17,Jacket,Apparel,2100.0,CASH
R109464,2026-06-17,Sofa set,Furniture,8410.0,CASH
R109465,2026-06-17,Phone case,Accessories,1210.0,UPI_QR
R109466,2026-06-17,Jacket,Apparel,1080.0,CARD
R109467,2026-06-17,Gaming console,Electronics,20450.0,UPI_QR
R109468,2026-06-17,Smart TV 43in,Electronics,31920.0,CARD
R109469,2026-06-17,Smartphone B,Mobiles,14380.0,UPI_QR
R109470,2026-06-17,Mixer jar,Home Essentials,575.0,UPI_APP
R109471,2026-06-17,Jacket,Apparel,1400.0,UPI_QR
R109472,2026-06-18,Storage box,Home Essentials,1350.0,UPI_APP
R109473,2026-06-18,Jeans,Apparel,2830.0,UPI_QR
R109474,2026-06-18,Dining table,Furniture,13380.0,UPI_APP
R109475,2026-06-18,Mixer jar,Home Essentials,1160.0,UPI_QR
R109476,2026-06-18,Laptop,Electronics,17840.0,UPI_QR
R109477,2026-06-18,Jeans,Apparel,1360.0,UPI_APP
R109478,2026-06-18,Mixer jar,Home Essentials,746.0,UPI_QR
R109479,2026-06-18,Jacket,Apparel,1240.0,UPI_QR
R109480,2026-06-18,Screen guard,Accessories,493.0,UPI_APP
R109481,2026-06-18,Soundbar,Electronics,39050.0,CARD
R109482,2026-06-18,Sports shoes,Apparel,2170.0,UPI_QR
R109483,2026-06-18,Phone case,Accessories,181.0,UPI_QR
R109484,2026-06-18,Jacket,Apparel,867.0,UPI_QR
R109485,2026-06-18,Earphones,Accessories,247.0,CARD
R109486,2026-06-18,Foldable phone,Mobiles,22390.0,UPI_QR
R109487,2026-06-18,Wardrobe,Furniture,10430.0,UPI_QR
R109488,2026-06-18,Earphones,Accessories,577.0,UPI_APP
R109489,2026-06-18,Power bank,Accessories,294.0,CARD
R109490,2026-06-18,Formal shirt,Apparel,1910.0,UPI_APP
R109491,2026-06-18,Sports shoes,Apparel,1380.0,UPI_QR
R109492,2026-06-18,Screen guard,Accessories,1860.0,UPI_APP
R109493,2026-06-18,Curtains,Home Essentials,746.0,UPI_QR
R109494,2026-06-18,Curtains,Home Essentials,694.0,UPI_QR
R109495,2026-06-18,Power bank,Accessories,386.0,CASH
R109496,2026-06-18,Mixer jar,Home Essentials,1840.0,CARD
R109497,2026-06-18,Phone case,Accessories,641.0,CARD
R109498,2026-06-18,Power bank,Accessories,337.0,CARD
R109499,2026-06-18,Foldable phone,Mobiles,54180.0,CARD
R109500,2026-06-18,Cookware set,Home Essentials,719.0,CARD
R109501,2026-06-18,Formal shirt,Apparel,1380.0,UPI_APP
R109502,2026-06-19,Gaming console,Electronics,41050.0,CARD
R109503,2026-06-19,Phone case,Accessories,440.0,CARD
R109504,2026-06-19,Charger,Accessories,277.0,CARD
R109505,2026-06-19,Kurta set,Apparel,952.0,CARD
R109506,2026-06-19,Phone case,Accessories,132.0,CARD
R109507,2026-06-19,Smart TV 43in,Electronics,24350.0,UPI_APP
R109508,2026-06-19,Formal shirt,Apparel,1610.0,UPI_QR
R109509,2026-06-19,Wardrobe,Furniture,33310.0,UPI_QR
R109510,2026-06-19,Power bank,Accessories,520.0,UPI_QR
R109511,2026-06-19,Refrigerator,Appliances,14100.0,UPI_APP
R109512,2026-06-19,Gaming console,Electronics,12710.0,CARD
R109513,2026-06-19,Phone case,Accessories,426.0,CARD
R109514,2026-06-19,Earphones,Accessories,948.0,CARD
R109515,2026-06-19,Refrigerator,Appliances,28940.0,CARD
R109516,2026-06-19,Bedsheet set,Home Essentials,872.0,CASH
R109517,2026-06-19,Gaming console,Electronics,24710.0,UPI_QR
R109518,2026-06-19,Kurta set,Apparel,746.0,UPI_QR
R109519,2026-06-19,Dining table,Furniture,14110.0,UPI_QR
R109520,2026-06-19,Laptop,Electronics,41940.0,UPI_QR
R109521,2026-06-19,Laptop,Electronics,5910.0,UPI_QR
R109522,2026-06-19,Phone case,Accessories,1060.0,UPI_QR
R109523,2026-06-19,Smart TV 43in,Electronics,16940.0,UPI_QR
R109524,2026-06-19,Charger,Accessories,291.0,CARD
R109525,2026-06-19,Office chair,Furniture,20740.0,UPI_APP
R109526,2026-06-19,Tablet,Electronics,50060.0,CARD
R109527,2026-06-20,Soundbar,Electronics,8050.0,CARD
R109528,2026-06-20,Cookware set,Home Essentials,753.0,UPI_QR
R109529,2026-06-20,Microwave,Appliances,38430.0,CARD
R109530,2026-06-20,Sports shoes,Apparel,4920.0,CARD
R109531,2026-06-20,Power bank,Accessories,905.0,CARD
R109532,2026-06-20,Tablet,Electronics,13770.0,UPI_QR
R109533,2026-06-20,Power bank,Accessories,1430.0,CARD
R109534,2026-06-20,Earphones,Accessories,618.0,UPI_QR
R109535,2026-06-20,Bedsheet set,Home Essentials,386.0,UPI_APP
R109536,2026-06-20,Air conditioner,Appliances,20010.0,UPI_QR
R109537,2026-06-20,Office chair,Furniture,34880.0,UPI_APP
R109538,2026-06-20,Curtains,Home Essentials,331.0,UPI_QR
R109539,2026-06-20,Formal shirt,Apparel,469.0,CARD
R109540,2026-06-20,Kurta set,Apparel,1070.0,UPI_QR
R109541,2026-06-20,Bedsheet set,Home Essentials,1100.0,UPI_APP
R109542,2026-06-20,Bedsheet set,Home Essentials,754.0,CARD
R109543,2026-06-20,Power bank,Accessories,228.0,CARD
R109544,2026-06-20,Storage box,Home Essentials,422.0,UPI_QR
R109545,2026-06-20,Office chair,Furniture,7330.0,CARD
R109546,2026-06-20,Sofa set,Furniture,17770.0,CASH
R109547,2026-06-20,Power bank,Accessories,1260.0,UPI_QR
R109548,2026-06-20,Jacket,Apparel,1510.0,UPI_APP
R109549,2026-06-20,Smart TV 43in,Electronics,10210.0,CARD
R109550,2026-06-20,Smart TV 43in,Electronics,25080.0,UPI_QR
R109551,2026-06-20,Gaming console,Electronics,87650.0,CARD
R109552,2026-06-20,Sports shoes,Apparel,1870.0,CARD
R109553,2026-06-20,Kurta set,Apparel,3580.0,UPI_QR
R109554,2026-06-21,Screen guard,Accessories,325.0,UPI_QR
R109555,2026-06-21,Charger,Accessories,372.0,UPI_APP
R109556,2026-06-21,Jacket,Apparel,4390.0,UPI_APP
R109557,2026-06-21,Charger,Accessories,376.0,CARD
R109558,2026-06-21,Power bank,Accessories,317.0,UPI_APP
R109559,2026-06-21,Storage box,Home Essentials,795.0,UPI_QR
R109560,2026-06-21,Formal shirt,Apparel,3150.0,UPI_QR
R109561,2026-06-21,Bedsheet set,Home Essentials,1220.0,CASH
R109562,2026-06-21,Formal shirt,Apparel,1120.0,UPI_QR
R109563,2026-06-21,Curtains,Home Essentials,1110.0,UPI_QR
R109564,2026-06-21,Jacket,Apparel,665.0,UPI_QR
R109565,2026-06-21,Tablet,Electronics,41460.0,UPI_QR
R109566,2026-06-21,Refrigerator,Appliances,9690.0,UPI_APP
R109567,2026-06-21,Water purifier,Appliances,14230.0,CARD
R109568,2026-06-21,Kurta set,Apparel,1670.0,UPI_QR
R109569,2026-06-21,Curtains,Home Essentials,855.0,CARD
R109570,2026-06-21,Gaming console,Electronics,28370.0,CASH
R109571,2026-06-21,Kurta set,Apparel,1790.0,CASH
R109572,2026-06-21,Charger,Accessories,318.0,UPI_QR
R109573,2026-06-21,Water purifier,Appliances,25770.0,UPI_APP
R109574,2026-06-21,Power bank,Accessories,409.0,UPI_QR
R109575,2026-06-21,Phone case,Accessories,2540.0,CARD
R109576,2026-06-21,Jeans,Apparel,2850.0,UPI_APP
R109577,2026-06-21,Bedsheet set,Home Essentials,439.0,CARD
R109578,2026-06-21,Microwave,Appliances,23450.0,CARD
R109579,2026-06-21,Gaming console,Electronics,8120.0,CARD
R109580,2026-06-21,Washing machine,Appliances,104580.0,CARD
R109581,2026-06-21,Dining table,Furniture,23490.0,CARD
R109582,2026-06-21,Office chair,Furniture,21230.0,UPI_QR
R109583,2026-06-21,Power bank,Accessories,661.0,UPI_APP
R109584,2026-06-21,Foldable phone,Mobiles,8860.0,UPI_QR
R109585,2026-06-21,Power bank,Accessories,356.0,UPI_QR
R109586,2026-06-21,Screen guard,Accessories,614.0,CARD
R109587,2026-06-21,Power bank,Accessories,252.0,CARD
R109588,2026-06-21,Sports shoes,Apparel,1920.0,CARD
R109589,2026-06-21,Air conditioner,Appliances,22240.0,CASH
R109590,2026-06-21,Phone case,Accessories,230.0,CARD
R109591,2026-06-21,Soundbar,Electronics,20620.0,UPI_QR
R109592,2026-06-21,Sports shoes,Apparel,547.0,UPI_QR
R109593,2026-06-21,Bed frame,Furniture,10280.0,UPI_QR
R109594,2026-06-22,Sports shoes,Apparel,854.0,UPI_QR
R109595,2026-06-22,Phone case,Accessories,360.0,CARD
R109596,2026-06-22,Washing machine,Appliances,22470.0,UPI_APP
R109597,2026-06-22,Phone case,Accessories,680.0,CASH
R109598,2026-06-22,Earphones,Accessories,716.0,CASH
R109599,2026-06-22,Phone case,Accessories,362.0,CARD
R109600,2026-06-22,Microwave,Appliances,5610.0,CASH
R109601,2026-06-22,Screen guard,Accessories,407.0,CASH
R109602,2026-06-22,Bed frame,Furniture,10290.0,UPI_QR
R109603,2026-06-22,Bed frame,Furniture,41090.0,CARD
R109604,2026-06-22,Laptop,Electronics,5870.0,UPI_QR
R109605,2026-06-22,Cookware set,Home Essentials,791.0,CASH
R109606,2026-06-22,Charger,Accessories,1490.0,UPI_QR
R109607,2026-06-22,Washing machine,Appliances,22000.0,CARD
R109608,2026-06-22,Formal shirt,Apparel,2230.0,UPI_QR
R109609,2026-06-22,Mixer jar,Home Essentials,1500.0,UPI_QR
R109610,2026-06-22,Gaming console,Electronics,10450.0,CARD
R109611,2026-06-22,Soundbar,Electronics,45650.0,UPI_APP
R109612,2026-06-22,Gaming console,Electronics,23410.0,UPI_QR
R109613,2026-06-22,Screen guard,Accessories,590.0,UPI_QR
R109614,2026-06-22,Formal shirt,Apparel,341.0,CARD
R109615,2026-06-22,Earphones,Accessories,334.0,CARD
R109616,2026-06-22,Mixer jar,Home Essentials,633.0,UPI_QR
R109617,2026-06-22,Smart TV 43in,Electronics,178600.0,CARD
R109618,2026-06-22,Phone case,Accessories,519.0,CASH
R109619,2026-06-22,Jacket,Apparel,2220.0,CARD
R109620,2026-06-22,Power bank,Accessories,343.0,UPI_QR
R109621,2026-06-22,Sports shoes,Apparel,1180.0,UPI_QR
R109622,2026-06-22,Kurta set,Apparel,1530.0,CARD
R109623,2026-06-22,Earphones,Accessories,394.0,UPI_APP
R109624,2026-06-22,Kurta set,Apparel,1330.0,UPI_APP
R109625,2026-06-22,Laptop,Electronics,4640.0,UPI_QR
R109626,2026-06-22,Jacket,Apparel,1120.0,CASH
R109627,2026-06-23,Power bank,Accessories,336.0,UPI_APP
R109628,2026-06-23,Kurta set,Apparel,1350.0,CASH
R109629,2026-06-23,Tablet,Electronics,5930.0,CARD
R109630,2026-06-23,Charger,Accessories,99.0,UPI_QR
R109631,2026-06-23,Storage box,Home Essentials,914.0,UPI_APP
R109632,2026-06-23,Screen guard,Accessories,157.0,UPI_QR
R109633,2026-06-23,Storage box,Home Essentials,556.0,CARD
R109634,2026-06-23,Laptop,Electronics,12570.0,UPI_QR
R109635,2026-06-23,Jacket,Apparel,769.0,CASH
R109636,2026-06-23,Washing machine,Appliances,13950.0,CARD
R109637,2026-06-23,Sports shoes,Apparel,2330.0,UPI_APP
R109638,2026-06-23,Phone case,Accessories,447.0,CARD
R109639,2026-06-23,Refrigerator,Appliances,38150.0,CARD
R109640,2026-06-23,Air conditioner,Appliances,15380.0,CARD
R109641,2026-06-23,Formal shirt,Apparel,1250.0,CARD
R109642,2026-06-23,Screen guard,Accessories,173.0,CARD
R109643,2026-06-23,Formal shirt,Apparel,1340.0,CARD
R109644,2026-06-23,Screen guard,Accessories,265.0,UPI_QR
R109645,2026-06-23,Curtains,Home Essentials,193.0,UPI_APP
R109646,2026-06-23,Smartphone A,Mobiles,81070.0,UPI_APP
R109647,2026-06-23,Jeans,Apparel,1630.0,CARD
R109648,2026-06-23,Screen guard,Accessories,644.0,UPI_APP
R109649,2026-06-23,Cookware set,Home Essentials,605.0,UPI_QR
R109650,2026-06-23,Power bank,Accessories,411.0,UPI_QR
R109651,2026-06-23,Laptop,Electronics,30540.0,CARD
R109652,2026-06-23,Formal shirt,Apparel,1700.0,CARD
R109653,2026-06-23,Charger,Accessories,1390.0,UPI_APP
R109654,2026-06-23,Cookware set,Home Essentials,555.0,UPI_APP
R109655,2026-06-23,Earphones,Accessories,655.0,UPI_QR
R109656,2026-06-24,Curtains,Home Essentials,1110.0,CARD
R109657,2026-06-24,Laptop,Electronics,115340.0,CARD
R109658,2026-06-24,Bedsheet set,Home Essentials,1390.0,CASH
R109659,2026-06-24,Earphones,Accessories,407.0,UPI_QR
R109660,2026-06-24,Microwave,Appliances,17270.0,UPI_QR
R109661,2026-06-24,Screen guard,Accessories,250.0,UPI_QR
R109662,2026-06-24,Power bank,Accessories,398.0,CARD
R109663,2026-06-24,Earphones,Accessories,189.0,CARD
R109664,2026-06-24,Soundbar,Electronics,12360.0,CASH
R109665,2026-06-24,Bedsheet set,Home Essentials,755.0,CARD
R109666,2026-06-24,Microwave,Appliances,25490.0,CARD
R109667,2026-06-24,Jacket,Apparel,803.0,UPI_QR
R109668,2026-06-24,Smartphone A,Mobiles,51590.0,UPI_QR
R109669,2026-06-24,Air conditioner,Appliances,10020.0,CARD
R109670,2026-06-24,Phone case,Accessories,212.0,UPI_QR
R109671,2026-06-24,Screen guard,Accessories,558.0,CASH
R109672,2026-06-24,Sports shoes,Apparel,1470.0,UPI_QR
R109673,2026-06-24,Earphones,Accessories,583.0,UPI_QR
R109674,2026-06-24,Tablet,Electronics,26200.0,UPI_QR
R109675,2026-06-24,Formal shirt,Apparel,1180.0,CARD
R109676,2026-06-24,Storage box,Home Essentials,1550.0,CARD
R109677,2026-06-24,Jacket,Apparel,3090.0,UPI_QR
R109678,2026-06-24,Smart TV 43in,Electronics,31300.0,UPI_QR
R109679,2026-06-24,Jeans,Apparel,1190.0,CARD
R109680,2026-06-24,Laptop,Electronics,3750.0,CASH
R109681,2026-06-24,Power bank,Accessories,307.0,CASH
R109682,2026-06-24,Foldable phone,Mobiles,38920.0,CARD
R109683,2026-06-24,Jacket,Apparel,1380.0,CASH
R109684,2026-06-24,Kurta set,Apparel,635.0,CARD
R109685,2026-06-24,Smart TV 43in,Electronics,41290.0,CARD
R109686,2026-06-24,Storage box,Home Essentials,521.0,UPI_QR
R109687,2026-06-24,Earphones,Accessories,1010.0,CASH
R109688,2026-06-25,Smart TV 43in,Electronics,10890.0,CASH
R109689,2026-06-25,Earphones,Accessories,274.0,UPI_APP
R109690,2026-06-25,Earphones,Accessories,572.0,CARD
R109691,2026-06-25,Formal shirt,Apparel,1560.0,UPI_QR
R109692,2026-06-25,Tablet,Electronics,10820.0,CARD
R109693,2026-06-25,Kurta set,Apparel,2260.0,CARD
R109694,2026-06-25,Power bank,Accessories,260.0,UPI_QR
R109695,2026-06-25,Charger,Accessories,449.0,CARD
R109696,2026-06-25,Formal shirt,Apparel,1340.0,UPI_APP
R109697,2026-06-25,Cookware set,Home Essentials,379.0,CARD
R109698,2026-06-25,Cookware set,Home Essentials,1070.0,UPI_APP
R109699,2026-06-25,Cookware set,Home Essentials,902.0,UPI_QR
R109700,2026-06-25,Kurta set,Apparel,1060.0,UPI_APP
R109701,2026-06-25,Soundbar,Electronics,126680.0,CARD
R109702,2026-06-25,Smart TV 43in,Electronics,21230.0,UPI_QR
R109703,2026-06-25,Screen guard,Accessories,443.0,UPI_QR
R109704,2026-06-25,Power bank,Accessories,349.0,CARD
R109705,2026-06-25,Sports shoes,Apparel,1200.0,UPI_QR
R109706,2026-06-25,Earphones,Accessories,449.0,CASH
R109707,2026-06-25,Kurta set,Apparel,2630.0,UPI_QR
R109708,2026-06-25,Phone case,Accessories,318.0,CARD
R109709,2026-06-25,Smart TV 43in,Electronics,45770.0,UPI_APP
R109710,2026-06-25,Sofa set,Furniture,9130.0,CARD
R109711,2026-06-25,Sofa set,Furniture,7910.0,CASH
R109712,2026-06-25,Bedsheet set,Home Essentials,798.0,UPI_QR
R109713,2026-06-25,Phone case,Accessories,731.0,UPI_APP
R109714,2026-06-26,Screen guard,Accessories,289.0,UPI_APP
R109715,2026-06-26,Mixer jar,Home Essentials,1130.0,UPI_APP
R109716,2026-06-26,Screen guard,Accessories,125.0,CARD
R109717,2026-06-26,Power bank,Accessories,288.0,UPI_QR
R109718,2026-06-26,Refrigerator,Appliances,23230.0,UPI_QR
R109719,2026-06-26,Screen guard,Accessories,276.0,UPI_QR
R109720,2026-06-26,Jacket,Apparel,1070.0,UPI_QR
R109721,2026-06-26,Air conditioner,Appliances,57790.0,UPI_QR
R109722,2026-06-26,Screen guard,Accessories,430.0,CASH
R109723,2026-06-26,Mixer jar,Home Essentials,204.0,CARD
R109724,2026-06-26,Smart TV 43in,Electronics,10150.0,CARD
R109725,2026-06-26,Dining table,Furniture,12070.0,UPI_APP
R109726,2026-06-26,Water purifier,Appliances,63760.0,CARD
R109727,2026-06-26,Kurta set,Apparel,561.0,UPI_APP
R109728,2026-06-26,Jeans,Apparel,1910.0,UPI_APP
R109729,2026-06-26,Cookware set,Home Essentials,320.0,UPI_QR
R109730,2026-06-26,Gaming console,Electronics,9320.0,CARD
R109731,2026-06-26,Screen guard,Accessories,685.0,UPI_QR
R109732,2026-06-26,Formal shirt,Apparel,876.0,UPI_QR
R109733,2026-06-26,Sports shoes,Apparel,1880.0,UPI_APP
R109734,2026-06-26,Laptop,Electronics,5520.0,UPI_APP
R109735,2026-06-26,Jeans,Apparel,528.0,UPI_APP
R109736,2026-06-26,Laptop,Electronics,7080.0,UPI_QR
R109737,2026-06-26,Power bank,Accessories,566.0,CARD
R109738,2026-06-26,Curtains,Home Essentials,685.0,CASH
R109739,2026-06-27,Office chair,Furniture,5300.0,UPI_QR
R109740,2026-06-27,Sofa set,Furniture,11690.0,UPI_QR
R109741,2026-06-27,Sports shoes,Apparel,2070.0,UPI_APP
R109742,2026-06-27,Phone case,Accessories,1300.0,UPI_QR
R109743,2026-06-27,Screen guard,Accessories,425.0,UPI_QR
R109744,2026-06-27,Sports shoes,Apparel,1240.0,UPI_QR
R109745,2026-06-27,Dining table,Furniture,44360.0,CARD
R109746,2026-06-27,Earphones,Accessories,183.0,UPI_APP
R109747,2026-06-27,Phone case,Accessories,784.0,UPI_QR
R109748,2026-06-27,Mixer jar,Home Essentials,514.0,UPI_QR
R109749,2026-06-27,Air conditioner,Appliances,20620.0,UPI_APP
R109750,2026-06-27,Office chair,Furniture,10030.0,UPI_QR
R109751,2026-06-27,Phone case,Accessories,256.0,CARD
R109752,2026-06-27,Kurta set,Apparel,1860.0,CARD
R109753,2026-06-27,Formal shirt,Apparel,3390.0,UPI_APP
R109754,2026-06-27,Sports shoes,Apparel,1150.0,CASH
R109755,2026-06-27,Phone case,Accessories,300.0,UPI_QR
R109756,2026-06-27,Sofa set,Furniture,13830.0,UPI_APP
R109757,2026-06-27,Laptop,Electronics,12220.0,UPI_QR
R109758,2026-06-27,Earphones,Accessories,483.0,CARD
R109759,2026-06-27,Smart TV 43in,Electronics,14400.0,UPI_QR
R109760,2026-06-27,Gaming console,Electronics,11500.0,UPI_QR
R109761,2026-06-27,Sports shoes,Apparel,1580.0,CARD
R109762,2026-06-27,Sports shoes,Apparel,1860.0,CARD
R109763,2026-06-27,Cookware set,Home Essentials,759.0,CARD
R109764,2026-06-27,Air conditioner,Appliances,38540.0,CARD
R109765,2026-06-27,Washing machine,Appliances,24640.0,CARD
R109766,2026-06-27,Charger,Accessories,399.0,UPI_QR
R109767,2026-06-27,Gaming console,Electronics,18120.0,UPI_QR
R109768,2026-06-27,Formal shirt,Apparel,1150.0,CASH
R109769,2026-06-27,Jeans,Apparel,1870.0,UPI_QR
R109770,2026-06-27,Phone case,Accessories,726.0,CARD
R109771,2026-06-27,Water purifier,Appliances,20370.0,UPI_APP
R109772,2026-06-27,Refrigerator,Appliances,16240.0,UPI_QR
R109773,2026-06-27,Office chair,Furniture,21420.0,UPI_QR
R109774,2026-06-27,Smartphone C,Mobiles,21500.0,UPI_QR
R109775,2026-06-27,Jacket,Apparel,2540.0,UPI_QR
R109776,2026-06-27,Sofa set,Furniture,28600.0,UPI_APP
R109777,2026-06-27,Bedsheet set,Home Essentials,593.0,CASH
R109778,2026-06-27,Laptop,Electronics,21070.0,UPI_QR
R109779,2026-06-27,Formal shirt,Apparel,1630.0,UPI_QR
R109780,2026-06-27,Phone case,Accessories,950.0,UPI_QR
R109781,2026-06-27,Water purifier,Appliances,25880.0,CARD
R109782,2026-06-28,Power bank,Accessories,587.0,UPI_APP
R109783,2026-06-28,Formal shirt,Apparel,4330.0,UPI_QR
R109784,2026-06-28,Jacket,Apparel,3880.0,UPI_QR
R109785,2026-06-28,Microwave,Appliances,10410.0,UPI_APP
R109786,2026-06-28,Screen guard,Accessories,1140.0,UPI_QR
R109787,2026-06-28,Earphones,Accessories,232.0,UPI_QR
R109788,2026-06-28,Bedsheet set,Home Essentials,585.0,UPI_QR
R109789,2026-06-28,Microwave,Appliances,22190.0,UPI_QR
R109790,2026-06-28,Wardrobe,Furniture,17010.0,UPI_APP
R109791,2026-06-28,Water purifier,Appliances,16400.0,UPI_QR
R109792,2026-06-28,Screen guard,Accessories,239.0,CARD
R109793,2026-06-28,Sports shoes,Apparel,707.0,UPI_QR
R109794,2026-06-28,Sports shoes,Apparel,1170.0,UPI_APP
R109795,2026-06-28,Earphones,Accessories,281.0,CASH
R109796,2026-06-28,Cookware set,Home Essentials,289.0,CASH
R109797,2026-06-28,Smart TV 43in,Electronics,16100.0,CASH
R109798,2026-06-28,Kurta set,Apparel,1660.0,UPI_QR
R109799,2026-06-28,Bedsheet set,Home Essentials,721.0,UPI_APP
R109800,2026-06-28,Soundbar,Electronics,22260.0,CASH
R109801,2026-06-28,Wardrobe,Furniture,22430.0,CASH
R109802,2026-06-28,Air conditioner,Appliances,20850.0,UPI_APP
R109803,2026-06-28,Tablet,Electronics,15170.0,UPI_APP
R109804,2026-06-28,Storage box,Home Essentials,914.0,UPI_APP
R109805,2026-06-28,Kurta set,Apparel,4950.0,UPI_APP
R109806,2026-06-28,Cookware set,Home Essentials,804.0,UPI_QR
R109807,2026-06-28,Formal shirt,Apparel,3740.0,UPI_QR
R109808,2026-06-28,Jeans,Apparel,2350.0,UPI_QR
R109809,2026-06-28,Laptop,Electronics,11190.0,CASH
R109810,2026-06-28,Storage box,Home Essentials,585.0,CARD
R109811,2026-06-28,Earphones,Accessories,533.0,UPI_QR
R109812,2026-06-28,Phone case,Accessories,351.0,UPI_QR
R109813,2026-06-28,Curtains,Home Essentials,451.0,UPI_APP
R109814,2026-06-28,Foldable phone,Mobiles,16020.0,UPI_QR
R109815,2026-06-28,Earphones,Accessories,1660.0,UPI_QR
R109816,2026-06-28,Laptop,Electronics,11370.0,UPI_QR
R109817,2026-06-28,Jeans,Apparel,1780.0,UPI_QR
R109818,2026-06-28,Jacket,Apparel,752.0,UPI_QR
R109819,2026-06-28,Smartphone C,Mobiles,9630.0,UPI_QR
R109820,2026-06-28,Mixer jar,Home Essentials,552.0,CARD
R109821,2026-06-28,Foldable phone,Mobiles,20500.0,UPI_APP
R109822,2026-06-28,Cookware set,Home Essentials,933.0,UPI_QR
R109823,2026-06-28,Gaming console,Electronics,15750.0,UPI_QR
R109824,2026-06-29,Microwave,Appliances,47540.0,UPI_QR
R109825,2026-06-29,Smartphone B,Mobiles,50970.0,UPI_QR
R109826,2026-06-29,Tablet,Electronics,11420.0,UPI_QR
R109827,2026-06-29,Curtains,Home Essentials,404.0,UPI_QR
R109828,2026-06-29,Mixer jar,Home Essentials,860.0,UPI_QR
R109829,2026-06-29,Wardrobe,Furniture,19410.0,UPI_QR
R109830,2026-06-29,Gaming console,Electronics,17070.0,CASH
R109831,2026-06-29,Storage box,Home Essentials,473.0,CASH
R109832,2026-06-29,Mixer jar,Home Essentials,1350.0,CARD
R109833,2026-06-29,Tablet,Electronics,3830.0,UPI_QR
R109834,2026-06-29,Water purifier,Appliances,92200.0,CARD
R109835,2026-06-29,Smart TV 43in,Electronics,6350.0,UPI_QR
R109836,2026-06-29,Wardrobe,Furniture,5800.0,CASH
R109837,2026-06-29,Cookware set,Home Essentials,835.0,UPI_APP
R109838,2026-06-29,Earphones,Accessories,1010.0,CARD
R109839,2026-06-29,Air conditioner,Appliances,10800.0,UPI_APP
R109840,2026-06-29,Soundbar,Electronics,10960.0,UPI_APP
R109841,2026-06-29,Earphones,Accessories,507.0,UPI_QR
R109842,2026-06-29,Soundbar,Electronics,2170.0,UPI_APP
R109843,2026-06-29,Charger,Accessories,1050.0,CARD
R109844,2026-06-29,Kurta set,Apparel,958.0,UPI_QR
R109845,2026-06-29,Sports shoes,Apparel,1410.0,UPI_QR
R109846,2026-06-29,Smartphone B,Mobiles,20750.0,UPI_QR
R109847,2026-06-29,Air conditioner,Appliances,50530.0,CARD
R109848,2026-06-29,Curtains,Home Essentials,576.0,CARD
R109849,2026-06-29,Formal shirt,Apparel,1140.0,UPI_QR
R109850,2026-06-30,Power bank,Accessories,163.0,CARD
R109851,2026-06-30,Soundbar,Electronics,12820.0,UPI_QR
R109852,2026-06-30,Smartphone A,Mobiles,24180.0,CASH
R109853,2026-06-30,Smart TV 43in,Electronics,7100.0,UPI_QR
R109854,2026-06-30,Mixer jar,Home Essentials,643.0,UPI_APP
R109855,2026-06-30,Earphones,Accessories,487.0,UPI_APP
R109856,2026-06-30,Phone case,Accessories,688.0,UPI_QR
R109857,2026-06-30,Jeans,Apparel,1540.0,UPI_QR
R109858,2026-06-30,Microwave,Appliances,26600.0,UPI_QR
R109859,2026-06-30,Tablet,Electronics,8770.0,UPI_QR
R109860,2026-06-30,Tablet,Electronics,26490.0,UPI_APP
R109861,2026-06-30,Power bank,Accessories,944.0,UPI_QR
R109862,2026-06-30,Kurta set,Apparel,1740.0,UPI_QR
R109863,2026-06-30,Smart TV 43in,Electronics,15050.0,UPI_QR
R109864,2026-06-30,Earphones,Accessories,99.0,UPI_APP
R109865,2026-06-30,Phone case,Accessories,433.0,UPI_QR
R109866,2026-06-30,Gaming console,Electronics,22500.0,UPI_APP
R109867,2026-06-30,Storage box,Home Essentials,862.0,UPI_APP
R109868,2026-06-30,Gaming console,Electronics,23620.0,UPI_QR
R109869,2026-06-30,Sports shoes,Apparel,2150.0,UPI_QR
R109870,2026-06-30,Smart TV 43in,Electronics,10760.0,CARD
R109871,2026-06-30,Washing machine,Appliances,35020.0,CARD
R109872,2026-06-30,Phone case,Accessories,1280.0,CARD
R109873,2026-06-30,Wardrobe,Furniture,7090.0,UPI_QR
R109874,2026-06-30,Tablet,Electronics,7350.0,CARD
R109875,2026-06-30,Foldable phone,Mobiles,48950.0,UPI_QR
R109876,2026-06-30,Earphones,Accessories,185.0,UPI_QR
R109877,2026-06-30,Soundbar,Electronics,29600.0,CASH
R109878,2026-06-30,Water purifier,Appliances,20780.0,CASH
R109879,2026-06-30,Jacket,Apparel,2740.0,CARD
R109880,2026-06-30,Air conditioner,Appliances,23280.0,CARD
R109881,2026-07-01,Kurta set,Apparel,664.0,CARD
R109882,2026-07-01,Power bank,Accessories,391.0,CARD
R109883,2026-07-01,Sports shoes,Apparel,1080.0,CASH
R109884,2026-07-01,Phone case,Accessories,1450.0,CARD
R109885,2026-07-01,Jeans,Apparel,2660.0,CARD
R109886,2026-07-01,Smartphone C,Mobiles,9320.0,UPI_QR
R109887,2026-07-01,Charger,Accessories,258.0,UPI_APP
R109888,2026-07-01,Sports shoes,Apparel,1930.0,UPI_APP
R109889,2026-07-01,Formal shirt,Apparel,1370.0,UPI_QR
R109890,2026-07-01,Kurta set,Apparel,3920.0,UPI_QR
R109891,2026-07-01,Wardrobe,Furniture,4250.0,UPI_QR
R109892,2026-07-01,Power bank,Accessories,337.0,UPI_APP
R109893,2026-07-01,Tablet,Electronics,32500.0,UPI_QR
R109894,2026-07-01,Jacket,Apparel,2870.0,UPI_QR
R109895,2026-07-01,Jeans,Apparel,1470.0,CARD
R109896,2026-07-01,Jacket,Apparel,1560.0,UPI_QR
R109897,2026-07-01,Soundbar,Electronics,29370.0,UPI_QR
R109898,2026-07-01,Charger,Accessories,1540.0,UPI_QR
R109899,2026-07-01,Curtains,Home Essentials,1270.0,UPI_QR
R109900,2026-07-01,Washing machine,Appliances,32570.0,UPI_APP
R109901,2026-07-01,Washing machine,Appliances,19880.0,CARD
R109902,2026-07-01,Screen guard,Accessories,968.0,CARD
R109903,2026-07-01,Earphones,Accessories,1210.0,UPI_QR
R109904,2026-07-01,Bed frame,Furniture,18520.0,UPI_APP
R109905,2026-07-01,Screen guard,Accessories,815.0,UPI_APP
R109906,2026-07-01,Storage box,Home Essentials,1290.0,UPI_QR
R109907,2026-07-01,Earphones,Accessories,537.0,CARD
R109908,2026-07-01,Formal shirt,Apparel,1050.0,CARD
R109909,2026-07-01,Refrigerator,Appliances,8160.0,UPI_QR
R109910,2026-07-01,Screen guard,Accessories,415.0,UPI_APP
R109911,2026-07-01,Storage box,Home Essentials,638.0,CARD
R109912,2026-07-02,Kurta set,Apparel,2050.0,UPI_APP
R109913,2026-07-02,Smartphone A,Mobiles,11440.0,UPI_QR
R109914,2026-07-02,Formal shirt,Apparel,953.0,UPI_APP
R109915,2026-07-02,Power bank,Accessories,226.0,UPI_QR
R109916,2026-07-02,Tablet,Electronics,22830.0,CARD
R109917,2026-07-02,Storage box,Home Essentials,375.0,UPI_QR
R109918,2026-07-02,Sports shoes,Apparel,1970.0,UPI_APP
R109919,2026-07-02,Soundbar,Electronics,8840.0,UPI_APP
R109920,2026-07-02,Smartphone A,Mobiles,19690.0,UPI_APP
R109921,2026-07-02,Cookware set,Home Essentials,503.0,UPI_APP
R109922,2026-07-02,Sports shoes,Apparel,709.0,UPI_QR
R109923,2026-07-02,Mixer jar,Home Essentials,613.0,UPI_QR
R109924,2026-07-02,Phone case,Accessories,124.0,CARD
R109925,2026-07-02,Power bank,Accessories,706.0,UPI_QR
R109926,2026-07-02,Soundbar,Electronics,21330.0,CARD
R109927,2026-07-02,Sports shoes,Apparel,1110.0,UPI_QR
R109928,2026-07-02,Jacket,Apparel,1640.0,UPI_QR
R109929,2026-07-02,Sports shoes,Apparel,1640.0,UPI_QR
R109930,2026-07-02,Charger,Accessories,234.0,CARD
R109931,2026-07-02,Earphones,Accessories,398.0,UPI_QR
R109932,2026-07-02,Smartphone B,Mobiles,18880.0,UPI_APP
R109933,2026-07-02,Wardrobe,Furniture,8500.0,CARD
R109934,2026-07-02,Laptop,Electronics,12240.0,UPI_QR
R109935,2026-07-02,Curtains,Home Essentials,591.0,UPI_APP
R109936,2026-07-02,Curtains,Home Essentials,573.0,CARD
R109937,2026-07-02,Power bank,Accessories,593.0,UPI_QR
R109938,2026-07-02,Tablet,Electronics,22550.0,CARD
R109939,2026-07-02,Phone case,Accessories,465.0,UPI_APP
R109940,2026-07-02,Curtains,Home Essentials,1760.0,UPI_APP
R109941,2026-07-02,Phone case,Accessories,251.0,CASH
R109942,2026-07-02,Bedsheet set,Home Essentials,259.0,UPI_QR
R109943,2026-07-02,Gaming console,Electronics,15340.0,UPI_QR
R109944,2026-07-02,Foldable phone,Mobiles,17550.0,UPI_QR
R109945,2026-07-02,Sports shoes,Apparel,1000.0,UPI_QR
R109946,2026-07-02,Earphones,Accessories,810.0,UPI_QR
R109947,2026-07-02,Screen guard,Accessories,236.0,UPI_APP
R109948,2026-07-03,Screen guard,Accessories,607.0,UPI_QR
R109949,2026-07-03,Jacket,Apparel,1410.0,UPI_QR
R109950,2026-07-03,Mixer jar,Home Essentials,651.0,UPI_QR
R109951,2026-07-03,Sports shoes,Apparel,1400.0,UPI_QR
R109952,2026-07-03,Power bank,Accessories,935.0,UPI_QR
R109953,2026-07-03,Mixer jar,Home Essentials,2050.0,CASH
R109954,2026-07-03,Water purifier,Appliances,34930.0,UPI_QR
R109955,2026-07-03,Storage box,Home Essentials,821.0,CARD
R109956,2026-07-03,Storage box,Home Essentials,643.0,UPI_QR
R109957,2026-07-03,Storage box,Home Essentials,865.0,CARD
R109958,2026-07-03,Sports shoes,Apparel,2480.0,UPI_APP
R109959,2026-07-03,Cookware set,Home Essentials,561.0,CARD
R109960,2026-07-03,Wardrobe,Furniture,18170.0,UPI_APP
R109961,2026-07-03,Sports shoes,Apparel,2370.0,UPI_QR
R109962,2026-07-03,Formal shirt,Apparel,1290.0,CARD
R109963,2026-07-03,Dining table,Furniture,11660.0,UPI_QR
R109964,2026-07-03,Laptop,Electronics,51230.0,UPI_APP
R109965,2026-07-03,Mixer jar,Home Essentials,660.0,CARD
R109966,2026-07-03,Curtains,Home Essentials,330.0,UPI_QR
R109967,2026-07-03,Microwave,Appliances,58580.0,CARD
R109968,2026-07-03,Phone case,Accessories,521.0,CARD
R109969,2026-07-03,Power bank,Accessories,485.0,UPI_QR
R109970,2026-07-03,Wardrobe,Furniture,12010.0,CARD
R109971,2026-07-03,Jeans,Apparel,1330.0,CASH
R109972,2026-07-03,Charger,Accessories,316.0,UPI_QR
R109973,2026-07-03,Formal shirt,Apparel,618.0,CASH
R109974,2026-07-03,Wardrobe,Furniture,13970.0,CARD
R109975,2026-07-03,Jacket,Apparel,2130.0,UPI_APP
R109976,2026-07-04,Bedsheet set,Home Essentials,569.0,UPI_APP
R109977,2026-07-04,Curtains,Home Essentials,1400.0,UPI_APP
R109978,2026-07-04,Jacket,Apparel,1740.0,UPI_QR
R109979,2026-07-04,Office chair,Furniture,20520.0,UPI_QR
R109980,2026-07-04,Power bank,Accessories,345.0,CASH
R109981,2026-07-04,Jacket,Apparel,683.0,UPI_APP
R109982,2026-07-04,Water purifier,Appliances,9970.0,UPI_QR
R109983,2026-07-04,Microwave,Appliances,22970.0,UPI_APP
R109984,2026-07-04,Kurta set,Apparel,2850.0,UPI_QR
R109985,2026-07-04,Soundbar,Electronics,22240.0,CARD
R109986,2026-07-04,Storage box,Home Essentials,640.0,CARD
R109987,2026-07-04,Earphones,Accessories,586.0,UPI_QR
R109988,2026-07-04,Formal shirt,Apparel,1100.0,CASH
R109989,2026-07-04,Power bank,Accessories,172.0,CARD
R109990,2026-07-04,Wardrobe,Furniture,13370.0,UPI_QR
R109991,2026-07-04,Tablet,Electronics,71950.0,UPI_QR
R109992,2026-07-04,Phone case,Accessories,149.0,UPI_APP
R109993,2026-07-04,Kurta set,Apparel,1150.0,UPI_APP
R109994,2026-07-04,Mixer jar,Home Essentials,897.0,UPI_APP
R109995,2026-07-04,Gaming console,Electronics,6000.0,UPI_QR
R109996,2026-07-04,Bedsheet set,Home Essentials,871.0,UPI_QR
R109997,2026-07-04,Air conditioner,Appliances,13230.0,CARD
R109998,2026-07-04,Power bank,Accessories,490.0,UPI_APP
R109999,2026-07-04,Microwave,Appliances,28540.0,UPI_QR
R110000,2026-07-04,Office chair,Furniture,5750.0,CARD
R110001,2026-07-04,Washing machine,Appliances,25820.0,UPI_APP
R110002,2026-07-04,Screen guard,Accessories,268.0,UPI_QR
R110003,2026-07-04,Smartphone A,Mobiles,27160.0,UPI_QR
R110004,2026-07-05,Earphones,Accessories,606.0,UPI_QR
R110005,2026-07-05,Power bank,Accessories,312.0,CARD
R110006,2026-07-05,Phone case,Accessories,703.0,UPI_QR
R110007,2026-07-05,Kurta set,Apparel,2150.0,CARD
R110008,2026-07-05,Sports shoes,Apparel,2340.0,CASH
R110009,2026-07-05,Water purifier,Appliances,11760.0,CASH
R110010,2026-07-05,Phone case,Accessories,1320.0,CARD
R110011,2026-07-05,Bed frame,Furniture,11810.0,UPI_QR
R110012,2026-07-05,Refrigerator,Appliances,15430.0,UPI_QR
R110013,2026-07-05,Earphones,Accessories,199.0,UPI_APP
R110014,2026-07-05,Phone case,Accessories,783.0,CARD
R110015,2026-07-05,Phone case,Accessories,542.0,CARD
R110016,2026-07-05,Bed frame,Furniture,33850.0,CARD
R110017,2026-07-05,Foldable phone,Mobiles,32020.0,UPI_APP
R110018,2026-07-05,Cookware set,Home Essentials,594.0,CARD
R110019,2026-07-05,Earphones,Accessories,402.0,UPI_QR
R110020,2026-07-05,Storage box,Home Essentials,625.0,UPI_QR
R110021,2026-07-05,Microwave,Appliances,24880.0,UPI_QR
R110022,2026-07-05,Phone case,Accessories,387.0,UPI_APP
R110023,2026-07-05,Curtains,Home Essentials,693.0,UPI_APP
R110024,2026-07-05,Storage box,Home Essentials,320.0,UPI_APP
R110025,2026-07-05,Mixer jar,Home Essentials,944.0,UPI_QR
R110026,2026-07-05,Formal shirt,Apparel,3020.0,UPI_APP
R110027,2026-07-05,Power bank,Accessories,343.0,UPI_QR
R110028,2026-07-05,Charger,Accessories,203.0,UPI_APP
R110029,2026-07-05,Earphones,Accessories,1300.0,UPI_QR
R110030,2026-07-05,Kurta set,Apparel,1470.0,CARD
R110031,2026-07-05,Laptop,Electronics,8060.0,UPI_QR
R110032,2026-07-05,Wardrobe,Furniture,4160.0,CARD
R110033,2026-07-05,Bed frame,Furniture,4560.0,CARD
R110034,2026-07-05,Charger,Accessories,162.0,UPI_QR
R110035,2026-07-05,Curtains,Home Essentials,913.0,UPI_QR
R110036,2026-07-05,Jacket,Apparel,1600.0,UPI_QR
R110037,2026-07-05,Phone case,Accessories,879.0,UPI_QR
R110038,2026-07-05,Office chair,Furniture,16810.0,UPI_QR
R110039,2026-07-05,Mixer jar,Home Essentials,364.0,CASH
R110040,2026-07-05,Formal shirt,Apparel,1130.0,UPI_APP
R110041,2026-07-05,Jacket,Apparel,1320.0,CARD
R110042,2026-07-05,Phone case,Accessories,546.0,CARD
R110043,2026-07-05,Tablet,Electronics,20880.0,CARD
R110044,2026-07-06,Phone case,Accessories,728.0,CASH
R110045,2026-07-06,Power bank,Accessories,798.0,UPI_QR
R110046,2026-07-06,Screen guard,Accessories,1170.0,UPI_QR
R110047,2026-07-06,Screen guard,Accessories,552.0,CARD
R110048,2026-07-06,Earphones,Accessories,714.0,UPI_QR
R110049,2026-07-06,Phone case,Accessories,295.0,CARD
R110050,2026-07-06,Phone case,Accessories,146.0,CASH
R110051,2026-07-06,Screen guard,Accessories,207.0,CASH
R110052,2026-07-06,Water purifier,Appliances,10870.0,CARD
R110053,2026-07-06,Curtains,Home Essentials,748.0,UPI_QR
R110054,2026-07-06,Tablet,Electronics,15840.0,CARD
R110055,2026-07-06,Tablet,Electronics,24330.0,UPI_APP
R110056,2026-07-06,Screen guard,Accessories,1100.0,UPI_QR
R110057,2026-07-06,Gaming console,Electronics,12450.0,UPI_QR
R110058,2026-07-06,Sports shoes,Apparel,2250.0,CARD
R110059,2026-07-06,Screen guard,Accessories,858.0,UPI_QR
R110060,2026-07-06,Dining table,Furniture,3250.0,UPI_QR
R110061,2026-07-06,Microwave,Appliances,10180.0,UPI_APP
R110062,2026-07-06,Laptop,Electronics,4180.0,CARD
R110063,2026-07-06,Kurta set,Apparel,570.0,UPI_QR
R110064,2026-07-06,Charger,Accessories,596.0,UPI_APP
R110065,2026-07-06,Air conditioner,Appliances,47680.0,CARD
R110066,2026-07-06,Gaming console,Electronics,87290.0,UPI_QR
R110067,2026-07-06,Screen guard,Accessories,352.0,UPI_QR
R110068,2026-07-06,Sports shoes,Apparel,1390.0,UPI_QR
R110069,2026-07-06,Dining table,Furniture,8260.0,UPI_APP
R110070,2026-07-07,Formal shirt,Apparel,1500.0,CARD
R110071,2026-07-07,Water purifier,Appliances,88500.0,CARD
R110072,2026-07-07,Bedsheet set,Home Essentials,471.0,CARD
R110073,2026-07-07,Sports shoes,Apparel,809.0,CARD
R110074,2026-07-07,Phone case,Accessories,694.0,UPI_QR
R110075,2026-07-07,Microwave,Appliances,28100.0,CASH
R110076,2026-07-07,Cookware set,Home Essentials,812.0,UPI_QR
R110077,2026-07-07,Power bank,Accessories,1010.0,UPI_QR
R110078,2026-07-07,Phone case,Accessories,582.0,CARD
R110079,2026-07-07,Charger,Accessories,357.0,CASH
R110080,2026-07-07,Jeans,Apparel,3330.0,UPI_QR
R110081,2026-07-07,Office chair,Furniture,9840.0,UPI_QR
R110082,2026-07-07,Screen guard,Accessories,173.0,CARD
R110083,2026-07-07,Charger,Accessories,340.0,CARD
R110084,2026-07-07,Cookware set,Home Essentials,456.0,UPI_APP
R110085,2026-07-07,Soundbar,Electronics,16940.0,CARD
R110086,2026-07-07,Laptop,Electronics,14740.0,UPI_QR
R110087,2026-07-07,Jeans,Apparel,934.0,CARD
R110088,2026-07-07,Phone case,Accessories,260.0,UPI_APP
R110089,2026-07-07,Sports shoes,Apparel,1600.0,UPI_QR
R110090,2026-07-07,Storage box,Home Essentials,1050.0,UPI_QR
R110091,2026-07-07,Curtains,Home Essentials,270.0,CASH
R110092,2026-07-07,Soundbar,Electronics,95790.0,UPI_APP
R110093,2026-07-07,Cookware set,Home Essentials,1950.0,UPI_APP
R110094,2026-07-07,Phone case,Accessories,417.0,UPI_QR
R110095,2026-07-07,Sofa set,Furniture,3900.0,UPI_QR
R110096,2026-07-07,Air conditioner,Appliances,31180.0,CARD
R110097,2026-07-07,Smartphone A,Mobiles,29790.0,CARD
R110098,2026-07-07,Curtains,Home Essentials,577.0,UPI_QR
R110099,2026-07-07,Charger,Accessories,460.0,UPI_QR
R110100,2026-07-07,Tablet,Electronics,36630.0,CARD
R110101,2026-07-07,Jacket,Apparel,1390.0,UPI_QR
R110102,2026-07-07,Power bank,Accessories,490.0,UPI_APP
R110103,2026-07-08,Phone case,Accessories,501.0,CARD
R110104,2026-07-08,Curtains,Home Essentials,426.0,UPI_QR
R110105,2026-07-08,Air conditioner,Appliances,36240.0,UPI_QR
R110106,2026-07-08,Sofa set,Furniture,12870.0,CARD
R110107,2026-07-08,Power bank,Accessories,550.0,UPI_QR
R110108,2026-07-08,Jeans,Apparel,767.0,CASH
R110109,2026-07-08,Screen guard,Accessories,777.0,UPI_QR
R110110,2026-07-08,Cookware set,Home Essentials,1280.0,CARD
R110111,2026-07-08,Power bank,Accessories,763.0,CASH
R110112,2026-07-08,Curtains,Home Essentials,858.0,UPI_QR
R110113,2026-07-08,Formal shirt,Apparel,2150.0,UPI_APP
R110114,2026-07-08,Charger,Accessories,171.0,UPI_APP
R110115,2026-07-08,Formal shirt,Apparel,1980.0,CARD
R110116,2026-07-08,Mixer jar,Home Essentials,1210.0,CARD
R110117,2026-07-08,Earphones,Accessories,869.0,CARD
R110118,2026-07-08,Cookware set,Home Essentials,1130.0,UPI_QR
R110119,2026-07-08,Storage box,Home Essentials,704.0,UPI_QR
R110120,2026-07-08,Soundbar,Electronics,11520.0,UPI_QR
R110121,2026-07-08,Charger,Accessories,371.0,CARD
R110122,2026-07-08,Smartphone B,Mobiles,15330.0,UPI_QR
R110123,2026-07-08,Jeans,Apparel,838.0,CARD
R110124,2026-07-08,Microwave,Appliances,14490.0,UPI_QR
R110125,2026-07-08,Charger,Accessories,2110.0,UPI_QR
R110126,2026-07-08,Sports shoes,Apparel,1180.0,UPI_QR
R110127,2026-07-08,Earphones,Accessories,850.0,UPI_QR
R110128,2026-07-08,Sports shoes,Apparel,1870.0,UPI_APP
R110129,2026-07-09,Sofa set,Furniture,17110.0,UPI_QR
R110130,2026-07-09,Curtains,Home Essentials,499.0,UPI_QR
R110131,2026-07-09,Water purifier,Appliances,36520.0,UPI_QR
R110132,2026-07-09,Bed frame,Furniture,11340.0,UPI_QR
R110133,2026-07-09,Kurta set,Apparel,1060.0,CARD
R110134,2026-07-09,Phone case,Accessories,315.0,UPI_QR
R110135,2026-07-09,Jacket,Apparel,1400.0,UPI_APP
R110136,2026-07-09,Air conditioner,Appliances,42420.0,UPI_QR
R110137,2026-07-09,Sports shoes,Apparel,969.0,UPI_APP
R110138,2026-07-09,Formal shirt,Apparel,1460.0,UPI_APP
R110139,2026-07-09,Charger,Accessories,679.0,UPI_QR
R110140,2026-07-09,Washing machine,Appliances,30290.0,CARD
R110141,2026-07-09,Curtains,Home Essentials,824.0,UPI_QR
R110142,2026-07-09,Charger,Accessories,246.0,UPI_QR
R110143,2026-07-09,Formal shirt,Apparel,654.0,CARD
R110144,2026-07-09,Charger,Accessories,378.0,UPI_QR
R110145,2026-07-09,Jacket,Apparel,2140.0,UPI_QR
R110146,2026-07-09,Microwave,Appliances,30160.0,CARD
R110147,2026-07-09,Storage box,Home Essentials,628.0,CARD
R110148,2026-07-09,Formal shirt,Apparel,875.0,UPI_QR
R110149,2026-07-09,Formal shirt,Apparel,2220.0,UPI_APP
R110150,2026-07-09,Tablet,Electronics,20530.0,UPI_QR
R110151,2026-07-09,Sports shoes,Apparel,907.0,UPI_APP
R110152,2026-07-09,Earphones,Accessories,689.0,CARD
R110153,2026-07-09,Charger,Accessories,1450.0,UPI_APP
R110154,2026-07-09,Storage box,Home Essentials,389.0,UPI_APP
R110155,2026-07-09,Wardrobe,Furniture,12790.0,CARD
R110156,2026-07-09,Jacket,Apparel,1790.0,UPI_APP
R110157,2026-07-09,Screen guard,Accessories,1180.0,UPI_APP
R110158,2026-07-09,Gaming console,Electronics,44370.0,CARD
R110159,2026-07-09,Earphones,Accessories,427.0,CARD
R110160,2026-07-09,Sports shoes,Apparel,2010.0,UPI_QR
R110161,2026-07-09,Refrigerator,Appliances,26730.0,UPI_QR
R110162,2026-07-09,Cookware set,Home Essentials,395.0,UPI_QR
R110163,2026-07-09,Storage box,Home Essentials,430.0,UPI_QR
R110164,2026-07-09,Mixer jar,Home Essentials,683.0,CASH
R110165,2026-07-09,Air conditioner,Appliances,20460.0,UPI_QR
R110166,2026-07-10,Kurta set,Apparel,1410.0,UPI_APP
R110167,2026-07-10,Cookware set,Home Essentials,1110.0,UPI_QR
R110168,2026-07-10,Curtains,Home Essentials,834.0,UPI_QR
R110169,2026-07-10,Storage box,Home Essentials,370.0,UPI_APP
R110170,2026-07-10,Soundbar,Electronics,5340.0,UPI_QR
R110171,2026-07-10,Foldable phone,Mobiles,20270.0,UPI_QR
R110172,2026-07-10,Screen guard,Accessories,203.0,UPI_QR
R110173,2026-07-10,Laptop,Electronics,77180.0,UPI_QR
R110174,2026-07-10,Charger,Accessories,868.0,UPI_APP
R110175,2026-07-10,Soundbar,Electronics,17460.0,UPI_QR
R110176,2026-07-10,Phone case,Accessories,485.0,CARD
R110177,2026-07-10,Charger,Accessories,654.0,UPI_QR
R110178,2026-07-10,Storage box,Home Essentials,894.0,UPI_QR
R110179,2026-07-10,Charger,Accessories,420.0,UPI_QR
R110180,2026-07-10,Curtains,Home Essentials,951.0,UPI_APP
R110181,2026-07-10,Refrigerator,Appliances,27570.0,CARD
R110182,2026-07-10,Formal shirt,Apparel,382.0,UPI_APP
R110183,2026-07-10,Jeans,Apparel,1120.0,UPI_QR
R110184,2026-07-10,Jeans,Apparel,1330.0,UPI_QR
R110185,2026-07-10,Formal shirt,Apparel,1220.0,UPI_QR
R110186,2026-07-10,Phone case,Accessories,164.0,CARD
R110187,2026-07-10,Tablet,Electronics,41090.0,UPI_QR
R110188,2026-07-10,Charger,Accessories,956.0,UPI_QR
R110189,2026-07-10,Gaming console,Electronics,35220.0,CARD
R110190,2026-07-10,Smartphone C,Mobiles,18190.0,CARD
R110191,2026-07-10,Earphones,Accessories,900.0,UPI_APP
R110192,2026-07-10,Smartphone B,Mobiles,37540.0,CARD
R110193,2026-07-11,Sports shoes,Apparel,1370.0,CASH
R110194,2026-07-11,Jeans,Apparel,931.0,CARD
R110195,2026-07-11,Screen guard,Accessories,811.0,CARD
R110196,2026-07-11,Formal shirt,Apparel,954.0,CARD
R110197,2026-07-11,Laptop,Electronics,12710.0,CARD
R110198,2026-07-11,Jeans,Apparel,1150.0,CARD
R110199,2026-07-11,Storage box,Home Essentials,518.0,UPI_QR
R110200,2026-07-11,Office chair,Furniture,16110.0,CARD
R110201,2026-07-11,Mixer jar,Home Essentials,1630.0,UPI_APP
R110202,2026-07-11,Screen guard,Accessories,1090.0,UPI_QR
R110203,2026-07-11,Sports shoes,Apparel,1770.0,CARD
R110204,2026-07-11,Smartphone A,Mobiles,31380.0,UPI_APP
R110205,2026-07-11,Screen guard,Accessories,387.0,CASH
R110206,2026-07-11,Soundbar,Electronics,34290.0,CARD
R110207,2026-07-11,Curtains,Home Essentials,895.0,CARD
R110208,2026-07-11,Gaming console,Electronics,20220.0,UPI_QR
R110209,2026-07-11,Charger,Accessories,336.0,UPI_QR
R110210,2026-07-11,Charger,Accessories,233.0,CARD
R110211,2026-07-11,Curtains,Home Essentials,358.0,UPI_APP
R110212,2026-07-11,Formal shirt,Apparel,1590.0,UPI_QR
R110213,2026-07-11,Formal shirt,Apparel,750.0,UPI_QR
R110214,2026-07-11,Power bank,Accessories,249.0,UPI_QR
R110215,2026-07-11,Charger,Accessories,719.0,UPI_APP
R110216,2026-07-11,Screen guard,Accessories,102.0,UPI_QR
R110217,2026-07-11,Formal shirt,Apparel,657.0,UPI_QR
R110218,2026-07-11,Power bank,Accessories,280.0,CASH
R110219,2026-07-11,Phone case,Accessories,694.0,CASH
R110220,2026-07-11,Gaming console,Electronics,10340.0,CASH
R110221,2026-07-11,Office chair,Furniture,15820.0,CARD
R110222,2026-07-11,Power bank,Accessories,644.0,CARD
R110223,2026-07-11,Mixer jar,Home Essentials,1320.0,UPI_APP
R110224,2026-07-11,Phone case,Accessories,844.0,UPI_QR
R110225,2026-07-11,Wardrobe,Furniture,69020.0,CARD
R110226,2026-07-11,Earphones,Accessories,982.0,UPI_QR
R110227,2026-07-11,Curtains,Home Essentials,1140.0,CASH
R110228,2026-07-11,Formal shirt,Apparel,1970.0,UPI_APP
R110229,2026-07-11,Kurta set,Apparel,1960.0,CARD
R110230,2026-07-11,Storage box,Home Essentials,899.0,UPI_APP
R110231,2026-07-11,Charger,Accessories,326.0,CASH
R110232,2026-07-11,Kurta set,Apparel,1110.0,CASH
R110233,2026-07-11,Gaming console,Electronics,17230.0,CARD
R110234,2026-07-11,Earphones,Accessories,174.0,CARD
R110235,2026-07-11,Cookware set,Home Essentials,2360.0,CASH
R110236,2026-07-11,Kurta set,Apparel,908.0,CARD
R110237,2026-07-11,Office chair,Furniture,5150.0,UPI_QR
R110238,2026-07-11,Jeans,Apparel,1210.0,UPI_QR
R110239,2026-07-11,Screen guard,Accessories,1030.0,UPI_QR
R110240,2026-07-11,Bedsheet set,Home Essentials,1480.0,CARD
R110241,2026-07-11,Screen guard,Accessories,648.0,UPI_QR
R110242,2026-07-11,Charger,Accessories,366.0,UPI_APP
R110243,2026-07-11,Gaming console,Electronics,14640.0,UPI_APP
R110244,2026-07-12,Jeans,Apparel,2170.0,UPI_QR
R110245,2026-07-12,Phone case,Accessories,779.0,CARD
R110246,2026-07-12,Bedsheet set,Home Essentials,399.0,UPI_QR
R110247,2026-07-12,Screen guard,Accessories,205.0,UPI_QR
R110248,2026-07-12,Screen guard,Accessories,659.0,CARD
R110249,2026-07-12,Power bank,Accessories,414.0,CARD
R110250,2026-07-12,Tablet,Electronics,8020.0,UPI_QR
R110251,2026-07-12,Smartphone C,Mobiles,14690.0,UPI_QR
R110252,2026-07-12,Charger,Accessories,953.0,UPI_APP
R110253,2026-07-12,Curtains,Home Essentials,358.0,UPI_QR
R110254,2026-07-12,Formal shirt,Apparel,953.0,CARD
R110255,2026-07-12,Screen guard,Accessories,173.0,UPI_QR
R110256,2026-07-12,Storage box,Home Essentials,958.0,CASH
R110257,2026-07-12,Charger,Accessories,266.0,CARD
R110258,2026-07-12,Jeans,Apparel,2160.0,CARD
R110259,2026-07-12,Formal shirt,Apparel,3340.0,UPI_QR
R110260,2026-07-12,Cookware set,Home Essentials,304.0,UPI_QR
R110261,2026-07-12,Phone case,Accessories,407.0,UPI_QR
R110262,2026-07-12,Soundbar,Electronics,7200.0,UPI_QR
R110263,2026-07-12,Curtains,Home Essentials,1480.0,UPI_QR
R110264,2026-07-12,Microwave,Appliances,11250.0,CASH
R110265,2026-07-12,Water purifier,Appliances,36520.0,CARD
R110266,2026-07-12,Power bank,Accessories,451.0,CARD
R110267,2026-07-12,Curtains,Home Essentials,270.0,CARD
R110268,2026-07-12,Jeans,Apparel,677.0,UPI_QR
R110269,2026-07-12,Smartphone B,Mobiles,14620.0,UPI_QR
R110270,2026-07-12,Curtains,Home Essentials,350.0,CARD
R110271,2026-07-12,Jacket,Apparel,1050.0,CASH
R110272,2026-07-12,Soundbar,Electronics,16830.0,UPI_QR
R110273,2026-07-12,Earphones,Accessories,785.0,UPI_APP
R110274,2026-07-12,Earphones,Accessories,1040.0,UPI_QR
R110275,2026-07-12,Wardrobe,Furniture,9170.0,UPI_QR
R110276,2026-07-12,Power bank,Accessories,462.0,UPI_QR
R110277,2026-07-12,Soundbar,Electronics,16910.0,UPI_QR
R110278,2026-07-12,Sports shoes,Apparel,1660.0,UPI_APP
R110279,2026-07-13,Earphones,Accessories,241.0,CASH
R110280,2026-07-13,Storage box,Home Essentials,503.0,CARD
R110281,2026-07-13,Phone case,Accessories,900.0,CASH
R110282,2026-07-13,Formal shirt,Apparel,998.0,UPI_APP
R110283,2026-07-13,Power bank,Accessories,603.0,UPI_QR
R110284,2026-07-13,Earphones,Accessories,1510.0,UPI_QR
R110285,2026-07-13,Formal shirt,Apparel,1860.0,UPI_QR
R110286,2026-07-13,Bedsheet set,Home Essentials,659.0,CARD
R110287,2026-07-13,Screen guard,Accessories,964.0,UPI_QR
R110288,2026-07-13,Earphones,Accessories,433.0,UPI_APP
R110289,2026-07-13,Phone case,Accessories,355.0,CARD
R110290,2026-07-13,Phone case,Accessories,317.0,CASH
R110291,2026-07-13,Cookware set,Home Essentials,551.0,CASH
R110292,2026-07-13,Storage box,Home Essentials,683.0,CARD
R110293,2026-07-13,Smartphone A,Mobiles,24500.0,UPI_APP
R110294,2026-07-13,Air conditioner,Appliances,8630.0,UPI_QR
R110295,2026-07-13,Bedsheet set,Home Essentials,906.0,UPI_APP
R110296,2026-07-13,Jeans,Apparel,1150.0,UPI_APP
R110297,2026-07-13,Formal shirt,Apparel,4500.0,UPI_QR
R110298,2026-07-13,Jeans,Apparel,776.0,UPI_QR
R110299,2026-07-13,Laptop,Electronics,17850.0,UPI_QR
R110300,2026-07-13,Washing machine,Appliances,29040.0,CARD
R110301,2026-07-13,Power bank,Accessories,317.0,CARD
R110302,2026-07-13,Jacket,Apparel,912.0,UPI_QR
R110303,2026-07-13,Jeans,Apparel,1680.0,UPI_QR
R110304,2026-07-13,Mixer jar,Home Essentials,365.0,UPI_QR
R110305,2026-07-13,Cookware set,Home Essentials,372.0,CARD
R110306,2026-07-13,Kurta set,Apparel,1620.0,UPI_QR
R110307,2026-07-13,Sports shoes,Apparel,989.0,CASH
R110308,2026-07-13,Washing machine,Appliances,17180.0,UPI_QR
R110309,2026-07-14,Dining table,Furniture,9690.0,CARD
R110310,2026-07-14,Sofa set,Furniture,34210.0,UPI_QR
R110311,2026-07-14,Jacket,Apparel,1910.0,CARD
R110312,2026-07-14,Charger,Accessories,392.0,UPI_QR
R110313,2026-07-14,Sports shoes,Apparel,1430.0,UPI_QR
R110314,2026-07-14,Charger,Accessories,735.0,CARD
R110315,2026-07-14,Charger,Accessories,437.0,UPI_APP
R110316,2026-07-14,Formal shirt,Apparel,1410.0,CARD
R110317,2026-07-14,Curtains,Home Essentials,2080.0,CARD
R110318,2026-07-14,Jacket,Apparel,1180.0,CARD
R110319,2026-07-14,Mixer jar,Home Essentials,1050.0,UPI_APP
R110320,2026-07-14,Screen guard,Accessories,170.0,UPI_QR
R110321,2026-07-14,Refrigerator,Appliances,6780.0,UPI_QR
R110322,2026-07-14,Power bank,Accessories,451.0,CASH
R110323,2026-07-14,Microwave,Appliances,37730.0,UPI_QR
R110324,2026-07-14,Cookware set,Home Essentials,1160.0,CARD
R110325,2026-07-14,Soundbar,Electronics,23680.0,CASH
R110326,2026-07-14,Foldable phone,Mobiles,24470.0,UPI_QR
R110327,2026-07-14,Charger,Accessories,349.0,UPI_QR
R110328,2026-07-14,Kurta set,Apparel,1410.0,CARD
R110329,2026-07-14,Phone case,Accessories,1100.0,UPI_QR
R110330,2026-07-14,Jacket,Apparel,1680.0,UPI_QR
R110331,2026-07-14,Smart TV 43in,Electronics,15540.0,UPI_QR
R110332,2026-07-14,Curtains,Home Essentials,546.0,UPI_QR
R110333,2026-07-14,Jeans,Apparel,1100.0,UPI_QR
R110334,2026-07-14,Earphones,Accessories,735.0,UPI_APP
R110335,2026-07-14,Sofa set,Furniture,9290.0,UPI_APP
R110336,2026-07-14,Power bank,Accessories,396.0,CASH
R110337,2026-07-14,Curtains,Home Essentials,658.0,CARD
R110338,2026-07-15,Laptop,Electronics,28590.0,CASH
R110339,2026-07-15,Phone case,Accessories,395.0,CARD
R110340,2026-07-15,Earphones,Accessories,531.0,CARD
R110341,2026-07-15,Smartphone B,Mobiles,38170.0,CARD
R110342,2026-07-15,Foldable phone,Mobiles,16930.0,UPI_APP
R110343,2026-07-15,Curtains,Home Essentials,595.0,UPI_APP
R110344,2026-07-15,Kurta set,Apparel,2670.0,UPI_QR
R110345,2026-07-15,Office chair,Furniture,24250.0,UPI_QR
R110346,2026-07-15,Gaming console,Electronics,5850.0,UPI_QR
R110347,2026-07-15,Power bank,Accessories,448.0,CARD
R110348,2026-07-15,Dining table,Furniture,21740.0,UPI_QR
R110349,2026-07-15,Smart TV 43in,Electronics,12350.0,CARD
R110350,2026-07-15,Tablet,Electronics,9590.0,UPI_QR
R110351,2026-07-15,Kurta set,Apparel,631.0,CARD
R110352,2026-07-15,Kurta set,Apparel,854.0,UPI_APP
R110353,2026-07-15,Mixer jar,Home Essentials,819.0,UPI_QR
R110354,2026-07-15,Screen guard,Accessories,291.0,UPI_QR
R110355,2026-07-15,Charger,Accessories,332.0,CARD
R110356,2026-07-15,Formal shirt,Apparel,884.0,CARD
R110357,2026-07-15,Formal shirt,Apparel,2140.0,UPI_QR
R110358,2026-07-15,Power bank,Accessories,508.0,UPI_APP
R110359,2026-07-15,Formal shirt,Apparel,1370.0,CARD
R110360,2026-07-15,Phone case,Accessories,229.0,UPI_QR
R110361,2026-07-15,Power bank,Accessories,193.0,UPI_APP
R110362,2026-07-15,Jeans,Apparel,1550.0,UPI_APP
R110363,2026-07-15,Refrigerator,Appliances,18620.0,UPI_QR
R110364,2026-07-15,Charger,Accessories,343.0,UPI_QR
R110365,2026-07-15,Kurta set,Apparel,3940.0,UPI_QR
R110366,2026-07-15,Kurta set,Apparel,1880.0,UPI_APP
R110367,2026-07-15,Screen guard,Accessories,332.0,CARD
R110368,2026-07-15,Bedsheet set,Home Essentials,1110.0,UPI_APP
R110369,2026-07-15,Sports shoes,Apparel,470.0,UPI_APP
R110370,2026-07-15,Soundbar,Electronics,4890.0,UPI_APP
R110371,2026-07-15,Kurta set,Apparel,1520.0,UPI_QR
R110372,2026-07-15,Sports shoes,Apparel,1460.0,CARD
R110373,2026-07-15,Laptop,Electronics,7100.0,UPI_QR
R110374,2026-07-15,Charger,Accessories,1080.0,UPI_QR
R110375,2026-07-15,Power bank,Accessories,712.0,CARD
R110376,2026-07-15,Formal shirt,Apparel,1310.0,UPI_QR
R110377,2026-07-16,Bedsheet set,Home Essentials,599.0,UPI_QR
R110378,2026-07-16,Air conditioner,Appliances,24190.0,UPI_QR
R110379,2026-07-16,Microwave,Appliances,8980.0,UPI_APP
R110380,2026-07-16,Water purifier,Appliances,8010.0,UPI_QR
R110381,2026-07-16,Storage box,Home Essentials,286.0,UPI_QR
R110382,2026-07-16,Laptop,Electronics,35640.0,CARD
R110383,2026-07-16,Smart TV 43in,Electronics,5350.0,UPI_QR
R110384,2026-07-16,Smart TV 43in,Electronics,16250.0,UPI_APP
R110385,2026-07-16,Cookware set,Home Essentials,845.0,CARD
R110386,2026-07-16,Tablet,Electronics,18980.0,CARD
R110387,2026-07-16,Screen guard,Accessories,386.0,UPI_QR
R110388,2026-07-16,Laptop,Electronics,25710.0,CARD
R110389,2026-07-16,Earphones,Accessories,1200.0,UPI_QR
R110390,2026-07-16,Jacket,Apparel,1410.0,UPI_APP
R110391,2026-07-16,Jacket,Apparel,3490.0,UPI_APP
R110392,2026-07-16,Foldable phone,Mobiles,45770.0,CARD
R110393,2026-07-16,Mixer jar,Home Essentials,847.0,UPI_QR
R110394,2026-07-16,Smartphone B,Mobiles,12690.0,UPI_QR
R110395,2026-07-16,Soundbar,Electronics,9360.0,UPI_QR
R110396,2026-07-16,Power bank,Accessories,367.0,CARD
R110397,2026-07-16,Soundbar,Electronics,6060.0,CARD
R110398,2026-07-16,Smartphone B,Mobiles,32420.0,CARD
R110399,2026-07-16,Mixer jar,Home Essentials,779.0,CARD
R110400,2026-07-16,Screen guard,Accessories,346.0,UPI_QR
R110401,2026-07-16,Screen guard,Accessories,886.0,UPI_APP
R110402,2026-07-16,Gaming console,Electronics,26410.0,CARD
R110403,2026-07-16,Formal shirt,Apparel,2020.0,UPI_APP
R110404,2026-07-16,Storage box,Home Essentials,683.0,CARD
R110405,2026-07-16,Charger,Accessories,739.0,CARD
R110406,2026-07-16,Earphones,Accessories,1030.0,UPI_QR
R110407,2026-07-16,Smart TV 43in,Electronics,13610.0,UPI_QR
R110408,2026-07-16,Screen guard,Accessories,229.0,UPI_QR
R110409,2026-07-16,Curtains,Home Essentials,947.0,CASH
R110410,2026-07-16,Jeans,Apparel,1940.0,UPI_APP
R110411,2026-07-16,Kurta set,Apparel,682.0,UPI_QR
R110412,2026-07-16,Kurta set,Apparel,1800.0,CARD
R110413,2026-07-16,Power bank,Accessories,424.0,CARD
R110414,2026-07-16,Earphones,Accessories,354.0,UPI_QR
R110415,2026-07-17,Tablet,Electronics,14830.0,UPI_APP
R110416,2026-07-17,Sports shoes,Apparel,3030.0,UPI_QR
R110417,2026-07-17,Office chair,Furniture,5440.0,UPI_QR
R110418,2026-07-17,Storage box,Home Essentials,790.0,UPI_QR
R110419,2026-07-17,Charger,Accessories,1700.0,CARD
R110420,2026-07-17,Storage box,Home Essentials,781.0,UPI_QR
R110421,2026-07-17,Microwave,Appliances,12130.0,UPI_APP
R110422,2026-07-17,Storage box,Home Essentials,688.0,UPI_QR
R110423,2026-07-17,Formal shirt,Apparel,2030.0,UPI_QR
R110424,2026-07-17,Jeans,Apparel,1790.0,CARD
R110425,2026-07-17,Earphones,Accessories,382.0,CARD
R110426,2026-07-17,Screen guard,Accessories,1210.0,UPI_QR
R110427,2026-07-17,Mixer jar,Home Essentials,1050.0,CARD
R110428,2026-07-17,Smartphone A,Mobiles,9310.0,UPI_QR
R110429,2026-07-17,Cookware set,Home Essentials,531.0,UPI_QR
R110430,2026-07-17,Power bank,Accessories,459.0,UPI_QR
R110431,2026-07-17,Kurta set,Apparel,499.0,CASH
R110432,2026-07-17,Kurta set,Apparel,1500.0,CARD
R110433,2026-07-17,Power bank,Accessories,909.0,CARD
R110434,2026-07-17,Formal shirt,Apparel,1040.0,UPI_QR
R110435,2026-07-17,Kurta set,Apparel,571.0,UPI_QR
R110436,2026-07-17,Bedsheet set,Home Essentials,296.0,CARD
R110437,2026-07-17,Smartphone A,Mobiles,28150.0,UPI_QR
R110438,2026-07-17,Washing machine,Appliances,13940.0,CARD
R110439,2026-07-17,Kurta set,Apparel,1510.0,UPI_APP
R110440,2026-07-17,Gaming console,Electronics,13170.0,UPI_QR
R110441,2026-07-17,Curtains,Home Essentials,1520.0,UPI_APP
R110442,2026-07-17,Earphones,Accessories,389.0,CARD
R110443,2026-07-17,Storage box,Home Essentials,732.0,UPI_QR
R110444,2026-07-18,Kurta set,Apparel,2070.0,UPI_QR
R110445,2026-07-18,Curtains,Home Essentials,2500.0,CARD
R110446,2026-07-18,Storage box,Home Essentials,732.0,UPI_APP
R110447,2026-07-18,Smart TV 43in,Electronics,6560.0,UPI_QR
R110448,2026-07-18,Charger,Accessories,845.0,UPI_APP
R110449,2026-07-18,Smartphone A,Mobiles,8530.0,UPI_QR
R110450,2026-07-18,Sports shoes,Apparel,628.0,UPI_QR
R110451,2026-07-18,Gaming console,Electronics,10900.0,UPI_QR
R110452,2026-07-18,Kurta set,Apparel,1660.0,UPI_QR
R110453,2026-07-18,Mixer jar,Home Essentials,1580.0,CARD
R110454,2026-07-18,Smartphone A,Mobiles,16620.0,UPI_QR
R110455,2026-07-18,Formal shirt,Apparel,1410.0,UPI_APP
R110456,2026-07-18,Mixer jar,Home Essentials,582.0,CARD
R110457,2026-07-18,Jacket,Apparel,662.0,CARD
R110458,2026-07-18,Formal shirt,Apparel,734.0,UPI_APP
R110459,2026-07-18,Air conditioner,Appliances,6870.0,CASH
R110460,2026-07-18,Jacket,Apparel,1230.0,UPI_QR
R110461,2026-07-18,Air conditioner,Appliances,17620.0,UPI_APP
R110462,2026-07-18,Screen guard,Accessories,414.0,UPI_QR
R110463,2026-07-18,Charger,Accessories,703.0,CARD
R110464,2026-07-18,Power bank,Accessories,237.0,CASH
R110465,2026-07-18,Mixer jar,Home Essentials,447.0,UPI_QR
R110466,2026-07-18,Soundbar,Electronics,10500.0,UPI_QR
R110467,2026-07-18,Curtains,Home Essentials,591.0,CASH
R110468,2026-07-18,Refrigerator,Appliances,12790.0,UPI_APP
R110469,2026-07-18,Charger,Accessories,547.0,UPI_QR
R110470,2026-07-18,Tablet,Electronics,32170.0,CARD
R110471,2026-07-18,Smartphone C,Mobiles,17420.0,UPI_APP
R110472,2026-07-18,Phone case,Accessories,740.0,CASH
R110473,2026-07-18,Smartphone A,Mobiles,34060.0,UPI_QR
R110474,2026-07-18,Smartphone B,Mobiles,36850.0,UPI_QR
R110475,2026-07-18,Smartphone B,Mobiles,12910.0,UPI_QR
R110476,2026-07-18,Bedsheet set,Home Essentials,601.0,UPI_APP
R110477,2026-07-18,Charger,Accessories,691.0,UPI_QR
R110478,2026-07-18,Smartphone C,Mobiles,8480.0,UPI_QR
R110479,2026-07-18,Charger,Accessories,152.0,UPI_QR
R110480,2026-07-18,Phone case,Accessories,490.0,CASH
R110481,2026-07-18,Storage box,Home Essentials,922.0,UPI_QR
R110482,2026-07-18,Formal shirt,Apparel,1920.0,CARD
R110483,2026-07-18,Storage box,Home Essentials,553.0,UPI_QR
R110484,2026-07-19,Phone case,Accessories,507.0,CASH
R110485,2026-07-19,Charger,Accessories,426.0,CARD
R110486,2026-07-19,Gaming console,Electronics,46190.0,UPI_QR
R110487,2026-07-19,Smart TV 43in,Electronics,10590.0,UPI_APP
R110488,2026-07-19,Soundbar,Electronics,12740.0,UPI_QR
R110489,2026-07-19,Storage box,Home Essentials,759.0,UPI_APP
R110490,2026-07-19,Smartphone C,Mobiles,22450.0,CASH
R110491,2026-07-19,Power bank,Accessories,594.0,UPI_APP
R110492,2026-07-19,Curtains,Home Essentials,644.0,UPI_QR
R110493,2026-07-19,Office chair,Furniture,9620.0,CASH
R110494,2026-07-19,Phone case,Accessories,99.0,CARD
R110495,2026-07-19,Power bank,Accessories,211.0,UPI_QR
R110496,2026-07-19,Jacket,Apparel,1890.0,UPI_QR
R110497,2026-07-19,Power bank,Accessories,1550.0,UPI_QR
R110498,2026-07-19,Tablet,Electronics,21640.0,UPI_QR
R110499,2026-07-19,Washing machine,Appliances,32880.0,UPI_APP
R110500,2026-07-19,Wardrobe,Furniture,24340.0,UPI_APP
R110501,2026-07-19,Power bank,Accessories,233.0,UPI_QR
R110502,2026-07-19,Charger,Accessories,755.0,UPI_APP
R110503,2026-07-19,Power bank,Accessories,810.0,UPI_APP
R110504,2026-07-19,Dining table,Furniture,42030.0,UPI_QR
R110505,2026-07-19,Storage box,Home Essentials,829.0,UPI_QR
R110506,2026-07-19,Cookware set,Home Essentials,443.0,CASH
R110507,2026-07-19,Office chair,Furniture,11020.0,UPI_APP
R110508,2026-07-19,Jeans,Apparel,3850.0,UPI_APP
R110509,2026-07-19,Laptop,Electronics,17220.0,CASH
R110510,2026-07-19,Power bank,Accessories,373.0,UPI_QR
R110511,2026-07-19,Bedsheet set,Home Essentials,321.0,CARD
R110512,2026-07-19,Curtains,Home Essentials,1020.0,UPI_QR
R110513,2026-07-19,Screen guard,Accessories,324.0,CARD
R110514,2026-07-19,Washing machine,Appliances,9760.0,UPI_APP
R110515,2026-07-19,Sofa set,Furniture,5180.0,CASH
R110516,2026-07-19,Refrigerator,Appliances,39760.0,CARD
R110517,2026-07-19,Air conditioner,Appliances,8420.0,UPI_QR
R110518,2026-07-19,Jeans,Apparel,785.0,UPI_APP
R110519,2026-07-19,Phone case,Accessories,390.0,UPI_QR
R110520,2026-07-19,Curtains,Home Essentials,598.0,UPI_APP
R110521,2026-07-19,Tablet,Electronics,38250.0,CARD
R110522,2026-07-19,Phone case,Accessories,424.0,UPI_QR
R110523,2026-07-19,Gaming console,Electronics,80950.0,UPI_APP
R110524,2026-07-19,Bedsheet set,Home Essentials,671.0,CARD
R110525,2026-07-19,Curtains,Home Essentials,429.0,UPI_QR
R110526,2026-07-19,Screen guard,Accessories,1910.0,CASH
R110527,2026-07-19,Charger,Accessories,283.0,CASH
R110528,2026-07-20,Sofa set,Furniture,7750.0,UPI_QR
R110529,2026-07-20,Laptop,Electronics,6750.0,UPI_QR
R110530,2026-07-20,Charger,Accessories,212.0,CASH
R110531,2026-07-20,Soundbar,Electronics,9560.0,UPI_QR
R110532,2026-07-20,Refrigerator,Appliances,16240.0,UPI_APP
R110533,2026-07-20,Gaming console,Electronics,16470.0,CASH
R110534,2026-07-20,Smart TV 43in,Electronics,17140.0,UPI_APP
R110535,2026-07-20,Kurta set,Apparel,2310.0,UPI_APP
R110536,2026-07-20,Formal shirt,Apparel,2570.0,CASH
R110537,2026-07-20,Jacket,Apparel,1190.0,UPI_QR
R110538,2026-07-20,Storage box,Home Essentials,249.0,CARD
R110539,2026-07-20,Kurta set,Apparel,1300.0,UPI_QR
R110540,2026-07-20,Jeans,Apparel,1200.0,UPI_QR
R110541,2026-07-20,Dining table,Furniture,37060.0,CARD
R110542,2026-07-20,Screen guard,Accessories,593.0,UPI_QR
R110543,2026-07-20,Storage box,Home Essentials,455.0,CASH
R110544,2026-07-20,Earphones,Accessories,381.0,UPI_QR
R110545,2026-07-20,Power bank,Accessories,249.0,CARD
R110546,2026-07-20,Laptop,Electronics,5130.0,CASH
R110547,2026-07-20,Smartphone A,Mobiles,33160.0,UPI_APP
R110548,2026-07-20,Storage box,Home Essentials,585.0,CARD
R110549,2026-07-20,Smart TV 43in,Electronics,15010.0,CARD
R110550,2026-07-20,Charger,Accessories,556.0,UPI_QR
R110551,2026-07-20,Mixer jar,Home Essentials,480.0,CARD
R110552,2026-07-20,Cookware set,Home Essentials,1020.0,CARD
R110553,2026-07-20,Refrigerator,Appliances,33880.0,UPI_QR
R110554,2026-07-20,Charger,Accessories,478.0,UPI_APP
R110555,2026-07-20,Screen guard,Accessories,1480.0,CARD
R110556,2026-07-20,Sports shoes,Apparel,1040.0,CARD
R110557,2026-07-20,Bedsheet set,Home Essentials,702.0,CARD
R110558,2026-07-20,Air conditioner,Appliances,11860.0,UPI_QR
R110559,2026-07-20,Washing machine,Appliances,26700.0,UPI_APP
R110560,2026-07-20,Formal shirt,Apparel,1320.0,CASH
R110561,2026-07-20,Earphones,Accessories,211.0,CARD
R110562,2026-07-21,Earphones,Accessories,561.0,UPI_APP
R110563,2026-07-21,Sofa set,Furniture,9950.0,UPI_APP
R110564,2026-07-21,Refrigerator,Appliances,15110.0,UPI_APP
R110565,2026-07-21,Water purifier,Appliances,43990.0,CARD
R110566,2026-07-21,Smart TV 43in,Electronics,34080.0,CARD
R110567,2026-07-21,Bed frame,Furniture,13790.0,CARD
R110568,2026-07-21,Power bank,Accessories,282.0,CARD
R110569,2026-07-21,Refrigerator,Appliances,11430.0,UPI_APP
R110570,2026-07-21,Gaming console,Electronics,45990.0,UPI_APP
R110571,2026-07-21,Soundbar,Electronics,5440.0,CASH
R110572,2026-07-21,Phone case,Accessories,578.0,CARD
R110573,2026-07-21,Tablet,Electronics,6640.0,CASH
R110574,2026-07-21,Curtains,Home Essentials,744.0,UPI_APP
R110575,2026-07-21,Washing machine,Appliances,39860.0,UPI_APP
R110576,2026-07-21,Laptop,Electronics,21760.0,UPI_APP
R110577,2026-07-21,Phone case,Accessories,798.0,CASH
R110578,2026-07-21,Phone case,Accessories,507.0,CASH
R110579,2026-07-21,Sofa set,Furniture,14020.0,CARD
R110580,2026-07-21,Power bank,Accessories,216.0,UPI_QR
R110581,2026-07-21,Tablet,Electronics,24240.0,CARD
R110582,2026-07-21,Kurta set,Apparel,2540.0,UPI_QR
R110583,2026-07-21,Refrigerator,Appliances,15110.0,UPI_QR
R110584,2026-07-21,Tablet,Electronics,6160.0,CARD
R110585,2026-07-21,Microwave,Appliances,16130.0,CASH
R110586,2026-07-22,Storage box,Home Essentials,739.0,UPI_QR
R110587,2026-07-22,Charger,Accessories,691.0,UPI_QR
R110588,2026-07-22,Earphones,Accessories,137.0,UPI_QR
R110589,2026-07-22,Tablet,Electronics,12240.0,CASH
R110590,2026-07-22,Cookware set,Home Essentials,362.0,CARD
R110591,2026-07-22,Phone case,Accessories,682.0,CARD
R110592,2026-07-22,Screen guard,Accessories,303.0,CARD
R110593,2026-07-22,Formal shirt,Apparel,1440.0,CARD
R110594,2026-07-22,Gaming console,Electronics,4570.0,CARD
R110595,2026-07-22,Tablet,Electronics,4010.0,CASH
R110596,2026-07-22,Mixer jar,Home Essentials,856.0,UPI_QR
R110597,2026-07-22,Screen guard,Accessories,369.0,CARD
R110598,2026-07-22,Refrigerator,Appliances,26850.0,UPI_APP
R110599,2026-07-22,Laptop,Electronics,46280.0,CARD
R110600,2026-07-22,Washing machine,Appliances,27530.0,CARD
R110601,2026-07-22,Phone case,Accessories,731.0,CARD
R110602,2026-07-22,Refrigerator,Appliances,36020.0,CASH
R110603,2026-07-22,Sports shoes,Apparel,1320.0,UPI_APP
R110604,2026-07-22,Gaming console,Electronics,20420.0,UPI_APP
R110605,2026-07-22,Kurta set,Apparel,1680.0,CASH
R110606,2026-07-22,Bedsheet set,Home Essentials,525.0,UPI_QR
R110607,2026-07-22,Kurta set,Apparel,1890.0,CASH
R110608,2026-07-22,Charger,Accessories,377.0,CARD
R110609,2026-07-22,Screen guard,Accessories,769.0,CASH
R110610,2026-07-22,Mixer jar,Home Essentials,1240.0,CARD
R110611,2026-07-22,Charger,Accessories,577.0,CASH
R110612,2026-07-22,Smartphone C,Mobiles,12570.0,UPI_QR
R110613,2026-07-22,Soundbar,Electronics,7780.0,UPI_QR
R110614,2026-07-23,Curtains,Home Essentials,590.0,CARD
R110615,2026-07-23,Phone case,Accessories,575.0,CARD
R110616,2026-07-23,Cookware set,Home Essentials,208.0,CARD
R110617,2026-07-23,Earphones,Accessories,394.0,UPI_QR
R110618,2026-07-23,Earphones,Accessories,321.0,UPI_APP
R110619,2026-07-23,Earphones,Accessories,546.0,UPI_APP
R110620,2026-07-23,Bedsheet set,Home Essentials,514.0,UPI_QR
R110621,2026-07-23,Wardrobe,Furniture,13940.0,CARD
R110622,2026-07-23,Water purifier,Appliances,24500.0,UPI_QR
R110623,2026-07-23,Laptop,Electronics,28390.0,UPI_QR
R110624,2026-07-23,Gaming console,Electronics,10150.0,CARD
R110625,2026-07-23,Charger,Accessories,811.0,UPI_APP
R110626,2026-07-23,Kurta set,Apparel,2240.0,UPI_APP
R110627,2026-07-23,Phone case,Accessories,754.0,CARD
R110628,2026-07-23,Formal shirt,Apparel,1130.0,CASH
R110629,2026-07-23,Tablet,Electronics,7210.0,CARD
R110630,2026-07-23,Screen guard,Accessories,204.0,UPI_APP
R110631,2026-07-23,Sports shoes,Apparel,924.0,CARD
R110632,2026-07-23,Phone case,Accessories,333.0,UPI_QR
R110633,2026-07-23,Phone case,Accessories,776.0,CARD
R110634,2026-07-23,Power bank,Accessories,366.0,CARD
R110635,2026-07-23,Washing machine,Appliances,11370.0,CASH
R110636,2026-07-23,Bedsheet set,Home Essentials,1020.0,CARD
R110637,2026-07-23,Smartphone A,Mobiles,19100.0,UPI_QR
R110638,2026-07-23,Mixer jar,Home Essentials,2020.0,UPI_QR
R110639,2026-07-23,Power bank,Accessories,419.0,CARD
R110640,2026-07-24,Screen guard,Accessories,618.0,CARD
R110641,2026-07-24,Jeans,Apparel,1170.0,UPI_QR
R110642,2026-07-24,Charger,Accessories,771.0,UPI_QR
R110643,2026-07-24,Smartphone A,Mobiles,59730.0,CARD
R110644,2026-07-24,Office chair,Furniture,15710.0,UPI_APP
R110645,2026-07-24,Refrigerator,Appliances,18050.0,CARD
R110646,2026-07-24,Formal shirt,Apparel,1670.0,UPI_APP
R110647,2026-07-24,Cookware set,Home Essentials,491.0,CARD
R110648,2026-07-24,Phone case,Accessories,818.0,CARD
R110649,2026-07-24,Air conditioner,Appliances,11240.0,UPI_APP
R110650,2026-07-24,Soundbar,Electronics,18210.0,UPI_APP
R110651,2026-07-24,Office chair,Furniture,12240.0,UPI_QR
R110652,2026-07-24,Tablet,Electronics,53700.0,UPI_QR
R110653,2026-07-24,Washing machine,Appliances,76930.0,CARD
R110654,2026-07-24,Soundbar,Electronics,2580.0,CARD
R110655,2026-07-24,Kurta set,Apparel,3360.0,UPI_APP
R110656,2026-07-24,Power bank,Accessories,1090.0,CASH
R110657,2026-07-24,Charger,Accessories,1340.0,CARD
R110658,2026-07-24,Mixer jar,Home Essentials,320.0,CARD
R110659,2026-07-24,Kurta set,Apparel,4890.0,UPI_QR
R110660,2026-07-24,Kurta set,Apparel,1310.0,UPI_APP
R110661,2026-07-24,Charger,Accessories,580.0,UPI_QR
R110662,2026-07-24,Smart TV 43in,Electronics,3650.0,CARD
R110663,2026-07-24,Bedsheet set,Home Essentials,631.0,UPI_QR
R110664,2026-07-24,Sports shoes,Apparel,741.0,CARD
R110665,2026-07-24,Cookware set,Home Essentials,367.0,UPI_APP
R110666,2026-07-24,Phone case,Accessories,513.0,UPI_QR
R110667,2026-07-24,Storage box,Home Essentials,827.0,UPI_QR
R110668,2026-07-24,Charger,Accessories,244.0,CASH
R110669,2026-07-25,Bedsheet set,Home Essentials,1080.0,CARD
R110670,2026-07-25,Jeans,Apparel,921.0,UPI_APP
R110671,2026-07-25,Bedsheet set,Home Essentials,531.0,CASH
R110672,2026-07-25,Earphones,Accessories,156.0,CASH
R110673,2026-07-25,Formal shirt,Apparel,1190.0,UPI_APP
R110674,2026-07-25,Water purifier,Appliances,32550.0,UPI_QR
R110675,2026-07-25,Screen guard,Accessories,113.0,UPI_APP
R110676,2026-07-25,Refrigerator,Appliances,10190.0,UPI_QR
R110677,2026-07-25,Air conditioner,Appliances,46580.0,UPI_APP
R110678,2026-07-25,Jacket,Apparel,2640.0,UPI_QR
R110679,2026-07-25,Tablet,Electronics,2660.0,CARD
R110680,2026-07-25,Cookware set,Home Essentials,956.0,UPI_QR
R110681,2026-07-25,Water purifier,Appliances,51350.0,CARD
R110682,2026-07-25,Washing machine,Appliances,8520.0,CARD
R110683,2026-07-25,Cookware set,Home Essentials,748.0,UPI_QR
R110684,2026-07-25,Wardrobe,Furniture,13270.0,UPI_QR
R110685,2026-07-25,Gaming console,Electronics,8230.0,CASH
R110686,2026-07-25,Storage box,Home Essentials,809.0,UPI_QR
R110687,2026-07-25,Tablet,Electronics,19130.0,UPI_QR
R110688,2026-07-25,Bedsheet set,Home Essentials,573.0,CARD
R110689,2026-07-25,Smart TV 43in,Electronics,26960.0,UPI_QR
R110690,2026-07-25,Sports shoes,Apparel,642.0,CARD
R110691,2026-07-25,Phone case,Accessories,365.0,CASH
R110692,2026-07-25,Jacket,Apparel,1080.0,UPI_APP
R110693,2026-07-25,Smart TV 43in,Electronics,11600.0,UPI_APP
R110694,2026-07-25,Tablet,Electronics,13780.0,CARD
R110695,2026-07-25,Office chair,Furniture,7540.0,UPI_QR
R110696,2026-07-25,Jeans,Apparel,831.0,UPI_QR
R110697,2026-07-25,Laptop,Electronics,8110.0,UPI_QR
R110698,2026-07-25,Foldable phone,Mobiles,22170.0,UPI_QR
R110699,2026-07-25,Tablet,Electronics,33060.0,UPI_QR
R110700,2026-07-25,Washing machine,Appliances,16650.0,CASH
R110701,2026-07-25,Sports shoes,Apparel,623.0,UPI_APP
R110702,2026-07-25,Office chair,Furniture,14130.0,CARD
R110703,2026-07-25,Mixer jar,Home Essentials,655.0,UPI_APP
R110704,2026-07-25,Jeans,Apparel,708.0,UPI_APP
R110705,2026-07-25,Mixer jar,Home Essentials,852.0,CARD
R110706,2026-07-25,Gaming console,Electronics,23430.0,CARD
R110707,2026-07-25,Bedsheet set,Home Essentials,253.0,UPI_QR
R110708,2026-07-26,Jeans,Apparel,1620.0,CASH
R110709,2026-07-26,Kurta set,Apparel,1100.0,UPI_QR
R110710,2026-07-26,Screen guard,Accessories,320.0,UPI_QR
R110711,2026-07-26,Charger,Accessories,216.0,CASH
R110712,2026-07-26,Washing machine,Appliances,19040.0,UPI_APP
R110713,2026-07-26,Laptop,Electronics,4590.0,CASH
R110714,2026-07-26,Bedsheet set,Home Essentials,620.0,UPI_APP
R110715,2026-07-26,Jacket,Apparel,1680.0,UPI_QR
R110716,2026-07-26,Formal shirt,Apparel,862.0,CARD
R110717,2026-07-26,Earphones,Accessories,536.0,UPI_QR
R110718,2026-07-26,Microwave,Appliances,16830.0,CASH
R110719,2026-07-26,Dining table,Furniture,26200.0,CARD
R110720,2026-07-26,Phone case,Accessories,320.0,UPI_QR
R110721,2026-07-26,Mixer jar,Home Essentials,1460.0,UPI_QR
R110722,2026-07-26,Power bank,Accessories,559.0,UPI_APP
R110723,2026-07-26,Smartphone B,Mobiles,24910.0,CARD
R110724,2026-07-26,Dining table,Furniture,5690.0,UPI_APP
R110725,2026-07-26,Charger,Accessories,306.0,UPI_APP
R110726,2026-07-26,Power bank,Accessories,245.0,UPI_QR
R110727,2026-07-26,Soundbar,Electronics,10770.0,UPI_QR
R110728,2026-07-26,Water purifier,Appliances,17230.0,UPI_APP
R110729,2026-07-26,Tablet,Electronics,10750.0,UPI_APP
R110730,2026-07-26,Office chair,Furniture,13920.0,UPI_QR
R110731,2026-07-26,Cookware set,Home Essentials,706.0,UPI_QR
R110732,2026-07-26,Jacket,Apparel,870.0,CARD
R110733,2026-07-26,Cookware set,Home Essentials,816.0,CASH
R110734,2026-07-26,Sofa set,Furniture,17120.0,UPI_QR
R110735,2026-07-26,Screen guard,Accessories,707.0,UPI_APP
R110736,2026-07-26,Jacket,Apparel,887.0,CARD
R110737,2026-07-26,Power bank,Accessories,476.0,UPI_APP
R110738,2026-07-26,Tablet,Electronics,14540.0,UPI_APP
R110739,2026-07-26,Earphones,Accessories,919.0,UPI_QR
R110740,2026-07-26,Tablet,Electronics,12860.0,UPI_QR
R110741,2026-07-26,Jeans,Apparel,3790.0,UPI_APP
R110742,2026-07-26,Jacket,Apparel,1100.0,UPI_QR
R110743,2026-07-26,Gaming console,Electronics,47360.0,CARD
R110744,2026-07-26,Phone case,Accessories,419.0,UPI_QR
R110745,2026-07-27,Phone case,Accessories,286.0,UPI_QR
R110746,2026-07-27,Earphones,Accessories,269.0,CARD
R110747,2026-07-27,Tablet,Electronics,9690.0,CASH
R110748,2026-07-27,Charger,Accessories,977.0,UPI_QR
R110749,2026-07-27,Jacket,Apparel,2510.0,CARD
R110750,2026-07-27,Jacket,Apparel,3350.0,UPI_QR
R110751,2026-07-27,Jacket,Apparel,2070.0,UPI_QR
R110752,2026-07-27,Power bank,Accessories,592.0,UPI_QR
R110753,2026-07-27,Earphones,Accessories,280.0,UPI_QR
R110754,2026-07-27,Formal shirt,Apparel,2160.0,UPI_QR
R110755,2026-07-27,Sports shoes,Apparel,550.0,UPI_QR
R110756,2026-07-27,Bed frame,Furniture,32400.0,CARD
R110757,2026-07-27,Charger,Accessories,265.0,UPI_QR
R110758,2026-07-27,Power bank,Accessories,545.0,UPI_QR
R110759,2026-07-27,Laptop,Electronics,42020.0,UPI_APP
R110760,2026-07-27,Jeans,Apparel,1440.0,CARD
R110761,2026-07-27,Air conditioner,Appliances,32840.0,CARD
R110762,2026-07-27,Soundbar,Electronics,10580.0,CARD
R110763,2026-07-27,Kurta set,Apparel,1110.0,CARD
R110764,2026-07-27,Screen guard,Accessories,1150.0,UPI_APP
R110765,2026-07-27,Smartphone A,Mobiles,11500.0,CASH
R110766,2026-07-28,Sports shoes,Apparel,1070.0,UPI_APP
R110767,2026-07-28,Phone case,Accessories,611.0,CARD
R110768,2026-07-28,Kurta set,Apparel,1920.0,UPI_QR
R110769,2026-07-28,Formal shirt,Apparel,1830.0,UPI_APP
R110770,2026-07-28,Smart TV 43in,Electronics,11540.0,UPI_QR
R110771,2026-07-28,Earphones,Accessories,668.0,CASH
R110772,2026-07-28,Kurta set,Apparel,2040.0,CASH
R110773,2026-07-28,Bedsheet set,Home Essentials,720.0,UPI_APP
R110774,2026-07-28,Tablet,Electronics,29420.0,UPI_QR
R110775,2026-07-28,Smart TV 43in,Electronics,28660.0,CARD
R110776,2026-07-28,Phone case,Accessories,532.0,CARD
R110777,2026-07-28,Smartphone B,Mobiles,12890.0,UPI_QR
R110778,2026-07-28,Bedsheet set,Home Essentials,278.0,UPI_APP
R110779,2026-07-28,Refrigerator,Appliances,19290.0,UPI_QR
R110780,2026-07-28,Smartphone B,Mobiles,28940.0,CARD
R110781,2026-07-28,Power bank,Accessories,242.0,CARD
R110782,2026-07-28,Water purifier,Appliances,12240.0,CASH
R110783,2026-07-28,Screen guard,Accessories,1460.0,UPI_QR
R110784,2026-07-28,Sports shoes,Apparel,2870.0,CARD
R110785,2026-07-28,Laptop,Electronics,6380.0,UPI_QR
R110786,2026-07-28,Soundbar,Electronics,6520.0,UPI_QR
R110787,2026-07-28,Sports shoes,Apparel,1540.0,CASH
R110788,2026-07-28,Water purifier,Appliances,16800.0,UPI_APP
R110789,2026-07-28,Jeans,Apparel,1570.0,UPI_QR
R110790,2026-07-29,Sofa set,Furniture,8650.0,UPI_APP
R110791,2026-07-29,Charger,Accessories,373.0,CASH
R110792,2026-07-29,Kurta set,Apparel,2650.0,UPI_QR
R110793,2026-07-29,Kurta set,Apparel,1060.0,CARD
R110794,2026-07-29,Screen guard,Accessories,510.0,UPI_QR
R110795,2026-07-29,Water purifier,Appliances,70870.0,CARD
R110796,2026-07-29,Curtains,Home Essentials,727.0,UPI_QR
R110797,2026-07-29,Smartphone A,Mobiles,20420.0,UPI_QR
R110798,2026-07-29,Earphones,Accessories,762.0,CARD
R110799,2026-07-29,Jeans,Apparel,2530.0,UPI_QR
R110800,2026-07-29,Charger,Accessories,272.0,CASH
R110801,2026-07-29,Kurta set,Apparel,1850.0,CARD
R110802,2026-07-29,Air conditioner,Appliances,17080.0,UPI_QR
R110803,2026-07-29,Earphones,Accessories,534.0,UPI_QR
R110804,2026-07-29,Cookware set,Home Essentials,654.0,CASH
R110805,2026-07-29,Cookware set,Home Essentials,626.0,UPI_QR
R110806,2026-07-29,Charger,Accessories,606.0,UPI_QR
R110807,2026-07-29,Screen guard,Accessories,485.0,UPI_QR
R110808,2026-07-29,Phone case,Accessories,601.0,CASH
R110809,2026-07-29,Jacket,Apparel,2710.0,CARD
R110810,2026-07-29,Mixer jar,Home Essentials,1140.0,UPI_QR
R110811,2026-07-29,Smart TV 43in,Electronics,55510.0,UPI_APP
R110812,2026-07-29,Earphones,Accessories,756.0,UPI_QR
R110813,2026-07-29,Formal shirt,Apparel,1210.0,CARD
R110814,2026-07-29,Bed frame,Furniture,14230.0,CARD
R110815,2026-07-29,Phone case,Accessories,2270.0,UPI_APP
R110816,2026-07-30,Smartphone A,Mobiles,25980.0,CARD
R110817,2026-07-30,Earphones,Accessories,330.0,UPI_QR
R110818,2026-07-30,Laptop,Electronics,19660.0,UPI_QR
R110819,2026-07-30,Earphones,Accessories,444.0,UPI_QR
R110820,2026-07-30,Sofa set,Furniture,6990.0,UPI_APP
R110821,2026-07-30,Curtains,Home Essentials,1710.0,UPI_QR
R110822,2026-07-30,Jacket,Apparel,889.0,UPI_QR
R110823,2026-07-30,Phone case,Accessories,115.0,UPI_QR
R110824,2026-07-30,Refrigerator,Appliances,14560.0,CARD
R110825,2026-07-30,Screen guard,Accessories,770.0,CASH
R110826,2026-07-30,Earphones,Accessories,317.0,UPI_APP
R110827,2026-07-30,Cookware set,Home Essentials,485.0,CARD
R110828,2026-07-30,Tablet,Electronics,116000.0,UPI_QR
R110829,2026-07-30,Phone case,Accessories,550.0,CARD
R110830,2026-07-30,Sofa set,Furniture,40360.0,UPI_APP
R110831,2026-07-30,Screen guard,Accessories,569.0,CARD
R110832,2026-07-30,Earphones,Accessories,728.0,UPI_QR
R110833,2026-07-30,Sofa set,Furniture,15870.0,UPI_APP
R110834,2026-07-30,Phone case,Accessories,115.0,UPI_QR
R110835,2026-07-30,Jeans,Apparel,1510.0,CASH
R110836,2026-07-30,Power bank,Accessories,380.0,CASH
R110837,2026-07-30,Mixer jar,Home Essentials,470.0,CARD
R110838,2026-07-30,Tablet,Electronics,3940.0,UPI_QR
R110839,2026-07-30,Mixer jar,Home Essentials,1060.0,UPI_QR
R110840,2026-07-30,Power bank,Accessories,512.0,CARD
R110841,2026-07-30,Kurta set,Apparel,1240.0,UPI_QR
R110842,2026-07-30,Curtains,Home Essentials,1170.0,UPI_APP
R110843,2026-07-30,Tablet,Electronics,19370.0,UPI_QR
R110844,2026-07-31,Jeans,Apparel,1230.0,CASH
R110845,2026-07-31,Tablet,Electronics,11900.0,CASH
R110846,2026-07-31,Bedsheet set,Home Essentials,434.0,UPI_QR
R110847,2026-07-31,Tablet,Electronics,5900.0,CARD
R110848,2026-07-31,Screen guard,Accessories,674.0,CARD
R110849,2026-07-31,Cookware set,Home Essentials,564.0,UPI_QR
R110850,2026-07-31,Dining table,Furniture,18000.0,CASH
R110851,2026-07-31,Gaming console,Electronics,38710.0,CARD
R110852,2026-07-31,Storage box,Home Essentials,674.0,CARD
R110853,2026-07-31,Mixer jar,Home Essentials,1000.0,UPI_APP
R110854,2026-07-31,Kurta set,Apparel,808.0,UPI_QR
R110855,2026-07-31,Phone case,Accessories,213.0,UPI_QR
R110856,2026-07-31,Washing machine,Appliances,11420.0,UPI_QR
R110857,2026-07-31,Mixer jar,Home Essentials,273.0,CARD
R110858,2026-07-31,Dining table,Furniture,8030.0,CARD
R110859,2026-07-31,Earphones,Accessories,383.0,UPI_QR
R110860,2026-07-31,Formal shirt,Apparel,1110.0,UPI_QR
R110861,2026-07-31,Cookware set,Home Essentials,531.0,CASH
R110862,2026-07-31,Charger,Accessories,390.0,CARD
R110863,2026-07-31,Formal shirt,Apparel,2910.0,UPI_QR
R110864,2026-07-31,Jeans,Apparel,1400.0,UPI_APP
R110865,2026-07-31,Bedsheet set,Home Essentials,541.0,UPI_QR
R110866,2026-07-31,Phone case,Accessories,2160.0,UPI_QR
R110867,2026-07-31,Office chair,Furniture,8250.0,UPI_QR
R110868,2026-08-01,Power bank,Accessories,1350.0,UPI_APP
R110869,2026-08-01,Phone case,Accessories,178.0,UPI_QR
R110870,2026-08-01,Curtains,Home Essentials,885.0,CARD
R110871,2026-08-01,Air conditioner,Appliances,21540.0,CARD
R110872,2026-08-01,Mixer jar,Home Essentials,532.0,UPI_APP
R110873,2026-08-01,Smart TV 43in,Electronics,28080.0,UPI_APP
R110874,2026-08-01,Power bank,Accessories,395.0,UPI_QR
R110875,2026-08-01,Power bank,Accessories,384.0,UPI_QR
R110876,2026-08-01,Soundbar,Electronics,71980.0,CARD
R110877,2026-08-01,Air conditioner,Appliances,32730.0,CARD
R110878,2026-08-01,Phone case,Accessories,257.0,UPI_QR
R110879,2026-08-01,Jacket,Apparel,1470.0,UPI_QR
R110880,2026-08-01,Bedsheet set,Home Essentials,261.0,CARD
R110881,2026-08-01,Screen guard,Accessories,548.0,CASH
R110882,2026-08-01,Water purifier,Appliances,7140.0,UPI_QR
R110883,2026-08-01,Phone case,Accessories,453.0,UPI_QR
R110884,2026-08-01,Earphones,Accessories,450.0,UPI_QR
R110885,2026-08-01,Jeans,Apparel,1190.0,UPI_APP
R110886,2026-08-01,Sports shoes,Apparel,2420.0,CARD
R110887,2026-08-01,Dining table,Furniture,14810.0,CARD
R110888,2026-08-01,Tablet,Electronics,29080.0,UPI_QR
R110889,2026-08-01,Screen guard,Accessories,473.0,CARD
R110890,2026-08-01,Sports shoes,Apparel,1090.0,CARD
R110891,2026-08-01,Power bank,Accessories,668.0,CASH
R110892,2026-08-01,Sports shoes,Apparel,801.0,UPI_QR
R110893,2026-08-01,Jeans,Apparel,749.0,UPI_QR
R110894,2026-08-01,Sports shoes,Apparel,1060.0,CASH
R110895,2026-08-01,Jeans,Apparel,920.0,CARD
R110896,2026-08-01,Tablet,Electronics,3060.0,CARD
R110897,2026-08-01,Jeans,Apparel,687.0,UPI_QR
R110898,2026-08-01,Earphones,Accessories,432.0,UPI_QR
R110899,2026-08-01,Formal shirt,Apparel,1970.0,UPI_APP
R110900,2026-08-01,Power bank,Accessories,461.0,UPI_QR
R110901,2026-08-01,Gaming console,Electronics,74510.0,CARD
R110902,2026-08-01,Bedsheet set,Home Essentials,685.0,CARD
R110903,2026-08-01,Kurta set,Apparel,1000.0,CARD
R110904,2026-08-01,Curtains,Home Essentials,738.0,UPI_QR
R110905,2026-08-01,Power bank,Accessories,428.0,UPI_QR
R110906,2026-08-01,Formal shirt,Apparel,2250.0,UPI_APP
R110907,2026-08-01,Smart TV 43in,Electronics,29120.0,UPI_QR
R110908,2026-08-01,Dining table,Furniture,23300.0,CARD
R110909,2026-08-01,Tablet,Electronics,10250.0,CARD
R110910,2026-08-01,Earphones,Accessories,151.0,UPI_APP
R110911,2026-08-01,Phone case,Accessories,397.0,UPI_QR
R110912,2026-08-02,Office chair,Furniture,13140.0,CARD
R110913,2026-08-02,Earphones,Accessories,181.0,UPI_APP
R110914,2026-08-02,Gaming console,Electronics,14130.0,CASH
R110915,2026-08-02,Curtains,Home Essentials,825.0,UPI_QR
R110916,2026-08-02,Formal shirt,Apparel,1340.0,UPI_APP
R110917,2026-08-02,Soundbar,Electronics,13060.0,UPI_QR
R110918,2026-08-02,Screen guard,Accessories,652.0,UPI_APP
R110919,2026-08-02,Formal shirt,Apparel,1030.0,UPI_QR
R110920,2026-08-02,Kurta set,Apparel,1790.0,UPI_QR
R110921,2026-08-02,Jeans,Apparel,1540.0,UPI_QR
R110922,2026-08-02,Smartphone C,Mobiles,22070.0,UPI_QR
R110923,2026-08-02,Mixer jar,Home Essentials,713.0,UPI_QR
R110924,2026-08-02,Storage box,Home Essentials,1070.0,UPI_QR
R110925,2026-08-02,Phone case,Accessories,500.0,UPI_APP
R110926,2026-08-02,Gaming console,Electronics,7800.0,UPI_APP
R110927,2026-08-02,Refrigerator,Appliances,12110.0,UPI_QR
R110928,2026-08-02,Gaming console,Electronics,15030.0,UPI_APP
R110929,2026-08-02,Power bank,Accessories,376.0,CASH
R110930,2026-08-02,Laptop,Electronics,50360.0,CARD
R110931,2026-08-02,Washing machine,Appliances,49860.0,UPI_APP
R110932,2026-08-02,Soundbar,Electronics,35290.0,CASH
R110933,2026-08-02,Laptop,Electronics,2680.0,UPI_APP
R110934,2026-08-02,Water purifier,Appliances,75490.0,CARD
R110935,2026-08-02,Charger,Accessories,256.0,UPI_APP
R110936,2026-08-02,Screen guard,Accessories,738.0,UPI_QR
R110937,2026-08-02,Phone case,Accessories,504.0,UPI_APP
R110938,2026-08-02,Screen guard,Accessories,417.0,CASH
R110939,2026-08-02,Phone case,Accessories,952.0,UPI_QR
R110940,2026-08-02,Mixer jar,Home Essentials,907.0,UPI_APP
R110941,2026-08-02,Wardrobe,Furniture,21360.0,UPI_APP
R110942,2026-08-02,Earphones,Accessories,303.0,CARD
R110943,2026-08-02,Phone case,Accessories,164.0,CASH
R110944,2026-08-02,Mixer jar,Home Essentials,1100.0,CARD
R110945,2026-08-02,Bedsheet set,Home Essentials,632.0,CASH
R110946,2026-08-02,Smartphone C,Mobiles,22010.0,UPI_QR
R110947,2026-08-02,Jacket,Apparel,1060.0,CASH
R110948,2026-08-02,Wardrobe,Furniture,6230.0,UPI_QR
R110949,2026-08-02,Jeans,Apparel,616.0,UPI_APP
R110950,2026-08-02,Gaming console,Electronics,23680.0,UPI_APP
R110951,2026-08-02,Screen guard,Accessories,308.0,CARD
R110952,2026-08-02,Cookware set,Home Essentials,1170.0,CARD
R110953,2026-08-02,Power bank,Accessories,174.0,CARD
R110954,2026-08-02,Dining table,Furniture,47450.0,CARD
R110955,2026-08-02,Laptop,Electronics,3240.0,UPI_QR
R110956,2026-08-02,Earphones,Accessories,419.0,CASH
R110957,2026-08-02,Storage box,Home Essentials,1370.0,UPI_QR
R110958,2026-08-02,Storage box,Home Essentials,882.0,CARD
R110959,2026-08-02,Charger,Accessories,449.0,UPI_QR
R110960,2026-08-03,Washing machine,Appliances,30830.0,UPI_APP
R110961,2026-08-03,Cookware set,Home Essentials,626.0,UPI_QR
R110962,2026-08-03,Soundbar,Electronics,36310.0,CARD
R110963,2026-08-03,Phone case,Accessories,183.0,CARD
R110964,2026-08-03,Charger,Accessories,386.0,UPI_QR
R110965,2026-08-03,Jacket,Apparel,378.0,UPI_QR
R110966,2026-08-03,Smart TV 43in,Electronics,41020.0,UPI_APP
R110967,2026-08-03,Curtains,Home Essentials,585.0,CARD
R110968,2026-08-03,Power bank,Accessories,729.0,UPI_APP
R110969,2026-08-03,Water purifier,Appliances,14110.0,UPI_QR
R110970,2026-08-03,Jeans,Apparel,2270.0,UPI_QR
R110971,2026-08-03,Jacket,Apparel,839.0,UPI_QR
R110972,2026-08-03,Tablet,Electronics,26080.0,UPI_APP
R110973,2026-08-03,Formal shirt,Apparel,898.0,CARD
R110974,2026-08-03,Gaming console,Electronics,22270.0,UPI_APP
R110975,2026-08-03,Power bank,Accessories,522.0,UPI_APP
R110976,2026-08-03,Earphones,Accessories,1010.0,CASH
R110977,2026-08-03,Phone case,Accessories,314.0,CARD
R110978,2026-08-03,Water purifier,Appliances,21020.0,UPI_QR
R110979,2026-08-03,Bedsheet set,Home Essentials,1120.0,UPI_QR
R110980,2026-08-03,Wardrobe,Furniture,26790.0,CARD
R110981,2026-08-03,Formal shirt,Apparel,2580.0,CARD
R110982,2026-08-03,Phone case,Accessories,900.0,UPI_QR
R110983,2026-08-03,Sofa set,Furniture,33070.0,CARD
R110984,2026-08-03,Earphones,Accessories,454.0,CASH
R110985,2026-08-03,Refrigerator,Appliances,48880.0,UPI_QR
R110986,2026-08-03,Office chair,Furniture,12680.0,CARD
R110987,2026-08-04,Jacket,Apparel,1940.0,UPI_APP
R110988,2026-08-04,Charger,Accessories,361.0,UPI_QR
R110989,2026-08-04,Laptop,Electronics,15470.0,UPI_QR
R110990,2026-08-04,Charger,Accessories,307.0,UPI_APP
R110991,2026-08-04,Screen guard,Accessories,380.0,UPI_QR
R110992,2026-08-04,Sofa set,Furniture,15170.0,UPI_QR
R110993,2026-08-04,Screen guard,Accessories,316.0,UPI_QR
R110994,2026-08-04,Mixer jar,Home Essentials,1360.0,UPI_QR
R110995,2026-08-04,Curtains,Home Essentials,843.0,CARD
R110996,2026-08-04,Earphones,Accessories,311.0,CARD
R110997,2026-08-04,Power bank,Accessories,425.0,CARD
R110998,2026-08-04,Charger,Accessories,580.0,UPI_QR
R110999,2026-08-04,Sports shoes,Apparel,1410.0,UPI_APP
R111000,2026-08-04,Refrigerator,Appliances,11310.0,UPI_QR
R111001,2026-08-04,Bed frame,Furniture,22850.0,UPI_QR
R111002,2026-08-04,Jeans,Apparel,1690.0,UPI_QR
R111003,2026-08-04,Smartphone B,Mobiles,24650.0,UPI_APP
R111004,2026-08-04,Sports shoes,Apparel,1260.0,CARD
R111005,2026-08-04,Phone case,Accessories,143.0,UPI_QR
R111006,2026-08-04,Mixer jar,Home Essentials,750.0,CASH
R111007,2026-08-04,Smart TV 43in,Electronics,9390.0,UPI_QR
R111008,2026-08-04,Earphones,Accessories,309.0,UPI_QR
R111009,2026-08-04,Smartphone A,Mobiles,17140.0,CARD
R111010,2026-08-04,Bedsheet set,Home Essentials,985.0,UPI_QR
R111011,2026-08-04,Laptop,Electronics,27420.0,CARD
R111012,2026-08-04,Wardrobe,Furniture,28130.0,UPI_APP
R111013,2026-08-04,Sports shoes,Apparel,1680.0,UPI_QR
R111014,2026-08-04,Kurta set,Apparel,1830.0,CARD
R111015,2026-08-04,Smart TV 43in,Electronics,7550.0,CARD
R111016,2026-08-05,Smart TV 43in,Electronics,18610.0,UPI_QR
R111017,2026-08-05,Power bank,Accessories,99.0,CARD
R111018,2026-08-05,Kurta set,Apparel,1440.0,CARD
R111019,2026-08-05,Laptop,Electronics,25810.0,UPI_APP
R111020,2026-08-05,Mixer jar,Home Essentials,380.0,UPI_QR
R111021,2026-08-05,Air conditioner,Appliances,33070.0,UPI_APP
R111022,2026-08-05,Screen guard,Accessories,508.0,CARD
R111023,2026-08-05,Sports shoes,Apparel,1610.0,CARD
R111024,2026-08-05,Water purifier,Appliances,33660.0,UPI_QR
R111025,2026-08-05,Earphones,Accessories,610.0,UPI_QR
R111026,2026-08-05,Power bank,Accessories,859.0,UPI_APP
R111027,2026-08-05,Phone case,Accessories,534.0,UPI_QR
R111028,2026-08-05,Jeans,Apparel,1340.0,UPI_QR
R111029,2026-08-05,Jeans,Apparel,1620.0,UPI_QR
R111030,2026-08-05,Screen guard,Accessories,657.0,CARD
R111031,2026-08-05,Gaming console,Electronics,5510.0,UPI_QR
R111032,2026-08-05,Office chair,Furniture,11010.0,UPI_QR
R111033,2026-08-05,Curtains,Home Essentials,541.0,CASH
R111034,2026-08-05,Foldable phone,Mobiles,40690.0,CARD
R111035,2026-08-05,Jacket,Apparel,1240.0,UPI_QR
R111036,2026-08-05,Charger,Accessories,280.0,UPI_APP
R111037,2026-08-05,Charger,Accessories,446.0,UPI_APP
R111038,2026-08-05,Phone case,Accessories,527.0,CARD
R111039,2026-08-05,Soundbar,Electronics,14760.0,UPI_QR
R111040,2026-08-06,Dining table,Furniture,17160.0,CARD
R111041,2026-08-06,Jacket,Apparel,787.0,UPI_APP
R111042,2026-08-06,Charger,Accessories,792.0,UPI_QR
R111043,2026-08-06,Charger,Accessories,546.0,CARD
R111044,2026-08-06,Kurta set,Apparel,4530.0,UPI_APP
R111045,2026-08-06,Phone case,Accessories,865.0,UPI_QR
R111046,2026-08-06,Sports shoes,Apparel,3390.0,UPI_APP
R111047,2026-08-06,Phone case,Accessories,151.0,UPI_APP
R111048,2026-08-06,Power bank,Accessories,406.0,UPI_APP
R111049,2026-08-06,Kurta set,Apparel,617.0,CARD
R111050,2026-08-06,Smart TV 43in,Electronics,2510.0,UPI_QR
R111051,2026-08-06,Curtains,Home Essentials,625.0,CASH
R111052,2026-08-06,Formal shirt,Apparel,1250.0,UPI_APP
R111053,2026-08-06,Phone case,Accessories,214.0,UPI_QR
R111054,2026-08-06,Smart TV 43in,Electronics,30750.0,CARD
R111055,2026-08-06,Curtains,Home Essentials,1110.0,UPI_QR
R111056,2026-08-06,Smart TV 43in,Electronics,33590.0,CARD
R111057,2026-08-06,Bedsheet set,Home Essentials,355.0,UPI_QR
R111058,2026-08-06,Mixer jar,Home Essentials,898.0,UPI_QR
R111059,2026-08-06,Sofa set,Furniture,13950.0,UPI_APP
R111060,2026-08-06,Laptop,Electronics,23380.0,UPI_QR
R111061,2026-08-07,Earphones,Accessories,1080.0,UPI_QR
R111062,2026-08-07,Formal shirt,Apparel,2400.0,UPI_QR
R111063,2026-08-07,Mixer jar,Home Essentials,1750.0,UPI_APP
R111064,2026-08-07,Jacket,Apparel,1400.0,UPI_APP
R111065,2026-08-07,Tablet,Electronics,4650.0,CASH
R111066,2026-08-07,Charger,Accessories,234.0,UPI_QR
R111067,2026-08-07,Power bank,Accessories,1510.0,CARD
R111068,2026-08-07,Smartphone A,Mobiles,22290.0,UPI_APP
R111069,2026-08-07,Kurta set,Apparel,1360.0,UPI_QR
R111070,2026-08-07,Kurta set,Apparel,1410.0,UPI_QR
R111071,2026-08-07,Phone case,Accessories,484.0,UPI_QR
R111072,2026-08-07,Screen guard,Accessories,206.0,UPI_QR
R111073,2026-08-07,Earphones,Accessories,434.0,UPI_APP
R111074,2026-08-07,Bedsheet set,Home Essentials,420.0,UPI_APP
R111075,2026-08-07,Cookware set,Home Essentials,693.0,UPI_QR
R111076,2026-08-07,Kurta set,Apparel,1220.0,UPI_QR
R111077,2026-08-07,Phone case,Accessories,495.0,CASH
R111078,2026-08-07,Microwave,Appliances,19410.0,CASH
R111079,2026-08-07,Bed frame,Furniture,14700.0,CASH
R111080,2026-08-07,Cookware set,Home Essentials,338.0,UPI_QR
R111081,2026-08-07,Sports shoes,Apparel,1060.0,CARD
R111082,2026-08-07,Power bank,Accessories,445.0,UPI_APP
R111083,2026-08-07,Formal shirt,Apparel,1410.0,UPI_QR
R111084,2026-08-08,Smartphone C,Mobiles,32540.0,UPI_QR
R111085,2026-08-08,Refrigerator,Appliances,38370.0,CASH
R111086,2026-08-08,Kurta set,Apparel,1220.0,UPI_QR
R111087,2026-08-08,Earphones,Accessories,911.0,CARD
R111088,2026-08-08,Smartphone C,Mobiles,22200.0,UPI_APP
R111089,2026-08-08,Charger,Accessories,469.0,UPI_QR
R111090,2026-08-08,Cookware set,Home Essentials,1560.0,UPI_APP
R111091,2026-08-08,Soundbar,Electronics,57540.0,UPI_QR
R111092,2026-08-08,Storage box,Home Essentials,938.0,UPI_APP
R111093,2026-08-08,Formal shirt,Apparel,924.0,CARD
R111094,2026-08-08,Sports shoes,Apparel,1400.0,CARD
R111095,2026-08-08,Gaming console,Electronics,35560.0,CARD
R111096,2026-08-08,Smartphone A,Mobiles,9250.0,UPI_QR
R111097,2026-08-08,Laptop,Electronics,14960.0,UPI_QR
R111098,2026-08-08,Formal shirt,Apparel,1290.0,CARD
R111099,2026-08-08,Dining table,Furniture,10160.0,CASH
R111100,2026-08-08,Power bank,Accessories,744.0,UPI_QR
R111101,2026-08-08,Air conditioner,Appliances,24540.0,CASH
R111102,2026-08-08,Storage box,Home Essentials,1500.0,UPI_APP
R111103,2026-08-08,Screen guard,Accessories,485.0,CARD
R111104,2026-08-08,Soundbar,Electronics,18650.0,UPI_QR
R111105,2026-08-08,Sports shoes,Apparel,2710.0,UPI_QR
R111106,2026-08-08,Charger,Accessories,489.0,UPI_APP
R111107,2026-08-08,Screen guard,Accessories,580.0,UPI_QR
R111108,2026-08-08,Mixer jar,Home Essentials,780.0,UPI_QR
R111109,2026-08-08,Jacket,Apparel,936.0,CARD
R111110,2026-08-08,Jacket,Apparel,1060.0,UPI_QR
R111111,2026-08-08,Earphones,Accessories,314.0,CARD
R111112,2026-08-08,Jeans,Apparel,1270.0,UPI_QR
R111113,2026-08-08,Sports shoes,Apparel,1210.0,UPI_QR
R111114,2026-08-08,Screen guard,Accessories,1640.0,UPI_QR
R111115,2026-08-08,Earphones,Accessories,1020.0,UPI_QR
R111116,2026-08-08,Mixer jar,Home Essentials,1480.0,UPI_APP
R111117,2026-08-08,Bed frame,Furniture,8760.0,UPI_QR
R111118,2026-08-09,Formal shirt,Apparel,678.0,UPI_APP
R111119,2026-08-09,Sofa set,Furniture,25960.0,UPI_APP
R111120,2026-08-09,Power bank,Accessories,509.0,CASH
R111121,2026-08-09,Jacket,Apparel,1250.0,UPI_QR
R111122,2026-08-09,Soundbar,Electronics,2500.0,CASH
R111123,2026-08-09,Kurta set,Apparel,2180.0,UPI_QR
R111124,2026-08-09,Air conditioner,Appliances,46980.0,CARD
R111125,2026-08-09,Kurta set,Apparel,2560.0,CASH
R111126,2026-08-09,Phone case,Accessories,547.0,UPI_APP
R111127,2026-08-09,Smart TV 43in,Electronics,13010.0,UPI_QR
R111128,2026-08-09,Soundbar,Electronics,39300.0,UPI_QR
R111129,2026-08-09,Air conditioner,Appliances,18250.0,UPI_QR
R111130,2026-08-09,Phone case,Accessories,188.0,UPI_APP
R111131,2026-08-09,Phone case,Accessories,580.0,CARD
R111132,2026-08-09,Charger,Accessories,354.0,CARD
R111133,2026-08-09,Smart TV 43in,Electronics,12580.0,UPI_APP
R111134,2026-08-09,Jacket,Apparel,2010.0,CARD
R111135,2026-08-09,Dining table,Furniture,12880.0,CARD
R111136,2026-08-09,Washing machine,Appliances,7570.0,UPI_APP
R111137,2026-08-09,Dining table,Furniture,16610.0,CARD
R111138,2026-08-09,Tablet,Electronics,48270.0,CARD
R111139,2026-08-09,Storage box,Home Essentials,516.0,UPI_APP
R111140,2026-08-10,Sofa set,Furniture,36470.0,UPI_QR
R111141,2026-08-10,Curtains,Home Essentials,876.0,UPI_APP
R111142,2026-08-10,Power bank,Accessories,156.0,UPI_QR
R111143,2026-08-10,Charger,Accessories,381.0,UPI_QR
R111144,2026-08-10,Screen guard,Accessories,421.0,UPI_QR
R111145,2026-08-10,Mixer jar,Home Essentials,1430.0,UPI_QR
R111146,2026-08-10,Phone case,Accessories,286.0,UPI_APP
R111147,2026-08-10,Power bank,Accessories,516.0,UPI_APP
R111148,2026-08-10,Screen guard,Accessories,763.0,UPI_APP
R111149,2026-08-10,Jeans,Apparel,712.0,CARD
R111150,2026-08-10,Power bank,Accessories,1010.0,UPI_QR
R111151,2026-08-10,Power bank,Accessories,364.0,CASH
R111152,2026-08-10,Power bank,Accessories,258.0,UPI_APP
R111153,2026-08-10,Storage box,Home Essentials,564.0,CARD
R111154,2026-08-10,Formal shirt,Apparel,795.0,UPI_QR
R111155,2026-08-10,Power bank,Accessories,194.0,UPI_QR
R111156,2026-08-10,Earphones,Accessories,266.0,CARD
R111157,2026-08-10,Charger,Accessories,314.0,UPI_QR
R111158,2026-08-10,Curtains,Home Essentials,936.0,CASH
R111159,2026-08-10,Charger,Accessories,192.0,UPI_APP
R111160,2026-08-10,Formal shirt,Apparel,1010.0,CARD
R111161,2026-08-10,Power bank,Accessories,1330.0,UPI_QR
R111162,2026-08-10,Storage box,Home Essentials,726.0,UPI_APP
R111163,2026-08-10,Office chair,Furniture,13420.0,UPI_QR
R111164,2026-08-10,Phone case,Accessories,480.0,CARD
R111165,2026-08-10,Phone case,Accessories,386.0,UPI_APP
R111166,2026-08-10,Smartphone B,Mobiles,16280.0,CARD
R111167,2026-08-10,Wardrobe,Furniture,14640.0,CARD
R111168,2026-08-10,Water purifier,Appliances,13010.0,UPI_QR
R111169,2026-08-10,Formal shirt,Apparel,1650.0,UPI_QR
R111170,2026-08-10,Earphones,Accessories,491.0,UPI_QR
R111171,2026-08-10,Screen guard,Accessories,275.0,UPI_QR
R111172,2026-08-10,Phone case,Accessories,353.0,UPI_QR
R111173,2026-08-10,Jeans,Apparel,755.0,UPI_QR
R111174,2026-08-10,Sports shoes,Apparel,3680.0,UPI_QR
R111175,2026-08-10,Microwave,Appliances,5370.0,CARD
R111176,2026-08-10,Air conditioner,Appliances,26120.0,UPI_QR
R111177,2026-08-10,Charger,Accessories,598.0,CARD
R111178,2026-08-10,Earphones,Accessories,129.0,UPI_QR
R111179,2026-08-10,Mixer jar,Home Essentials,611.0,UPI_APP
R111180,2026-08-10,Tablet,Electronics,2720.0,UPI_QR
R111181,2026-08-11,Charger,Accessories,809.0,UPI_APP
R111182,2026-08-11,Smartphone C,Mobiles,16980.0,CARD
R111183,2026-08-11,Cookware set,Home Essentials,875.0,UPI_QR
R111184,2026-08-11,Jacket,Apparel,2840.0,CASH
R111185,2026-08-11,Power bank,Accessories,692.0,UPI_QR
R111186,2026-08-11,Screen guard,Accessories,512.0,UPI_APP
R111187,2026-08-11,Earphones,Accessories,321.0,UPI_QR
R111188,2026-08-11,Formal shirt,Apparel,1040.0,CARD
R111189,2026-08-11,Gaming console,Electronics,12040.0,UPI_QR
R111190,2026-08-11,Washing machine,Appliances,13390.0,UPI_QR
R111191,2026-08-11,Laptop,Electronics,4040.0,CASH
R111192,2026-08-11,Power bank,Accessories,458.0,UPI_QR
R111193,2026-08-11,Cookware set,Home Essentials,367.0,CARD
R111194,2026-08-11,Storage box,Home Essentials,455.0,UPI_QR
R111195,2026-08-11,Smartphone A,Mobiles,16130.0,CARD
R111196,2026-08-11,Smart TV 43in,Electronics,23260.0,CARD
R111197,2026-08-11,Power bank,Accessories,899.0,CARD
R111198,2026-08-11,Formal shirt,Apparel,860.0,UPI_APP
R111199,2026-08-11,Jacket,Apparel,1840.0,CARD
R111200,2026-08-11,Screen guard,Accessories,482.0,UPI_QR
R111201,2026-08-11,Phone case,Accessories,1030.0,CARD
R111202,2026-08-11,Smartphone A,Mobiles,29230.0,UPI_QR
R111203,2026-08-11,Curtains,Home Essentials,1630.0,UPI_APP
R111204,2026-08-11,Formal shirt,Apparel,2180.0,UPI_QR
R111205,2026-08-11,Cookware set,Home Essentials,313.0,UPI_QR
R111206,2026-08-11,Jeans,Apparel,2040.0,UPI_QR
R111207,2026-08-11,Formal shirt,Apparel,1850.0,CARD
R111208,2026-08-12,Power bank,Accessories,749.0,UPI_QR
R111209,2026-08-12,Tablet,Electronics,9160.0,CARD
R111210,2026-08-12,Gaming console,Electronics,17600.0,UPI_QR
R111211,2026-08-12,Earphones,Accessories,905.0,UPI_QR
R111212,2026-08-12,Earphones,Accessories,246.0,UPI_QR
R111213,2026-08-12,Smartphone B,Mobiles,18520.0,UPI_QR
R111214,2026-08-12,Phone case,Accessories,197.0,CARD
R111215,2026-08-12,Screen guard,Accessories,242.0,UPI_APP
R111216,2026-08-12,Smart TV 43in,Electronics,18570.0,CARD
R111217,2026-08-12,Sports shoes,Apparel,1740.0,UPI_QR
R111218,2026-08-12,Tablet,Electronics,22760.0,UPI_APP
R111219,2026-08-12,Tablet,Electronics,29570.0,UPI_QR
R111220,2026-08-12,Soundbar,Electronics,11210.0,UPI_QR
R111221,2026-08-12,Kurta set,Apparel,1810.0,CASH
R111222,2026-08-12,Refrigerator,Appliances,19530.0,CASH
R111223,2026-08-12,Kurta set,Apparel,2110.0,CARD
R111224,2026-08-12,Earphones,Accessories,388.0,CASH
R111225,2026-08-12,Curtains,Home Essentials,926.0,UPI_APP
R111226,2026-08-12,Office chair,Furniture,28000.0,UPI_QR
R111227,2026-08-12,Gaming console,Electronics,15240.0,CARD
R111228,2026-08-12,Bedsheet set,Home Essentials,1500.0,UPI_QR
R111229,2026-08-13,Storage box,Home Essentials,1190.0,UPI_APP
R111230,2026-08-13,Refrigerator,Appliances,14240.0,UPI_QR
R111231,2026-08-13,Microwave,Appliances,26560.0,UPI_QR
R111232,2026-08-13,Office chair,Furniture,16860.0,UPI_QR
R111233,2026-08-13,Phone case,Accessories,395.0,UPI_QR
R111234,2026-08-13,Smartphone B,Mobiles,22180.0,CASH
R111235,2026-08-13,Soundbar,Electronics,27430.0,UPI_APP
R111236,2026-08-13,Earphones,Accessories,903.0,CARD
R111237,2026-08-13,Laptop,Electronics,106420.0,UPI_QR
R111238,2026-08-13,Kurta set,Apparel,2480.0,UPI_QR
R111239,2026-08-13,Washing machine,Appliances,19930.0,CARD
R111240,2026-08-13,Soundbar,Electronics,14500.0,UPI_APP
R111241,2026-08-13,Formal shirt,Apparel,1680.0,UPI_QR
R111242,2026-08-13,Refrigerator,Appliances,27060.0,UPI_QR
R111243,2026-08-13,Sports shoes,Apparel,1210.0,CARD
R111244,2026-08-13,Smartphone B,Mobiles,18880.0,UPI_QR
R111245,2026-08-13,Screen guard,Accessories,561.0,UPI_APP
R111246,2026-08-13,Phone case,Accessories,492.0,CASH
R111247,2026-08-13,Jacket,Apparel,1520.0,UPI_QR
R111248,2026-08-13,Storage box,Home Essentials,415.0,UPI_QR
R111249,2026-08-13,Power bank,Accessories,1000.0,CASH
R111250,2026-08-13,Formal shirt,Apparel,1910.0,UPI_APP
R111251,2026-08-13,Wardrobe,Furniture,5880.0,CASH
R111252,2026-08-13,Screen guard,Accessories,866.0,CARD
R111253,2026-08-13,Earphones,Accessories,535.0,CARD
R111254,2026-08-13,Dining table,Furniture,9940.0,UPI_QR
R111255,2026-08-13,Phone case,Accessories,613.0,CASH
R111256,2026-08-13,Mixer jar,Home Essentials,846.0,UPI_APP
R111257,2026-08-13,Tablet,Electronics,11950.0,CARD
R111258,2026-08-13,Screen guard,Accessories,440.0,CASH
R111259,2026-08-13,Kurta set,Apparel,2460.0,CARD
R111260,2026-08-13,Charger,Accessories,345.0,UPI_QR
R111261,2026-08-13,Soundbar,Electronics,28210.0,CASH
R111262,2026-08-13,Smartphone B,Mobiles,24210.0,UPI_QR
R111263,2026-08-13,Phone case,Accessories,281.0,CASH
R111264,2026-08-14,Gaming console,Electronics,19610.0,CASH
R111265,2026-08-14,Water purifier,Appliances,7680.0,CASH
R111266,2026-08-14,Office chair,Furniture,5020.0,UPI_QR
R111267,2026-08-14,Bedsheet set,Home Essentials,1080.0,UPI_QR
R111268,2026-08-14,Smart TV 43in,Electronics,13560.0,CASH
R111269,2026-08-14,Jacket,Apparel,1780.0,UPI_APP
R111270,2026-08-14,Bedsheet set,Home Essentials,1020.0,UPI_APP
R111271,2026-08-14,Phone case,Accessories,345.0,UPI_APP
R111272,2026-08-14,Smartphone A,Mobiles,45280.0,CARD
R111273,2026-08-14,Formal shirt,Apparel,752.0,UPI_QR
R111274,2026-08-14,Smart TV 43in,Electronics,4350.0,CARD
R111275,2026-08-14,Charger,Accessories,964.0,UPI_QR
R111276,2026-08-14,Earphones,Accessories,569.0,UPI_QR
R111277,2026-08-14,Washing machine,Appliances,76160.0,UPI_APP
R111278,2026-08-14,Storage box,Home Essentials,935.0,CASH
R111279,2026-08-14,Cookware set,Home Essentials,386.0,UPI_QR
R111280,2026-08-14,Wardrobe,Furniture,51340.0,CARD
R111281,2026-08-14,Phone case,Accessories,124.0,CASH
R111282,2026-08-14,Screen guard,Accessories,248.0,UPI_QR
R111283,2026-08-14,Kurta set,Apparel,2340.0,UPI_QR
R111284,2026-08-14,Jeans,Apparel,5460.0,CARD
R111285,2026-08-14,Charger,Accessories,885.0,CASH
R111286,2026-08-14,Phone case,Accessories,243.0,CARD
R111287,2026-08-14,Jeans,Apparel,1640.0,CASH
R111288,2026-08-14,Jeans,Apparel,1330.0,CASH
R111289,2026-08-14,Screen guard,Accessories,488.0,CASH
R111290,2026-08-14,Bed frame,Furniture,17720.0,UPI_QR
R111291,2026-08-15,Power bank,Accessories,241.0,CASH
R111292,2026-08-15,Washing machine,Appliances,18260.0,CARD
R111293,2026-08-15,Storage box,Home Essentials,230.0,CARD
R111294,2026-08-15,Earphones,Accessories,434.0,CARD
R111295,2026-08-15,Laptop,Electronics,24190.0,UPI_QR
R111296,2026-08-15,Formal shirt,Apparel,2930.0,CARD
R111297,2026-08-15,Storage box,Home Essentials,944.0,UPI_APP
R111298,2026-08-15,Jeans,Apparel,761.0,CARD
R111299,2026-08-15,Washing machine,Appliances,28740.0,CASH
R111300,2026-08-15,Smartphone B,Mobiles,32460.0,UPI_QR
R111301,2026-08-15,Earphones,Accessories,131.0,UPI_QR
R111302,2026-08-15,Wardrobe,Furniture,40180.0,CARD
R111303,2026-08-15,Bedsheet set,Home Essentials,1110.0,UPI_APP
R111304,2026-08-15,Foldable phone,Mobiles,19490.0,UPI_QR
R111305,2026-08-15,Power bank,Accessories,188.0,UPI_QR
R111306,2026-08-15,Laptop,Electronics,24820.0,UPI_QR
R111307,2026-08-15,Jacket,Apparel,942.0,UPI_APP
R111308,2026-08-15,Bedsheet set,Home Essentials,1120.0,CASH
R111309,2026-08-15,Microwave,Appliances,29310.0,CARD
R111310,2026-08-15,Screen guard,Accessories,206.0,UPI_QR
R111311,2026-08-15,Laptop,Electronics,88460.0,CARD
R111312,2026-08-15,Kurta set,Apparel,2460.0,UPI_QR
R111313,2026-08-15,Power bank,Accessories,538.0,CASH
R111314,2026-08-15,Mixer jar,Home Essentials,770.0,CARD
R111315,2026-08-15,Sports shoes,Apparel,1800.0,UPI_QR
R111316,2026-08-15,Sports shoes,Apparel,1290.0,UPI_QR
R111317,2026-08-15,Air conditioner,Appliances,30920.0,UPI_QR
R111318,2026-08-15,Jeans,Apparel,1300.0,UPI_APP
R111319,2026-08-15,Water purifier,Appliances,25750.0,UPI_QR
R111320,2026-08-15,Air conditioner,Appliances,8640.0,CARD
R111321,2026-08-15,Power bank,Accessories,781.0,UPI_APP
R111322,2026-08-15,Smart TV 43in,Electronics,13780.0,UPI_QR
R111323,2026-08-15,Washing machine,Appliances,15830.0,UPI_QR
R111324,2026-08-15,Laptop,Electronics,10470.0,UPI_QR
R111325,2026-08-15,Smart TV 43in,Electronics,19090.0,CARD
R111326,2026-08-15,Charger,Accessories,380.0,UPI_APP
R111327,2026-08-16,Charger,Accessories,562.0,UPI_QR
R111328,2026-08-16,Jacket,Apparel,1000.0,CARD
R111329,2026-08-16,Tablet,Electronics,15760.0,UPI_QR
R111330,2026-08-16,Earphones,Accessories,254.0,UPI_APP
R111331,2026-08-16,Laptop,Electronics,35590.0,UPI_QR
R111332,2026-08-16,Microwave,Appliances,24650.0,UPI_QR
R111333,2026-08-16,Dining table,Furniture,32980.0,UPI_APP
R111334,2026-08-16,Earphones,Accessories,449.0,CARD
R111335,2026-08-16,Soundbar,Electronics,40330.0,UPI_APP
R111336,2026-08-16,Mixer jar,Home Essentials,820.0,UPI_QR
R111337,2026-08-16,Jeans,Apparel,881.0,UPI_QR
R111338,2026-08-16,Jacket,Apparel,1030.0,UPI_QR
R111339,2026-08-16,Sofa set,Furniture,3900.0,CARD
R111340,2026-08-16,Smartphone A,Mobiles,23030.0,CASH
R111341,2026-08-16,Dining table,Furniture,8180.0,UPI_APP
R111342,2026-08-16,Foldable phone,Mobiles,37820.0,CARD
R111343,2026-08-16,Phone case,Accessories,351.0,CARD
R111344,2026-08-16,Laptop,Electronics,13610.0,UPI_APP
R111345,2026-08-16,Earphones,Accessories,182.0,CARD
R111346,2026-08-16,Curtains,Home Essentials,720.0,UPI_APP
R111347,2026-08-16,Smartphone B,Mobiles,22990.0,UPI_APP
R111348,2026-08-16,Mixer jar,Home Essentials,2090.0,UPI_APP
R111349,2026-08-16,Phone case,Accessories,632.0,UPI_APP
R111350,2026-08-16,Power bank,Accessories,332.0,UPI_QR
R111351,2026-08-16,Kurta set,Apparel,1210.0,UPI_QR
R111352,2026-08-16,Power bank,Accessories,323.0,CARD
R111353,2026-08-16,Soundbar,Electronics,5550.0,UPI_QR
R111354,2026-08-16,Curtains,Home Essentials,745.0,CARD
R111355,2026-08-16,Storage box,Home Essentials,520.0,CARD
R111356,2026-08-16,Soundbar,Electronics,12970.0,UPI_QR
R111357,2026-08-16,Power bank,Accessories,1300.0,UPI_QR
R111358,2026-08-16,Jeans,Apparel,1620.0,CARD
R111359,2026-08-16,Earphones,Accessories,818.0,UPI_APP
R111360,2026-08-16,Jacket,Apparel,1080.0,UPI_QR
R111361,2026-08-16,Screen guard,Accessories,586.0,CARD
R111362,2026-08-17,Kurta set,Apparel,1150.0,UPI_APP
R111363,2026-08-17,Curtains,Home Essentials,463.0,UPI_QR
R111364,2026-08-17,Phone case,Accessories,884.0,CASH
R111365,2026-08-17,Formal shirt,Apparel,798.0,CARD
R111366,2026-08-17,Foldable phone,Mobiles,23010.0,CARD
R111367,2026-08-17,Charger,Accessories,1320.0,CARD
R111368,2026-08-17,Dining table,Furniture,9530.0,UPI_APP
R111369,2026-08-17,Screen guard,Accessories,243.0,UPI_QR
R111370,2026-08-17,Charger,Accessories,686.0,CARD
R111371,2026-08-17,Kurta set,Apparel,2390.0,UPI_QR
R111372,2026-08-17,Power bank,Accessories,372.0,UPI_QR
R111373,2026-08-17,Jeans,Apparel,753.0,CARD
R111374,2026-08-17,Mixer jar,Home Essentials,1030.0,UPI_QR
R111375,2026-08-17,Screen guard,Accessories,637.0,CARD
R111376,2026-08-17,Screen guard,Accessories,707.0,UPI_QR
R111377,2026-08-17,Cookware set,Home Essentials,614.0,UPI_QR
R111378,2026-08-17,Earphones,Accessories,160.0,CASH
R111379,2026-08-17,Smartphone C,Mobiles,28120.0,UPI_QR
R111380,2026-08-17,Screen guard,Accessories,396.0,UPI_APP
R111381,2026-08-17,Power bank,Accessories,430.0,UPI_QR
R111382,2026-08-17,Power bank,Accessories,372.0,UPI_APP
R111383,2026-08-17,Storage box,Home Essentials,729.0,UPI_QR
R111384,2026-08-17,Mixer jar,Home Essentials,4350.0,UPI_APP
R111385,2026-08-17,Mixer jar,Home Essentials,704.0,CARD
R111386,2026-08-17,Tablet,Electronics,24860.0,CARD
R111387,2026-08-17,Screen guard,Accessories,377.0,CARD
R111388,2026-08-17,Phone case,Accessories,256.0,CASH
R111389,2026-08-17,Soundbar,Electronics,44010.0,CARD
R111390,2026-08-17,Office chair,Furniture,8650.0,UPI_QR
R111391,2026-08-17,Sports shoes,Apparel,767.0,UPI_QR
R111392,2026-08-18,Sports shoes,Apparel,937.0,UPI_QR
R111393,2026-08-18,Charger,Accessories,865.0,CARD
R111394,2026-08-18,Kurta set,Apparel,1510.0,CARD
R111395,2026-08-18,Bedsheet set,Home Essentials,201.0,CASH
R111396,2026-08-18,Formal shirt,Apparel,2490.0,CARD
R111397,2026-08-18,Formal shirt,Apparel,2040.0,CARD
R111398,2026-08-18,Curtains,Home Essentials,212.0,UPI_QR
R111399,2026-08-18,Storage box,Home Essentials,455.0,CARD
R111400,2026-08-18,Phone case,Accessories,642.0,CASH
R111401,2026-08-18,Storage box,Home Essentials,704.0,UPI_APP
R111402,2026-08-18,Gaming console,Electronics,5470.0,UPI_APP
R111403,2026-08-18,Bedsheet set,Home Essentials,446.0,CARD
R111404,2026-08-18,Soundbar,Electronics,25320.0,UPI_APP
R111405,2026-08-18,Smartphone B,Mobiles,32140.0,CARD
R111406,2026-08-18,Tablet,Electronics,5170.0,UPI_QR
R111407,2026-08-18,Jeans,Apparel,665.0,UPI_APP
R111408,2026-08-18,Tablet,Electronics,14080.0,UPI_APP
R111409,2026-08-18,Refrigerator,Appliances,9840.0,CASH
R111410,2026-08-19,Earphones,Accessories,331.0,UPI_APP
R111411,2026-08-19,Sports shoes,Apparel,2320.0,UPI_QR
R111412,2026-08-19,Washing machine,Appliances,17370.0,UPI_QR
R111413,2026-08-19,Charger,Accessories,623.0,CARD
R111414,2026-08-19,Cookware set,Home Essentials,303.0,UPI_QR
R111415,2026-08-19,Cookware set,Home Essentials,992.0,UPI_APP
R111416,2026-08-19,Jeans,Apparel,3160.0,UPI_QR
R111417,2026-08-19,Refrigerator,Appliances,13290.0,CARD
R111418,2026-08-19,Phone case,Accessories,594.0,UPI_QR
R111419,2026-08-19,Soundbar,Electronics,57420.0,CARD
R111420,2026-08-19,Refrigerator,Appliances,67940.0,CARD
R111421,2026-08-19,Formal shirt,Apparel,1780.0,UPI_QR
R111422,2026-08-19,Screen guard,Accessories,452.0,UPI_QR
R111423,2026-08-19,Kurta set,Apparel,2400.0,UPI_QR
R111424,2026-08-19,Earphones,Accessories,197.0,UPI_QR
R111425,2026-08-19,Storage box,Home Essentials,977.0,UPI_APP
R111426,2026-08-19,Jeans,Apparel,616.0,UPI_QR
R111427,2026-08-19,Water purifier,Appliances,9200.0,UPI_QR
R111428,2026-08-19,Jeans,Apparel,3840.0,UPI_APP
R111429,2026-08-19,Earphones,Accessories,233.0,UPI_QR
R111430,2026-08-19,Power bank,Accessories,532.0,UPI_QR
R111431,2026-08-19,Air conditioner,Appliances,16800.0,UPI_APP
R111432,2026-08-19,Charger,Accessories,123.0,CARD
R111433,2026-08-19,Formal shirt,Apparel,690.0,UPI_APP
R111434,2026-08-19,Formal shirt,Apparel,1750.0,CARD
R111435,2026-08-19,Jeans,Apparel,1860.0,CARD
R111436,2026-08-19,Bedsheet set,Home Essentials,1120.0,UPI_QR
R111437,2026-08-19,Sports shoes,Apparel,436.0,CASH
R111438,2026-08-19,Smart TV 43in,Electronics,16650.0,UPI_QR
R111439,2026-08-19,Mixer jar,Home Essentials,1240.0,CARD
R111440,2026-08-19,Foldable phone,Mobiles,42080.0,UPI_APP
R111441,2026-08-19,Office chair,Furniture,15950.0,CARD
R111442,2026-08-19,Sports shoes,Apparel,1800.0,UPI_QR
R111443,2026-08-20,Screen guard,Accessories,468.0,UPI_QR
R111444,2026-08-20,Smart TV 43in,Electronics,9790.0,UPI_APP
R111445,2026-08-20,Tablet,Electronics,5360.0,UPI_QR
R111446,2026-08-20,Bedsheet set,Home Essentials,567.0,UPI_QR
R111447,2026-08-20,Charger,Accessories,636.0,CARD
R111448,2026-08-20,Power bank,Accessories,165.0,UPI_APP
R111449,2026-08-20,Office chair,Furniture,5180.0,UPI_QR
R111450,2026-08-20,Phone case,Accessories,388.0,UPI_QR
R111451,2026-08-20,Storage box,Home Essentials,442.0,UPI_APP
R111452,2026-08-20,Soundbar,Electronics,17290.0,UPI_QR
R111453,2026-08-20,Cookware set,Home Essentials,572.0,CASH
R111454,2026-08-20,Bed frame,Furniture,19970.0,UPI_QR
R111455,2026-08-20,Sports shoes,Apparel,559.0,CASH
R111456,2026-08-20,Jacket,Apparel,1380.0,UPI_APP
R111457,2026-08-20,Earphones,Accessories,561.0,UPI_QR
R111458,2026-08-20,Earphones,Accessories,925.0,UPI_APP
R111459,2026-08-20,Office chair,Furniture,31170.0,UPI_QR
R111460,2026-08-20,Water purifier,Appliances,16920.0,CARD
R111461,2026-08-20,Screen guard,Accessories,568.0,UPI_APP
R111462,2026-08-20,Cookware set,Home Essentials,612.0,UPI_QR
R111463,2026-08-20,Smart TV 43in,Electronics,10380.0,UPI_QR
R111464,2026-08-20,Power bank,Accessories,531.0,CARD
R111465,2026-08-20,Laptop,Electronics,5950.0,CARD
R111466,2026-08-20,Sports shoes,Apparel,721.0,UPI_APP
R111467,2026-08-20,Microwave,Appliances,22450.0,CARD
R111468,2026-08-20,Water purifier,Appliances,16970.0,UPI_QR
R111469,2026-08-20,Smartphone B,Mobiles,27740.0,UPI_QR
R111470,2026-08-20,Charger,Accessories,265.0,UPI_QR
R111471,2026-08-21,Power bank,Accessories,602.0,UPI_QR
R111472,2026-08-21,Office chair,Furniture,4830.0,CARD
R111473,2026-08-21,Formal shirt,Apparel,3150.0,CARD
R111474,2026-08-21,Office chair,Furniture,23700.0,CASH
R111475,2026-08-21,Jacket,Apparel,822.0,CASH
R111476,2026-08-21,Kurta set,Apparel,681.0,CARD
R111477,2026-08-21,Washing machine,Appliances,31210.0,CARD
R111478,2026-08-21,Wardrobe,Furniture,19640.0,UPI_QR
R111479,2026-08-21,Mixer jar,Home Essentials,851.0,UPI_QR
R111480,2026-08-21,Laptop,Electronics,31230.0,UPI_QR
R111481,2026-08-21,Jeans,Apparel,1480.0,UPI_APP
R111482,2026-08-21,Sports shoes,Apparel,509.0,CARD
R111483,2026-08-21,Charger,Accessories,422.0,CARD
R111484,2026-08-21,Tablet,Electronics,40720.0,UPI_APP
R111485,2026-08-21,Bedsheet set,Home Essentials,283.0,UPI_APP
R111486,2026-08-21,Screen guard,Accessories,269.0,CASH
R111487,2026-08-21,Smartphone C,Mobiles,26520.0,UPI_QR
R111488,2026-08-21,Formal shirt,Apparel,715.0,CARD
R111489,2026-08-21,Phone case,Accessories,358.0,UPI_QR
R111490,2026-08-21,Screen guard,Accessories,351.0,UPI_QR
R111491,2026-08-21,Power bank,Accessories,503.0,UPI_QR
R111492,2026-08-21,Kurta set,Apparel,1150.0,CARD
R111493,2026-08-21,Charger,Accessories,318.0,CARD
R111494,2026-08-21,Formal shirt,Apparel,1140.0,CARD
R111495,2026-08-21,Sports shoes,Apparel,840.0,CARD
R111496,2026-08-21,Curtains,Home Essentials,602.0,CASH
R111497,2026-08-21,Power bank,Accessories,260.0,CARD
R111498,2026-08-22,Earphones,Accessories,217.0,UPI_QR
R111499,2026-08-22,Sports shoes,Apparel,1390.0,UPI_QR
R111500,2026-08-22,Gaming console,Electronics,52040.0,CARD
R111501,2026-08-22,Washing machine,Appliances,23410.0,UPI_APP
R111502,2026-08-22,Soundbar,Electronics,8980.0,CASH
R111503,2026-08-22,Jeans,Apparel,680.0,UPI_QR
R111504,2026-08-22,Mixer jar,Home Essentials,1630.0,UPI_APP
R111505,2026-08-22,Jeans,Apparel,1210.0,CARD
R111506,2026-08-22,Jeans,Apparel,2490.0,UPI_QR
R111507,2026-08-22,Cookware set,Home Essentials,357.0,UPI_QR
R111508,2026-08-22,Phone case,Accessories,417.0,CASH
R111509,2026-08-22,Phone case,Accessories,330.0,CARD
R111510,2026-08-22,Bedsheet set,Home Essentials,1000.0,UPI_APP
R111511,2026-08-22,Sofa set,Furniture,20420.0,CARD
R111512,2026-08-22,Jeans,Apparel,1920.0,UPI_APP
R111513,2026-08-22,Power bank,Accessories,302.0,UPI_QR
R111514,2026-08-22,Wardrobe,Furniture,39580.0,CARD
R111515,2026-08-22,Power bank,Accessories,316.0,UPI_QR
R111516,2026-08-22,Sofa set,Furniture,7920.0,CARD
R111517,2026-08-22,Curtains,Home Essentials,1200.0,UPI_APP
R111518,2026-08-22,Power bank,Accessories,367.0,CARD
R111519,2026-08-22,Microwave,Appliances,25390.0,CARD
R111520,2026-08-22,Refrigerator,Appliances,19080.0,UPI_QR
R111521,2026-08-22,Jacket,Apparel,1210.0,CARD
R111522,2026-08-22,Sports shoes,Apparel,1630.0,UPI_QR
R111523,2026-08-22,Gaming console,Electronics,13280.0,CASH
R111524,2026-08-22,Charger,Accessories,231.0,UPI_QR
R111525,2026-08-22,Gaming console,Electronics,21450.0,CARD
R111526,2026-08-22,Sofa set,Furniture,5890.0,UPI_APP
R111527,2026-08-22,Air conditioner,Appliances,38820.0,CARD
R111528,2026-08-22,Foldable phone,Mobiles,31660.0,CARD
R111529,2026-08-22,Formal shirt,Apparel,2180.0,UPI_QR
R111530,2026-08-22,Phone case,Accessories,918.0,CASH
R111531,2026-08-22,Jacket,Apparel,1180.0,UPI_APP
R111532,2026-08-22,Refrigerator,Appliances,28740.0,UPI_APP
R111533,2026-08-22,Charger,Accessories,236.0,CARD
R111534,2026-08-22,Phone case,Accessories,234.0,CARD
R111535,2026-08-22,Storage box,Home Essentials,506.0,CARD
R111536,2026-08-22,Bed frame,Furniture,41070.0,CARD
R111537,2026-08-22,Tablet,Electronics,20610.0,UPI_APP
R111538,2026-08-22,Screen guard,Accessories,510.0,UPI_QR
R111539,2026-08-22,Kurta set,Apparel,1080.0,UPI_QR
R111540,2026-08-22,Refrigerator,Appliances,25400.0,UPI_APP
R111541,2026-08-22,Phone case,Accessories,1030.0,CASH
R111542,2026-08-22,Laptop,Electronics,19350.0,UPI_QR
R111543,2026-08-23,Sports shoes,Apparel,911.0,UPI_QR
R111544,2026-08-23,Formal shirt,Apparel,888.0,CARD
R111545,2026-08-23,Curtains,Home Essentials,765.0,UPI_APP
R111546,2026-08-23,Washing machine,Appliances,35000.0,CARD
R111547,2026-08-23,Tablet,Electronics,24100.0,UPI_QR
R111548,2026-08-23,Kurta set,Apparel,2040.0,UPI_QR
R111549,2026-08-23,Tablet,Electronics,21180.0,CARD
R111550,2026-08-23,Screen guard,Accessories,501.0,UPI_QR
R111551,2026-08-23,Bedsheet set,Home Essentials,738.0,CARD
R111552,2026-08-23,Screen guard,Accessories,162.0,CASH
R111553,2026-08-23,Smartphone C,Mobiles,22430.0,UPI_QR
R111554,2026-08-23,Smart TV 43in,Electronics,12700.0,UPI_QR
R111555,2026-08-23,Screen guard,Accessories,256.0,UPI_APP
R111556,2026-08-23,Microwave,Appliances,12710.0,UPI_APP
R111557,2026-08-23,Smart TV 43in,Electronics,25530.0,UPI_APP
R111558,2026-08-23,Formal shirt,Apparel,1310.0,UPI_QR
R111559,2026-08-23,Kurta set,Apparel,1200.0,UPI_APP
R111560,2026-08-23,Laptop,Electronics,21970.0,UPI_QR
R111561,2026-08-23,Phone case,Accessories,1480.0,CARD
R111562,2026-08-23,Phone case,Accessories,266.0,UPI_QR
R111563,2026-08-23,Mixer jar,Home Essentials,914.0,UPI_APP
R111564,2026-08-23,Foldable phone,Mobiles,23210.0,CARD
R111565,2026-08-23,Earphones,Accessories,309.0,CARD
R111566,2026-08-23,Gaming console,Electronics,47410.0,CARD
R111567,2026-08-23,Water purifier,Appliances,22580.0,UPI_QR
R111568,2026-08-23,Phone case,Accessories,361.0,UPI_QR
R111569,2026-08-23,Kurta set,Apparel,1790.0,CARD
R111570,2026-08-23,Smartphone C,Mobiles,37510.0,UPI_QR
R111571,2026-08-23,Earphones,Accessories,675.0,CARD
R111572,2026-08-23,Jacket,Apparel,1310.0,CASH
R111573,2026-08-23,Refrigerator,Appliances,38920.0,CARD
R111574,2026-08-23,Phone case,Accessories,375.0,UPI_APP
R111575,2026-08-23,Kurta set,Apparel,1610.0,UPI_APP
R111576,2026-08-23,Kurta set,Apparel,2610.0,UPI_QR
R111577,2026-08-23,Tablet,Electronics,9090.0,UPI_APP
R111578,2026-08-23,Charger,Accessories,568.0,UPI_QR
R111579,2026-08-23,Sports shoes,Apparel,1780.0,UPI_APP
R111580,2026-08-23,Kurta set,Apparel,799.0,UPI_QR
R111581,2026-08-23,Charger,Accessories,381.0,UPI_QR
R111582,2026-08-23,Earphones,Accessories,480.0,UPI_QR
R111583,2026-08-23,Jeans,Apparel,1430.0,CASH
R111584,2026-08-23,Kurta set,Apparel,1520.0,CARD
R111585,2026-08-23,Bed frame,Furniture,14210.0,UPI_APP
R111586,2026-08-24,Sports shoes,Apparel,2700.0,UPI_QR
R111587,2026-08-24,Storage box,Home Essentials,622.0,UPI_QR
R111588,2026-08-24,Earphones,Accessories,246.0,CARD
R111589,2026-08-24,Jacket,Apparel,1390.0,CARD
R111590,2026-08-24,Mixer jar,Home Essentials,1510.0,CARD
R111591,2026-08-24,Jacket,Apparel,2460.0,UPI_QR
R111592,2026-08-24,Gaming console,Electronics,7400.0,UPI_QR
R111593,2026-08-24,Storage box,Home Essentials,293.0,CARD
R111594,2026-08-24,Jeans,Apparel,804.0,UPI_APP
R111595,2026-08-24,Jeans,Apparel,2040.0,UPI_QR
R111596,2026-08-24,Earphones,Accessories,656.0,UPI_APP
R111597,2026-08-24,Water purifier,Appliances,67570.0,UPI_QR
R111598,2026-08-24,Bedsheet set,Home Essentials,689.0,UPI_QR
R111599,2026-08-24,Laptop,Electronics,3780.0,CASH
R111600,2026-08-24,Curtains,Home Essentials,287.0,CASH
R111601,2026-08-24,Power bank,Accessories,647.0,UPI_APP
R111602,2026-08-24,Earphones,Accessories,407.0,UPI_QR
R111603,2026-08-24,Sports shoes,Apparel,2390.0,UPI_QR
R111604,2026-08-24,Refrigerator,Appliances,22490.0,CASH
R111605,2026-08-24,Office chair,Furniture,3520.0,UPI_QR
R111606,2026-08-24,Charger,Accessories,215.0,CARD
R111607,2026-08-24,Mixer jar,Home Essentials,464.0,UPI_QR
R111608,2026-08-24,Charger,Accessories,578.0,CASH
R111609,2026-08-24,Mixer jar,Home Essentials,771.0,CARD
R111610,2026-08-24,Bedsheet set,Home Essentials,589.0,CARD
R111611,2026-08-24,Phone case,Accessories,912.0,CARD
R111612,2026-08-24,Formal shirt,Apparel,2480.0,UPI_QR
R111613,2026-08-24,Smart TV 43in,Electronics,7790.0,UPI_QR
R111614,2026-08-25,Phone case,Accessories,1650.0,UPI_QR
R111615,2026-08-25,Air conditioner,Appliances,21230.0,UPI_APP
R111616,2026-08-25,Soundbar,Electronics,12220.0,UPI_QR
R111617,2026-08-25,Sports shoes,Apparel,1750.0,CARD
R111618,2026-08-25,Formal shirt,Apparel,643.0,CARD
R111619,2026-08-25,Formal shirt,Apparel,594.0,UPI_QR
R111620,2026-08-25,Earphones,Accessories,356.0,CASH
R111621,2026-08-25,Smartphone B,Mobiles,30200.0,CARD
R111622,2026-08-25,Charger,Accessories,269.0,UPI_APP
R111623,2026-08-25,Washing machine,Appliances,33010.0,CARD
R111624,2026-08-25,Earphones,Accessories,453.0,UPI_APP
R111625,2026-08-25,Screen guard,Accessories,548.0,UPI_QR
R111626,2026-08-25,Screen guard,Accessories,865.0,UPI_APP
R111627,2026-08-25,Screen guard,Accessories,344.0,UPI_QR
R111628,2026-08-25,Wardrobe,Furniture,24410.0,CARD
R111629,2026-08-25,Storage box,Home Essentials,574.0,UPI_QR
R111630,2026-08-25,Sports shoes,Apparel,1080.0,CARD
R111631,2026-08-25,Mixer jar,Home Essentials,1970.0,UPI_QR
R111632,2026-08-25,Jeans,Apparel,940.0,UPI_QR
R111633,2026-08-25,Formal shirt,Apparel,570.0,CARD
R111634,2026-08-25,Mixer jar,Home Essentials,408.0,CARD
R111635,2026-08-25,Laptop,Electronics,3700.0,CARD
R111636,2026-08-25,Screen guard,Accessories,436.0,UPI_APP
R111637,2026-08-25,Dining table,Furniture,12740.0,UPI_QR
R111638,2026-08-25,Bedsheet set,Home Essentials,448.0,UPI_APP
R111639,2026-08-25,Gaming console,Electronics,15620.0,CARD
R111640,2026-08-25,Phone case,Accessories,1070.0,CASH
R111641,2026-08-25,Dining table,Furniture,22540.0,UPI_APP
R111642,2026-08-25,Jeans,Apparel,2190.0,UPI_QR
R111643,2026-08-25,Laptop,Electronics,5550.0,UPI_QR
R111644,2026-08-25,Microwave,Appliances,9510.0,CARD
R111645,2026-08-25,Earphones,Accessories,737.0,CASH
R111646,2026-08-25,Formal shirt,Apparel,1250.0,CASH
R111647,2026-08-26,Gaming console,Electronics,9210.0,CARD
R111648,2026-08-26,Jeans,Apparel,1010.0,UPI_QR
R111649,2026-08-26,Bed frame,Furniture,23350.0,CARD
R111650,2026-08-26,Power bank,Accessories,393.0,UPI_QR
R111651,2026-08-26,Formal shirt,Apparel,567.0,CARD
R111652,2026-08-26,Washing machine,Appliances,36900.0,CARD
R111653,2026-08-26,Dining table,Furniture,13050.0,CARD
R111654,2026-08-26,Dining table,Furniture,50680.0,CARD
R111655,2026-08-26,Earphones,Accessories,271.0,CASH
R111656,2026-08-26,Tablet,Electronics,9790.0,CASH
R111657,2026-08-26,Microwave,Appliances,33680.0,UPI_APP
R111658,2026-08-26,Air conditioner,Appliances,7500.0,UPI_APP
R111659,2026-08-26,Charger,Accessories,506.0,UPI_QR
R111660,2026-08-26,Curtains,Home Essentials,665.0,CARD
R111661,2026-08-26,Formal shirt,Apparel,1230.0,UPI_QR
R111662,2026-08-26,Jeans,Apparel,2410.0,UPI_APP
R111663,2026-08-26,Power bank,Accessories,688.0,UPI_QR
R111664,2026-08-26,Bed frame,Furniture,13630.0,UPI_APP
R111665,2026-08-26,Curtains,Home Essentials,609.0,UPI_QR
R111666,2026-08-26,Sports shoes,Apparel,1680.0,CARD
R111667,2026-08-26,Formal shirt,Apparel,1660.0,UPI_QR
R111668,2026-08-26,Jeans,Apparel,1380.0,CASH
R111669,2026-08-26,Tablet,Electronics,34140.0,UPI_QR
R111670,2026-08-26,Sports shoes,Apparel,985.0,UPI_APP
R111671,2026-08-26,Bedsheet set,Home Essentials,1290.0,UPI_QR
R111672,2026-08-27,Jeans,Apparel,1100.0,UPI_QR
R111673,2026-08-27,Jeans,Apparel,693.0,CARD
R111674,2026-08-27,Phone case,Accessories,256.0,UPI_APP
R111675,2026-08-27,Jeans,Apparel,2630.0,UPI_QR
R111676,2026-08-27,Jacket,Apparel,3160.0,UPI_APP
R111677,2026-08-27,Earphones,Accessories,185.0,UPI_QR
R111678,2026-08-27,Refrigerator,Appliances,5290.0,UPI_QR
R111679,2026-08-27,Laptop,Electronics,23470.0,CARD
R111680,2026-08-27,Charger,Accessories,554.0,CASH
R111681,2026-08-27,Screen guard,Accessories,172.0,CARD
R111682,2026-08-27,Storage box,Home Essentials,1660.0,UPI_QR
R111683,2026-08-27,Dining table,Furniture,6740.0,CARD
R111684,2026-08-27,Laptop,Electronics,13510.0,UPI_QR
R111685,2026-08-27,Screen guard,Accessories,621.0,CASH
R111686,2026-08-27,Earphones,Accessories,586.0,UPI_QR
R111687,2026-08-27,Smartphone C,Mobiles,24570.0,UPI_APP
R111688,2026-08-27,Formal shirt,Apparel,485.0,UPI_QR
R111689,2026-08-27,Mixer jar,Home Essentials,315.0,UPI_QR
R111690,2026-08-27,Jacket,Apparel,2820.0,UPI_APP
R111691,2026-08-27,Formal shirt,Apparel,776.0,UPI_QR
R111692,2026-08-27,Power bank,Accessories,956.0,UPI_QR
R111693,2026-08-27,Kurta set,Apparel,1250.0,CARD
R111694,2026-08-27,Wardrobe,Furniture,10550.0,CARD
R111695,2026-08-27,Phone case,Accessories,345.0,CASH
R111696,2026-08-27,Tablet,Electronics,60020.0,CARD
R111697,2026-08-27,Office chair,Furniture,5200.0,UPI_QR
R111698,2026-08-27,Earphones,Accessories,376.0,UPI_QR
R111699,2026-08-28,Phone case,Accessories,304.0,CARD
R111700,2026-08-28,Earphones,Accessories,960.0,UPI_QR
R111701,2026-08-28,Jacket,Apparel,1490.0,CARD
R111702,2026-08-28,Water purifier,Appliances,12440.0,CARD
R111703,2026-08-28,Phone case,Accessories,481.0,UPI_QR
R111704,2026-08-28,Charger,Accessories,341.0,UPI_APP
R111705,2026-08-28,Water purifier,Appliances,35590.0,CARD
R111706,2026-08-28,Smart TV 43in,Electronics,5660.0,UPI_QR
R111707,2026-08-28,Air conditioner,Appliances,11710.0,UPI_QR
R111708,2026-08-28,Smartphone C,Mobiles,26660.0,UPI_QR
R111709,2026-08-28,Jacket,Apparel,1060.0,CASH
R111710,2026-08-28,Bedsheet set,Home Essentials,809.0,UPI_APP
R111711,2026-08-28,Tablet,Electronics,4630.0,CARD
R111712,2026-08-28,Jacket,Apparel,720.0,CASH
R111713,2026-08-28,Mixer jar,Home Essentials,1080.0,UPI_QR
R111714,2026-08-28,Dining table,Furniture,17290.0,CASH
R111715,2026-08-28,Tablet,Electronics,12120.0,UPI_QR
R111716,2026-08-28,Foldable phone,Mobiles,51400.0,CARD
R111717,2026-08-28,Jeans,Apparel,1370.0,CARD
R111718,2026-08-28,Kurta set,Apparel,1900.0,CASH
R111719,2026-08-28,Kurta set,Apparel,1060.0,UPI_QR
R111720,2026-08-28,Charger,Accessories,205.0,UPI_QR
R111721,2026-08-28,Washing machine,Appliances,12220.0,UPI_APP
R111722,2026-08-29,Smart TV 43in,Electronics,39640.0,CARD
R111723,2026-08-29,Phone case,Accessories,206.0,UPI_QR
R111724,2026-08-29,Smartphone C,Mobiles,25400.0,UPI_QR
R111725,2026-08-29,Tablet,Electronics,5270.0,UPI_QR
R111726,2026-08-29,Kurta set,Apparel,746.0,UPI_APP
R111727,2026-08-29,Curtains,Home Essentials,676.0,UPI_QR
R111728,2026-08-29,Washing machine,Appliances,7490.0,UPI_QR
R111729,2026-08-29,Earphones,Accessories,323.0,UPI_QR
R111730,2026-08-29,Gaming console,Electronics,29300.0,UPI_QR
R111731,2026-08-29,Formal shirt,Apparel,1070.0,UPI_APP
R111732,2026-08-29,Power bank,Accessories,306.0,UPI_APP
R111733,2026-08-29,Curtains,Home Essentials,369.0,UPI_APP
R111734,2026-08-29,Jacket,Apparel,2540.0,UPI_QR
R111735,2026-08-29,Sports shoes,Apparel,2050.0,CARD
R111736,2026-08-29,Charger,Accessories,296.0,CARD
R111737,2026-08-29,Laptop,Electronics,8270.0,CARD
R111738,2026-08-29,Power bank,Accessories,694.0,CARD
R111739,2026-08-29,Jeans,Apparel,877.0,UPI_APP
R111740,2026-08-29,Tablet,Electronics,16930.0,UPI_APP
R111741,2026-08-29,Curtains,Home Essentials,904.0,CARD
R111742,2026-08-29,Mixer jar,Home Essentials,357.0,UPI_QR
R111743,2026-08-29,Microwave,Appliances,16370.0,CASH
R111744,2026-08-29,Foldable phone,Mobiles,29270.0,UPI_QR
R111745,2026-08-29,Bedsheet set,Home Essentials,1660.0,CARD
R111746,2026-08-29,Sports shoes,Apparel,1020.0,UPI_QR
R111747,2026-08-29,Earphones,Accessories,334.0,UPI_QR
R111748,2026-08-29,Power bank,Accessories,345.0,UPI_QR
R111749,2026-08-29,Soundbar,Electronics,22780.0,CARD
R111750,2026-08-29,Screen guard,Accessories,224.0,CASH
R111751,2026-08-29,Curtains,Home Essentials,1160.0,CASH
R111752,2026-08-29,Curtains,Home Essentials,393.0,UPI_QR
R111753,2026-08-29,Formal shirt,Apparel,1150.0,CARD
R111754,2026-08-29,Earphones,Accessories,1010.0,CARD
R111755,2026-08-29,Phone case,Accessories,341.0,CASH
R111756,2026-08-29,Cookware set,Home Essentials,520.0,CARD
R111757,2026-08-29,Air conditioner,Appliances,46600.0,CARD
R111758,2026-08-29,Phone case,Accessories,386.0,CARD
R111759,2026-08-29,Jeans,Apparel,2320.0,UPI_QR
R111760,2026-08-30,Sports shoes,Apparel,878.0,UPI_APP
R111761,2026-08-30,Screen guard,Accessories,595.0,UPI_QR
R111762,2026-08-30,Curtains,Home Essentials,403.0,UPI_QR
R111763,2026-08-30,Phone case,Accessories,1930.0,CARD
R111764,2026-08-30,Charger,Accessories,1910.0,UPI_QR
R111765,2026-08-30,Phone case,Accessories,227.0,CARD
R111766,2026-08-30,Kurta set,Apparel,1700.0,UPI_QR
R111767,2026-08-30,Screen guard,Accessories,151.0,UPI_APP
R111768,2026-08-30,Sports shoes,Apparel,432.0,UPI_QR
R111769,2026-08-30,Earphones,Accessories,396.0,CARD
R111770,2026-08-30,Sports shoes,Apparel,1200.0,UPI_QR
R111771,2026-08-30,Office chair,Furniture,14060.0,UPI_APP
R111772,2026-08-30,Formal shirt,Apparel,2240.0,UPI_QR
R111773,2026-08-30,Jeans,Apparel,1120.0,CARD
R111774,2026-08-30,Phone case,Accessories,559.0,UPI_APP
R111775,2026-08-30,Screen guard,Accessories,311.0,UPI_QR
R111776,2026-08-30,Jacket,Apparel,1180.0,UPI_QR
R111777,2026-08-30,Earphones,Accessories,431.0,UPI_APP
R111778,2026-08-30,Water purifier,Appliances,40550.0,CARD
R111779,2026-08-30,Kurta set,Apparel,1750.0,UPI_QR
R111780,2026-08-30,Formal shirt,Apparel,622.0,CARD
R111781,2026-08-30,Laptop,Electronics,206920.0,UPI_QR
R111782,2026-08-30,Bedsheet set,Home Essentials,733.0,CASH
R111783,2026-08-30,Foldable phone,Mobiles,11460.0,UPI_QR
R111784,2026-08-30,Sports shoes,Apparel,2190.0,UPI_QR
R111785,2026-08-30,Screen guard,Accessories,537.0,UPI_QR
R111786,2026-08-30,Charger,Accessories,533.0,CARD
R111787,2026-08-30,Earphones,Accessories,544.0,CARD
R111788,2026-08-30,Power bank,Accessories,799.0,UPI_QR
R111789,2026-08-30,Gaming console,Electronics,8560.0,CARD
R111790,2026-08-30,Phone case,Accessories,702.0,CARD
R111791,2026-08-30,Kurta set,Apparel,1360.0,UPI_QR
R111792,2026-08-30,Curtains,Home Essentials,558.0,CASH
R111793,2026-08-30,Screen guard,Accessories,281.0,UPI_APP
R111794,2026-08-30,Power bank,Accessories,176.0,UPI_QR
R111795,2026-08-30,Earphones,Accessories,376.0,CARD
R111796,2026-08-31,Kurta set,Apparel,798.0,UPI_APP
R111797,2026-08-31,Smart TV 43in,Electronics,30790.0,UPI_APP
R111798,2026-08-31,Mixer jar,Home Essentials,853.0,UPI_APP
R111799,2026-08-31,Storage box,Home Essentials,2640.0,CASH
R111800,2026-08-31,Laptop,Electronics,46050.0,UPI_QR
R111801,2026-08-31,Jeans,Apparel,2070.0,UPI_QR
R111802,2026-08-31,Power bank,Accessories,331.0,UPI_APP
R111803,2026-08-31,Sports shoes,Apparel,1220.0,CARD
R111804,2026-08-31,Dining table,Furniture,9720.0,CARD
R111805,2026-08-31,Storage box,Home Essentials,525.0,UPI_APP
R111806,2026-08-31,Gaming console,Electronics,26490.0,CASH
R111807,2026-08-31,Bed frame,Furniture,3520.0,CARD
R111808,2026-08-31,Jeans,Apparel,1810.0,UPI_QR
R111809,2026-08-31,Office chair,Furniture,14440.0,CARD
R111810,2026-08-31,Wardrobe,Furniture,14660.0,CASH
R111811,2026-08-31,Earphones,Accessories,1230.0,UPI_APP
R111812,2026-08-31,Earphones,Accessories,218.0,UPI_QR
R111813,2026-08-31,Jeans,Apparel,2260.0,CASH
R111814,2026-08-31,Water purifier,Appliances,52010.0,UPI_QR
R111815,2026-08-31,Jacket,Apparel,1620.0,UPI_APP
R111816,2026-08-31,Smart TV 43in,Electronics,20650.0,UPI_APP
R111817,2026-08-31,Sports shoes,Apparel,1410.0,UPI_QR
R111818,2026-08-31,Storage box,Home Essentials,327.0,UPI_QR
R111819,2026-08-31,Smartphone C,Mobiles,22560.0,UPI_APP
R111820,2026-09-01,Smart TV 43in,Electronics,7090.0,CASH
R111821,2026-09-01,Laptop,Electronics,14110.0,UPI_QR
R111822,2026-09-01,Storage box,Home Essentials,1460.0,CARD
R111823,2026-09-01,Kurta set,Apparel,1710.0,UPI_APP
R111824,2026-09-01,Jacket,Apparel,1870.0,UPI_QR
R111825,2026-09-01,Earphones,Accessories,264.0,CASH
R111826,2026-09-01,Kurta set,Apparel,677.0,UPI_QR
R111827,2026-09-01,Kurta set,Apparel,1470.0,CARD
R111828,2026-09-01,Mixer jar,Home Essentials,780.0,CARD
R111829,2026-09-01,Charger,Accessories,174.0,CASH
R111830,2026-09-01,Wardrobe,Furniture,13340.0,UPI_QR
R111831,2026-09-01,Air conditioner,Appliances,46560.0,UPI_QR
R111832,2026-09-01,Earphones,Accessories,958.0,UPI_APP
R111833,2026-09-01,Microwave,Appliances,44130.0,UPI_QR
R111834,2026-09-01,Smart TV 43in,Electronics,135060.0,CARD
R111835,2026-09-01,Sports shoes,Apparel,3400.0,UPI_QR
R111836,2026-09-01,Tablet,Electronics,41230.0,CARD
R111837,2026-09-01,Microwave,Appliances,31670.0,CARD
R111838,2026-09-01,Laptop,Electronics,31870.0,UPI_QR
R111839,2026-09-01,Kurta set,Apparel,1320.0,UPI_QR
R111840,2026-09-01,Office chair,Furniture,5620.0,CARD
R111841,2026-09-01,Sports shoes,Apparel,3650.0,UPI_QR
R111842,2026-09-01,Sports shoes,Apparel,5320.0,CASH
R111843,2026-09-01,Screen guard,Accessories,261.0,CASH
R111844,2026-09-01,Mixer jar,Home Essentials,1000.0,CARD
R111845,2026-09-01,Cookware set,Home Essentials,583.0,CARD
R111846,2026-09-01,Earphones,Accessories,1020.0,UPI_QR
R111847,2026-09-01,Charger,Accessories,392.0,CARD
R111848,2026-09-01,Jacket,Apparel,1500.0,UPI_APP
R111849,2026-09-01,Cookware set,Home Essentials,1260.0,UPI_QR
R111850,2026-09-01,Storage box,Home Essentials,356.0,CARD
R111851,2026-09-01,Jeans,Apparel,1830.0,UPI_QR
R111852,2026-09-01,Cookware set,Home Essentials,1360.0,UPI_QR
R111853,2026-09-02,Curtains,Home Essentials,604.0,CARD
R111854,2026-09-02,Storage box,Home Essentials,626.0,CARD
R111855,2026-09-02,Jacket,Apparel,1960.0,CARD
R111856,2026-09-02,Gaming console,Electronics,19300.0,UPI_QR
R111857,2026-09-02,Air conditioner,Appliances,15450.0,CARD
R111858,2026-09-02,Formal shirt,Apparel,3590.0,UPI_APP
R111859,2026-09-02,Screen guard,Accessories,1380.0,CARD
R111860,2026-09-02,Charger,Accessories,427.0,CASH
R111861,2026-09-02,Water purifier,Appliances,20050.0,UPI_APP
R111862,2026-09-02,Formal shirt,Apparel,2260.0,UPI_APP
R111863,2026-09-02,Air conditioner,Appliances,15260.0,UPI_APP
R111864,2026-09-02,Earphones,Accessories,540.0,UPI_APP
R111865,2026-09-02,Laptop,Electronics,8660.0,CARD
R111866,2026-09-02,Jeans,Apparel,1610.0,UPI_QR
R111867,2026-09-02,Office chair,Furniture,31580.0,UPI_APP
R111868,2026-09-02,Curtains,Home Essentials,1040.0,CASH
R111869,2026-09-02,Gaming console,Electronics,42450.0,UPI_QR
R111870,2026-09-02,Refrigerator,Appliances,9260.0,UPI_QR
R111871,2026-09-02,Bed frame,Furniture,10020.0,UPI_QR
R111872,2026-09-02,Earphones,Accessories,122.0,CASH
R111873,2026-09-02,Bedsheet set,Home Essentials,510.0,UPI_QR
R111874,2026-09-02,Soundbar,Electronics,13630.0,UPI_APP
R111875,2026-09-02,Storage box,Home Essentials,503.0,CARD
R111876,2026-09-02,Microwave,Appliances,9800.0,CASH
R111877,2026-09-02,Washing machine,Appliances,55290.0,UPI_APP
R111878,2026-09-02,Screen guard,Accessories,313.0,CARD
R111879,2026-09-02,Screen guard,Accessories,949.0,UPI_QR
R111880,2026-09-02,Sports shoes,Apparel,2010.0,UPI_QR
R111881,2026-09-03,Sports shoes,Apparel,627.0,CARD
R111882,2026-09-03,Jacket,Apparel,1440.0,CARD
R111883,2026-09-03,Curtains,Home Essentials,755.0,UPI_APP
R111884,2026-09-03,Refrigerator,Appliances,51330.0,UPI_QR
R111885,2026-09-03,Sports shoes,Apparel,2140.0,CARD
R111886,2026-09-03,Jacket,Apparel,2260.0,UPI_APP
R111887,2026-09-03,Sports shoes,Apparel,956.0,CASH
R111888,2026-09-03,Sports shoes,Apparel,529.0,UPI_QR
R111889,2026-09-03,Smart TV 43in,Electronics,6930.0,CARD
R111890,2026-09-03,Curtains,Home Essentials,1810.0,CARD
R111891,2026-09-03,Earphones,Accessories,260.0,UPI_QR
R111892,2026-09-03,Sofa set,Furniture,13660.0,UPI_APP
R111893,2026-09-03,Gaming console,Electronics,44320.0,UPI_APP
R111894,2026-09-03,Charger,Accessories,168.0,UPI_QR
R111895,2026-09-03,Charger,Accessories,875.0,UPI_QR
R111896,2026-09-03,Storage box,Home Essentials,620.0,CARD
R111897,2026-09-03,Phone case,Accessories,288.0,UPI_APP
R111898,2026-09-03,Kurta set,Apparel,2850.0,CASH
R111899,2026-09-03,Sports shoes,Apparel,2090.0,UPI_QR
R111900,2026-09-03,Charger,Accessories,612.0,UPI_QR
R111901,2026-09-03,Charger,Accessories,1490.0,CARD
R111902,2026-09-03,Jeans,Apparel,1980.0,UPI_APP
R111903,2026-09-03,Soundbar,Electronics,8360.0,UPI_QR
R111904,2026-09-03,Bedsheet set,Home Essentials,639.0,CASH
R111905,2026-09-03,Microwave,Appliances,15100.0,CASH
R111906,2026-09-03,Earphones,Accessories,858.0,UPI_APP
R111907,2026-09-03,Bed frame,Furniture,21540.0,CARD
R111908,2026-09-03,Phone case,Accessories,227.0,CARD
R111909,2026-09-03,Charger,Accessories,461.0,CARD
R111910,2026-09-03,Storage box,Home Essentials,1120.0,CARD
R111911,2026-09-04,Microwave,Appliances,36620.0,CARD
R111912,2026-09-04,Curtains,Home Essentials,646.0,UPI_QR
R111913,2026-09-04,Formal shirt,Apparel,2020.0,CARD
R111914,2026-09-04,Earphones,Accessories,653.0,UPI_QR
R111915,2026-09-04,Microwave,Appliances,14930.0,UPI_QR
R111916,2026-09-04,Phone case,Accessories,282.0,CASH
R111917,2026-09-04,Laptop,Electronics,23980.0,UPI_QR
R111918,2026-09-04,Sports shoes,Apparel,2370.0,UPI_APP
R111919,2026-09-04,Smartphone B,Mobiles,84090.0,CARD
R111920,2026-09-04,Phone case,Accessories,417.0,UPI_APP
R111921,2026-09-04,Formal shirt,Apparel,850.0,UPI_APP
R111922,2026-09-04,Foldable phone,Mobiles,17990.0,CASH
R111923,2026-09-04,Curtains,Home Essentials,902.0,UPI_APP
R111924,2026-09-04,Bedsheet set,Home Essentials,1250.0,UPI_QR
R111925,2026-09-04,Jacket,Apparel,717.0,UPI_APP
R111926,2026-09-04,Power bank,Accessories,421.0,UPI_QR
R111927,2026-09-04,Bedsheet set,Home Essentials,461.0,CARD
R111928,2026-09-04,Kurta set,Apparel,524.0,CARD
R111929,2026-09-04,Microwave,Appliances,6300.0,UPI_QR
R111930,2026-09-04,Jacket,Apparel,706.0,UPI_QR
R111931,2026-09-04,Screen guard,Accessories,506.0,CARD
R111932,2026-09-04,Earphones,Accessories,586.0,UPI_QR
R111933,2026-09-04,Earphones,Accessories,553.0,UPI_QR
R111934,2026-09-04,Charger,Accessories,753.0,UPI_QR
R111935,2026-09-04,Phone case,Accessories,1530.0,CARD
R111936,2026-09-04,Storage box,Home Essentials,1390.0,UPI_APP
R111937,2026-09-04,Sports shoes,Apparel,1440.0,CARD
R111938,2026-09-04,Laptop,Electronics,6990.0,UPI_QR
R111939,2026-09-04,Formal shirt,Apparel,814.0,UPI_APP
R111940,2026-09-04,Phone case,Accessories,430.0,CARD
R111941,2026-09-05,Kurta set,Apparel,1390.0,UPI_APP
R111942,2026-09-05,Mixer jar,Home Essentials,1140.0,CARD
R111943,2026-09-05,Earphones,Accessories,448.0,UPI_QR
R111944,2026-09-05,Screen guard,Accessories,849.0,UPI_QR
R111945,2026-09-05,Smart TV 43in,Electronics,15240.0,UPI_QR
R111946,2026-09-05,Microwave,Appliances,25840.0,UPI_QR
R111947,2026-09-05,Tablet,Electronics,10000.0,CARD
R111948,2026-09-05,Charger,Accessories,1310.0,UPI_QR
R111949,2026-09-05,Smart TV 43in,Electronics,17550.0,UPI_APP
R111950,2026-09-05,Kurta set,Apparel,1100.0,UPI_QR
R111951,2026-09-05,Smart TV 43in,Electronics,12500.0,CARD
R111952,2026-09-05,Power bank,Accessories,1200.0,CARD
R111953,2026-09-05,Phone case,Accessories,242.0,CASH
R111954,2026-09-05,Washing machine,Appliances,32850.0,CARD
R111955,2026-09-05,Screen guard,Accessories,840.0,CARD
R111956,2026-09-05,Refrigerator,Appliances,14060.0,CARD
R111957,2026-09-05,Earphones,Accessories,423.0,CASH
R111958,2026-09-05,Microwave,Appliances,19630.0,CARD
R111959,2026-09-05,Mixer jar,Home Essentials,1120.0,CASH
R111960,2026-09-05,Jeans,Apparel,2240.0,CASH
R111961,2026-09-05,Earphones,Accessories,232.0,UPI_APP
R111962,2026-09-05,Tablet,Electronics,7580.0,UPI_QR
R111963,2026-09-05,Charger,Accessories,590.0,UPI_QR
R111964,2026-09-05,Sports shoes,Apparel,558.0,CARD
R111965,2026-09-05,Screen guard,Accessories,317.0,UPI_APP
R111966,2026-09-05,Power bank,Accessories,99.0,CARD
R111967,2026-09-05,Charger,Accessories,629.0,UPI_QR
R111968,2026-09-05,Bedsheet set,Home Essentials,403.0,UPI_QR
R111969,2026-09-05,Phone case,Accessories,688.0,CARD
R111970,2026-09-05,Cookware set,Home Essentials,599.0,CARD
R111971,2026-09-05,Cookware set,Home Essentials,598.0,UPI_QR
R111972,2026-09-05,Jeans,Apparel,1730.0,UPI_APP
R111973,2026-09-05,Washing machine,Appliances,31430.0,UPI_QR
R111974,2026-09-05,Kurta set,Apparel,679.0,UPI_QR
R111975,2026-09-05,Kurta set,Apparel,851.0,UPI_APP
R111976,2026-09-05,Screen guard,Accessories,660.0,CARD
R111977,2026-09-05,Screen guard,Accessories,323.0,CARD
R111978,2026-09-05,Earphones,Accessories,503.0,UPI_APP
R111979,2026-09-06,Curtains,Home Essentials,1130.0,UPI_QR
R111980,2026-09-06,Curtains,Home Essentials,683.0,CARD
R111981,2026-09-06,Jacket,Apparel,1030.0,CARD
R111982,2026-09-06,Sofa set,Furniture,17670.0,UPI_QR
R111983,2026-09-06,Gaming console,Electronics,14480.0,CASH
R111984,2026-09-06,Mixer jar,Home Essentials,1030.0,UPI_APP
R111985,2026-09-06,Sports shoes,Apparel,1250.0,UPI_QR
R111986,2026-09-06,Jacket,Apparel,1430.0,UPI_APP
R111987,2026-09-06,Refrigerator,Appliances,12130.0,CARD
R111988,2026-09-06,Phone case,Accessories,186.0,CARD
R111989,2026-09-06,Tablet,Electronics,125440.0,CARD
R111990,2026-09-06,Tablet,Electronics,15980.0,UPI_APP
R111991,2026-09-06,Sports shoes,Apparel,2400.0,UPI_QR
R111992,2026-09-06,Tablet,Electronics,11710.0,UPI_QR
R111993,2026-09-06,Earphones,Accessories,541.0,UPI_QR
R111994,2026-09-06,Formal shirt,Apparel,897.0,UPI_QR
R111995,2026-09-06,Earphones,Accessories,826.0,CARD
R111996,2026-09-06,Formal shirt,Apparel,1340.0,CASH
R111997,2026-09-06,Curtains,Home Essentials,486.0,UPI_QR
R111998,2026-09-06,Cookware set,Home Essentials,587.0,UPI_APP
R111999,2026-09-06,Tablet,Electronics,9580.0,UPI_QR
R112000,2026-09-06,Earphones,Accessories,474.0,UPI_QR
R112001,2026-09-06,Sports shoes,Apparel,1190.0,CASH
R112002,2026-09-06,Earphones,Accessories,826.0,CASH
R112003,2026-09-06,Jacket,Apparel,1920.0,CARD
R112004,2026-09-06,Jeans,Apparel,1570.0,UPI_QR
R112005,2026-09-06,Air conditioner,Appliances,13030.0,UPI_APP
R112006,2026-09-06,Formal shirt,Apparel,1460.0,UPI_APP
R112007,2026-09-06,Dining table,Furniture,6750.0,CARD
R112008,2026-09-06,Soundbar,Electronics,4480.0,CARD
R112009,2026-09-06,Earphones,Accessories,246.0,UPI_APP
R112010,2026-09-06,Jacket,Apparel,1510.0,CARD
R112011,2026-09-06,Curtains,Home Essentials,459.0,CASH
R112012,2026-09-06,Charger,Accessories,477.0,UPI_APP
R112013,2026-09-06,Refrigerator,Appliances,18300.0,UPI_QR
R112014,2026-09-06,Washing machine,Appliances,47350.0,CARD
R112015,2026-09-06,Bed frame,Furniture,9900.0,UPI_QR
R112016,2026-09-06,Curtains,Home Essentials,1150.0,UPI_QR
R112017,2026-09-06,Sofa set,Furniture,18660.0,CARD
R112018,2026-09-06,Tablet,Electronics,42120.0,UPI_APP
R112019,2026-09-06,Screen guard,Accessories,383.0,CARD
R112020,2026-09-06,Screen guard,Accessories,327.0,CARD
R112021,2026-09-06,Screen guard,Accessories,254.0,UPI_QR
R112022,2026-09-06,Laptop,Electronics,16810.0,UPI_APP
R112023,2026-09-06,Sports shoes,Apparel,3810.0,UPI_QR
R112024,2026-09-06,Cookware set,Home Essentials,922.0,UPI_QR
R112025,2026-09-06,Sofa set,Furniture,20310.0,CARD
R112026,2026-09-06,Washing machine,Appliances,36970.0,CARD
R112027,2026-09-06,Cookware set,Home Essentials,1020.0,UPI_QR
R112028,2026-09-06,Laptop,Electronics,5400.0,CARD
R112029,2026-09-07,Tablet,Electronics,30980.0,CARD
R112030,2026-09-07,Smart TV 43in,Electronics,18400.0,UPI_QR
R112031,2026-09-07,Charger,Accessories,750.0,UPI_QR
R112032,2026-09-07,Jeans,Apparel,2040.0,CARD
R112033,2026-09-07,Smart TV 43in,Electronics,3220.0,UPI_QR
R112034,2026-09-07,Earphones,Accessories,677.0,CASH
R112035,2026-09-07,Tablet,Electronics,19850.0,CARD
R112036,2026-09-07,Earphones,Accessories,321.0,UPI_APP
R112037,2026-09-07,Jacket,Apparel,1770.0,CARD
R112038,2026-09-07,Bedsheet set,Home Essentials,794.0,UPI_QR
R112039,2026-09-07,Water purifier,Appliances,30300.0,UPI_QR
R112040,2026-09-07,Power bank,Accessories,685.0,UPI_APP
R112041,2026-09-07,Power bank,Accessories,99.0,UPI_QR
R112042,2026-09-07,Phone case,Accessories,571.0,UPI_QR
R112043,2026-09-07,Bedsheet set,Home Essentials,564.0,UPI_QR
R112044,2026-09-07,Power bank,Accessories,284.0,UPI_APP
R112045,2026-09-07,Sports shoes,Apparel,1860.0,CASH
R112046,2026-09-07,Jeans,Apparel,768.0,UPI_APP
R112047,2026-09-07,Jeans,Apparel,1580.0,CARD
R112048,2026-09-07,Earphones,Accessories,259.0,UPI_APP
R112049,2026-09-07,Bedsheet set,Home Essentials,431.0,CARD
R112050,2026-09-07,Phone case,Accessories,507.0,UPI_QR
R112051,2026-09-07,Dining table,Furniture,19110.0,CARD
R112052,2026-09-07,Phone case,Accessories,245.0,CASH
R112053,2026-09-07,Earphones,Accessories,1030.0,CARD
R112054,2026-09-07,Screen guard,Accessories,229.0,UPI_APP
R112055,2026-09-07,Air conditioner,Appliances,7420.0,UPI_QR
R112056,2026-09-07,Earphones,Accessories,219.0,UPI_QR
R112057,2026-09-07,Earphones,Accessories,316.0,CASH
R112058,2026-09-07,Storage box,Home Essentials,764.0,CARD
R112059,2026-09-08,Dining table,Furniture,19940.0,CASH
R112060,2026-09-08,Earphones,Accessories,432.0,UPI_QR
R112061,2026-09-08,Mixer jar,Home Essentials,398.0,UPI_APP
R112062,2026-09-08,Earphones,Accessories,272.0,UPI_APP
R112063,2026-09-08,Sports shoes,Apparel,1130.0,CASH
R112064,2026-09-08,Jeans,Apparel,1820.0,UPI_QR
R112065,2026-09-08,Tablet,Electronics,24260.0,UPI_APP
R112066,2026-09-08,Earphones,Accessories,360.0,CARD
R112067,2026-09-08,Jeans,Apparel,1360.0,CARD
R112068,2026-09-08,Curtains,Home Essentials,975.0,UPI_QR
R112069,2026-09-08,Screen guard,Accessories,585.0,CARD
R112070,2026-09-08,Phone case,Accessories,269.0,CASH
R112071,2026-09-08,Mixer jar,Home Essentials,890.0,CARD
R112072,2026-09-08,Formal shirt,Apparel,1150.0,UPI_QR
R112073,2026-09-08,Jacket,Apparel,1550.0,UPI_QR
R112074,2026-09-08,Washing machine,Appliances,45570.0,UPI_QR
R112075,2026-09-08,Earphones,Accessories,281.0,CARD
R112076,2026-09-08,Sofa set,Furniture,11220.0,UPI_APP
R112077,2026-09-08,Jeans,Apparel,999.0,UPI_QR
R112078,2026-09-08,Phone case,Accessories,403.0,UPI_QR
R112079,2026-09-08,Smartphone B,Mobiles,21370.0,CARD
R112080,2026-09-08,Microwave,Appliances,26850.0,UPI_QR
R112081,2026-09-08,Microwave,Appliances,38020.0,UPI_QR
R112082,2026-09-08,Dining table,Furniture,28910.0,UPI_APP
R112083,2026-09-08,Power bank,Accessories,337.0,UPI_APP
R112084,2026-09-09,Charger,Accessories,525.0,CARD
R112085,2026-09-09,Smartphone C,Mobiles,46290.0,CARD
R112086,2026-09-09,Formal shirt,Apparel,1190.0,UPI_QR
R112087,2026-09-09,Earphones,Accessories,311.0,CARD
R112088,2026-09-09,Jacket,Apparel,1260.0,UPI_APP
R112089,2026-09-09,Gaming console,Electronics,11490.0,UPI_APP
R112090,2026-09-09,Cookware set,Home Essentials,318.0,UPI_QR
R112091,2026-09-09,Kurta set,Apparel,2920.0,UPI_QR
R112092,2026-09-09,Curtains,Home Essentials,393.0,UPI_QR
R112093,2026-09-09,Formal shirt,Apparel,2390.0,UPI_QR
R112094,2026-09-09,Gaming console,Electronics,11910.0,CARD
R112095,2026-09-09,Sports shoes,Apparel,1590.0,CASH
R112096,2026-09-09,Storage box,Home Essentials,885.0,UPI_QR
R112097,2026-09-09,Formal shirt,Apparel,1780.0,CASH
R112098,2026-09-09,Jeans,Apparel,4440.0,CARD
R112099,2026-09-09,Bedsheet set,Home Essentials,465.0,CARD
R112100,2026-09-09,Curtains,Home Essentials,739.0,UPI_QR
R112101,2026-09-09,Kurta set,Apparel,2650.0,CARD
R112102,2026-09-09,Formal shirt,Apparel,2600.0,UPI_APP
R112103,2026-09-09,Charger,Accessories,484.0,CASH
R112104,2026-09-10,Charger,Accessories,937.0,CARD
R112105,2026-09-10,Curtains,Home Essentials,829.0,CARD
R112106,2026-09-10,Kurta set,Apparel,1140.0,UPI_QR
R112107,2026-09-10,Refrigerator,Appliances,36740.0,CARD
R112108,2026-09-10,Gaming console,Electronics,20540.0,UPI_QR
R112109,2026-09-10,Jacket,Apparel,1890.0,CARD
R112110,2026-09-10,Power bank,Accessories,479.0,CASH
R112111,2026-09-10,Tablet,Electronics,43410.0,CARD
R112112,2026-09-10,Cookware set,Home Essentials,429.0,CARD
R112113,2026-09-10,Charger,Accessories,231.0,CARD
R112114,2026-09-10,Sofa set,Furniture,20530.0,CARD
R112115,2026-09-10,Kurta set,Apparel,713.0,UPI_APP
R112116,2026-09-10,Charger,Accessories,523.0,UPI_QR
R112117,2026-09-10,Power bank,Accessories,289.0,CASH
R112118,2026-09-10,Smart TV 43in,Electronics,24380.0,UPI_QR
R112119,2026-09-10,Screen guard,Accessories,922.0,UPI_APP
R112120,2026-09-10,Jacket,Apparel,1060.0,UPI_QR
R112121,2026-09-10,Power bank,Accessories,186.0,UPI_QR
R112122,2026-09-10,Air conditioner,Appliances,14830.0,UPI_APP
R112123,2026-09-10,Mixer jar,Home Essentials,928.0,UPI_QR
R112124,2026-09-10,Power bank,Accessories,402.0,UPI_QR
R112125,2026-09-10,Sports shoes,Apparel,4240.0,CARD
R112126,2026-09-10,Jeans,Apparel,1490.0,UPI_APP
R112127,2026-09-10,Jeans,Apparel,1280.0,UPI_QR
R112128,2026-09-10,Bedsheet set,Home Essentials,383.0,UPI_QR
R112129,2026-09-10,Sports shoes,Apparel,1690.0,UPI_QR
R112130,2026-09-10,Sports shoes,Apparel,2920.0,UPI_QR
R112131,2026-09-10,Air conditioner,Appliances,15740.0,UPI_QR
R112132,2026-09-10,Wardrobe,Furniture,21840.0,CASH
R112133,2026-09-10,Screen guard,Accessories,334.0,UPI_QR
R112134,2026-09-10,Laptop,Electronics,18400.0,UPI_APP
R112135,2026-09-11,Bed frame,Furniture,7160.0,UPI_QR
R112136,2026-09-11,Gaming console,Electronics,4240.0,UPI_QR
R112137,2026-09-11,Laptop,Electronics,41940.0,CARD
R112138,2026-09-11,Bedsheet set,Home Essentials,376.0,UPI_QR
R112139,2026-09-11,Tablet,Electronics,9500.0,UPI_QR
R112140,2026-09-11,Bedsheet set,Home Essentials,724.0,UPI_APP
R112141,2026-09-11,Charger,Accessories,402.0,UPI_QR
R112142,2026-09-11,Phone case,Accessories,887.0,CARD
R112143,2026-09-11,Screen guard,Accessories,251.0,UPI_APP
R112144,2026-09-11,Charger,Accessories,218.0,UPI_QR
R112145,2026-09-11,Bedsheet set,Home Essentials,2160.0,UPI_QR
R112146,2026-09-11,Jacket,Apparel,548.0,UPI_QR
R112147,2026-09-11,Refrigerator,Appliances,36860.0,CARD
R112148,2026-09-11,Storage box,Home Essentials,764.0,CARD
R112149,2026-09-11,Cookware set,Home Essentials,494.0,UPI_QR
R112150,2026-09-11,Sports shoes,Apparel,792.0,UPI_QR
R112151,2026-09-11,Formal shirt,Apparel,2780.0,UPI_QR
R112152,2026-09-11,Tablet,Electronics,20790.0,CARD
R112153,2026-09-11,Power bank,Accessories,318.0,UPI_APP
R112154,2026-09-11,Cookware set,Home Essentials,964.0,CARD
R112155,2026-09-11,Microwave,Appliances,13260.0,CARD
R112156,2026-09-11,Formal shirt,Apparel,2140.0,UPI_APP
R112157,2026-09-12,Jacket,Apparel,2870.0,CASH
R112158,2026-09-12,Bedsheet set,Home Essentials,895.0,UPI_APP
R112159,2026-09-12,Power bank,Accessories,530.0,UPI_QR
R112160,2026-09-12,Phone case,Accessories,410.0,CASH
R112161,2026-09-12,Earphones,Accessories,636.0,UPI_QR
R112162,2026-09-12,Formal shirt,Apparel,2230.0,UPI_APP
R112163,2026-09-12,Office chair,Furniture,11160.0,UPI_APP
R112164,2026-09-12,Charger,Accessories,265.0,CARD
R112165,2026-09-12,Microwave,Appliances,23160.0,CARD
R112166,2026-09-12,Screen guard,Accessories,582.0,CARD
R112167,2026-09-12,Earphones,Accessories,515.0,CARD
R112168,2026-09-12,Cookware set,Home Essentials,522.0,CARD
R112169,2026-09-12,Charger,Accessories,236.0,UPI_QR
R112170,2026-09-12,Charger,Accessories,1150.0,UPI_APP
R112171,2026-09-12,Power bank,Accessories,384.0,CARD
R112172,2026-09-12,Water purifier,Appliances,13740.0,CASH
R112173,2026-09-12,Kurta set,Apparel,1060.0,UPI_APP
R112174,2026-09-12,Screen guard,Accessories,791.0,CASH
R112175,2026-09-12,Jeans,Apparel,627.0,CARD
R112176,2026-09-12,Smartphone A,Mobiles,36760.0,UPI_APP
R112177,2026-09-12,Refrigerator,Appliances,21910.0,CARD
R112178,2026-09-12,Charger,Accessories,566.0,CASH
R112179,2026-09-12,Bed frame,Furniture,7020.0,UPI_APP
R112180,2026-09-12,Jeans,Apparel,814.0,UPI_QR
R112181,2026-09-12,Power bank,Accessories,184.0,UPI_QR
R112182,2026-09-12,Jacket,Apparel,927.0,CASH
R112183,2026-09-12,Storage box,Home Essentials,1410.0,CASH
R112184,2026-09-12,Power bank,Accessories,493.0,CARD
R112185,2026-09-12,Refrigerator,Appliances,14590.0,CASH
R112186,2026-09-12,Earphones,Accessories,373.0,UPI_QR
R112187,2026-09-12,Microwave,Appliances,27270.0,CARD
R112188,2026-09-12,Curtains,Home Essentials,748.0,CARD
R112189,2026-09-12,Curtains,Home Essentials,522.0,UPI_QR
R112190,2026-09-12,Bedsheet set,Home Essentials,1090.0,CASH
R112191,2026-09-12,Formal shirt,Apparel,1180.0,UPI_QR
R112192,2026-09-12,Jeans,Apparel,2130.0,UPI_APP
R112193,2026-09-12,Storage box,Home Essentials,508.0,UPI_QR
R112194,2026-09-12,Phone case,Accessories,273.0,UPI_QR
R112195,2026-09-12,Cookware set,Home Essentials,759.0,UPI_APP
R112196,2026-09-12,Tablet,Electronics,19350.0,UPI_QR
R112197,2026-09-12,Smartphone B,Mobiles,23770.0,CARD
R112198,2026-09-12,Kurta set,Apparel,804.0,CARD
R112199,2026-09-12,Laptop,Electronics,29640.0,UPI_QR
R112200,2026-09-12,Smart TV 43in,Electronics,36690.0,CARD
R112201,2026-09-12,Microwave,Appliances,23750.0,UPI_QR
R112202,2026-09-12,Screen guard,Accessories,313.0,CARD
R112203,2026-09-12,Mixer jar,Home Essentials,620.0,UPI_QR
R112204,2026-09-12,Smart TV 43in,Electronics,27610.0,UPI_QR
R112205,2026-09-12,Phone case,Accessories,606.0,UPI_APP
R112206,2026-09-12,Earphones,Accessories,1690.0,CARD
R112207,2026-09-13,Smartphone C,Mobiles,9330.0,UPI_QR
R112208,2026-09-13,Water purifier,Appliances,16360.0,CARD
R112209,2026-09-13,Dining table,Furniture,3710.0,UPI_QR
R112210,2026-09-13,Sports shoes,Apparel,1320.0,CARD
R112211,2026-09-13,Storage box,Home Essentials,1170.0,UPI_QR
R112212,2026-09-13,Charger,Accessories,784.0,CARD
R112213,2026-09-13,Screen guard,Accessories,391.0,UPI_QR
R112214,2026-09-13,Jeans,Apparel,793.0,UPI_QR
R112215,2026-09-13,Storage box,Home Essentials,951.0,CASH
R112216,2026-09-13,Screen guard,Accessories,150.0,UPI_QR
R112217,2026-09-13,Phone case,Accessories,189.0,CARD
R112218,2026-09-13,Earphones,Accessories,264.0,CARD
R112219,2026-09-13,Kurta set,Apparel,933.0,CARD
R112220,2026-09-13,Curtains,Home Essentials,721.0,UPI_APP
R112221,2026-09-13,Earphones,Accessories,623.0,UPI_QR
R112222,2026-09-13,Charger,Accessories,714.0,UPI_APP
R112223,2026-09-13,Power bank,Accessories,197.0,UPI_APP
R112224,2026-09-13,Refrigerator,Appliances,20060.0,UPI_QR
R112225,2026-09-13,Charger,Accessories,193.0,UPI_QR
R112226,2026-09-13,Sofa set,Furniture,32200.0,CARD
R112227,2026-09-13,Charger,Accessories,981.0,CASH
R112228,2026-09-13,Laptop,Electronics,1640.0,UPI_QR
R112229,2026-09-13,Earphones,Accessories,479.0,UPI_APP
R112230,2026-09-13,Kurta set,Apparel,1430.0,UPI_APP
R112231,2026-09-13,Charger,Accessories,432.0,CARD
R112232,2026-09-13,Washing machine,Appliances,14530.0,CASH
R112233,2026-09-13,Jacket,Apparel,1390.0,UPI_APP
R112234,2026-09-13,Mixer jar,Home Essentials,658.0,UPI_QR
R112235,2026-09-13,Formal shirt,Apparel,1000.0,UPI_QR
R112236,2026-09-13,Laptop,Electronics,15090.0,UPI_APP
R112237,2026-09-13,Tablet,Electronics,8760.0,UPI_QR
R112238,2026-09-13,Smart TV 43in,Electronics,11530.0,UPI_QR
R112239,2026-09-13,Microwave,Appliances,10670.0,CARD
R112240,2026-09-13,Jeans,Apparel,2470.0,UPI_QR
R112241,2026-09-13,Mixer jar,Home Essentials,1250.0,CARD
R112242,2026-09-13,Cookware set,Home Essentials,680.0,UPI_QR
R112243,2026-09-13,Phone case,Accessories,648.0,CARD
R112244,2026-09-13,Sofa set,Furniture,32660.0,CARD
R112245,2026-09-13,Sports shoes,Apparel,1920.0,UPI_APP
R112246,2026-09-13,Storage box,Home Essentials,812.0,CARD
R112247,2026-09-13,Earphones,Accessories,308.0,UPI_QR
R112248,2026-09-13,Gaming console,Electronics,7600.0,UPI_QR
R112249,2026-09-13,Formal shirt,Apparel,1800.0,UPI_QR
R112250,2026-09-13,Power bank,Accessories,368.0,UPI_QR
R112251,2026-09-14,Jeans,Apparel,2340.0,UPI_QR
R112252,2026-09-14,Charger,Accessories,776.0,UPI_QR
R112253,2026-09-14,Gaming console,Electronics,3740.0,UPI_QR
R112254,2026-09-14,Smart TV 43in,Electronics,26630.0,UPI_QR
R112255,2026-09-14,Jacket,Apparel,2300.0,UPI_QR
R112256,2026-09-14,Screen guard,Accessories,393.0,UPI_APP
R112257,2026-09-14,Refrigerator,Appliances,5950.0,UPI_QR
R112258,2026-09-14,Phone case,Accessories,526.0,UPI_QR
R112259,2026-09-14,Formal shirt,Apparel,1050.0,CASH
R112260,2026-09-14,Phone case,Accessories,265.0,UPI_QR
R112261,2026-09-14,Soundbar,Electronics,3220.0,UPI_APP
R112262,2026-09-14,Phone case,Accessories,338.0,UPI_QR
R112263,2026-09-14,Storage box,Home Essentials,941.0,UPI_QR
R112264,2026-09-14,Formal shirt,Apparel,531.0,UPI_APP
R112265,2026-09-14,Gaming console,Electronics,17330.0,UPI_APP
R112266,2026-09-14,Curtains,Home Essentials,714.0,UPI_APP
R112267,2026-09-14,Earphones,Accessories,542.0,CARD
R112268,2026-09-14,Tablet,Electronics,7080.0,UPI_QR
R112269,2026-09-14,Sports shoes,Apparel,799.0,UPI_QR
R112270,2026-09-14,Charger,Accessories,402.0,CARD
R112271,2026-09-14,Laptop,Electronics,26230.0,UPI_QR
R112272,2026-09-14,Office chair,Furniture,15590.0,CARD
R112273,2026-09-14,Formal shirt,Apparel,2820.0,UPI_QR
R112274,2026-09-14,Wardrobe,Furniture,10530.0,CARD
R112275,2026-09-14,Charger,Accessories,326.0,UPI_APP
R112276,2026-09-14,Smart TV 43in,Electronics,23210.0,UPI_QR
R112277,2026-09-14,Charger,Accessories,620.0,UPI_QR
R112278,2026-09-14,Storage box,Home Essentials,1070.0,CASH
R112279,2026-09-14,Screen guard,Accessories,1390.0,CARD
R112280,2026-09-14,Gaming console,Electronics,24370.0,UPI_APP
R112281,2026-09-14,Power bank,Accessories,272.0,UPI_APP
R112282,2026-09-15,Gaming console,Electronics,40470.0,CARD
R112283,2026-09-15,Charger,Accessories,214.0,UPI_APP
R112284,2026-09-15,Power bank,Accessories,163.0,CASH
R112285,2026-09-15,Bed frame,Furniture,24460.0,UPI_APP
R112286,2026-09-15,Soundbar,Electronics,13610.0,UPI_APP
R112287,2026-09-15,Storage box,Home Essentials,438.0,CASH
R112288,2026-09-15,Cookware set,Home Essentials,1030.0,UPI_QR
R112289,2026-09-15,Formal shirt,Apparel,1080.0,CARD
R112290,2026-09-15,Cookware set,Home Essentials,1120.0,UPI_QR
R112291,2026-09-15,Refrigerator,Appliances,20640.0,CARD
R112292,2026-09-15,Screen guard,Accessories,460.0,UPI_APP
R112293,2026-09-15,Curtains,Home Essentials,1530.0,CARD
R112294,2026-09-15,Kurta set,Apparel,1760.0,CARD
R112295,2026-09-15,Cookware set,Home Essentials,1210.0,UPI_QR
R112296,2026-09-15,Foldable phone,Mobiles,9450.0,UPI_APP
R112297,2026-09-15,Sofa set,Furniture,32370.0,CARD
R112298,2026-09-15,Bedsheet set,Home Essentials,433.0,CASH
R112299,2026-09-15,Power bank,Accessories,556.0,UPI_QR
R112300,2026-09-15,Smartphone C,Mobiles,22200.0,CARD
R112301,2026-09-15,Screen guard,Accessories,242.0,CARD
R112302,2026-09-15,Jacket,Apparel,3800.0,CARD
R112303,2026-09-15,Dining table,Furniture,20510.0,UPI_QR
R112304,2026-09-15,Kurta set,Apparel,2160.0,UPI_QR
R112305,2026-09-15,Jeans,Apparel,1760.0,UPI_QR
R112306,2026-09-15,Office chair,Furniture,16020.0,UPI_QR
R112307,2026-09-15,Jacket,Apparel,573.0,UPI_APP
R112308,2026-09-15,Sports shoes,Apparel,916.0,UPI_QR
R112309,2026-09-16,Earphones,Accessories,275.0,CARD
R112310,2026-09-16,Sports shoes,Apparel,1320.0,CASH
R112311,2026-09-16,Jacket,Apparel,1560.0,UPI_APP
R112312,2026-09-16,Phone case,Accessories,562.0,CARD
R112313,2026-09-16,Charger,Accessories,229.0,UPI_QR
R112314,2026-09-16,Earphones,Accessories,1770.0,UPI_APP
R112315,2026-09-16,Cookware set,Home Essentials,480.0,UPI_QR
R112316,2026-09-16,Charger,Accessories,1250.0,UPI_QR
R112317,2026-09-16,Phone case,Accessories,104.0,CASH
R112318,2026-09-16,Screen guard,Accessories,214.0,UPI_QR
R112319,2026-09-16,Kurta set,Apparel,1480.0,UPI_QR
R112320,2026-09-16,Jacket,Apparel,2940.0,UPI_APP
R112321,2026-09-16,Bed frame,Furniture,14090.0,CASH
R112322,2026-09-16,Microwave,Appliances,11140.0,UPI_QR
R112323,2026-09-16,Microwave,Appliances,15950.0,CARD
R112324,2026-09-16,Power bank,Accessories,544.0,CASH
R112325,2026-09-16,Power bank,Accessories,234.0,UPI_APP
R112326,2026-09-16,Curtains,Home Essentials,2220.0,CARD
R112327,2026-09-16,Refrigerator,Appliances,16270.0,UPI_QR
R112328,2026-09-16,Mixer jar,Home Essentials,874.0,CARD
R112329,2026-09-16,Jeans,Apparel,994.0,CARD
R112330,2026-09-16,Microwave,Appliances,29900.0,CARD
R112331,2026-09-16,Kurta set,Apparel,944.0,UPI_APP
R112332,2026-09-16,Power bank,Accessories,835.0,UPI_QR
R112333,2026-09-16,Tablet,Electronics,5410.0,UPI_APP
R112334,2026-09-16,Mixer jar,Home Essentials,781.0,UPI_APP
R112335,2026-09-16,Cookware set,Home Essentials,409.0,UPI_QR
R112336,2026-09-16,Formal shirt,Apparel,969.0,UPI_QR
R112337,2026-09-16,Curtains,Home Essentials,771.0,CARD
R112338,2026-09-16,Mixer jar,Home Essentials,869.0,UPI_QR
R112339,2026-09-16,Charger,Accessories,200.0,UPI_QR
R112340,2026-09-17,Formal shirt,Apparel,1060.0,UPI_APP
R112341,2026-09-17,Kurta set,Apparel,4600.0,CARD
R112342,2026-09-17,Laptop,Electronics,38120.0,CARD
R112343,2026-09-17,Curtains,Home Essentials,543.0,UPI_APP
R112344,2026-09-17,Curtains,Home Essentials,518.0,UPI_QR
R112345,2026-09-17,Earphones,Accessories,1490.0,UPI_QR
R112346,2026-09-17,Cookware set,Home Essentials,635.0,UPI_QR
R112347,2026-09-17,Phone case,Accessories,913.0,UPI_QR
R112348,2026-09-17,Soundbar,Electronics,19340.0,UPI_APP
R112349,2026-09-17,Cookware set,Home Essentials,1600.0,CASH
R112350,2026-09-17,Phone case,Accessories,586.0,CARD
R112351,2026-09-17,Cookware set,Home Essentials,612.0,CARD
R112352,2026-09-17,Soundbar,Electronics,20470.0,UPI_QR
R112353,2026-09-17,Power bank,Accessories,514.0,UPI_QR
R112354,2026-09-17,Smartphone C,Mobiles,22660.0,CARD
R112355,2026-09-17,Curtains,Home Essentials,841.0,CARD
R112356,2026-09-17,Storage box,Home Essentials,420.0,UPI_QR
R112357,2026-09-17,Jacket,Apparel,1260.0,UPI_QR
R112358,2026-09-17,Bedsheet set,Home Essentials,519.0,UPI_APP
R112359,2026-09-17,Jeans,Apparel,1190.0,CARD
R112360,2026-09-17,Laptop,Electronics,7860.0,UPI_QR
R112361,2026-09-17,Phone case,Accessories,458.0,UPI_QR
R112362,2026-09-17,Smartphone A,Mobiles,17780.0,CASH
R112363,2026-09-17,Storage box,Home Essentials,688.0,UPI_QR
R112364,2026-09-17,Jeans,Apparel,1050.0,CARD
R112365,2026-09-17,Cookware set,Home Essentials,1350.0,UPI_QR
R112366,2026-09-17,Tablet,Electronics,6820.0,CARD
R112367,2026-09-17,Kurta set,Apparel,2500.0,CARD
R112368,2026-09-17,Bedsheet set,Home Essentials,525.0,UPI_QR
R112369,2026-09-17,Earphones,Accessories,185.0,UPI_QR
R112370,2026-09-17,Curtains,Home Essentials,498.0,UPI_QR
R112371,2026-09-18,Smartphone C,Mobiles,13400.0,UPI_APP
R112372,2026-09-18,Power bank,Accessories,423.0,CARD
R112373,2026-09-18,Phone case,Accessories,428.0,CARD
R112374,2026-09-18,Refrigerator,Appliances,12130.0,UPI_QR
R112375,2026-09-18,Phone case,Accessories,349.0,CARD
R112376,2026-09-18,Jeans,Apparel,551.0,CASH
R112377,2026-09-18,Jeans,Apparel,1690.0,UPI_APP
R112378,2026-09-18,Power bank,Accessories,386.0,UPI_APP
R112379,2026-09-18,Earphones,Accessories,162.0,UPI_QR
R112380,2026-09-18,Jeans,Apparel,729.0,CARD
R112381,2026-09-18,Office chair,Furniture,11310.0,UPI_APP
R112382,2026-09-18,Dining table,Furniture,47550.0,CARD
R112383,2026-09-18,Jacket,Apparel,1590.0,CARD
R112384,2026-09-18,Office chair,Furniture,33940.0,CARD
R112385,2026-09-18,Charger,Accessories,663.0,CARD
R112386,2026-09-18,Jeans,Apparel,550.0,UPI_APP
R112387,2026-09-18,Earphones,Accessories,1190.0,UPI_QR
R112388,2026-09-18,Earphones,Accessories,489.0,UPI_QR
R112389,2026-09-18,Laptop,Electronics,2490.0,UPI_QR
R112390,2026-09-18,Washing machine,Appliances,25880.0,CARD
R112391,2026-09-18,Bedsheet set,Home Essentials,495.0,UPI_QR
R112392,2026-09-18,Kurta set,Apparel,1530.0,CARD
R112393,2026-09-19,Sports shoes,Apparel,1830.0,CARD
R112394,2026-09-19,Tablet,Electronics,7760.0,UPI_QR
R112395,2026-09-19,Gaming console,Electronics,28980.0,CASH
R112396,2026-09-19,Sofa set,Furniture,8060.0,UPI_APP
R112397,2026-09-19,Office chair,Furniture,6250.0,UPI_QR
R112398,2026-09-19,Sports shoes,Apparel,1670.0,UPI_APP
R112399,2026-09-19,Screen guard,Accessories,174.0,UPI_QR
R112400,2026-09-19,Wardrobe,Furniture,7830.0,UPI_APP
R112401,2026-09-19,Sports shoes,Apparel,2990.0,UPI_APP
R112402,2026-09-19,Power bank,Accessories,542.0,UPI_QR
R112403,2026-09-19,Storage box,Home Essentials,304.0,UPI_APP
R112404,2026-09-19,Gaming console,Electronics,69690.0,UPI_APP
R112405,2026-09-19,Washing machine,Appliances,20540.0,UPI_APP
R112406,2026-09-19,Phone case,Accessories,861.0,CARD
R112407,2026-09-19,Sports shoes,Apparel,1380.0,UPI_APP
R112408,2026-09-19,Storage box,Home Essentials,919.0,UPI_QR
R112409,2026-09-19,Jeans,Apparel,1440.0,CASH
R112410,2026-09-19,Air conditioner,Appliances,13210.0,CASH
R112411,2026-09-19,Kurta set,Apparel,911.0,UPI_QR
R112412,2026-09-19,Power bank,Accessories,691.0,UPI_QR
R112413,2026-09-19,Earphones,Accessories,277.0,UPI_QR
R112414,2026-09-19,Washing machine,Appliances,44360.0,UPI_QR
R112415,2026-09-19,Jacket,Apparel,1280.0,CARD
R112416,2026-09-19,Wardrobe,Furniture,34580.0,UPI_QR
R112417,2026-09-19,Kurta set,Apparel,1050.0,UPI_QR
R112418,2026-09-19,Laptop,Electronics,37260.0,UPI_APP
R112419,2026-09-19,Phone case,Accessories,561.0,CASH
R112420,2026-09-19,Office chair,Furniture,37330.0,CARD
R112421,2026-09-19,Curtains,Home Essentials,437.0,UPI_QR
R112422,2026-09-19,Kurta set,Apparel,1750.0,CARD
R112423,2026-09-19,Earphones,Accessories,580.0,CASH
R112424,2026-09-19,Smartphone A,Mobiles,35240.0,UPI_QR
R112425,2026-09-19,Refrigerator,Appliances,67610.0,CARD
R112426,2026-09-19,Air conditioner,Appliances,42290.0,UPI_QR
R112427,2026-09-19,Formal shirt,Apparel,1820.0,UPI_QR
R112428,2026-09-19,Jeans,Apparel,1580.0,UPI_QR
R112429,2026-09-19,Air conditioner,Appliances,42280.0,UPI_APP
R112430,2026-09-19,Power bank,Accessories,454.0,UPI_QR
R112431,2026-09-19,Soundbar,Electronics,12780.0,UPI_APP
R112432,2026-09-19,Jeans,Apparel,499.0,UPI_QR
R112433,2026-09-19,Laptop,Electronics,35550.0,CARD
R112434,2026-09-19,Mixer jar,Home Essentials,475.0,CARD
R112435,2026-09-19,Smartphone C,Mobiles,15670.0,CARD
R112436,2026-09-20,Storage box,Home Essentials,820.0,CASH
R112437,2026-09-20,Smartphone B,Mobiles,26810.0,CARD
R112438,2026-09-20,Office chair,Furniture,9580.0,CARD
R112439,2026-09-20,Foldable phone,Mobiles,11850.0,UPI_QR
R112440,2026-09-20,Sports shoes,Apparel,4210.0,CARD
R112441,2026-09-20,Earphones,Accessories,514.0,CARD
R112442,2026-09-20,Charger,Accessories,361.0,CARD
R112443,2026-09-20,Jeans,Apparel,1920.0,CASH
R112444,2026-09-20,Curtains,Home Essentials,524.0,CARD
R112445,2026-09-20,Jeans,Apparel,304.0,UPI_QR
R112446,2026-09-20,Tablet,Electronics,12270.0,UPI_QR
R112447,2026-09-20,Smartphone A,Mobiles,13110.0,UPI_APP
R112448,2026-09-20,Formal shirt,Apparel,1290.0,UPI_QR
R112449,2026-09-20,Bedsheet set,Home Essentials,829.0,CARD
R112450,2026-09-20,Smartphone A,Mobiles,28170.0,UPI_QR
R112451,2026-09-20,Kurta set,Apparel,1970.0,CARD
R112452,2026-09-20,Formal shirt,Apparel,3620.0,UPI_QR
R112453,2026-09-20,Formal shirt,Apparel,1190.0,UPI_QR
R112454,2026-09-20,Storage box,Home Essentials,767.0,UPI_APP
R112455,2026-09-20,Laptop,Electronics,7770.0,UPI_QR
R112456,2026-09-20,Earphones,Accessories,948.0,UPI_QR
R112457,2026-09-20,Cookware set,Home Essentials,629.0,UPI_QR
R112458,2026-09-20,Air conditioner,Appliances,38940.0,CARD
R112459,2026-09-20,Cookware set,Home Essentials,495.0,UPI_QR
R112460,2026-09-20,Charger,Accessories,378.0,UPI_QR
R112461,2026-09-20,Sports shoes,Apparel,1800.0,CARD
R112462,2026-09-20,Soundbar,Electronics,7760.0,CARD
R112463,2026-09-20,Earphones,Accessories,419.0,UPI_APP
R112464,2026-09-20,Jacket,Apparel,1180.0,CARD
R112465,2026-09-20,Screen guard,Accessories,188.0,CASH
R112466,2026-09-20,Laptop,Electronics,13260.0,UPI_QR
R112467,2026-09-20,Power bank,Accessories,467.0,UPI_QR
R112468,2026-09-20,Earphones,Accessories,498.0,UPI_APP
R112469,2026-09-20,Power bank,Accessories,913.0,CARD
R112470,2026-09-20,Laptop,Electronics,2530.0,UPI_QR
R112471,2026-09-20,Earphones,Accessories,943.0,UPI_APP
R112472,2026-09-20,Jacket,Apparel,1750.0,CASH
R112473,2026-09-20,Laptop,Electronics,5880.0,UPI_QR
R112474,2026-09-20,Laptop,Electronics,3060.0,UPI_QR
R112475,2026-09-21,Soundbar,Electronics,4670.0,UPI_QR
R112476,2026-09-21,Water purifier,Appliances,12640.0,UPI_QR
R112477,2026-09-21,Phone case,Accessories,1040.0,CASH
R112478,2026-09-21,Phone case,Accessories,439.0,UPI_QR
R112479,2026-09-21,Jeans,Apparel,1060.0,UPI_APP
R112480,2026-09-21,Jacket,Apparel,895.0,CARD
R112481,2026-09-21,Jeans,Apparel,840.0,CARD
R112482,2026-09-21,Screen guard,Accessories,564.0,UPI_APP
R112483,2026-09-21,Phone case,Accessories,674.0,UPI_APP
R112484,2026-09-21,Office chair,Furniture,11770.0,CARD
R112485,2026-09-21,Jeans,Apparel,1580.0,CARD
R112486,2026-09-21,Storage box,Home Essentials,1020.0,CARD
R112487,2026-09-21,Wardrobe,Furniture,11710.0,UPI_QR
R112488,2026-09-21,Phone case,Accessories,438.0,CARD
R112489,2026-09-21,Smartphone C,Mobiles,13650.0,UPI_APP
R112490,2026-09-21,Curtains,Home Essentials,419.0,UPI_QR
R112491,2026-09-21,Storage box,Home Essentials,798.0,UPI_QR
R112492,2026-09-21,Phone case,Accessories,410.0,CARD
R112493,2026-09-21,Cookware set,Home Essentials,1000.0,CARD
R112494,2026-09-21,Kurta set,Apparel,531.0,CASH
R112495,2026-09-21,Screen guard,Accessories,175.0,CARD
R112496,2026-09-21,Earphones,Accessories,140.0,CASH
R112497,2026-09-21,Formal shirt,Apparel,696.0,UPI_QR
R112498,2026-09-21,Storage box,Home Essentials,445.0,UPI_APP
R112499,2026-09-21,Sports shoes,Apparel,1210.0,UPI_APP
