transaction_id,date,product,category,amount,payment_method
I700000,2025-09-22,Flexi Cap Fund SIP,Mutual Fund SIP,6810.0,UPI_AUTOPAY
I700001,2025-09-22,Flexi Cap Fund SIP,Mutual Fund SIP,11440.0,UPI_AUTOPAY
I700002,2025-09-22,Small Cap Fund SIP,Mutual Fund SIP,3800.0,UPI_AUTOPAY
I700003,2025-09-22,Flexi Cap Fund SIP,Mutual Fund SIP,7460.0,UPI_AUTOPAY
I700004,2025-09-22,Small Cap Fund SIP,Mutual Fund SIP,14940.0,UPI_AUTOPAY
I700005,2025-09-22,Debt Fund SIP,Mutual Fund SIP,3280.0,UPI_AUTOPAY
I700006,2025-09-22,Small Cap Fund SIP,Mutual Fund SIP,9700.0,UPI_AUTOPAY
I700007,2025-09-22,IPO application (HNI category),One-time Investment,3162040.0,UPI_APP
I700008,2025-09-23,ELSS SIP,Mutual Fund SIP,3520.0,UPI_AUTOPAY
I700009,2025-09-23,Flexi Cap Fund SIP,Mutual Fund SIP,2780.0,UPI_AUTOPAY
I700010,2025-09-23,One-time fund purchase,One-time Investment,17800.0,UPI_APP
I700011,2025-09-23,Index Fund SIP,Mutual Fund SIP,5450.0,UPI_AUTOPAY
I700012,2025-09-23,Flexi Cap Fund SIP,Mutual Fund SIP,2880.0,UPI_AUTOPAY
I700013,2025-09-23,Debt Fund SIP,Mutual Fund SIP,4610.0,UPI_AUTOPAY
I700014,2025-09-23,ELSS SIP,Mutual Fund SIP,2310.0,UPI_AUTOPAY
I700015,2025-09-23,Small Cap Fund SIP,Mutual Fund SIP,4790.0,UPI_AUTOPAY
I700016,2025-09-23,Flexi Cap Fund SIP,Mutual Fund SIP,1570.0,UPI_AUTOPAY
I700017,2025-09-23,IPO application,One-time Investment,25900.0,UPI_APP
I700018,2025-09-23,Flexi Cap Fund SIP,Mutual Fund SIP,2750.0,UPI_AUTOPAY
I700019,2025-09-23,One-time fund purchase,One-time Investment,6400.0,UPI_APP
I700020,2025-09-23,Flexi Cap Fund SIP,Mutual Fund SIP,2410.0,UPI_AUTOPAY
I700021,2025-09-24,Debt Fund SIP,Mutual Fund SIP,3790.0,UPI_AUTOPAY
I700022,2025-09-24,Index Fund SIP,Mutual Fund SIP,6810.0,UPI_AUTOPAY
I700023,2025-09-24,Small Cap Fund SIP,Mutual Fund SIP,5560.0,UPI_AUTOPAY
I700024,2025-09-24,Index Fund SIP,Mutual Fund SIP,8990.0,UPI_AUTOPAY
I700025,2025-09-24,Debt Fund SIP,Mutual Fund SIP,5870.0,UPI_AUTOPAY
I700026,2025-09-24,Flexi Cap Fund SIP,Mutual Fund SIP,2610.0,UPI_AUTOPAY
I700027,2025-09-24,ELSS SIP,Mutual Fund SIP,4020.0,UPI_AUTOPAY
I700028,2025-09-24,Index Fund SIP,Mutual Fund SIP,3820.0,UPI_AUTOPAY
I700029,2025-09-24,Index Fund SIP,Mutual Fund SIP,9590.0,UPI_AUTOPAY
I700030,2025-09-24,Debt Fund SIP,Mutual Fund SIP,3150.0,UPI_AUTOPAY
I700031,2025-09-24,Flexi Cap Fund SIP,Mutual Fund SIP,4320.0,UPI_AUTOPAY
I700032,2025-09-24,IPO application,One-time Investment,32300.0,UPI_APP
I700033,2025-09-24,ELSS SIP,Mutual Fund SIP,6310.0,UPI_AUTOPAY
I700034,2025-09-24,Broker wallet top-up,One-time Investment,34600.0,UPI_APP
I700035,2025-09-24,ELSS SIP,Mutual Fund SIP,7390.0,UPI_AUTOPAY
I700036,2025-09-24,Debt Fund SIP,Mutual Fund SIP,9270.0,UPI_AUTOPAY
I700037,2025-09-25,Flexi Cap Fund SIP,Mutual Fund SIP,3400.0,UPI_AUTOPAY
I700038,2025-09-25,Small Cap Fund SIP,Mutual Fund SIP,4700.0,UPI_AUTOPAY
I700039,2025-09-25,Small Cap Fund SIP,Mutual Fund SIP,4730.0,UPI_AUTOPAY
I700040,2025-09-25,ELSS SIP,Mutual Fund SIP,2730.0,UPI_AUTOPAY
I700041,2025-09-25,ELSS SIP,Mutual Fund SIP,5340.0,UPI_AUTOPAY
I700042,2025-09-25,Small Cap Fund SIP,Mutual Fund SIP,3320.0,UPI_AUTOPAY
I700043,2025-09-25,Index Fund SIP,Mutual Fund SIP,4700.0,UPI_AUTOPAY
I700044,2025-09-25,Small Cap Fund SIP,Mutual Fund SIP,5610.0,UPI_AUTOPAY
I700045,2025-09-25,Small Cap Fund SIP,Mutual Fund SIP,21430.0,UPI_AUTOPAY
I700046,2025-09-25,ELSS SIP,Mutual Fund SIP,6030.0,UPI_AUTOPAY
I700047,2025-09-25,Small Cap Fund SIP,Mutual Fund SIP,5910.0,UPI_AUTOPAY
I700048,2025-09-25,Flexi Cap Fund SIP,Mutual Fund SIP,3950.0,UPI_AUTOPAY
I700049,2025-09-26,Index Fund SIP,Mutual Fund SIP,5020.0,UPI_AUTOPAY
I700050,2025-09-26,Small Cap Fund SIP,Mutual Fund SIP,5680.0,UPI_AUTOPAY
I700051,2025-09-26,Debt Fund SIP,Mutual Fund SIP,5760.0,UPI_AUTOPAY
I700052,2025-09-26,Index Fund SIP,Mutual Fund SIP,9190.0,UPI_AUTOPAY
I700053,2025-09-26,Flexi Cap Fund SIP,Mutual Fund SIP,5410.0,UPI_AUTOPAY
I700054,2025-09-26,Flexi Cap Fund SIP,Mutual Fund SIP,4650.0,UPI_AUTOPAY
I700055,2025-09-26,Debt Fund SIP,Mutual Fund SIP,2790.0,UPI_AUTOPAY
I700056,2025-09-26,Index Fund SIP,Mutual Fund SIP,12790.0,UPI_AUTOPAY
I700057,2025-09-26,ELSS SIP,Mutual Fund SIP,4530.0,UPI_AUTOPAY
I700058,2025-09-26,Small Cap Fund SIP,Mutual Fund SIP,4920.0,UPI_AUTOPAY
I700059,2025-09-26,IPO application,One-time Investment,14600.0,UPI_APP
I700060,2025-09-27,Small Cap Fund SIP,Mutual Fund SIP,7260.0,UPI_AUTOPAY
I700061,2025-09-27,Flexi Cap Fund SIP,Mutual Fund SIP,9440.0,UPI_AUTOPAY
I700062,2025-09-27,Index Fund SIP,Mutual Fund SIP,14540.0,UPI_AUTOPAY
I700063,2025-09-27,ELSS SIP,Mutual Fund SIP,12580.0,UPI_AUTOPAY
I700064,2025-09-27,Debt Fund SIP,Mutual Fund SIP,3770.0,UPI_AUTOPAY
I700065,2025-09-27,Small Cap Fund SIP,Mutual Fund SIP,7670.0,UPI_AUTOPAY
I700066,2025-09-27,ELSS SIP,Mutual Fund SIP,5580.0,UPI_AUTOPAY
I700067,2025-09-27,Flexi Cap Fund SIP,Mutual Fund SIP,3060.0,UPI_AUTOPAY
I700068,2025-09-27,IPO application,One-time Investment,67700.0,UPI_APP
I700069,2025-09-27,Small Cap Fund SIP,Mutual Fund SIP,3820.0,UPI_AUTOPAY
I700070,2025-09-27,Debt Fund SIP,Mutual Fund SIP,21200.0,UPI_AUTOPAY
I700071,2025-09-27,Index Fund SIP,Mutual Fund SIP,3620.0,UPI_AUTOPAY
I700072,2025-09-28,Demat top-up,One-time Investment,94700.0,UPI_APP
I700073,2025-09-28,Debt Fund SIP,Mutual Fund SIP,4480.0,UPI_AUTOPAY
I700074,2025-09-28,Index Fund SIP,Mutual Fund SIP,11480.0,UPI_AUTOPAY
I700075,2025-09-28,ELSS SIP,Mutual Fund SIP,2550.0,UPI_AUTOPAY
I700076,2025-09-28,Small Cap Fund SIP,Mutual Fund SIP,12120.0,UPI_AUTOPAY
I700077,2025-09-28,Flexi Cap Fund SIP,Mutual Fund SIP,14790.0,UPI_AUTOPAY
I700078,2025-09-28,Debt Fund SIP,Mutual Fund SIP,10650.0,UPI_AUTOPAY
I700079,2025-09-28,Index Fund SIP,Mutual Fund SIP,3950.0,UPI_AUTOPAY
I700080,2025-09-28,Index Fund SIP,Mutual Fund SIP,3750.0,UPI_AUTOPAY
I700081,2025-09-28,ELSS SIP,Mutual Fund SIP,3050.0,UPI_AUTOPAY
I700082,2025-09-28,Broker wallet top-up,One-time Investment,61900.0,UPI_APP
I700083,2025-09-28,Debt Fund SIP,Mutual Fund SIP,3860.0,UPI_AUTOPAY
I700084,2025-09-28,ELSS SIP,Mutual Fund SIP,6210.0,UPI_AUTOPAY
I700085,2025-09-28,Demat top-up,One-time Investment,37100.0,UPI_APP
I700086,2025-09-29,Flexi Cap Fund SIP,Mutual Fund SIP,4230.0,UPI_AUTOPAY
I700087,2025-09-29,Debt Fund SIP,Mutual Fund SIP,7060.0,UPI_AUTOPAY
I700088,2025-09-29,ELSS SIP,Mutual Fund SIP,11170.0,UPI_AUTOPAY
I700089,2025-09-29,Small Cap Fund SIP,Mutual Fund SIP,8340.0,UPI_AUTOPAY
I700090,2025-09-29,Index Fund SIP,Mutual Fund SIP,4740.0,UPI_AUTOPAY
I700091,2025-09-29,Index Fund SIP,Mutual Fund SIP,5510.0,UPI_AUTOPAY
I700092,2025-09-29,Debt Fund SIP,Mutual Fund SIP,3750.0,UPI_AUTOPAY
I700093,2025-09-29,Index Fund SIP,Mutual Fund SIP,2970.0,UPI_AUTOPAY
I700094,2025-09-29,Demat top-up,One-time Investment,140800.0,UPI_APP
I700095,2025-09-29,Debt Fund SIP,Mutual Fund SIP,5980.0,UPI_AUTOPAY
I700096,2025-09-29,Small Cap Fund SIP,Mutual Fund SIP,2860.0,UPI_AUTOPAY
I700097,2025-09-29,Flexi Cap Fund SIP,Mutual Fund SIP,4100.0,UPI_AUTOPAY
I700098,2025-09-30,Small Cap Fund SIP,Mutual Fund SIP,5680.0,UPI_AUTOPAY
I700099,2025-09-30,Debt Fund SIP,Mutual Fund SIP,10010.0,UPI_AUTOPAY
I700100,2025-09-30,ELSS SIP,Mutual Fund SIP,3440.0,UPI_AUTOPAY
I700101,2025-09-30,Debt Fund SIP,Mutual Fund SIP,13550.0,UPI_AUTOPAY
I700102,2025-09-30,One-time fund purchase,One-time Investment,38700.0,UPI_APP
I700103,2025-09-30,Debt Fund SIP,Mutual Fund SIP,2610.0,UPI_AUTOPAY
I700104,2025-10-01,Small Cap Fund SIP,Mutual Fund SIP,2810.0,UPI_AUTOPAY
I700105,2025-10-01,Index Fund SIP,Mutual Fund SIP,5500.0,UPI_AUTOPAY
I700106,2025-10-01,Flexi Cap Fund SIP,Mutual Fund SIP,4910.0,UPI_AUTOPAY
I700107,2025-10-01,Debt Fund SIP,Mutual Fund SIP,11380.0,UPI_AUTOPAY
I700108,2025-10-01,Flexi Cap Fund SIP,Mutual Fund SIP,3080.0,UPI_AUTOPAY
I700109,2025-10-01,Small Cap Fund SIP,Mutual Fund SIP,5020.0,UPI_AUTOPAY
I700110,2025-10-01,Index Fund SIP,Mutual Fund SIP,3390.0,UPI_AUTOPAY
I700111,2025-10-01,Flexi Cap Fund SIP,Mutual Fund SIP,5340.0,UPI_AUTOPAY
I700112,2025-10-01,Small Cap Fund SIP,Mutual Fund SIP,8760.0,UPI_AUTOPAY
I700113,2025-10-01,Index Fund SIP,Mutual Fund SIP,6360.0,UPI_AUTOPAY
I700114,2025-10-02,Index Fund SIP,Mutual Fund SIP,2350.0,UPI_AUTOPAY
I700115,2025-10-02,Index Fund SIP,Mutual Fund SIP,4730.0,UPI_AUTOPAY
I700116,2025-10-02,Small Cap Fund SIP,Mutual Fund SIP,9880.0,UPI_AUTOPAY
I700117,2025-10-02,Debt Fund SIP,Mutual Fund SIP,7390.0,UPI_AUTOPAY
I700118,2025-10-02,Index Fund SIP,Mutual Fund SIP,3410.0,UPI_AUTOPAY
I700119,2025-10-02,Small Cap Fund SIP,Mutual Fund SIP,4790.0,UPI_AUTOPAY
I700120,2025-10-02,Flexi Cap Fund SIP,Mutual Fund SIP,14650.0,UPI_AUTOPAY
I700121,2025-10-02,Small Cap Fund SIP,Mutual Fund SIP,8950.0,UPI_AUTOPAY
I700122,2025-10-02,Index Fund SIP,Mutual Fund SIP,8560.0,UPI_AUTOPAY
I700123,2025-10-03,Small Cap Fund SIP,Mutual Fund SIP,3160.0,UPI_AUTOPAY
I700124,2025-10-03,Broker wallet top-up,One-time Investment,66400.0,UPI_APP
I700125,2025-10-03,Index Fund SIP,Mutual Fund SIP,22670.0,UPI_AUTOPAY
I700126,2025-10-03,Index Fund SIP,Mutual Fund SIP,24850.0,UPI_AUTOPAY
I700127,2025-10-03,Index Fund SIP,Mutual Fund SIP,3790.0,UPI_AUTOPAY
I700128,2025-10-03,Small Cap Fund SIP,Mutual Fund SIP,3570.0,UPI_AUTOPAY
I700129,2025-10-03,ELSS SIP,Mutual Fund SIP,9540.0,UPI_AUTOPAY
I700130,2025-10-03,Flexi Cap Fund SIP,Mutual Fund SIP,7000.0,UPI_AUTOPAY
I700131,2025-10-03,Flexi Cap Fund SIP,Mutual Fund SIP,5140.0,UPI_AUTOPAY
I700132,2025-10-03,Debt Fund SIP,Mutual Fund SIP,5500.0,UPI_AUTOPAY
I700133,2025-10-03,Flexi Cap Fund SIP,Mutual Fund SIP,6370.0,UPI_AUTOPAY
I700134,2025-10-03,Index Fund SIP,Mutual Fund SIP,7500.0,UPI_AUTOPAY
I700135,2025-10-03,Small Cap Fund SIP,Mutual Fund SIP,3370.0,UPI_AUTOPAY
I700136,2025-10-03,Index Fund SIP,Mutual Fund SIP,4370.0,UPI_AUTOPAY
I700137,2025-10-04,IPO application,One-time Investment,30600.0,UPI_APP
I700138,2025-10-04,ELSS SIP,Mutual Fund SIP,5270.0,UPI_AUTOPAY
I700139,2025-10-04,Debt Fund SIP,Mutual Fund SIP,5430.0,UPI_AUTOPAY
I700140,2025-10-04,Flexi Cap Fund SIP,Mutual Fund SIP,4930.0,UPI_AUTOPAY
I700141,2025-10-04,Small Cap Fund SIP,Mutual Fund SIP,12130.0,UPI_AUTOPAY
I700142,2025-10-04,Debt Fund SIP,Mutual Fund SIP,2130.0,UPI_AUTOPAY
I700143,2025-10-04,Small Cap Fund SIP,Mutual Fund SIP,6060.0,UPI_AUTOPAY
I700144,2025-10-04,ELSS SIP,Mutual Fund SIP,6930.0,UPI_AUTOPAY
I700145,2025-10-04,Debt Fund SIP,Mutual Fund SIP,6770.0,UPI_AUTOPAY
I700146,2025-10-04,Small Cap Fund SIP,Mutual Fund SIP,3230.0,UPI_AUTOPAY
I700147,2025-10-04,Flexi Cap Fund SIP,Mutual Fund SIP,7260.0,UPI_AUTOPAY
I700148,2025-10-04,Small Cap Fund SIP,Mutual Fund SIP,1930.0,UPI_AUTOPAY
I700149,2025-10-04,Flexi Cap Fund SIP,Mutual Fund SIP,6630.0,UPI_AUTOPAY
I700150,2025-10-04,One-time fund purchase,One-time Investment,7000.0,UPI_APP
I700151,2025-10-04,Small Cap Fund SIP,Mutual Fund SIP,3440.0,UPI_AUTOPAY
I700152,2025-10-04,IPO application,One-time Investment,104700.0,UPI_APP
I700153,2025-10-04,Debt Fund SIP,Mutual Fund SIP,12780.0,UPI_AUTOPAY
I700154,2025-10-04,Index Fund SIP,Mutual Fund SIP,1460.0,UPI_AUTOPAY
I700155,2025-10-04,Debt Fund SIP,Mutual Fund SIP,5980.0,UPI_AUTOPAY
I700156,2025-10-04,ELSS SIP,Mutual Fund SIP,3300.0,UPI_AUTOPAY
I700157,2025-10-05,One-time fund purchase,One-time Investment,50900.0,UPI_QR
I700158,2025-10-05,ELSS SIP,Mutual Fund SIP,3930.0,UPI_AUTOPAY
I700159,2025-10-05,Index Fund SIP,Mutual Fund SIP,2120.0,UPI_AUTOPAY
I700160,2025-10-05,Flexi Cap Fund SIP,Mutual Fund SIP,1520.0,UPI_AUTOPAY
I700161,2025-10-05,Small Cap Fund SIP,Mutual Fund SIP,6410.0,UPI_AUTOPAY
I700162,2025-10-05,Debt Fund SIP,Mutual Fund SIP,7730.0,UPI_AUTOPAY
I700163,2025-10-05,Small Cap Fund SIP,Mutual Fund SIP,17070.0,UPI_AUTOPAY
I700164,2025-10-05,Flexi Cap Fund SIP,Mutual Fund SIP,4870.0,UPI_AUTOPAY
I700165,2025-10-05,Small Cap Fund SIP,Mutual Fund SIP,10810.0,UPI_AUTOPAY
I700166,2025-10-05,Debt Fund SIP,Mutual Fund SIP,5100.0,UPI_AUTOPAY
I700167,2025-10-05,ELSS SIP,Mutual Fund SIP,4850.0,UPI_AUTOPAY
I700168,2025-10-05,Small Cap Fund SIP,Mutual Fund SIP,19930.0,UPI_AUTOPAY
I700169,2025-10-05,Small Cap Fund SIP,Mutual Fund SIP,4160.0,UPI_AUTOPAY
I700170,2025-10-05,ELSS SIP,Mutual Fund SIP,3070.0,UPI_AUTOPAY
I700171,2025-10-05,Demat top-up,One-time Investment,4700.0,UPI_APP
I700172,2025-10-05,ELSS SIP,Mutual Fund SIP,2110.0,UPI_AUTOPAY
I700173,2025-10-05,Index Fund SIP,Mutual Fund SIP,9390.0,UPI_AUTOPAY
I700174,2025-10-06,Small Cap Fund SIP,Mutual Fund SIP,920.0,UPI_AUTOPAY
I700175,2025-10-06,Flexi Cap Fund SIP,Mutual Fund SIP,1940.0,UPI_AUTOPAY
I700176,2025-10-06,ELSS SIP,Mutual Fund SIP,9550.0,UPI_AUTOPAY
I700177,2025-10-06,ELSS SIP,Mutual Fund SIP,19070.0,UPI_AUTOPAY
I700178,2025-10-06,Debt Fund SIP,Mutual Fund SIP,6450.0,UPI_AUTOPAY
I700179,2025-10-06,Debt Fund SIP,Mutual Fund SIP,9780.0,UPI_AUTOPAY
I700180,2025-10-06,ELSS SIP,Mutual Fund SIP,6970.0,UPI_AUTOPAY
I700181,2025-10-06,Flexi Cap Fund SIP,Mutual Fund SIP,8470.0,UPI_AUTOPAY
I700182,2025-10-06,Small Cap Fund SIP,Mutual Fund SIP,2960.0,UPI_AUTOPAY
I700183,2025-10-06,Index Fund SIP,Mutual Fund SIP,4530.0,UPI_AUTOPAY
I700184,2025-10-06,Broker wallet top-up,One-time Investment,97900.0,UPI_APP
I700185,2025-10-06,Flexi Cap Fund SIP,Mutual Fund SIP,2910.0,UPI_AUTOPAY
I700186,2025-10-06,Flexi Cap Fund SIP,Mutual Fund SIP,3360.0,UPI_AUTOPAY
I700187,2025-10-07,Small Cap Fund SIP,Mutual Fund SIP,1270.0,UPI_AUTOPAY
I700188,2025-10-07,Index Fund SIP,Mutual Fund SIP,7340.0,UPI_AUTOPAY
I700189,2025-10-07,Index Fund SIP,Mutual Fund SIP,6960.0,UPI_AUTOPAY
I700190,2025-10-07,Small Cap Fund SIP,Mutual Fund SIP,3600.0,UPI_AUTOPAY
I700191,2025-10-07,Index Fund SIP,Mutual Fund SIP,5480.0,UPI_AUTOPAY
I700192,2025-10-07,Debt Fund SIP,Mutual Fund SIP,10790.0,UPI_AUTOPAY
I700193,2025-10-07,Debt Fund SIP,Mutual Fund SIP,5950.0,UPI_AUTOPAY
I700194,2025-10-07,Index Fund SIP,Mutual Fund SIP,5700.0,UPI_AUTOPAY
I700195,2025-10-07,Small Cap Fund SIP,Mutual Fund SIP,5550.0,UPI_AUTOPAY
I700196,2025-10-07,Index Fund SIP,Mutual Fund SIP,8590.0,UPI_AUTOPAY
I700197,2025-10-07,Flexi Cap Fund SIP,Mutual Fund SIP,8430.0,UPI_AUTOPAY
I700198,2025-10-07,Index Fund SIP,Mutual Fund SIP,5480.0,UPI_AUTOPAY
I700199,2025-10-08,Index Fund SIP,Mutual Fund SIP,6330.0,UPI_AUTOPAY
I700200,2025-10-08,Index Fund SIP,Mutual Fund SIP,5480.0,UPI_AUTOPAY
I700201,2025-10-08,Flexi Cap Fund SIP,Mutual Fund SIP,6370.0,UPI_AUTOPAY
I700202,2025-10-08,Debt Fund SIP,Mutual Fund SIP,4010.0,UPI_AUTOPAY
I700203,2025-10-08,Debt Fund SIP,Mutual Fund SIP,10120.0,UPI_AUTOPAY
I700204,2025-10-08,Flexi Cap Fund SIP,Mutual Fund SIP,6870.0,UPI_AUTOPAY
I700205,2025-10-08,Flexi Cap Fund SIP,Mutual Fund SIP,7450.0,UPI_AUTOPAY
I700206,2025-10-08,Debt Fund SIP,Mutual Fund SIP,2610.0,UPI_AUTOPAY
I700207,2025-10-09,Debt Fund SIP,Mutual Fund SIP,8750.0,UPI_AUTOPAY
I700208,2025-10-09,Debt Fund SIP,Mutual Fund SIP,13260.0,UPI_AUTOPAY
I700209,2025-10-09,Debt Fund SIP,Mutual Fund SIP,21160.0,UPI_AUTOPAY
I700210,2025-10-09,Flexi Cap Fund SIP,Mutual Fund SIP,7560.0,UPI_AUTOPAY
I700211,2025-10-09,Debt Fund SIP,Mutual Fund SIP,5050.0,UPI_AUTOPAY
I700212,2025-10-10,Debt Fund SIP,Mutual Fund SIP,3260.0,UPI_AUTOPAY
I700213,2025-10-10,ELSS SIP,Mutual Fund SIP,4180.0,UPI_AUTOPAY
I700214,2025-10-10,ELSS SIP,Mutual Fund SIP,5980.0,UPI_AUTOPAY
I700215,2025-10-10,ELSS SIP,Mutual Fund SIP,9040.0,UPI_AUTOPAY
I700216,2025-10-10,IPO application,One-time Investment,29900.0,UPI_APP
I700217,2025-10-10,Index Fund SIP,Mutual Fund SIP,6960.0,UPI_AUTOPAY
I700218,2025-10-10,Index Fund SIP,Mutual Fund SIP,13880.0,UPI_AUTOPAY
I700219,2025-10-10,Small Cap Fund SIP,Mutual Fund SIP,16860.0,UPI_AUTOPAY
I700220,2025-10-10,ELSS SIP,Mutual Fund SIP,14950.0,UPI_AUTOPAY
I700221,2025-10-10,Debt Fund SIP,Mutual Fund SIP,1970.0,UPI_AUTOPAY
I700222,2025-10-10,Debt Fund SIP,Mutual Fund SIP,2980.0,UPI_AUTOPAY
I700223,2025-10-10,Index Fund SIP,Mutual Fund SIP,2600.0,UPI_AUTOPAY
I700224,2025-10-10,Small Cap Fund SIP,Mutual Fund SIP,5320.0,UPI_AUTOPAY
I700225,2025-10-11,IPO application,One-time Investment,23100.0,UPI_QR
I700226,2025-10-11,Index Fund SIP,Mutual Fund SIP,4220.0,UPI_AUTOPAY
I700227,2025-10-11,Index Fund SIP,Mutual Fund SIP,2350.0,UPI_AUTOPAY
I700228,2025-10-11,Index Fund SIP,Mutual Fund SIP,8030.0,UPI_AUTOPAY
I700229,2025-10-11,Flexi Cap Fund SIP,Mutual Fund SIP,4900.0,UPI_AUTOPAY
I700230,2025-10-11,Flexi Cap Fund SIP,Mutual Fund SIP,16870.0,UPI_AUTOPAY
I700231,2025-10-11,ELSS SIP,Mutual Fund SIP,7630.0,UPI_AUTOPAY
I700232,2025-10-11,ELSS SIP,Mutual Fund SIP,3440.0,UPI_AUTOPAY
I700233,2025-10-11,Small Cap Fund SIP,Mutual Fund SIP,14470.0,UPI_AUTOPAY
I700234,2025-10-11,Small Cap Fund SIP,Mutual Fund SIP,3960.0,UPI_AUTOPAY
I700235,2025-10-11,ELSS SIP,Mutual Fund SIP,2100.0,UPI_AUTOPAY
I700236,2025-10-11,Debt Fund SIP,Mutual Fund SIP,7610.0,UPI_AUTOPAY
I700237,2025-10-11,Small Cap Fund SIP,Mutual Fund SIP,7650.0,UPI_AUTOPAY
I700238,2025-10-12,Index Fund SIP,Mutual Fund SIP,6790.0,UPI_AUTOPAY
I700239,2025-10-12,Debt Fund SIP,Mutual Fund SIP,6200.0,UPI_AUTOPAY
I700240,2025-10-12,Debt Fund SIP,Mutual Fund SIP,9130.0,UPI_AUTOPAY
I700241,2025-10-12,Index Fund SIP,Mutual Fund SIP,2430.0,UPI_AUTOPAY
I700242,2025-10-12,Small Cap Fund SIP,Mutual Fund SIP,4100.0,UPI_AUTOPAY
I700243,2025-10-12,ELSS SIP,Mutual Fund SIP,4570.0,UPI_AUTOPAY
I700244,2025-10-12,Index Fund SIP,Mutual Fund SIP,2110.0,UPI_AUTOPAY
I700245,2025-10-12,Index Fund SIP,Mutual Fund SIP,5950.0,UPI_AUTOPAY
I700246,2025-10-12,Index Fund SIP,Mutual Fund SIP,3950.0,UPI_AUTOPAY
I700247,2025-10-12,ELSS SIP,Mutual Fund SIP,3970.0,UPI_AUTOPAY
I700248,2025-10-12,Flexi Cap Fund SIP,Mutual Fund SIP,2490.0,UPI_AUTOPAY
I700249,2025-10-12,ELSS SIP,Mutual Fund SIP,7880.0,UPI_AUTOPAY
I700250,2025-10-12,Flexi Cap Fund SIP,Mutual Fund SIP,4640.0,UPI_AUTOPAY
I700251,2025-10-12,Debt Fund SIP,Mutual Fund SIP,7830.0,UPI_AUTOPAY
I700252,2025-10-13,ELSS SIP,Mutual Fund SIP,2390.0,UPI_AUTOPAY
I700253,2025-10-13,Flexi Cap Fund SIP,Mutual Fund SIP,4880.0,UPI_AUTOPAY
I700254,2025-10-13,Index Fund SIP,Mutual Fund SIP,3470.0,UPI_AUTOPAY
I700255,2025-10-13,One-time fund purchase,One-time Investment,10500.0,UPI_APP
I700256,2025-10-13,Flexi Cap Fund SIP,Mutual Fund SIP,6290.0,UPI_AUTOPAY
I700257,2025-10-13,ELSS SIP,Mutual Fund SIP,4980.0,UPI_AUTOPAY
I700258,2025-10-13,Flexi Cap Fund SIP,Mutual Fund SIP,8720.0,UPI_AUTOPAY
I700259,2025-10-13,ELSS SIP,Mutual Fund SIP,4220.0,UPI_AUTOPAY
I700260,2025-10-13,Debt Fund SIP,Mutual Fund SIP,8200.0,UPI_AUTOPAY
I700261,2025-10-13,Index Fund SIP,Mutual Fund SIP,3400.0,UPI_AUTOPAY
I700262,2025-10-13,Flexi Cap Fund SIP,Mutual Fund SIP,4250.0,UPI_AUTOPAY
I700263,2025-10-13,Flexi Cap Fund SIP,Mutual Fund SIP,5270.0,UPI_AUTOPAY
I700264,2025-10-13,ELSS SIP,Mutual Fund SIP,8150.0,UPI_AUTOPAY
I700265,2025-10-13,ELSS SIP,Mutual Fund SIP,5510.0,UPI_AUTOPAY
I700266,2025-10-14,Index Fund SIP,Mutual Fund SIP,9390.0,UPI_AUTOPAY
I700267,2025-10-14,Index Fund SIP,Mutual Fund SIP,1380.0,UPI_AUTOPAY
I700268,2025-10-14,Flexi Cap Fund SIP,Mutual Fund SIP,1510.0,UPI_AUTOPAY
I700269,2025-10-14,Index Fund SIP,Mutual Fund SIP,4960.0,UPI_AUTOPAY
I700270,2025-10-14,ELSS SIP,Mutual Fund SIP,19250.0,UPI_AUTOPAY
I700271,2025-10-14,Flexi Cap Fund SIP,Mutual Fund SIP,6170.0,UPI_AUTOPAY
I700272,2025-10-14,Debt Fund SIP,Mutual Fund SIP,6670.0,UPI_AUTOPAY
I700273,2025-10-14,Demat top-up,One-time Investment,97700.0,UPI_APP
I700274,2025-10-14,Demat top-up,One-time Investment,59900.0,UPI_APP
I700275,2025-10-14,ELSS SIP,Mutual Fund SIP,4910.0,UPI_AUTOPAY
I700276,2025-10-14,Small Cap Fund SIP,Mutual Fund SIP,2010.0,UPI_AUTOPAY
I700277,2025-10-14,Index Fund SIP,Mutual Fund SIP,7400.0,UPI_AUTOPAY
I700278,2025-10-14,ELSS SIP,Mutual Fund SIP,6290.0,UPI_AUTOPAY
I700279,2025-10-14,Index Fund SIP,Mutual Fund SIP,10890.0,UPI_AUTOPAY
I700280,2025-10-15,Small Cap Fund SIP,Mutual Fund SIP,7560.0,UPI_AUTOPAY
I700281,2025-10-15,Small Cap Fund SIP,Mutual Fund SIP,8860.0,UPI_AUTOPAY
I700282,2025-10-15,Debt Fund SIP,Mutual Fund SIP,3760.0,UPI_AUTOPAY
I700283,2025-10-15,Broker wallet top-up,One-time Investment,15300.0,UPI_APP
I700284,2025-10-16,Flexi Cap Fund SIP,Mutual Fund SIP,3940.0,UPI_AUTOPAY
I700285,2025-10-16,Small Cap Fund SIP,Mutual Fund SIP,6810.0,UPI_AUTOPAY
I700286,2025-10-16,Debt Fund SIP,Mutual Fund SIP,12780.0,UPI_AUTOPAY
I700287,2025-10-16,Debt Fund SIP,Mutual Fund SIP,6610.0,UPI_AUTOPAY
I700288,2025-10-16,Flexi Cap Fund SIP,Mutual Fund SIP,3530.0,UPI_AUTOPAY
I700289,2025-10-16,Index Fund SIP,Mutual Fund SIP,9820.0,UPI_AUTOPAY
I700290,2025-10-16,Small Cap Fund SIP,Mutual Fund SIP,4960.0,UPI_AUTOPAY
I700291,2025-10-16,Small Cap Fund SIP,Mutual Fund SIP,2520.0,UPI_AUTOPAY
I700292,2025-10-16,Flexi Cap Fund SIP,Mutual Fund SIP,2710.0,UPI_AUTOPAY
I700293,2025-10-17,Index Fund SIP,Mutual Fund SIP,2400.0,UPI_AUTOPAY
I700294,2025-10-17,Index Fund SIP,Mutual Fund SIP,7180.0,UPI_AUTOPAY
I700295,2025-10-17,Debt Fund SIP,Mutual Fund SIP,2210.0,UPI_AUTOPAY
I700296,2025-10-17,Demat top-up,One-time Investment,32600.0,UPI_APP
I700297,2025-10-17,Small Cap Fund SIP,Mutual Fund SIP,4550.0,UPI_AUTOPAY
I700298,2025-10-17,ELSS SIP,Mutual Fund SIP,3230.0,UPI_AUTOPAY
I700299,2025-10-17,Small Cap Fund SIP,Mutual Fund SIP,3490.0,UPI_AUTOPAY
I700300,2025-10-17,Flexi Cap Fund SIP,Mutual Fund SIP,2300.0,UPI_AUTOPAY
I700301,2025-10-17,Index Fund SIP,Mutual Fund SIP,10260.0,UPI_AUTOPAY
I700302,2025-10-17,Index Fund SIP,Mutual Fund SIP,6020.0,UPI_AUTOPAY
I700303,2025-10-18,Small Cap Fund SIP,Mutual Fund SIP,4660.0,UPI_AUTOPAY
I700304,2025-10-18,IPO application,One-time Investment,14100.0,UPI_APP
I700305,2025-10-18,Debt Fund SIP,Mutual Fund SIP,9400.0,UPI_AUTOPAY
I700306,2025-10-18,Small Cap Fund SIP,Mutual Fund SIP,2430.0,UPI_AUTOPAY
I700307,2025-10-18,Small Cap Fund SIP,Mutual Fund SIP,2380.0,UPI_AUTOPAY
I700308,2025-10-18,Small Cap Fund SIP,Mutual Fund SIP,3030.0,UPI_AUTOPAY
I700309,2025-10-18,Flexi Cap Fund SIP,Mutual Fund SIP,5800.0,UPI_AUTOPAY
I700310,2025-10-18,Debt Fund SIP,Mutual Fund SIP,6550.0,UPI_AUTOPAY
I700311,2025-10-18,ELSS SIP,Mutual Fund SIP,10340.0,UPI_AUTOPAY
I700312,2025-10-19,Debt Fund SIP,Mutual Fund SIP,1910.0,UPI_AUTOPAY
I700313,2025-10-19,Index Fund SIP,Mutual Fund SIP,12020.0,UPI_AUTOPAY
I700314,2025-10-19,Debt Fund SIP,Mutual Fund SIP,7690.0,UPI_AUTOPAY
I700315,2025-10-19,Demat top-up,One-time Investment,19300.0,UPI_APP
I700316,2025-10-19,Index Fund SIP,Mutual Fund SIP,6470.0,UPI_AUTOPAY
I700317,2025-10-19,Small Cap Fund SIP,Mutual Fund SIP,9810.0,UPI_AUTOPAY
I700318,2025-10-19,ELSS SIP,Mutual Fund SIP,11310.0,UPI_AUTOPAY
I700319,2025-10-19,Flexi Cap Fund SIP,Mutual Fund SIP,3880.0,UPI_AUTOPAY
I700320,2025-10-19,Index Fund SIP,Mutual Fund SIP,3580.0,UPI_AUTOPAY
I700321,2025-10-19,Index Fund SIP,Mutual Fund SIP,5690.0,UPI_AUTOPAY
I700322,2025-10-19,Flexi Cap Fund SIP,Mutual Fund SIP,1770.0,UPI_AUTOPAY
I700323,2025-10-19,Flexi Cap Fund SIP,Mutual Fund SIP,5510.0,UPI_AUTOPAY
I700324,2025-10-19,Small Cap Fund SIP,Mutual Fund SIP,2000.0,UPI_AUTOPAY
I700325,2025-10-19,ELSS SIP,Mutual Fund SIP,5550.0,UPI_AUTOPAY
I700326,2025-10-19,ELSS SIP,Mutual Fund SIP,8720.0,UPI_AUTOPAY
I700327,2025-10-19,Debt Fund SIP,Mutual Fund SIP,17650.0,UPI_AUTOPAY
I700328,2025-10-19,Small Cap Fund SIP,Mutual Fund SIP,7220.0,UPI_AUTOPAY
I700329,2025-10-20,Demat top-up,One-time Investment,16000.0,UPI_APP
I700330,2025-10-20,Debt Fund SIP,Mutual Fund SIP,6600.0,UPI_AUTOPAY
I700331,2025-10-20,Small Cap Fund SIP,Mutual Fund SIP,17320.0,UPI_AUTOPAY
I700332,2025-10-20,Small Cap Fund SIP,Mutual Fund SIP,5760.0,UPI_AUTOPAY
I700333,2025-10-20,Index Fund SIP,Mutual Fund SIP,2800.0,UPI_AUTOPAY
I700334,2025-10-20,Index Fund SIP,Mutual Fund SIP,6580.0,UPI_AUTOPAY
I700335,2025-10-20,Debt Fund SIP,Mutual Fund SIP,4390.0,UPI_AUTOPAY
I700336,2025-10-21,Flexi Cap Fund SIP,Mutual Fund SIP,8640.0,UPI_AUTOPAY
I700337,2025-10-21,Index Fund SIP,Mutual Fund SIP,3070.0,UPI_AUTOPAY
I700338,2025-10-21,Flexi Cap Fund SIP,Mutual Fund SIP,2530.0,UPI_AUTOPAY
I700339,2025-10-21,Debt Fund SIP,Mutual Fund SIP,4250.0,UPI_AUTOPAY
I700340,2025-10-21,ELSS SIP,Mutual Fund SIP,14810.0,UPI_AUTOPAY
I700341,2025-10-21,Index Fund SIP,Mutual Fund SIP,2660.0,UPI_AUTOPAY
I700342,2025-10-21,ELSS SIP,Mutual Fund SIP,10790.0,UPI_AUTOPAY
I700343,2025-10-21,Index Fund SIP,Mutual Fund SIP,15480.0,UPI_AUTOPAY
I700344,2025-10-21,ELSS SIP,Mutual Fund SIP,2480.0,UPI_AUTOPAY
I700345,2025-10-21,Index Fund SIP,Mutual Fund SIP,1570.0,UPI_AUTOPAY
I700346,2025-10-22,ELSS SIP,Mutual Fund SIP,3280.0,UPI_AUTOPAY
I700347,2025-10-22,Small Cap Fund SIP,Mutual Fund SIP,3150.0,UPI_AUTOPAY
I700348,2025-10-22,ELSS SIP,Mutual Fund SIP,3920.0,UPI_AUTOPAY
I700349,2025-10-22,Debt Fund SIP,Mutual Fund SIP,14000.0,UPI_AUTOPAY
I700350,2025-10-22,Debt Fund SIP,Mutual Fund SIP,3890.0,UPI_AUTOPAY
I700351,2025-10-22,ELSS SIP,Mutual Fund SIP,2380.0,UPI_AUTOPAY
I700352,2025-10-22,ELSS SIP,Mutual Fund SIP,13010.0,UPI_AUTOPAY
I700353,2025-10-22,Flexi Cap Fund SIP,Mutual Fund SIP,9340.0,UPI_AUTOPAY
I700354,2025-10-22,ELSS SIP,Mutual Fund SIP,7310.0,UPI_AUTOPAY
I700355,2025-10-22,Index Fund SIP,Mutual Fund SIP,7820.0,UPI_AUTOPAY
I700356,2025-10-23,Index Fund SIP,Mutual Fund SIP,2590.0,UPI_AUTOPAY
I700357,2025-10-23,Flexi Cap Fund SIP,Mutual Fund SIP,5100.0,UPI_AUTOPAY
I700358,2025-10-23,ELSS SIP,Mutual Fund SIP,4290.0,UPI_AUTOPAY
I700359,2025-10-23,Index Fund SIP,Mutual Fund SIP,10340.0,UPI_AUTOPAY
I700360,2025-10-23,Small Cap Fund SIP,Mutual Fund SIP,5480.0,UPI_AUTOPAY
I700361,2025-10-23,Flexi Cap Fund SIP,Mutual Fund SIP,6050.0,UPI_AUTOPAY
I700362,2025-10-23,ELSS SIP,Mutual Fund SIP,2320.0,UPI_AUTOPAY
I700363,2025-10-23,Small Cap Fund SIP,Mutual Fund SIP,10130.0,UPI_AUTOPAY
I700364,2025-10-23,ELSS SIP,Mutual Fund SIP,8360.0,UPI_AUTOPAY
I700365,2025-10-23,Flexi Cap Fund SIP,Mutual Fund SIP,5060.0,UPI_AUTOPAY
I700366,2025-10-23,ELSS SIP,Mutual Fund SIP,26570.0,UPI_AUTOPAY
I700367,2025-10-24,Index Fund SIP,Mutual Fund SIP,2720.0,UPI_AUTOPAY
I700368,2025-10-24,Debt Fund SIP,Mutual Fund SIP,1880.0,UPI_AUTOPAY
I700369,2025-10-24,ELSS SIP,Mutual Fund SIP,9070.0,UPI_AUTOPAY
I700370,2025-10-24,ELSS SIP,Mutual Fund SIP,5700.0,UPI_AUTOPAY
I700371,2025-10-24,ELSS SIP,Mutual Fund SIP,3880.0,UPI_AUTOPAY
I700372,2025-10-24,Index Fund SIP,Mutual Fund SIP,4830.0,UPI_AUTOPAY
I700373,2025-10-24,Flexi Cap Fund SIP,Mutual Fund SIP,8100.0,UPI_AUTOPAY
I700374,2025-10-24,Debt Fund SIP,Mutual Fund SIP,3460.0,UPI_AUTOPAY
I700375,2025-10-24,One-time fund purchase,One-time Investment,15500.0,UPI_APP
I700376,2025-10-24,Debt Fund SIP,Mutual Fund SIP,18560.0,UPI_AUTOPAY
I700377,2025-10-24,Debt Fund SIP,Mutual Fund SIP,2980.0,UPI_AUTOPAY
I700378,2025-10-24,Index Fund SIP,Mutual Fund SIP,3280.0,UPI_AUTOPAY
I700379,2025-10-24,Flexi Cap Fund SIP,Mutual Fund SIP,12380.0,UPI_AUTOPAY
I700380,2025-10-24,Flexi Cap Fund SIP,Mutual Fund SIP,2830.0,UPI_AUTOPAY
I700381,2025-10-24,ELSS SIP,Mutual Fund SIP,2810.0,UPI_AUTOPAY
I700382,2025-10-25,ELSS SIP,Mutual Fund SIP,2280.0,UPI_AUTOPAY
I700383,2025-10-25,Small Cap Fund SIP,Mutual Fund SIP,4040.0,UPI_AUTOPAY
I700384,2025-10-25,Broker wallet top-up,One-time Investment,31300.0,UPI_APP
I700385,2025-10-25,Flexi Cap Fund SIP,Mutual Fund SIP,4150.0,UPI_AUTOPAY
I700386,2025-10-25,Debt Fund SIP,Mutual Fund SIP,4700.0,UPI_AUTOPAY
I700387,2025-10-25,Index Fund SIP,Mutual Fund SIP,12840.0,UPI_AUTOPAY
I700388,2025-10-25,Index Fund SIP,Mutual Fund SIP,5230.0,UPI_AUTOPAY
I700389,2025-10-25,Small Cap Fund SIP,Mutual Fund SIP,1510.0,UPI_AUTOPAY
I700390,2025-10-25,One-time fund purchase,One-time Investment,16800.0,UPI_APP
I700391,2025-10-26,ELSS SIP,Mutual Fund SIP,5150.0,UPI_AUTOPAY
I700392,2025-10-26,Debt Fund SIP,Mutual Fund SIP,1050.0,UPI_AUTOPAY
I700393,2025-10-26,Small Cap Fund SIP,Mutual Fund SIP,3040.0,UPI_AUTOPAY
I700394,2025-10-26,Small Cap Fund SIP,Mutual Fund SIP,5510.0,UPI_AUTOPAY
I700395,2025-10-26,Index Fund SIP,Mutual Fund SIP,3510.0,UPI_AUTOPAY
I700396,2025-10-26,Small Cap Fund SIP,Mutual Fund SIP,3640.0,UPI_AUTOPAY
I700397,2025-10-26,ELSS SIP,Mutual Fund SIP,11180.0,UPI_AUTOPAY
I700398,2025-10-26,Small Cap Fund SIP,Mutual Fund SIP,2070.0,UPI_AUTOPAY
I700399,2025-10-26,Demat top-up,One-time Investment,22600.0,UPI_APP
I700400,2025-10-26,Flexi Cap Fund SIP,Mutual Fund SIP,4090.0,UPI_AUTOPAY
I700401,2025-10-26,Flexi Cap Fund SIP,Mutual Fund SIP,5540.0,UPI_AUTOPAY
I700402,2025-10-26,Debt Fund SIP,Mutual Fund SIP,9940.0,UPI_AUTOPAY
I700403,2025-10-26,ELSS SIP,Mutual Fund SIP,6280.0,UPI_AUTOPAY
I700404,2025-10-26,One-time fund purchase,One-time Investment,12800.0,UPI_QR
I700405,2025-10-26,ELSS SIP,Mutual Fund SIP,2210.0,UPI_AUTOPAY
I700406,2025-10-26,One-time fund purchase,One-time Investment,43300.0,UPI_APP
I700407,2025-10-26,ELSS SIP,Mutual Fund SIP,3550.0,UPI_AUTOPAY
I700408,2025-10-26,Small Cap Fund SIP,Mutual Fund SIP,5230.0,UPI_AUTOPAY
I700409,2025-10-26,Flexi Cap Fund SIP,Mutual Fund SIP,3890.0,UPI_AUTOPAY
I700410,2025-10-27,Small Cap Fund SIP,Mutual Fund SIP,6800.0,UPI_AUTOPAY
I700411,2025-10-27,Flexi Cap Fund SIP,Mutual Fund SIP,5620.0,UPI_AUTOPAY
I700412,2025-10-27,Flexi Cap Fund SIP,Mutual Fund SIP,9500.0,UPI_AUTOPAY
I700413,2025-10-27,ELSS SIP,Mutual Fund SIP,12560.0,UPI_AUTOPAY
I700414,2025-10-27,ELSS SIP,Mutual Fund SIP,4170.0,UPI_AUTOPAY
I700415,2025-10-27,Small Cap Fund SIP,Mutual Fund SIP,3330.0,UPI_AUTOPAY
I700416,2025-10-27,Debt Fund SIP,Mutual Fund SIP,6140.0,UPI_AUTOPAY
I700417,2025-10-27,Small Cap Fund SIP,Mutual Fund SIP,9900.0,UPI_AUTOPAY
I700418,2025-10-27,Flexi Cap Fund SIP,Mutual Fund SIP,18610.0,UPI_AUTOPAY
I700419,2025-10-28,Flexi Cap Fund SIP,Mutual Fund SIP,2370.0,UPI_AUTOPAY
I700420,2025-10-28,Index Fund SIP,Mutual Fund SIP,5540.0,UPI_AUTOPAY
I700421,2025-10-28,Flexi Cap Fund SIP,Mutual Fund SIP,5050.0,UPI_AUTOPAY
I700422,2025-10-28,ELSS SIP,Mutual Fund SIP,5030.0,UPI_AUTOPAY
I700423,2025-10-28,Index Fund SIP,Mutual Fund SIP,4760.0,UPI_AUTOPAY
I700424,2025-10-28,Broker wallet top-up,One-time Investment,23700.0,UPI_APP
I700425,2025-10-28,Index Fund SIP,Mutual Fund SIP,6300.0,UPI_AUTOPAY
I700426,2025-10-28,Flexi Cap Fund SIP,Mutual Fund SIP,4350.0,UPI_AUTOPAY
I700427,2025-10-29,Index Fund SIP,Mutual Fund SIP,5040.0,UPI_AUTOPAY
I700428,2025-10-29,Index Fund SIP,Mutual Fund SIP,13120.0,UPI_AUTOPAY
I700429,2025-10-29,Debt Fund SIP,Mutual Fund SIP,3330.0,UPI_AUTOPAY
I700430,2025-10-29,ELSS SIP,Mutual Fund SIP,16040.0,UPI_AUTOPAY
I700431,2025-10-29,Index Fund SIP,Mutual Fund SIP,4970.0,UPI_AUTOPAY
I700432,2025-10-29,ELSS SIP,Mutual Fund SIP,17220.0,UPI_AUTOPAY
I700433,2025-10-29,Index Fund SIP,Mutual Fund SIP,3050.0,UPI_AUTOPAY
I700434,2025-10-29,Debt Fund SIP,Mutual Fund SIP,1930.0,UPI_AUTOPAY
I700435,2025-10-29,Debt Fund SIP,Mutual Fund SIP,9700.0,UPI_AUTOPAY
I700436,2025-10-29,Flexi Cap Fund SIP,Mutual Fund SIP,2060.0,UPI_AUTOPAY
I700437,2025-10-29,Flexi Cap Fund SIP,Mutual Fund SIP,3570.0,UPI_AUTOPAY
I700438,2025-10-29,Index Fund SIP,Mutual Fund SIP,2850.0,UPI_AUTOPAY
I700439,2025-10-29,ELSS SIP,Mutual Fund SIP,12930.0,UPI_AUTOPAY
I700440,2025-10-30,Small Cap Fund SIP,Mutual Fund SIP,2310.0,UPI_AUTOPAY
I700441,2025-10-30,Small Cap Fund SIP,Mutual Fund SIP,4000.0,UPI_AUTOPAY
I700442,2025-10-30,Debt Fund SIP,Mutual Fund SIP,4530.0,UPI_AUTOPAY
I700443,2025-10-30,Debt Fund SIP,Mutual Fund SIP,5970.0,UPI_AUTOPAY
I700444,2025-10-30,Index Fund SIP,Mutual Fund SIP,3640.0,UPI_AUTOPAY
I700445,2025-10-30,ELSS SIP,Mutual Fund SIP,5010.0,UPI_AUTOPAY
I700446,2025-10-31,Index Fund SIP,Mutual Fund SIP,3300.0,UPI_AUTOPAY
I700447,2025-10-31,Debt Fund SIP,Mutual Fund SIP,3770.0,UPI_AUTOPAY
I700448,2025-10-31,ELSS SIP,Mutual Fund SIP,2150.0,UPI_AUTOPAY
I700449,2025-10-31,Small Cap Fund SIP,Mutual Fund SIP,6470.0,UPI_AUTOPAY
I700450,2025-10-31,ELSS SIP,Mutual Fund SIP,3150.0,UPI_AUTOPAY
I700451,2025-10-31,Debt Fund SIP,Mutual Fund SIP,5130.0,UPI_AUTOPAY
I700452,2025-10-31,Flexi Cap Fund SIP,Mutual Fund SIP,9110.0,UPI_AUTOPAY
I700453,2025-11-01,ELSS SIP,Mutual Fund SIP,7520.0,UPI_AUTOPAY
I700454,2025-11-01,Debt Fund SIP,Mutual Fund SIP,3650.0,UPI_AUTOPAY
I700455,2025-11-01,Flexi Cap Fund SIP,Mutual Fund SIP,7310.0,UPI_AUTOPAY
I700456,2025-11-01,Small Cap Fund SIP,Mutual Fund SIP,1700.0,UPI_AUTOPAY
I700457,2025-11-01,Demat top-up,One-time Investment,46500.0,UPI_APP
I700458,2025-11-01,Small Cap Fund SIP,Mutual Fund SIP,4760.0,UPI_AUTOPAY
I700459,2025-11-01,ELSS SIP,Mutual Fund SIP,4530.0,UPI_AUTOPAY
I700460,2025-11-01,Flexi Cap Fund SIP,Mutual Fund SIP,3000.0,UPI_AUTOPAY
I700461,2025-11-01,Debt Fund SIP,Mutual Fund SIP,9510.0,UPI_AUTOPAY
I700462,2025-11-02,Flexi Cap Fund SIP,Mutual Fund SIP,2220.0,UPI_AUTOPAY
I700463,2025-11-02,Broker wallet top-up,One-time Investment,34800.0,UPI_APP
I700464,2025-11-02,ELSS SIP,Mutual Fund SIP,3730.0,UPI_AUTOPAY
I700465,2025-11-02,Index Fund SIP,Mutual Fund SIP,6530.0,UPI_AUTOPAY
I700466,2025-11-02,Small Cap Fund SIP,Mutual Fund SIP,7140.0,UPI_AUTOPAY
I700467,2025-11-02,One-time fund purchase,One-time Investment,8700.0,UPI_APP
I700468,2025-11-02,Index Fund SIP,Mutual Fund SIP,3310.0,UPI_AUTOPAY
I700469,2025-11-02,Flexi Cap Fund SIP,Mutual Fund SIP,4250.0,UPI_AUTOPAY
I700470,2025-11-02,Debt Fund SIP,Mutual Fund SIP,2740.0,UPI_AUTOPAY
I700471,2025-11-02,ELSS SIP,Mutual Fund SIP,6680.0,UPI_AUTOPAY
I700472,2025-11-02,Small Cap Fund SIP,Mutual Fund SIP,9420.0,UPI_AUTOPAY
I700473,2025-11-02,Index Fund SIP,Mutual Fund SIP,8980.0,UPI_AUTOPAY
I700474,2025-11-02,Small Cap Fund SIP,Mutual Fund SIP,5750.0,UPI_AUTOPAY
I700475,2025-11-02,Index Fund SIP,Mutual Fund SIP,9220.0,UPI_AUTOPAY
I700476,2025-11-02,ELSS SIP,Mutual Fund SIP,4990.0,UPI_AUTOPAY
I700477,2025-11-02,Flexi Cap Fund SIP,Mutual Fund SIP,6370.0,UPI_AUTOPAY
I700478,2025-11-02,Flexi Cap Fund SIP,Mutual Fund SIP,11550.0,UPI_AUTOPAY
I700479,2025-11-02,ELSS SIP,Mutual Fund SIP,5810.0,UPI_AUTOPAY
I700480,2025-11-03,Flexi Cap Fund SIP,Mutual Fund SIP,3650.0,UPI_AUTOPAY
I700481,2025-11-03,Flexi Cap Fund SIP,Mutual Fund SIP,10300.0,UPI_AUTOPAY
I700482,2025-11-03,Small Cap Fund SIP,Mutual Fund SIP,3230.0,UPI_AUTOPAY
I700483,2025-11-03,ELSS SIP,Mutual Fund SIP,3220.0,UPI_AUTOPAY
I700484,2025-11-03,ELSS SIP,Mutual Fund SIP,3400.0,UPI_AUTOPAY
I700485,2025-11-03,ELSS SIP,Mutual Fund SIP,4030.0,UPI_AUTOPAY
I700486,2025-11-03,Flexi Cap Fund SIP,Mutual Fund SIP,4450.0,UPI_AUTOPAY
I700487,2025-11-03,Small Cap Fund SIP,Mutual Fund SIP,8580.0,UPI_AUTOPAY
I700488,2025-11-03,Small Cap Fund SIP,Mutual Fund SIP,23200.0,UPI_AUTOPAY
I700489,2025-11-03,ELSS SIP,Mutual Fund SIP,3650.0,UPI_AUTOPAY
I700490,2025-11-03,ELSS SIP,Mutual Fund SIP,3630.0,UPI_AUTOPAY
I700491,2025-11-03,Index Fund SIP,Mutual Fund SIP,950.0,UPI_AUTOPAY
I700492,2025-11-03,Small Cap Fund SIP,Mutual Fund SIP,1780.0,UPI_AUTOPAY
I700493,2025-11-03,Debt Fund SIP,Mutual Fund SIP,2170.0,UPI_AUTOPAY
I700494,2025-11-04,Small Cap Fund SIP,Mutual Fund SIP,10230.0,UPI_AUTOPAY
I700495,2025-11-04,Debt Fund SIP,Mutual Fund SIP,13520.0,UPI_AUTOPAY
I700496,2025-11-04,ELSS SIP,Mutual Fund SIP,5050.0,UPI_AUTOPAY
I700497,2025-11-04,Small Cap Fund SIP,Mutual Fund SIP,3870.0,UPI_AUTOPAY
I700498,2025-11-04,Debt Fund SIP,Mutual Fund SIP,4980.0,UPI_AUTOPAY
I700499,2025-11-04,One-time fund purchase,One-time Investment,8200.0,UPI_APP
I700500,2025-11-04,Index Fund SIP,Mutual Fund SIP,5000.0,UPI_AUTOPAY
I700501,2025-11-04,ELSS SIP,Mutual Fund SIP,5190.0,UPI_AUTOPAY
I700502,2025-11-04,Flexi Cap Fund SIP,Mutual Fund SIP,7220.0,UPI_AUTOPAY
I700503,2025-11-04,Flexi Cap Fund SIP,Mutual Fund SIP,2260.0,UPI_AUTOPAY
I700504,2025-11-05,Index Fund SIP,Mutual Fund SIP,1420.0,UPI_AUTOPAY
I700505,2025-11-05,Debt Fund SIP,Mutual Fund SIP,4930.0,UPI_AUTOPAY
I700506,2025-11-05,Debt Fund SIP,Mutual Fund SIP,5430.0,UPI_AUTOPAY
I700507,2025-11-05,Small Cap Fund SIP,Mutual Fund SIP,2710.0,UPI_AUTOPAY
I700508,2025-11-05,Flexi Cap Fund SIP,Mutual Fund SIP,2680.0,UPI_AUTOPAY
I700509,2025-11-05,ELSS SIP,Mutual Fund SIP,9520.0,UPI_AUTOPAY
I700510,2025-11-05,Flexi Cap Fund SIP,Mutual Fund SIP,1270.0,UPI_AUTOPAY
I700511,2025-11-05,Small Cap Fund SIP,Mutual Fund SIP,4280.0,UPI_AUTOPAY
I700512,2025-11-05,ELSS SIP,Mutual Fund SIP,16180.0,UPI_AUTOPAY
I700513,2025-11-05,Broker wallet top-up,One-time Investment,73600.0,UPI_APP
I700514,2025-11-05,Flexi Cap Fund SIP,Mutual Fund SIP,11780.0,UPI_AUTOPAY
I700515,2025-11-05,Index Fund SIP,Mutual Fund SIP,4030.0,UPI_AUTOPAY
I700516,2025-11-06,Small Cap Fund SIP,Mutual Fund SIP,5790.0,UPI_AUTOPAY
I700517,2025-11-06,Small Cap Fund SIP,Mutual Fund SIP,1410.0,UPI_AUTOPAY
I700518,2025-11-06,Debt Fund SIP,Mutual Fund SIP,6260.0,UPI_AUTOPAY
I700519,2025-11-06,Debt Fund SIP,Mutual Fund SIP,1950.0,UPI_AUTOPAY
I700520,2025-11-06,Debt Fund SIP,Mutual Fund SIP,4560.0,UPI_AUTOPAY
I700521,2025-11-06,Index Fund SIP,Mutual Fund SIP,4310.0,UPI_AUTOPAY
I700522,2025-11-06,Debt Fund SIP,Mutual Fund SIP,4740.0,UPI_AUTOPAY
I700523,2025-11-06,Flexi Cap Fund SIP,Mutual Fund SIP,4640.0,UPI_AUTOPAY
I700524,2025-11-06,ELSS SIP,Mutual Fund SIP,4240.0,UPI_AUTOPAY
I700525,2025-11-06,Debt Fund SIP,Mutual Fund SIP,1380.0,UPI_AUTOPAY
I700526,2025-11-06,Index Fund SIP,Mutual Fund SIP,15670.0,UPI_AUTOPAY
I700527,2025-11-07,Debt Fund SIP,Mutual Fund SIP,3080.0,UPI_AUTOPAY
I700528,2025-11-07,Small Cap Fund SIP,Mutual Fund SIP,22960.0,UPI_AUTOPAY
I700529,2025-11-07,Flexi Cap Fund SIP,Mutual Fund SIP,5220.0,UPI_AUTOPAY
I700530,2025-11-07,Flexi Cap Fund SIP,Mutual Fund SIP,10810.0,UPI_AUTOPAY
I700531,2025-11-07,ELSS SIP,Mutual Fund SIP,5120.0,UPI_AUTOPAY
I700532,2025-11-07,Small Cap Fund SIP,Mutual Fund SIP,3460.0,UPI_AUTOPAY
I700533,2025-11-07,One-time fund purchase,One-time Investment,9000.0,UPI_APP
I700534,2025-11-07,ELSS SIP,Mutual Fund SIP,7490.0,UPI_AUTOPAY
I700535,2025-11-07,One-time fund purchase,One-time Investment,68200.0,UPI_QR
I700536,2025-11-07,IPO application,One-time Investment,31400.0,UPI_APP
I700537,2025-11-07,Debt Fund SIP,Mutual Fund SIP,6460.0,UPI_AUTOPAY
I700538,2025-11-07,Flexi Cap Fund SIP,Mutual Fund SIP,5930.0,UPI_AUTOPAY
I700539,2025-11-07,Flexi Cap Fund SIP,Mutual Fund SIP,3590.0,UPI_AUTOPAY
I700540,2025-11-08,Flexi Cap Fund SIP,Mutual Fund SIP,1320.0,UPI_AUTOPAY
I700541,2025-11-08,ELSS SIP,Mutual Fund SIP,3180.0,UPI_AUTOPAY
I700542,2025-11-08,Index Fund SIP,Mutual Fund SIP,3900.0,UPI_AUTOPAY
I700543,2025-11-08,ELSS SIP,Mutual Fund SIP,6570.0,UPI_AUTOPAY
I700544,2025-11-08,Flexi Cap Fund SIP,Mutual Fund SIP,4930.0,UPI_AUTOPAY
I700545,2025-11-08,ELSS SIP,Mutual Fund SIP,6020.0,UPI_AUTOPAY
I700546,2025-11-08,Flexi Cap Fund SIP,Mutual Fund SIP,5480.0,UPI_AUTOPAY
I700547,2025-11-08,Broker wallet top-up,One-time Investment,175600.0,UPI_APP
I700548,2025-11-08,Flexi Cap Fund SIP,Mutual Fund SIP,12000.0,UPI_AUTOPAY
I700549,2025-11-08,Small Cap Fund SIP,Mutual Fund SIP,13750.0,UPI_AUTOPAY
I700550,2025-11-08,ELSS SIP,Mutual Fund SIP,1480.0,UPI_AUTOPAY
I700551,2025-11-08,ELSS SIP,Mutual Fund SIP,3130.0,UPI_AUTOPAY
I700552,2025-11-08,Index Fund SIP,Mutual Fund SIP,2350.0,UPI_AUTOPAY
I700553,2025-11-08,Flexi Cap Fund SIP,Mutual Fund SIP,9800.0,UPI_AUTOPAY
I700554,2025-11-08,Index Fund SIP,Mutual Fund SIP,7890.0,UPI_AUTOPAY
I700555,2025-11-08,Debt Fund SIP,Mutual Fund SIP,10830.0,UPI_AUTOPAY
I700556,2025-11-08,ELSS SIP,Mutual Fund SIP,3540.0,UPI_AUTOPAY
I700557,2025-11-09,Debt Fund SIP,Mutual Fund SIP,4410.0,UPI_AUTOPAY
I700558,2025-11-09,Debt Fund SIP,Mutual Fund SIP,17460.0,UPI_AUTOPAY
I700559,2025-11-09,Small Cap Fund SIP,Mutual Fund SIP,2590.0,UPI_AUTOPAY
I700560,2025-11-09,Debt Fund SIP,Mutual Fund SIP,3960.0,UPI_AUTOPAY
I700561,2025-11-09,Debt Fund SIP,Mutual Fund SIP,3720.0,UPI_AUTOPAY
I700562,2025-11-09,Small Cap Fund SIP,Mutual Fund SIP,5110.0,UPI_AUTOPAY
I700563,2025-11-09,Flexi Cap Fund SIP,Mutual Fund SIP,2730.0,UPI_AUTOPAY
I700564,2025-11-09,Small Cap Fund SIP,Mutual Fund SIP,3790.0,UPI_AUTOPAY
I700565,2025-11-09,Debt Fund SIP,Mutual Fund SIP,6560.0,UPI_AUTOPAY
I700566,2025-11-09,Flexi Cap Fund SIP,Mutual Fund SIP,6450.0,UPI_AUTOPAY
I700567,2025-11-09,Debt Fund SIP,Mutual Fund SIP,2790.0,UPI_AUTOPAY
I700568,2025-11-09,Debt Fund SIP,Mutual Fund SIP,4270.0,UPI_AUTOPAY
I700569,2025-11-09,Index Fund SIP,Mutual Fund SIP,7980.0,UPI_AUTOPAY
I700570,2025-11-10,Debt Fund SIP,Mutual Fund SIP,6240.0,UPI_AUTOPAY
I700571,2025-11-10,Demat top-up,One-time Investment,26000.0,UPI_APP
I700572,2025-11-10,ELSS SIP,Mutual Fund SIP,2110.0,UPI_AUTOPAY
I700573,2025-11-10,ELSS SIP,Mutual Fund SIP,5170.0,UPI_AUTOPAY
I700574,2025-11-10,Flexi Cap Fund SIP,Mutual Fund SIP,5990.0,UPI_AUTOPAY
I700575,2025-11-10,Flexi Cap Fund SIP,Mutual Fund SIP,4590.0,UPI_AUTOPAY
I700576,2025-11-10,Index Fund SIP,Mutual Fund SIP,4400.0,UPI_AUTOPAY
I700577,2025-11-10,Flexi Cap Fund SIP,Mutual Fund SIP,2640.0,UPI_AUTOPAY
I700578,2025-11-10,Flexi Cap Fund SIP,Mutual Fund SIP,9590.0,UPI_AUTOPAY
I700579,2025-11-10,Debt Fund SIP,Mutual Fund SIP,3870.0,UPI_AUTOPAY
I700580,2025-11-10,ELSS SIP,Mutual Fund SIP,3050.0,UPI_AUTOPAY
I700581,2025-11-11,Debt Fund SIP,Mutual Fund SIP,5310.0,UPI_AUTOPAY
I700582,2025-11-11,Small Cap Fund SIP,Mutual Fund SIP,6310.0,UPI_AUTOPAY
I700583,2025-11-11,ELSS SIP,Mutual Fund SIP,4980.0,UPI_AUTOPAY
I700584,2025-11-11,Debt Fund SIP,Mutual Fund SIP,6130.0,UPI_AUTOPAY
I700585,2025-11-11,Flexi Cap Fund SIP,Mutual Fund SIP,5300.0,UPI_AUTOPAY
I700586,2025-11-11,Flexi Cap Fund SIP,Mutual Fund SIP,4580.0,UPI_AUTOPAY
I700587,2025-11-11,Index Fund SIP,Mutual Fund SIP,8290.0,UPI_AUTOPAY
I700588,2025-11-11,Debt Fund SIP,Mutual Fund SIP,3680.0,UPI_AUTOPAY
I700589,2025-11-11,Broker wallet top-up,One-time Investment,20000.0,UPI_APP
I700590,2025-11-11,Flexi Cap Fund SIP,Mutual Fund SIP,6870.0,UPI_AUTOPAY
I700591,2025-11-11,Flexi Cap Fund SIP,Mutual Fund SIP,2760.0,UPI_AUTOPAY
I700592,2025-11-12,Debt Fund SIP,Mutual Fund SIP,1690.0,UPI_AUTOPAY
I700593,2025-11-12,ELSS SIP,Mutual Fund SIP,5560.0,UPI_AUTOPAY
I700594,2025-11-12,Index Fund SIP,Mutual Fund SIP,2610.0,UPI_AUTOPAY
I700595,2025-11-12,Debt Fund SIP,Mutual Fund SIP,7330.0,UPI_AUTOPAY
I700596,2025-11-12,Flexi Cap Fund SIP,Mutual Fund SIP,8100.0,UPI_AUTOPAY
I700597,2025-11-12,Debt Fund SIP,Mutual Fund SIP,3430.0,UPI_AUTOPAY
I700598,2025-11-12,Flexi Cap Fund SIP,Mutual Fund SIP,2060.0,UPI_AUTOPAY
I700599,2025-11-12,Flexi Cap Fund SIP,Mutual Fund SIP,5610.0,UPI_AUTOPAY
I700600,2025-11-12,Debt Fund SIP,Mutual Fund SIP,3380.0,UPI_AUTOPAY
I700601,2025-11-12,ELSS SIP,Mutual Fund SIP,980.0,UPI_AUTOPAY
I700602,2025-11-12,Flexi Cap Fund SIP,Mutual Fund SIP,5570.0,UPI_AUTOPAY
I700603,2025-11-13,Index Fund SIP,Mutual Fund SIP,8710.0,UPI_AUTOPAY
I700604,2025-11-13,Small Cap Fund SIP,Mutual Fund SIP,4850.0,UPI_AUTOPAY
I700605,2025-11-13,ELSS SIP,Mutual Fund SIP,10250.0,UPI_AUTOPAY
I700606,2025-11-13,Index Fund SIP,Mutual Fund SIP,4340.0,UPI_AUTOPAY
I700607,2025-11-13,Debt Fund SIP,Mutual Fund SIP,5810.0,UPI_AUTOPAY
I700608,2025-11-13,Debt Fund SIP,Mutual Fund SIP,2240.0,UPI_AUTOPAY
I700609,2025-11-13,Index Fund SIP,Mutual Fund SIP,4140.0,UPI_AUTOPAY
I700610,2025-11-13,Flexi Cap Fund SIP,Mutual Fund SIP,12910.0,UPI_AUTOPAY
I700611,2025-11-13,Flexi Cap Fund SIP,Mutual Fund SIP,1490.0,UPI_AUTOPAY
I700612,2025-11-13,Small Cap Fund SIP,Mutual Fund SIP,5340.0,UPI_AUTOPAY
I700613,2025-11-13,Debt Fund SIP,Mutual Fund SIP,8440.0,UPI_AUTOPAY
I700614,2025-11-13,Debt Fund SIP,Mutual Fund SIP,3060.0,UPI_AUTOPAY
I700615,2025-11-13,ELSS SIP,Mutual Fund SIP,2720.0,UPI_AUTOPAY
I700616,2025-11-13,Index Fund SIP,Mutual Fund SIP,11540.0,UPI_AUTOPAY
I700617,2025-11-13,Flexi Cap Fund SIP,Mutual Fund SIP,10230.0,UPI_AUTOPAY
I700618,2025-11-14,Index Fund SIP,Mutual Fund SIP,8420.0,UPI_AUTOPAY
I700619,2025-11-14,Debt Fund SIP,Mutual Fund SIP,3680.0,UPI_AUTOPAY
I700620,2025-11-14,Flexi Cap Fund SIP,Mutual Fund SIP,11350.0,UPI_AUTOPAY
I700621,2025-11-14,Debt Fund SIP,Mutual Fund SIP,4140.0,UPI_AUTOPAY
I700622,2025-11-14,Index Fund SIP,Mutual Fund SIP,8330.0,UPI_AUTOPAY
I700623,2025-11-14,Flexi Cap Fund SIP,Mutual Fund SIP,8010.0,UPI_AUTOPAY
I700624,2025-11-14,Flexi Cap Fund SIP,Mutual Fund SIP,4330.0,UPI_AUTOPAY
I700625,2025-11-14,ELSS SIP,Mutual Fund SIP,5210.0,UPI_AUTOPAY
I700626,2025-11-14,Small Cap Fund SIP,Mutual Fund SIP,4490.0,UPI_AUTOPAY
I700627,2025-11-14,Small Cap Fund SIP,Mutual Fund SIP,7630.0,UPI_AUTOPAY
I700628,2025-11-15,Debt Fund SIP,Mutual Fund SIP,4440.0,UPI_AUTOPAY
I700629,2025-11-15,Small Cap Fund SIP,Mutual Fund SIP,3830.0,UPI_AUTOPAY
I700630,2025-11-15,Flexi Cap Fund SIP,Mutual Fund SIP,4420.0,UPI_AUTOPAY
I700631,2025-11-15,Flexi Cap Fund SIP,Mutual Fund SIP,1090.0,UPI_AUTOPAY
I700632,2025-11-15,Debt Fund SIP,Mutual Fund SIP,2630.0,UPI_AUTOPAY
I700633,2025-11-15,One-time fund purchase,One-time Investment,34200.0,UPI_APP
I700634,2025-11-15,Index Fund SIP,Mutual Fund SIP,4080.0,UPI_AUTOPAY
I700635,2025-11-15,Small Cap Fund SIP,Mutual Fund SIP,2750.0,UPI_AUTOPAY
I700636,2025-11-15,Flexi Cap Fund SIP,Mutual Fund SIP,2150.0,UPI_AUTOPAY
I700637,2025-11-15,Debt Fund SIP,Mutual Fund SIP,4930.0,UPI_AUTOPAY
I700638,2025-11-16,Small Cap Fund SIP,Mutual Fund SIP,5180.0,UPI_AUTOPAY
I700639,2025-11-16,Small Cap Fund SIP,Mutual Fund SIP,3400.0,UPI_AUTOPAY
I700640,2025-11-16,ELSS SIP,Mutual Fund SIP,23400.0,UPI_AUTOPAY
I700641,2025-11-16,Index Fund SIP,Mutual Fund SIP,7160.0,UPI_AUTOPAY
I700642,2025-11-16,Index Fund SIP,Mutual Fund SIP,5310.0,UPI_AUTOPAY
I700643,2025-11-16,Debt Fund SIP,Mutual Fund SIP,3760.0,UPI_AUTOPAY
I700644,2025-11-16,Flexi Cap Fund SIP,Mutual Fund SIP,2920.0,UPI_AUTOPAY
I700645,2025-11-16,Debt Fund SIP,Mutual Fund SIP,3660.0,UPI_AUTOPAY
I700646,2025-11-16,ELSS SIP,Mutual Fund SIP,3810.0,UPI_AUTOPAY
I700647,2025-11-16,Small Cap Fund SIP,Mutual Fund SIP,4590.0,UPI_AUTOPAY
I700648,2025-11-16,Index Fund SIP,Mutual Fund SIP,5720.0,UPI_AUTOPAY
I700649,2025-11-16,ELSS SIP,Mutual Fund SIP,2950.0,UPI_AUTOPAY
I700650,2025-11-16,Debt Fund SIP,Mutual Fund SIP,1870.0,UPI_AUTOPAY
I700651,2025-11-16,Small Cap Fund SIP,Mutual Fund SIP,11550.0,UPI_AUTOPAY
I700652,2025-11-16,ELSS SIP,Mutual Fund SIP,5090.0,UPI_AUTOPAY
I700653,2025-11-17,ELSS SIP,Mutual Fund SIP,12420.0,UPI_AUTOPAY
I700654,2025-11-17,Flexi Cap Fund SIP,Mutual Fund SIP,17130.0,UPI_AUTOPAY
I700655,2025-11-17,Small Cap Fund SIP,Mutual Fund SIP,7180.0,UPI_AUTOPAY
I700656,2025-11-17,Index Fund SIP,Mutual Fund SIP,3070.0,UPI_AUTOPAY
I700657,2025-11-17,Small Cap Fund SIP,Mutual Fund SIP,10130.0,UPI_AUTOPAY
I700658,2025-11-17,ELSS SIP,Mutual Fund SIP,3830.0,UPI_AUTOPAY
I700659,2025-11-17,ELSS SIP,Mutual Fund SIP,2570.0,UPI_AUTOPAY
I700660,2025-11-17,Debt Fund SIP,Mutual Fund SIP,6240.0,UPI_AUTOPAY
I700661,2025-11-17,Small Cap Fund SIP,Mutual Fund SIP,9270.0,UPI_AUTOPAY
I700662,2025-11-17,Flexi Cap Fund SIP,Mutual Fund SIP,2960.0,UPI_AUTOPAY
I700663,2025-11-17,Flexi Cap Fund SIP,Mutual Fund SIP,2460.0,UPI_AUTOPAY
I700664,2025-11-17,Small Cap Fund SIP,Mutual Fund SIP,3210.0,UPI_AUTOPAY
I700665,2025-11-17,ELSS SIP,Mutual Fund SIP,5150.0,UPI_AUTOPAY
I700666,2025-11-18,Debt Fund SIP,Mutual Fund SIP,4730.0,UPI_AUTOPAY
I700667,2025-11-18,Index Fund SIP,Mutual Fund SIP,5720.0,UPI_AUTOPAY
I700668,2025-11-18,ELSS SIP,Mutual Fund SIP,4690.0,UPI_AUTOPAY
I700669,2025-11-18,Debt Fund SIP,Mutual Fund SIP,3310.0,UPI_AUTOPAY
I700670,2025-11-18,Small Cap Fund SIP,Mutual Fund SIP,5550.0,UPI_AUTOPAY
I700671,2025-11-18,IPO application,One-time Investment,20100.0,UPI_APP
I700672,2025-11-18,ELSS SIP,Mutual Fund SIP,900.0,UPI_AUTOPAY
I700673,2025-11-18,Small Cap Fund SIP,Mutual Fund SIP,2960.0,UPI_AUTOPAY
I700674,2025-11-19,Debt Fund SIP,Mutual Fund SIP,8890.0,UPI_AUTOPAY
I700675,2025-11-19,Index Fund SIP,Mutual Fund SIP,2570.0,UPI_AUTOPAY
I700676,2025-11-19,Flexi Cap Fund SIP,Mutual Fund SIP,6210.0,UPI_AUTOPAY
I700677,2025-11-19,ELSS SIP,Mutual Fund SIP,8780.0,UPI_AUTOPAY
I700678,2025-11-19,Flexi Cap Fund SIP,Mutual Fund SIP,3210.0,UPI_AUTOPAY
I700679,2025-11-19,Flexi Cap Fund SIP,Mutual Fund SIP,5460.0,UPI_AUTOPAY
I700680,2025-11-19,Small Cap Fund SIP,Mutual Fund SIP,4760.0,UPI_AUTOPAY
I700681,2025-11-20,Broker wallet top-up,One-time Investment,5100.0,UPI_APP
I700682,2025-11-20,Small Cap Fund SIP,Mutual Fund SIP,7480.0,UPI_AUTOPAY
I700683,2025-11-20,Small Cap Fund SIP,Mutual Fund SIP,5330.0,UPI_AUTOPAY
I700684,2025-11-20,ELSS SIP,Mutual Fund SIP,5130.0,UPI_AUTOPAY
I700685,2025-11-20,Index Fund SIP,Mutual Fund SIP,4260.0,UPI_AUTOPAY
I700686,2025-11-20,ELSS SIP,Mutual Fund SIP,2910.0,UPI_AUTOPAY
I700687,2025-11-20,ELSS SIP,Mutual Fund SIP,6510.0,UPI_AUTOPAY
I700688,2025-11-20,Debt Fund SIP,Mutual Fund SIP,2860.0,UPI_AUTOPAY
I700689,2025-11-20,Debt Fund SIP,Mutual Fund SIP,3090.0,UPI_AUTOPAY
I700690,2025-11-20,Debt Fund SIP,Mutual Fund SIP,3500.0,UPI_AUTOPAY
I700691,2025-11-20,Debt Fund SIP,Mutual Fund SIP,5500.0,UPI_AUTOPAY
I700692,2025-11-20,Index Fund SIP,Mutual Fund SIP,5030.0,UPI_AUTOPAY
I700693,2025-11-20,Flexi Cap Fund SIP,Mutual Fund SIP,5390.0,UPI_AUTOPAY
I700694,2025-11-20,ELSS SIP,Mutual Fund SIP,2830.0,UPI_AUTOPAY
I700695,2025-11-20,Debt Fund SIP,Mutual Fund SIP,4080.0,UPI_AUTOPAY
I700696,2025-11-21,Debt Fund SIP,Mutual Fund SIP,4580.0,UPI_AUTOPAY
I700697,2025-11-21,Debt Fund SIP,Mutual Fund SIP,9230.0,UPI_AUTOPAY
I700698,2025-11-21,Flexi Cap Fund SIP,Mutual Fund SIP,5250.0,UPI_AUTOPAY
I700699,2025-11-21,ELSS SIP,Mutual Fund SIP,4560.0,UPI_AUTOPAY
I700700,2025-11-21,Small Cap Fund SIP,Mutual Fund SIP,7520.0,UPI_AUTOPAY
I700701,2025-11-21,Index Fund SIP,Mutual Fund SIP,3570.0,UPI_AUTOPAY
I700702,2025-11-21,Small Cap Fund SIP,Mutual Fund SIP,10550.0,UPI_AUTOPAY
I700703,2025-11-21,Flexi Cap Fund SIP,Mutual Fund SIP,5220.0,UPI_AUTOPAY
I700704,2025-11-21,Debt Fund SIP,Mutual Fund SIP,5630.0,UPI_AUTOPAY
I700705,2025-11-22,ELSS SIP,Mutual Fund SIP,3500.0,UPI_AUTOPAY
I700706,2025-11-22,Flexi Cap Fund SIP,Mutual Fund SIP,5500.0,UPI_AUTOPAY
I700707,2025-11-22,Flexi Cap Fund SIP,Mutual Fund SIP,4430.0,UPI_AUTOPAY
I700708,2025-11-22,Small Cap Fund SIP,Mutual Fund SIP,3280.0,UPI_AUTOPAY
I700709,2025-11-22,Index Fund SIP,Mutual Fund SIP,12340.0,UPI_AUTOPAY
I700710,2025-11-22,Index Fund SIP,Mutual Fund SIP,1830.0,UPI_AUTOPAY
I700711,2025-11-22,Flexi Cap Fund SIP,Mutual Fund SIP,3910.0,UPI_AUTOPAY
I700712,2025-11-22,Flexi Cap Fund SIP,Mutual Fund SIP,7150.0,UPI_AUTOPAY
I700713,2025-11-22,Index Fund SIP,Mutual Fund SIP,5020.0,UPI_AUTOPAY
I700714,2025-11-22,Index Fund SIP,Mutual Fund SIP,9020.0,UPI_AUTOPAY
I700715,2025-11-22,Debt Fund SIP,Mutual Fund SIP,12780.0,UPI_AUTOPAY
I700716,2025-11-22,Index Fund SIP,Mutual Fund SIP,2790.0,UPI_AUTOPAY
I700717,2025-11-22,Index Fund SIP,Mutual Fund SIP,13210.0,UPI_AUTOPAY
I700718,2025-11-22,Index Fund SIP,Mutual Fund SIP,12250.0,UPI_AUTOPAY
I700719,2025-11-22,Small Cap Fund SIP,Mutual Fund SIP,8400.0,UPI_AUTOPAY
I700720,2025-11-22,Small Cap Fund SIP,Mutual Fund SIP,8000.0,UPI_AUTOPAY
I700721,2025-11-22,Index Fund SIP,Mutual Fund SIP,6720.0,UPI_AUTOPAY
I700722,2025-11-22,Debt Fund SIP,Mutual Fund SIP,7130.0,UPI_AUTOPAY
I700723,2025-11-23,Debt Fund SIP,Mutual Fund SIP,7370.0,UPI_AUTOPAY
I700724,2025-11-23,ELSS SIP,Mutual Fund SIP,3240.0,UPI_AUTOPAY
I700725,2025-11-23,Demat top-up,One-time Investment,204000.0,UPI_APP
I700726,2025-11-23,Debt Fund SIP,Mutual Fund SIP,6170.0,UPI_AUTOPAY
I700727,2025-11-23,Flexi Cap Fund SIP,Mutual Fund SIP,5470.0,UPI_AUTOPAY
I700728,2025-11-23,Flexi Cap Fund SIP,Mutual Fund SIP,2260.0,UPI_AUTOPAY
I700729,2025-11-23,Flexi Cap Fund SIP,Mutual Fund SIP,4420.0,UPI_AUTOPAY
I700730,2025-11-23,ELSS SIP,Mutual Fund SIP,7140.0,UPI_AUTOPAY
I700731,2025-11-23,Small Cap Fund SIP,Mutual Fund SIP,14520.0,UPI_AUTOPAY
I700732,2025-11-23,Index Fund SIP,Mutual Fund SIP,8870.0,UPI_AUTOPAY
I700733,2025-11-23,Debt Fund SIP,Mutual Fund SIP,10850.0,UPI_AUTOPAY
I700734,2025-11-23,Index Fund SIP,Mutual Fund SIP,4430.0,UPI_AUTOPAY
I700735,2025-11-23,Index Fund SIP,Mutual Fund SIP,3820.0,UPI_AUTOPAY
I700736,2025-11-23,ELSS SIP,Mutual Fund SIP,5780.0,UPI_AUTOPAY
I700737,2025-11-23,Debt Fund SIP,Mutual Fund SIP,1750.0,UPI_AUTOPAY
I700738,2025-11-23,Small Cap Fund SIP,Mutual Fund SIP,2890.0,UPI_AUTOPAY
I700739,2025-11-23,Index Fund SIP,Mutual Fund SIP,4520.0,UPI_AUTOPAY
I700740,2025-11-23,Index Fund SIP,Mutual Fund SIP,7460.0,UPI_AUTOPAY
I700741,2025-11-24,IPO application,One-time Investment,73900.0,UPI_APP
I700742,2025-11-24,Index Fund SIP,Mutual Fund SIP,9480.0,UPI_AUTOPAY
I700743,2025-11-24,Flexi Cap Fund SIP,Mutual Fund SIP,10030.0,UPI_AUTOPAY
I700744,2025-11-24,Debt Fund SIP,Mutual Fund SIP,3160.0,UPI_AUTOPAY
I700745,2025-11-24,Debt Fund SIP,Mutual Fund SIP,10640.0,UPI_AUTOPAY
I700746,2025-11-24,Debt Fund SIP,Mutual Fund SIP,3910.0,UPI_AUTOPAY
I700747,2025-11-24,Debt Fund SIP,Mutual Fund SIP,1890.0,UPI_AUTOPAY
I700748,2025-11-25,Index Fund SIP,Mutual Fund SIP,6380.0,UPI_AUTOPAY
I700749,2025-11-25,ELSS SIP,Mutual Fund SIP,6740.0,UPI_AUTOPAY
I700750,2025-11-25,Debt Fund SIP,Mutual Fund SIP,7320.0,UPI_AUTOPAY
I700751,2025-11-25,ELSS SIP,Mutual Fund SIP,7440.0,UPI_AUTOPAY
I700752,2025-11-25,Flexi Cap Fund SIP,Mutual Fund SIP,2950.0,UPI_AUTOPAY
I700753,2025-11-25,Small Cap Fund SIP,Mutual Fund SIP,3170.0,UPI_AUTOPAY
I700754,2025-11-25,ELSS SIP,Mutual Fund SIP,11590.0,UPI_AUTOPAY
I700755,2025-11-25,Debt Fund SIP,Mutual Fund SIP,3700.0,UPI_AUTOPAY
I700756,2025-11-25,Flexi Cap Fund SIP,Mutual Fund SIP,1810.0,UPI_AUTOPAY
I700757,2025-11-25,Index Fund SIP,Mutual Fund SIP,1760.0,UPI_AUTOPAY
I700758,2025-11-25,Flexi Cap Fund SIP,Mutual Fund SIP,13060.0,UPI_AUTOPAY
I700759,2025-11-25,Debt Fund SIP,Mutual Fund SIP,6280.0,UPI_AUTOPAY
I700760,2025-11-25,Flexi Cap Fund SIP,Mutual Fund SIP,3720.0,UPI_AUTOPAY
I700761,2025-11-25,Debt Fund SIP,Mutual Fund SIP,33750.0,UPI_AUTOPAY
I700762,2025-11-25,Broker wallet top-up,One-time Investment,46900.0,UPI_APP
I700763,2025-11-25,Index Fund SIP,Mutual Fund SIP,2160.0,UPI_AUTOPAY
I700764,2025-11-25,Flexi Cap Fund SIP,Mutual Fund SIP,2260.0,UPI_AUTOPAY
I700765,2025-11-25,Flexi Cap Fund SIP,Mutual Fund SIP,7940.0,UPI_AUTOPAY
I700766,2025-11-25,Debt Fund SIP,Mutual Fund SIP,6140.0,UPI_AUTOPAY
I700767,2025-11-26,ELSS SIP,Mutual Fund SIP,5790.0,UPI_AUTOPAY
I700768,2025-11-26,ELSS SIP,Mutual Fund SIP,4550.0,UPI_AUTOPAY
I700769,2025-11-26,Debt Fund SIP,Mutual Fund SIP,17730.0,UPI_AUTOPAY
I700770,2025-11-26,Demat top-up,One-time Investment,7100.0,UPI_APP
I700771,2025-11-26,Flexi Cap Fund SIP,Mutual Fund SIP,6400.0,UPI_AUTOPAY
I700772,2025-11-26,Index Fund SIP,Mutual Fund SIP,3970.0,UPI_AUTOPAY
I700773,2025-11-26,ELSS SIP,Mutual Fund SIP,2570.0,UPI_AUTOPAY
I700774,2025-11-26,Index Fund SIP,Mutual Fund SIP,14990.0,UPI_AUTOPAY
I700775,2025-11-26,ELSS SIP,Mutual Fund SIP,4240.0,UPI_AUTOPAY
I700776,2025-11-26,Debt Fund SIP,Mutual Fund SIP,4310.0,UPI_AUTOPAY
I700777,2025-11-26,ELSS SIP,Mutual Fund SIP,8060.0,UPI_AUTOPAY
I700778,2025-11-26,Index Fund SIP,Mutual Fund SIP,2340.0,UPI_AUTOPAY
I700779,2025-11-26,Index Fund SIP,Mutual Fund SIP,1110.0,UPI_AUTOPAY
I700780,2025-11-26,Index Fund SIP,Mutual Fund SIP,6240.0,UPI_AUTOPAY
I700781,2025-11-27,Debt Fund SIP,Mutual Fund SIP,12680.0,UPI_AUTOPAY
I700782,2025-11-27,Flexi Cap Fund SIP,Mutual Fund SIP,4580.0,UPI_AUTOPAY
I700783,2025-11-27,ELSS SIP,Mutual Fund SIP,5240.0,UPI_AUTOPAY
I700784,2025-11-27,Debt Fund SIP,Mutual Fund SIP,2890.0,UPI_AUTOPAY
I700785,2025-11-27,Index Fund SIP,Mutual Fund SIP,3040.0,UPI_AUTOPAY
I700786,2025-11-27,Flexi Cap Fund SIP,Mutual Fund SIP,1700.0,UPI_AUTOPAY
I700787,2025-11-27,Debt Fund SIP,Mutual Fund SIP,4340.0,UPI_AUTOPAY
I700788,2025-11-27,Small Cap Fund SIP,Mutual Fund SIP,1610.0,UPI_AUTOPAY
I700789,2025-11-27,Small Cap Fund SIP,Mutual Fund SIP,3450.0,UPI_AUTOPAY
I700790,2025-11-27,Index Fund SIP,Mutual Fund SIP,6370.0,UPI_AUTOPAY
I700791,2025-11-27,Flexi Cap Fund SIP,Mutual Fund SIP,1790.0,UPI_AUTOPAY
I700792,2025-11-27,ELSS SIP,Mutual Fund SIP,4940.0,UPI_AUTOPAY
I700793,2025-11-27,Debt Fund SIP,Mutual Fund SIP,3840.0,UPI_AUTOPAY
I700794,2025-11-27,Index Fund SIP,Mutual Fund SIP,11630.0,UPI_AUTOPAY
I700795,2025-11-28,ELSS SIP,Mutual Fund SIP,1970.0,UPI_AUTOPAY
I700796,2025-11-28,Debt Fund SIP,Mutual Fund SIP,2150.0,UPI_AUTOPAY
I700797,2025-11-28,ELSS SIP,Mutual Fund SIP,2940.0,UPI_AUTOPAY
I700798,2025-11-28,Index Fund SIP,Mutual Fund SIP,2200.0,UPI_AUTOPAY
I700799,2025-11-28,Debt Fund SIP,Mutual Fund SIP,1810.0,UPI_AUTOPAY
I700800,2025-11-28,Index Fund SIP,Mutual Fund SIP,5780.0,UPI_AUTOPAY
I700801,2025-11-28,Debt Fund SIP,Mutual Fund SIP,6120.0,UPI_AUTOPAY
I700802,2025-11-28,One-time fund purchase,One-time Investment,9000.0,UPI_APP
I700803,2025-11-28,ELSS SIP,Mutual Fund SIP,2300.0,UPI_AUTOPAY
I700804,2025-11-28,Small Cap Fund SIP,Mutual Fund SIP,4440.0,UPI_AUTOPAY
I700805,2025-11-28,Index Fund SIP,Mutual Fund SIP,6580.0,UPI_AUTOPAY
I700806,2025-11-28,Small Cap Fund SIP,Mutual Fund SIP,10680.0,UPI_AUTOPAY
I700807,2025-11-28,Index Fund SIP,Mutual Fund SIP,2550.0,UPI_AUTOPAY
I700808,2025-11-28,Debt Fund SIP,Mutual Fund SIP,5730.0,UPI_AUTOPAY
I700809,2025-11-28,ELSS SIP,Mutual Fund SIP,3760.0,UPI_AUTOPAY
I700810,2025-11-28,Index Fund SIP,Mutual Fund SIP,19630.0,UPI_AUTOPAY
I700811,2025-11-28,Flexi Cap Fund SIP,Mutual Fund SIP,1910.0,UPI_AUTOPAY
I700812,2025-11-29,Flexi Cap Fund SIP,Mutual Fund SIP,9280.0,UPI_AUTOPAY
I700813,2025-11-29,ELSS SIP,Mutual Fund SIP,4800.0,UPI_AUTOPAY
I700814,2025-11-29,Debt Fund SIP,Mutual Fund SIP,5020.0,UPI_AUTOPAY
I700815,2025-11-29,Flexi Cap Fund SIP,Mutual Fund SIP,6530.0,UPI_AUTOPAY
I700816,2025-11-29,Debt Fund SIP,Mutual Fund SIP,10240.0,UPI_AUTOPAY
I700817,2025-11-29,Small Cap Fund SIP,Mutual Fund SIP,6390.0,UPI_AUTOPAY
I700818,2025-11-29,Index Fund SIP,Mutual Fund SIP,2500.0,UPI_AUTOPAY
I700819,2025-11-29,Small Cap Fund SIP,Mutual Fund SIP,4350.0,UPI_AUTOPAY
I700820,2025-11-29,Index Fund SIP,Mutual Fund SIP,6970.0,UPI_AUTOPAY
I700821,2025-11-29,Debt Fund SIP,Mutual Fund SIP,3690.0,UPI_AUTOPAY
I700822,2025-11-29,IPO application,One-time Investment,14300.0,UPI_APP
I700823,2025-11-29,Index Fund SIP,Mutual Fund SIP,4480.0,UPI_AUTOPAY
I700824,2025-11-29,Index Fund SIP,Mutual Fund SIP,5800.0,UPI_AUTOPAY
I700825,2025-11-29,Broker wallet top-up,One-time Investment,10800.0,UPI_QR
I700826,2025-11-29,ELSS SIP,Mutual Fund SIP,4890.0,UPI_AUTOPAY
I700827,2025-11-29,Flexi Cap Fund SIP,Mutual Fund SIP,5100.0,UPI_AUTOPAY
I700828,2025-11-29,Flexi Cap Fund SIP,Mutual Fund SIP,4210.0,UPI_AUTOPAY
I700829,2025-11-29,Flexi Cap Fund SIP,Mutual Fund SIP,5240.0,UPI_AUTOPAY
I700830,2025-11-29,Flexi Cap Fund SIP,Mutual Fund SIP,2440.0,UPI_AUTOPAY
I700831,2025-11-30,Debt Fund SIP,Mutual Fund SIP,3160.0,UPI_AUTOPAY
I700832,2025-11-30,Flexi Cap Fund SIP,Mutual Fund SIP,4730.0,UPI_AUTOPAY
I700833,2025-11-30,Flexi Cap Fund SIP,Mutual Fund SIP,1340.0,UPI_AUTOPAY
I700834,2025-11-30,Flexi Cap Fund SIP,Mutual Fund SIP,3470.0,UPI_AUTOPAY
I700835,2025-11-30,ELSS SIP,Mutual Fund SIP,11770.0,UPI_AUTOPAY
I700836,2025-11-30,Index Fund SIP,Mutual Fund SIP,1470.0,UPI_AUTOPAY
I700837,2025-11-30,Index Fund SIP,Mutual Fund SIP,7620.0,UPI_AUTOPAY
I700838,2025-11-30,Flexi Cap Fund SIP,Mutual Fund SIP,4040.0,UPI_AUTOPAY
I700839,2025-11-30,Small Cap Fund SIP,Mutual Fund SIP,6780.0,UPI_AUTOPAY
I700840,2025-11-30,Flexi Cap Fund SIP,Mutual Fund SIP,4700.0,UPI_AUTOPAY
I700841,2025-11-30,Flexi Cap Fund SIP,Mutual Fund SIP,2160.0,UPI_AUTOPAY
I700842,2025-11-30,Flexi Cap Fund SIP,Mutual Fund SIP,4130.0,UPI_AUTOPAY
I700843,2025-11-30,ELSS SIP,Mutual Fund SIP,7420.0,UPI_AUTOPAY
I700844,2025-12-01,Index Fund SIP,Mutual Fund SIP,1900.0,UPI_AUTOPAY
I700845,2025-12-01,Flexi Cap Fund SIP,Mutual Fund SIP,4470.0,UPI_AUTOPAY
I700846,2025-12-01,Flexi Cap Fund SIP,Mutual Fund SIP,5240.0,UPI_AUTOPAY
I700847,2025-12-01,Index Fund SIP,Mutual Fund SIP,3740.0,UPI_AUTOPAY
I700848,2025-12-01,Flexi Cap Fund SIP,Mutual Fund SIP,7180.0,UPI_AUTOPAY
I700849,2025-12-01,Small Cap Fund SIP,Mutual Fund SIP,2980.0,UPI_AUTOPAY
I700850,2025-12-01,Debt Fund SIP,Mutual Fund SIP,1700.0,UPI_AUTOPAY
I700851,2025-12-01,Small Cap Fund SIP,Mutual Fund SIP,3860.0,UPI_AUTOPAY
I700852,2025-12-01,Small Cap Fund SIP,Mutual Fund SIP,6370.0,UPI_AUTOPAY
I700853,2025-12-01,Small Cap Fund SIP,Mutual Fund SIP,11960.0,UPI_AUTOPAY
I700854,2025-12-02,Debt Fund SIP,Mutual Fund SIP,6290.0,UPI_AUTOPAY
I700855,2025-12-02,Small Cap Fund SIP,Mutual Fund SIP,3670.0,UPI_AUTOPAY
I700856,2025-12-02,Flexi Cap Fund SIP,Mutual Fund SIP,7890.0,UPI_AUTOPAY
I700857,2025-12-02,IPO application,One-time Investment,96700.0,UPI_APP
I700858,2025-12-02,ELSS SIP,Mutual Fund SIP,2900.0,UPI_AUTOPAY
I700859,2025-12-02,Flexi Cap Fund SIP,Mutual Fund SIP,11110.0,UPI_AUTOPAY
I700860,2025-12-02,Demat top-up,One-time Investment,12000.0,UPI_APP
I700861,2025-12-02,Small Cap Fund SIP,Mutual Fund SIP,14800.0,UPI_AUTOPAY
I700862,2025-12-02,ELSS SIP,Mutual Fund SIP,4790.0,UPI_AUTOPAY
I700863,2025-12-02,One-time fund purchase,One-time Investment,18700.0,UPI_APP
I700864,2025-12-02,ELSS SIP,Mutual Fund SIP,3840.0,UPI_AUTOPAY
I700865,2025-12-02,Small Cap Fund SIP,Mutual Fund SIP,10880.0,UPI_AUTOPAY
I700866,2025-12-03,Broker wallet top-up,One-time Investment,12100.0,UPI_APP
I700867,2025-12-03,Flexi Cap Fund SIP,Mutual Fund SIP,5550.0,UPI_AUTOPAY
I700868,2025-12-03,Index Fund SIP,Mutual Fund SIP,9910.0,UPI_AUTOPAY
I700869,2025-12-03,ELSS SIP,Mutual Fund SIP,2740.0,UPI_AUTOPAY
I700870,2025-12-03,Flexi Cap Fund SIP,Mutual Fund SIP,2950.0,UPI_AUTOPAY
I700871,2025-12-03,Debt Fund SIP,Mutual Fund SIP,13140.0,UPI_AUTOPAY
I700872,2025-12-03,Index Fund SIP,Mutual Fund SIP,4290.0,UPI_AUTOPAY
I700873,2025-12-03,ELSS SIP,Mutual Fund SIP,7470.0,UPI_AUTOPAY
I700874,2025-12-03,Index Fund SIP,Mutual Fund SIP,6720.0,UPI_AUTOPAY
I700875,2025-12-03,Debt Fund SIP,Mutual Fund SIP,6830.0,UPI_AUTOPAY
I700876,2025-12-03,IPO application,One-time Investment,39900.0,UPI_APP
I700877,2025-12-04,ELSS SIP,Mutual Fund SIP,4140.0,UPI_AUTOPAY
I700878,2025-12-04,ELSS SIP,Mutual Fund SIP,5560.0,UPI_AUTOPAY
I700879,2025-12-04,ELSS SIP,Mutual Fund SIP,5840.0,UPI_AUTOPAY
I700880,2025-12-04,Debt Fund SIP,Mutual Fund SIP,4170.0,UPI_AUTOPAY
I700881,2025-12-04,Debt Fund SIP,Mutual Fund SIP,4810.0,UPI_AUTOPAY
I700882,2025-12-04,Index Fund SIP,Mutual Fund SIP,4080.0,UPI_AUTOPAY
I700883,2025-12-04,Small Cap Fund SIP,Mutual Fund SIP,4420.0,UPI_AUTOPAY
I700884,2025-12-04,ELSS SIP,Mutual Fund SIP,6350.0,UPI_AUTOPAY
I700885,2025-12-04,Flexi Cap Fund SIP,Mutual Fund SIP,12850.0,UPI_AUTOPAY
I700886,2025-12-04,Debt Fund SIP,Mutual Fund SIP,5180.0,UPI_AUTOPAY
I700887,2025-12-04,ELSS SIP,Mutual Fund SIP,23940.0,UPI_AUTOPAY
I700888,2025-12-04,Index Fund SIP,Mutual Fund SIP,2990.0,UPI_AUTOPAY
I700889,2025-12-04,ELSS SIP,Mutual Fund SIP,4560.0,UPI_AUTOPAY
I700890,2025-12-05,Small Cap Fund SIP,Mutual Fund SIP,7660.0,UPI_AUTOPAY
I700891,2025-12-05,Flexi Cap Fund SIP,Mutual Fund SIP,2780.0,UPI_AUTOPAY
I700892,2025-12-05,Index Fund SIP,Mutual Fund SIP,2620.0,UPI_AUTOPAY
I700893,2025-12-05,Flexi Cap Fund SIP,Mutual Fund SIP,3240.0,UPI_AUTOPAY
I700894,2025-12-05,Flexi Cap Fund SIP,Mutual Fund SIP,4730.0,UPI_AUTOPAY
I700895,2025-12-05,Debt Fund SIP,Mutual Fund SIP,3090.0,UPI_AUTOPAY
I700896,2025-12-05,Flexi Cap Fund SIP,Mutual Fund SIP,7720.0,UPI_AUTOPAY
I700897,2025-12-05,Index Fund SIP,Mutual Fund SIP,3500.0,UPI_AUTOPAY
I700898,2025-12-05,Small Cap Fund SIP,Mutual Fund SIP,3600.0,UPI_AUTOPAY
I700899,2025-12-05,Flexi Cap Fund SIP,Mutual Fund SIP,4160.0,UPI_AUTOPAY
I700900,2025-12-05,Index Fund SIP,Mutual Fund SIP,2870.0,UPI_AUTOPAY
I700901,2025-12-05,Small Cap Fund SIP,Mutual Fund SIP,8440.0,UPI_AUTOPAY
I700902,2025-12-06,Debt Fund SIP,Mutual Fund SIP,2990.0,UPI_AUTOPAY
I700903,2025-12-06,Index Fund SIP,Mutual Fund SIP,5180.0,UPI_AUTOPAY
I700904,2025-12-06,ELSS SIP,Mutual Fund SIP,8320.0,UPI_AUTOPAY
I700905,2025-12-06,Flexi Cap Fund SIP,Mutual Fund SIP,4230.0,UPI_AUTOPAY
I700906,2025-12-06,ELSS SIP,Mutual Fund SIP,7220.0,UPI_AUTOPAY
I700907,2025-12-06,One-time fund purchase,One-time Investment,58800.0,UPI_APP
I700908,2025-12-06,Index Fund SIP,Mutual Fund SIP,4880.0,UPI_AUTOPAY
I700909,2025-12-06,ELSS SIP,Mutual Fund SIP,1640.0,UPI_AUTOPAY
I700910,2025-12-06,Broker wallet top-up,One-time Investment,10500.0,UPI_APP
I700911,2025-12-06,Small Cap Fund SIP,Mutual Fund SIP,4890.0,UPI_AUTOPAY
I700912,2025-12-06,Flexi Cap Fund SIP,Mutual Fund SIP,5020.0,UPI_AUTOPAY
I700913,2025-12-07,Index Fund SIP,Mutual Fund SIP,4990.0,UPI_AUTOPAY
I700914,2025-12-07,ELSS SIP,Mutual Fund SIP,9650.0,UPI_AUTOPAY
I700915,2025-12-07,Flexi Cap Fund SIP,Mutual Fund SIP,2900.0,UPI_AUTOPAY
I700916,2025-12-07,Index Fund SIP,Mutual Fund SIP,12350.0,UPI_AUTOPAY
I700917,2025-12-07,ELSS SIP,Mutual Fund SIP,10980.0,UPI_AUTOPAY
I700918,2025-12-07,Debt Fund SIP,Mutual Fund SIP,2080.0,UPI_AUTOPAY
I700919,2025-12-07,Demat top-up,One-time Investment,116400.0,UPI_APP
I700920,2025-12-07,Small Cap Fund SIP,Mutual Fund SIP,10560.0,UPI_AUTOPAY
I700921,2025-12-07,ELSS SIP,Mutual Fund SIP,2290.0,UPI_AUTOPAY
I700922,2025-12-07,Debt Fund SIP,Mutual Fund SIP,3690.0,UPI_AUTOPAY
I700923,2025-12-07,Index Fund SIP,Mutual Fund SIP,7240.0,UPI_AUTOPAY
I700924,2025-12-07,Flexi Cap Fund SIP,Mutual Fund SIP,7590.0,UPI_AUTOPAY
I700925,2025-12-07,IPO application,One-time Investment,12200.0,UPI_APP
I700926,2025-12-07,Flexi Cap Fund SIP,Mutual Fund SIP,3630.0,UPI_AUTOPAY
I700927,2025-12-07,ELSS SIP,Mutual Fund SIP,3030.0,UPI_AUTOPAY
I700928,2025-12-07,Demat top-up,One-time Investment,35500.0,UPI_APP
I700929,2025-12-07,IPO application,One-time Investment,56100.0,UPI_APP
I700930,2025-12-07,Index Fund SIP,Mutual Fund SIP,4570.0,UPI_AUTOPAY
I700931,2025-12-08,Index Fund SIP,Mutual Fund SIP,5640.0,UPI_AUTOPAY
I700932,2025-12-08,Index Fund SIP,Mutual Fund SIP,5940.0,UPI_AUTOPAY
I700933,2025-12-08,Flexi Cap Fund SIP,Mutual Fund SIP,3340.0,UPI_AUTOPAY
I700934,2025-12-08,Small Cap Fund SIP,Mutual Fund SIP,5820.0,UPI_AUTOPAY
I700935,2025-12-08,Flexi Cap Fund SIP,Mutual Fund SIP,2130.0,UPI_AUTOPAY
I700936,2025-12-08,ELSS SIP,Mutual Fund SIP,2010.0,UPI_AUTOPAY
I700937,2025-12-08,ELSS SIP,Mutual Fund SIP,7440.0,UPI_AUTOPAY
I700938,2025-12-08,Flexi Cap Fund SIP,Mutual Fund SIP,2730.0,UPI_AUTOPAY
I700939,2025-12-08,Debt Fund SIP,Mutual Fund SIP,3870.0,UPI_AUTOPAY
I700940,2025-12-08,Flexi Cap Fund SIP,Mutual Fund SIP,3640.0,UPI_AUTOPAY
I700941,2025-12-08,Demat top-up,One-time Investment,102600.0,UPI_APP
I700942,2025-12-08,IPO application,One-time Investment,3200.0,UPI_QR
I700943,2025-12-08,Small Cap Fund SIP,Mutual Fund SIP,11140.0,UPI_AUTOPAY
I700944,2025-12-08,ELSS SIP,Mutual Fund SIP,5320.0,UPI_AUTOPAY
I700945,2025-12-08,ELSS SIP,Mutual Fund SIP,8550.0,UPI_AUTOPAY
I700946,2025-12-08,Small Cap Fund SIP,Mutual Fund SIP,2120.0,UPI_AUTOPAY
I700947,2025-12-08,Index Fund SIP,Mutual Fund SIP,2840.0,UPI_AUTOPAY
I700948,2025-12-09,ELSS SIP,Mutual Fund SIP,2300.0,UPI_AUTOPAY
I700949,2025-12-09,Small Cap Fund SIP,Mutual Fund SIP,7140.0,UPI_AUTOPAY
I700950,2025-12-09,IPO application,One-time Investment,13100.0,UPI_APP
I700951,2025-12-09,ELSS SIP,Mutual Fund SIP,10790.0,UPI_AUTOPAY
I700952,2025-12-09,Broker wallet top-up,One-time Investment,47100.0,UPI_APP
I700953,2025-12-09,Index Fund SIP,Mutual Fund SIP,3560.0,UPI_AUTOPAY
I700954,2025-12-09,Debt Fund SIP,Mutual Fund SIP,3650.0,UPI_AUTOPAY
I700955,2025-12-09,ELSS SIP,Mutual Fund SIP,2270.0,UPI_AUTOPAY
I700956,2025-12-09,Index Fund SIP,Mutual Fund SIP,2840.0,UPI_AUTOPAY
I700957,2025-12-10,Small Cap Fund SIP,Mutual Fund SIP,2440.0,UPI_AUTOPAY
I700958,2025-12-10,ELSS SIP,Mutual Fund SIP,5090.0,UPI_AUTOPAY
I700959,2025-12-10,Debt Fund SIP,Mutual Fund SIP,5020.0,UPI_AUTOPAY
I700960,2025-12-10,Flexi Cap Fund SIP,Mutual Fund SIP,8760.0,UPI_AUTOPAY
I700961,2025-12-10,Flexi Cap Fund SIP,Mutual Fund SIP,5450.0,UPI_AUTOPAY
I700962,2025-12-10,Debt Fund SIP,Mutual Fund SIP,1560.0,UPI_AUTOPAY
I700963,2025-12-10,Index Fund SIP,Mutual Fund SIP,15000.0,UPI_AUTOPAY
I700964,2025-12-10,Small Cap Fund SIP,Mutual Fund SIP,1420.0,UPI_AUTOPAY
I700965,2025-12-11,Flexi Cap Fund SIP,Mutual Fund SIP,4150.0,UPI_AUTOPAY
I700966,2025-12-11,Debt Fund SIP,Mutual Fund SIP,3820.0,UPI_AUTOPAY
I700967,2025-12-11,Flexi Cap Fund SIP,Mutual Fund SIP,6900.0,UPI_AUTOPAY
I700968,2025-12-11,One-time fund purchase,One-time Investment,19300.0,UPI_APP
I700969,2025-12-11,Broker wallet top-up,One-time Investment,91500.0,UPI_QR
I700970,2025-12-11,IPO application,One-time Investment,12400.0,UPI_APP
I700971,2025-12-11,Small Cap Fund SIP,Mutual Fund SIP,7590.0,UPI_AUTOPAY
I700972,2025-12-11,IPO application,One-time Investment,2500.0,UPI_APP
I700973,2025-12-11,ELSS SIP,Mutual Fund SIP,1620.0,UPI_AUTOPAY
I700974,2025-12-11,ELSS SIP,Mutual Fund SIP,7780.0,UPI_AUTOPAY
I700975,2025-12-12,Broker wallet top-up,One-time Investment,65100.0,UPI_APP
I700976,2025-12-12,Flexi Cap Fund SIP,Mutual Fund SIP,4460.0,UPI_AUTOPAY
I700977,2025-12-12,Index Fund SIP,Mutual Fund SIP,3710.0,UPI_AUTOPAY
I700978,2025-12-12,Small Cap Fund SIP,Mutual Fund SIP,6010.0,UPI_AUTOPAY
I700979,2025-12-12,Flexi Cap Fund SIP,Mutual Fund SIP,7410.0,UPI_AUTOPAY
I700980,2025-12-12,Debt Fund SIP,Mutual Fund SIP,1470.0,UPI_AUTOPAY
I700981,2025-12-12,Index Fund SIP,Mutual Fund SIP,5580.0,UPI_AUTOPAY
I700982,2025-12-12,Index Fund SIP,Mutual Fund SIP,3380.0,UPI_AUTOPAY
I700983,2025-12-12,Flexi Cap Fund SIP,Mutual Fund SIP,3950.0,UPI_AUTOPAY
I700984,2025-12-12,Debt Fund SIP,Mutual Fund SIP,7910.0,UPI_AUTOPAY
I700985,2025-12-13,Index Fund SIP,Mutual Fund SIP,3910.0,UPI_AUTOPAY
I700986,2025-12-13,Flexi Cap Fund SIP,Mutual Fund SIP,6610.0,UPI_AUTOPAY
I700987,2025-12-13,Debt Fund SIP,Mutual Fund SIP,8040.0,UPI_AUTOPAY
I700988,2025-12-13,Flexi Cap Fund SIP,Mutual Fund SIP,5190.0,UPI_AUTOPAY
I700989,2025-12-13,Debt Fund SIP,Mutual Fund SIP,7090.0,UPI_AUTOPAY
I700990,2025-12-13,Flexi Cap Fund SIP,Mutual Fund SIP,5670.0,UPI_AUTOPAY
I700991,2025-12-13,Small Cap Fund SIP,Mutual Fund SIP,13950.0,UPI_AUTOPAY
I700992,2025-12-13,Flexi Cap Fund SIP,Mutual Fund SIP,3420.0,UPI_AUTOPAY
I700993,2025-12-13,Flexi Cap Fund SIP,Mutual Fund SIP,1960.0,UPI_AUTOPAY
I700994,2025-12-13,ELSS SIP,Mutual Fund SIP,4400.0,UPI_AUTOPAY
I700995,2025-12-13,ELSS SIP,Mutual Fund SIP,9080.0,UPI_AUTOPAY
I700996,2025-12-13,Small Cap Fund SIP,Mutual Fund SIP,6150.0,UPI_AUTOPAY
I700997,2025-12-14,Flexi Cap Fund SIP,Mutual Fund SIP,6150.0,UPI_AUTOPAY
I700998,2025-12-14,ELSS SIP,Mutual Fund SIP,5390.0,UPI_AUTOPAY
I700999,2025-12-14,Small Cap Fund SIP,Mutual Fund SIP,3160.0,UPI_AUTOPAY
I701000,2025-12-14,Index Fund SIP,Mutual Fund SIP,5220.0,UPI_AUTOPAY
I701001,2025-12-14,IPO application (HNI category),One-time Investment,3083315.0,UPI_APP
I701002,2025-12-14,Small Cap Fund SIP,Mutual Fund SIP,2730.0,UPI_AUTOPAY
I701003,2025-12-14,Index Fund SIP,Mutual Fund SIP,6880.0,UPI_AUTOPAY
I701004,2025-12-14,Debt Fund SIP,Mutual Fund SIP,3630.0,UPI_AUTOPAY
I701005,2025-12-15,Index Fund SIP,Mutual Fund SIP,4870.0,UPI_AUTOPAY
I701006,2025-12-15,ELSS SIP,Mutual Fund SIP,12770.0,UPI_AUTOPAY
I701007,2025-12-15,Index Fund SIP,Mutual Fund SIP,4150.0,UPI_AUTOPAY
I701008,2025-12-15,Debt Fund SIP,Mutual Fund SIP,3410.0,UPI_AUTOPAY
I701009,2025-12-15,Index Fund SIP,Mutual Fund SIP,11340.0,UPI_AUTOPAY
I701010,2025-12-15,Index Fund SIP,Mutual Fund SIP,2460.0,UPI_AUTOPAY
I701011,2025-12-16,Small Cap Fund SIP,Mutual Fund SIP,17070.0,UPI_AUTOPAY
I701012,2025-12-16,Flexi Cap Fund SIP,Mutual Fund SIP,5670.0,UPI_AUTOPAY
I701013,2025-12-16,Index Fund SIP,Mutual Fund SIP,10280.0,UPI_AUTOPAY
I701014,2025-12-16,Index Fund SIP,Mutual Fund SIP,8490.0,UPI_AUTOPAY
I701015,2025-12-16,Flexi Cap Fund SIP,Mutual Fund SIP,5950.0,UPI_AUTOPAY
I701016,2025-12-16,Debt Fund SIP,Mutual Fund SIP,9630.0,UPI_AUTOPAY
I701017,2025-12-16,Debt Fund SIP,Mutual Fund SIP,6460.0,UPI_AUTOPAY
I701018,2025-12-16,Flexi Cap Fund SIP,Mutual Fund SIP,6080.0,UPI_AUTOPAY
I701019,2025-12-16,ELSS SIP,Mutual Fund SIP,5260.0,UPI_AUTOPAY
I701020,2025-12-16,ELSS SIP,Mutual Fund SIP,2050.0,UPI_AUTOPAY
I701021,2025-12-17,Index Fund SIP,Mutual Fund SIP,6700.0,UPI_AUTOPAY
I701022,2025-12-17,Flexi Cap Fund SIP,Mutual Fund SIP,2610.0,UPI_AUTOPAY
I701023,2025-12-17,Index Fund SIP,Mutual Fund SIP,5040.0,UPI_AUTOPAY
I701024,2025-12-17,ELSS SIP,Mutual Fund SIP,2610.0,UPI_AUTOPAY
I701025,2025-12-17,ELSS SIP,Mutual Fund SIP,6090.0,UPI_AUTOPAY
I701026,2025-12-17,Small Cap Fund SIP,Mutual Fund SIP,1260.0,UPI_AUTOPAY
I701027,2025-12-17,Demat top-up,One-time Investment,32600.0,UPI_APP
I701028,2025-12-17,Broker wallet top-up,One-time Investment,52800.0,UPI_APP
I701029,2025-12-17,Index Fund SIP,Mutual Fund SIP,6160.0,UPI_AUTOPAY
I701030,2025-12-17,Small Cap Fund SIP,Mutual Fund SIP,3890.0,UPI_AUTOPAY
I701031,2025-12-17,Flexi Cap Fund SIP,Mutual Fund SIP,9010.0,UPI_AUTOPAY
I701032,2025-12-17,Index Fund SIP,Mutual Fund SIP,3430.0,UPI_AUTOPAY
I701033,2025-12-17,Small Cap Fund SIP,Mutual Fund SIP,8220.0,UPI_AUTOPAY
I701034,2025-12-17,Index Fund SIP,Mutual Fund SIP,6360.0,UPI_AUTOPAY
I701035,2025-12-18,Index Fund SIP,Mutual Fund SIP,7530.0,UPI_AUTOPAY
I701036,2025-12-18,Index Fund SIP,Mutual Fund SIP,3360.0,UPI_AUTOPAY
I701037,2025-12-18,ELSS SIP,Mutual Fund SIP,6170.0,UPI_AUTOPAY
I701038,2025-12-18,Debt Fund SIP,Mutual Fund SIP,4870.0,UPI_AUTOPAY
I701039,2025-12-18,ELSS SIP,Mutual Fund SIP,10920.0,UPI_AUTOPAY
I701040,2025-12-18,Flexi Cap Fund SIP,Mutual Fund SIP,4350.0,UPI_AUTOPAY
I701041,2025-12-18,Flexi Cap Fund SIP,Mutual Fund SIP,5720.0,UPI_AUTOPAY
I701042,2025-12-18,Small Cap Fund SIP,Mutual Fund SIP,6460.0,UPI_AUTOPAY
I701043,2025-12-18,Small Cap Fund SIP,Mutual Fund SIP,2970.0,UPI_AUTOPAY
I701044,2025-12-18,Flexi Cap Fund SIP,Mutual Fund SIP,6590.0,UPI_AUTOPAY
I701045,2025-12-18,ELSS SIP,Mutual Fund SIP,1890.0,UPI_AUTOPAY
I701046,2025-12-18,Flexi Cap Fund SIP,Mutual Fund SIP,3140.0,UPI_AUTOPAY
I701047,2025-12-19,Debt Fund SIP,Mutual Fund SIP,1070.0,UPI_AUTOPAY
I701048,2025-12-19,Debt Fund SIP,Mutual Fund SIP,3200.0,UPI_AUTOPAY
I701049,2025-12-19,Small Cap Fund SIP,Mutual Fund SIP,1200.0,UPI_AUTOPAY
I701050,2025-12-19,Debt Fund SIP,Mutual Fund SIP,2450.0,UPI_AUTOPAY
I701051,2025-12-19,Debt Fund SIP,Mutual Fund SIP,6740.0,UPI_AUTOPAY
I701052,2025-12-19,Debt Fund SIP,Mutual Fund SIP,2250.0,UPI_AUTOPAY
I701053,2025-12-19,Flexi Cap Fund SIP,Mutual Fund SIP,5460.0,UPI_AUTOPAY
I701054,2025-12-20,Small Cap Fund SIP,Mutual Fund SIP,3090.0,UPI_AUTOPAY
I701055,2025-12-20,Index Fund SIP,Mutual Fund SIP,6240.0,UPI_AUTOPAY
I701056,2025-12-20,Debt Fund SIP,Mutual Fund SIP,13350.0,UPI_AUTOPAY
I701057,2025-12-20,Debt Fund SIP,Mutual Fund SIP,9580.0,UPI_AUTOPAY
I701058,2025-12-20,Debt Fund SIP,Mutual Fund SIP,4580.0,UPI_AUTOPAY
I701059,2025-12-20,Small Cap Fund SIP,Mutual Fund SIP,3720.0,UPI_AUTOPAY
I701060,2025-12-20,ELSS SIP,Mutual Fund SIP,10090.0,UPI_AUTOPAY
I701061,2025-12-20,ELSS SIP,Mutual Fund SIP,5800.0,UPI_AUTOPAY
I701062,2025-12-20,Small Cap Fund SIP,Mutual Fund SIP,3210.0,UPI_AUTOPAY
I701063,2025-12-20,Debt Fund SIP,Mutual Fund SIP,9350.0,UPI_AUTOPAY
I701064,2025-12-20,Debt Fund SIP,Mutual Fund SIP,9960.0,UPI_AUTOPAY
I701065,2025-12-20,ELSS SIP,Mutual Fund SIP,7360.0,UPI_AUTOPAY
I701066,2025-12-20,Debt Fund SIP,Mutual Fund SIP,6440.0,UPI_AUTOPAY
I701067,2025-12-20,Small Cap Fund SIP,Mutual Fund SIP,3290.0,UPI_AUTOPAY
I701068,2025-12-21,Debt Fund SIP,Mutual Fund SIP,6300.0,UPI_AUTOPAY
I701069,2025-12-21,Index Fund SIP,Mutual Fund SIP,3720.0,UPI_AUTOPAY
I701070,2025-12-21,Small Cap Fund SIP,Mutual Fund SIP,1210.0,UPI_AUTOPAY
I701071,2025-12-21,ELSS SIP,Mutual Fund SIP,7100.0,UPI_AUTOPAY
I701072,2025-12-21,Small Cap Fund SIP,Mutual Fund SIP,8710.0,UPI_AUTOPAY
I701073,2025-12-21,Flexi Cap Fund SIP,Mutual Fund SIP,11680.0,UPI_AUTOPAY
I701074,2025-12-21,Broker wallet top-up,One-time Investment,7000.0,UPI_APP
I701075,2025-12-21,Small Cap Fund SIP,Mutual Fund SIP,6020.0,UPI_AUTOPAY
I701076,2025-12-21,Debt Fund SIP,Mutual Fund SIP,9790.0,UPI_AUTOPAY
I701077,2025-12-21,Index Fund SIP,Mutual Fund SIP,2160.0,UPI_AUTOPAY
I701078,2025-12-21,Small Cap Fund SIP,Mutual Fund SIP,5410.0,UPI_AUTOPAY
I701079,2025-12-21,ELSS SIP,Mutual Fund SIP,7160.0,UPI_AUTOPAY
I701080,2025-12-22,ELSS SIP,Mutual Fund SIP,6860.0,UPI_AUTOPAY
I701081,2025-12-22,Flexi Cap Fund SIP,Mutual Fund SIP,9900.0,UPI_AUTOPAY
I701082,2025-12-22,Debt Fund SIP,Mutual Fund SIP,3250.0,UPI_AUTOPAY
I701083,2025-12-22,Index Fund SIP,Mutual Fund SIP,7880.0,UPI_AUTOPAY
I701084,2025-12-22,Index Fund SIP,Mutual Fund SIP,7730.0,UPI_AUTOPAY
I701085,2025-12-22,Flexi Cap Fund SIP,Mutual Fund SIP,7320.0,UPI_AUTOPAY
I701086,2025-12-22,Index Fund SIP,Mutual Fund SIP,3360.0,UPI_AUTOPAY
I701087,2025-12-22,Debt Fund SIP,Mutual Fund SIP,5340.0,UPI_AUTOPAY
I701088,2025-12-22,Small Cap Fund SIP,Mutual Fund SIP,3150.0,UPI_AUTOPAY
I701089,2025-12-22,ELSS SIP,Mutual Fund SIP,8800.0,UPI_AUTOPAY
I701090,2025-12-23,Debt Fund SIP,Mutual Fund SIP,11390.0,UPI_AUTOPAY
I701091,2025-12-23,Small Cap Fund SIP,Mutual Fund SIP,5410.0,UPI_AUTOPAY
I701092,2025-12-23,ELSS SIP,Mutual Fund SIP,2760.0,UPI_AUTOPAY
I701093,2025-12-23,Index Fund SIP,Mutual Fund SIP,3800.0,UPI_AUTOPAY
I701094,2025-12-23,Flexi Cap Fund SIP,Mutual Fund SIP,4230.0,UPI_AUTOPAY
I701095,2025-12-23,Small Cap Fund SIP,Mutual Fund SIP,7150.0,UPI_AUTOPAY
I701096,2025-12-23,IPO application,One-time Investment,34000.0,UPI_APP
I701097,2025-12-23,Demat top-up,One-time Investment,42400.0,UPI_APP
I701098,2025-12-23,Debt Fund SIP,Mutual Fund SIP,2910.0,UPI_AUTOPAY
I701099,2025-12-24,ELSS SIP,Mutual Fund SIP,4990.0,UPI_AUTOPAY
I701100,2025-12-24,Index Fund SIP,Mutual Fund SIP,9250.0,UPI_AUTOPAY
I701101,2025-12-24,Debt Fund SIP,Mutual Fund SIP,6560.0,UPI_AUTOPAY
I701102,2025-12-24,Flexi Cap Fund SIP,Mutual Fund SIP,5410.0,UPI_AUTOPAY
I701103,2025-12-24,Small Cap Fund SIP,Mutual Fund SIP,7240.0,UPI_AUTOPAY
I701104,2025-12-24,Small Cap Fund SIP,Mutual Fund SIP,9260.0,UPI_AUTOPAY
I701105,2025-12-24,Small Cap Fund SIP,Mutual Fund SIP,9630.0,UPI_AUTOPAY
I701106,2025-12-24,Index Fund SIP,Mutual Fund SIP,8330.0,UPI_AUTOPAY
I701107,2025-12-24,ELSS SIP,Mutual Fund SIP,4530.0,UPI_AUTOPAY
I701108,2025-12-24,Broker wallet top-up,One-time Investment,41700.0,UPI_APP
I701109,2025-12-24,Flexi Cap Fund SIP,Mutual Fund SIP,4740.0,UPI_AUTOPAY
I701110,2025-12-24,Debt Fund SIP,Mutual Fund SIP,3260.0,UPI_AUTOPAY
I701111,2025-12-25,IPO application,One-time Investment,13600.0,UPI_APP
I701112,2025-12-25,Small Cap Fund SIP,Mutual Fund SIP,7260.0,UPI_AUTOPAY
I701113,2025-12-25,Small Cap Fund SIP,Mutual Fund SIP,4520.0,UPI_AUTOPAY
I701114,2025-12-26,Debt Fund SIP,Mutual Fund SIP,13250.0,UPI_AUTOPAY
I701115,2025-12-26,ELSS SIP,Mutual Fund SIP,3290.0,UPI_AUTOPAY
I701116,2025-12-26,ELSS SIP,Mutual Fund SIP,4430.0,UPI_AUTOPAY
I701117,2025-12-26,Debt Fund SIP,Mutual Fund SIP,8450.0,UPI_AUTOPAY
I701118,2025-12-27,Small Cap Fund SIP,Mutual Fund SIP,4470.0,UPI_AUTOPAY
I701119,2025-12-27,Small Cap Fund SIP,Mutual Fund SIP,4080.0,UPI_AUTOPAY
I701120,2025-12-27,Index Fund SIP,Mutual Fund SIP,13240.0,UPI_AUTOPAY
I701121,2025-12-27,Flexi Cap Fund SIP,Mutual Fund SIP,4160.0,UPI_AUTOPAY
I701122,2025-12-27,Flexi Cap Fund SIP,Mutual Fund SIP,2550.0,UPI_AUTOPAY
I701123,2025-12-27,Index Fund SIP,Mutual Fund SIP,17140.0,UPI_AUTOPAY
I701124,2025-12-27,Debt Fund SIP,Mutual Fund SIP,5010.0,UPI_AUTOPAY
I701125,2025-12-27,Debt Fund SIP,Mutual Fund SIP,3620.0,UPI_AUTOPAY
I701126,2025-12-27,Index Fund SIP,Mutual Fund SIP,1910.0,UPI_AUTOPAY
I701127,2025-12-27,Index Fund SIP,Mutual Fund SIP,11210.0,UPI_AUTOPAY
I701128,2025-12-27,Flexi Cap Fund SIP,Mutual Fund SIP,8980.0,UPI_AUTOPAY
I701129,2025-12-27,Small Cap Fund SIP,Mutual Fund SIP,1900.0,UPI_AUTOPAY
I701130,2025-12-27,Small Cap Fund SIP,Mutual Fund SIP,4910.0,UPI_AUTOPAY
I701131,2025-12-28,Small Cap Fund SIP,Mutual Fund SIP,4000.0,UPI_AUTOPAY
I701132,2025-12-28,Small Cap Fund SIP,Mutual Fund SIP,3870.0,UPI_AUTOPAY
I701133,2025-12-28,Flexi Cap Fund SIP,Mutual Fund SIP,6220.0,UPI_AUTOPAY
I701134,2025-12-28,Small Cap Fund SIP,Mutual Fund SIP,1840.0,UPI_AUTOPAY
I701135,2025-12-28,Flexi Cap Fund SIP,Mutual Fund SIP,7240.0,UPI_AUTOPAY
I701136,2025-12-28,Small Cap Fund SIP,Mutual Fund SIP,1110.0,UPI_AUTOPAY
I701137,2025-12-28,Small Cap Fund SIP,Mutual Fund SIP,4300.0,UPI_AUTOPAY
I701138,2025-12-28,Flexi Cap Fund SIP,Mutual Fund SIP,3640.0,UPI_AUTOPAY
I701139,2025-12-28,Debt Fund SIP,Mutual Fund SIP,3540.0,UPI_AUTOPAY
I701140,2025-12-28,ELSS SIP,Mutual Fund SIP,10830.0,UPI_AUTOPAY
I701141,2025-12-28,Small Cap Fund SIP,Mutual Fund SIP,2510.0,UPI_AUTOPAY
I701142,2025-12-28,ELSS SIP,Mutual Fund SIP,10500.0,UPI_AUTOPAY
I701143,2025-12-28,Flexi Cap Fund SIP,Mutual Fund SIP,6550.0,UPI_AUTOPAY
I701144,2025-12-29,Debt Fund SIP,Mutual Fund SIP,14300.0,UPI_AUTOPAY
I701145,2025-12-29,Debt Fund SIP,Mutual Fund SIP,3290.0,UPI_AUTOPAY
I701146,2025-12-29,Index Fund SIP,Mutual Fund SIP,1570.0,UPI_AUTOPAY
I701147,2025-12-29,ELSS SIP,Mutual Fund SIP,1710.0,UPI_AUTOPAY
I701148,2025-12-29,Demat top-up,One-time Investment,7300.0,UPI_APP
I701149,2025-12-29,Broker wallet top-up,One-time Investment,29900.0,UPI_QR
I701150,2025-12-29,Index Fund SIP,Mutual Fund SIP,1480.0,UPI_AUTOPAY
I701151,2025-12-29,Debt Fund SIP,Mutual Fund SIP,11690.0,UPI_AUTOPAY
I701152,2025-12-29,IPO application,One-time Investment,31500.0,UPI_APP
I701153,2025-12-29,Debt Fund SIP,Mutual Fund SIP,4580.0,UPI_AUTOPAY
I701154,2025-12-29,Debt Fund SIP,Mutual Fund SIP,6870.0,UPI_AUTOPAY
I701155,2025-12-30,Index Fund SIP,Mutual Fund SIP,3050.0,UPI_AUTOPAY
I701156,2025-12-30,Small Cap Fund SIP,Mutual Fund SIP,5330.0,UPI_AUTOPAY
I701157,2025-12-30,Flexi Cap Fund SIP,Mutual Fund SIP,7660.0,UPI_AUTOPAY
I701158,2025-12-30,Debt Fund SIP,Mutual Fund SIP,9130.0,UPI_AUTOPAY
I701159,2025-12-30,Small Cap Fund SIP,Mutual Fund SIP,9200.0,UPI_AUTOPAY
I701160,2025-12-30,Small Cap Fund SIP,Mutual Fund SIP,19340.0,UPI_AUTOPAY
I701161,2025-12-30,Debt Fund SIP,Mutual Fund SIP,3430.0,UPI_AUTOPAY
I701162,2025-12-30,ELSS SIP,Mutual Fund SIP,7690.0,UPI_AUTOPAY
I701163,2025-12-31,Index Fund SIP,Mutual Fund SIP,3170.0,UPI_AUTOPAY
I701164,2025-12-31,Debt Fund SIP,Mutual Fund SIP,7040.0,UPI_AUTOPAY
I701165,2025-12-31,Flexi Cap Fund SIP,Mutual Fund SIP,4660.0,UPI_AUTOPAY
I701166,2025-12-31,ELSS SIP,Mutual Fund SIP,8170.0,UPI_AUTOPAY
I701167,2025-12-31,Flexi Cap Fund SIP,Mutual Fund SIP,5780.0,UPI_AUTOPAY
I701168,2025-12-31,ELSS SIP,Mutual Fund SIP,8280.0,UPI_AUTOPAY
I701169,2025-12-31,Flexi Cap Fund SIP,Mutual Fund SIP,10310.0,UPI_AUTOPAY
I701170,2025-12-31,ELSS SIP,Mutual Fund SIP,9920.0,UPI_AUTOPAY
I701171,2025-12-31,ELSS SIP,Mutual Fund SIP,7700.0,UPI_AUTOPAY
I701172,2025-12-31,Flexi Cap Fund SIP,Mutual Fund SIP,13110.0,UPI_AUTOPAY
I701173,2025-12-31,One-time fund purchase,One-time Investment,6100.0,UPI_APP
I701174,2025-12-31,Index Fund SIP,Mutual Fund SIP,2770.0,UPI_AUTOPAY
I701175,2026-01-01,Index Fund SIP,Mutual Fund SIP,5260.0,UPI_AUTOPAY
I701176,2026-01-01,Index Fund SIP,Mutual Fund SIP,4780.0,UPI_AUTOPAY
I701177,2026-01-01,Index Fund SIP,Mutual Fund SIP,8210.0,UPI_AUTOPAY
I701178,2026-01-01,Debt Fund SIP,Mutual Fund SIP,3030.0,UPI_AUTOPAY
I701179,2026-01-01,Index Fund SIP,Mutual Fund SIP,4060.0,UPI_AUTOPAY
I701180,2026-01-01,Debt Fund SIP,Mutual Fund SIP,6730.0,UPI_AUTOPAY
I701181,2026-01-01,ELSS SIP,Mutual Fund SIP,6770.0,UPI_AUTOPAY
I701182,2026-01-01,Broker wallet top-up,One-time Investment,46000.0,UPI_APP
I701183,2026-01-02,ELSS SIP,Mutual Fund SIP,9980.0,UPI_AUTOPAY
I701184,2026-01-02,Flexi Cap Fund SIP,Mutual Fund SIP,4790.0,UPI_AUTOPAY
I701185,2026-01-02,Flexi Cap Fund SIP,Mutual Fund SIP,9730.0,UPI_AUTOPAY
I701186,2026-01-02,ELSS SIP,Mutual Fund SIP,4350.0,UPI_AUTOPAY
I701187,2026-01-02,Index Fund SIP,Mutual Fund SIP,3240.0,UPI_AUTOPAY
I701188,2026-01-02,ELSS SIP,Mutual Fund SIP,1830.0,UPI_AUTOPAY
I701189,2026-01-02,Debt Fund SIP,Mutual Fund SIP,14360.0,UPI_AUTOPAY
I701190,2026-01-02,Demat top-up,One-time Investment,33600.0,UPI_APP
I701191,2026-01-02,Flexi Cap Fund SIP,Mutual Fund SIP,14070.0,UPI_AUTOPAY
I701192,2026-01-02,Flexi Cap Fund SIP,Mutual Fund SIP,13730.0,UPI_AUTOPAY
I701193,2026-01-03,Small Cap Fund SIP,Mutual Fund SIP,7680.0,UPI_AUTOPAY
I701194,2026-01-03,ELSS SIP,Mutual Fund SIP,5740.0,UPI_AUTOPAY
I701195,2026-01-03,Flexi Cap Fund SIP,Mutual Fund SIP,5670.0,UPI_AUTOPAY
I701196,2026-01-03,ELSS SIP,Mutual Fund SIP,4380.0,UPI_AUTOPAY
I701197,2026-01-03,Flexi Cap Fund SIP,Mutual Fund SIP,5350.0,UPI_AUTOPAY
I701198,2026-01-03,ELSS SIP,Mutual Fund SIP,4070.0,UPI_AUTOPAY
I701199,2026-01-03,Debt Fund SIP,Mutual Fund SIP,27230.0,UPI_AUTOPAY
I701200,2026-01-03,Flexi Cap Fund SIP,Mutual Fund SIP,2950.0,UPI_AUTOPAY
I701201,2026-01-03,Debt Fund SIP,Mutual Fund SIP,16060.0,UPI_AUTOPAY
I701202,2026-01-03,Small Cap Fund SIP,Mutual Fund SIP,3590.0,UPI_AUTOPAY
I701203,2026-01-03,Small Cap Fund SIP,Mutual Fund SIP,8000.0,UPI_AUTOPAY
I701204,2026-01-03,Flexi Cap Fund SIP,Mutual Fund SIP,3720.0,UPI_AUTOPAY
I701205,2026-01-04,Broker wallet top-up,One-time Investment,16700.0,UPI_APP
I701206,2026-01-04,Small Cap Fund SIP,Mutual Fund SIP,5930.0,UPI_AUTOPAY
I701207,2026-01-04,Index Fund SIP,Mutual Fund SIP,3650.0,UPI_AUTOPAY
I701208,2026-01-04,Index Fund SIP,Mutual Fund SIP,8350.0,UPI_AUTOPAY
I701209,2026-01-04,Flexi Cap Fund SIP,Mutual Fund SIP,7560.0,UPI_AUTOPAY
I701210,2026-01-04,Flexi Cap Fund SIP,Mutual Fund SIP,12030.0,UPI_AUTOPAY
I701211,2026-01-04,Flexi Cap Fund SIP,Mutual Fund SIP,3840.0,UPI_AUTOPAY
I701212,2026-01-04,Flexi Cap Fund SIP,Mutual Fund SIP,2800.0,UPI_AUTOPAY
I701213,2026-01-04,ELSS SIP,Mutual Fund SIP,5650.0,UPI_AUTOPAY
I701214,2026-01-04,Flexi Cap Fund SIP,Mutual Fund SIP,7830.0,UPI_AUTOPAY
I701215,2026-01-04,ELSS SIP,Mutual Fund SIP,3360.0,UPI_AUTOPAY
I701216,2026-01-05,Demat top-up,One-time Investment,32900.0,UPI_APP
I701217,2026-01-05,Debt Fund SIP,Mutual Fund SIP,7590.0,UPI_AUTOPAY
I701218,2026-01-05,ELSS SIP,Mutual Fund SIP,2890.0,UPI_AUTOPAY
I701219,2026-01-05,Index Fund SIP,Mutual Fund SIP,14200.0,UPI_AUTOPAY
I701220,2026-01-05,Flexi Cap Fund SIP,Mutual Fund SIP,4440.0,UPI_AUTOPAY
I701221,2026-01-05,Small Cap Fund SIP,Mutual Fund SIP,9510.0,UPI_AUTOPAY
I701222,2026-01-05,Index Fund SIP,Mutual Fund SIP,9450.0,UPI_AUTOPAY
I701223,2026-01-05,Flexi Cap Fund SIP,Mutual Fund SIP,2820.0,UPI_AUTOPAY
I701224,2026-01-05,ELSS SIP,Mutual Fund SIP,4980.0,UPI_AUTOPAY
I701225,2026-01-05,Debt Fund SIP,Mutual Fund SIP,3740.0,UPI_AUTOPAY
I701226,2026-01-05,Index Fund SIP,Mutual Fund SIP,3280.0,UPI_AUTOPAY
I701227,2026-01-05,Small Cap Fund SIP,Mutual Fund SIP,9790.0,UPI_AUTOPAY
I701228,2026-01-06,ELSS SIP,Mutual Fund SIP,5280.0,UPI_AUTOPAY
I701229,2026-01-06,Flexi Cap Fund SIP,Mutual Fund SIP,11020.0,UPI_AUTOPAY
I701230,2026-01-06,Index Fund SIP,Mutual Fund SIP,4010.0,UPI_AUTOPAY
I701231,2026-01-06,IPO application,One-time Investment,50400.0,UPI_QR
I701232,2026-01-06,Debt Fund SIP,Mutual Fund SIP,9830.0,UPI_AUTOPAY
I701233,2026-01-06,Small Cap Fund SIP,Mutual Fund SIP,2130.0,UPI_AUTOPAY
I701234,2026-01-07,ELSS SIP,Mutual Fund SIP,6410.0,UPI_AUTOPAY
I701235,2026-01-07,Small Cap Fund SIP,Mutual Fund SIP,5750.0,UPI_AUTOPAY
I701236,2026-01-07,Index Fund SIP,Mutual Fund SIP,7000.0,UPI_AUTOPAY
I701237,2026-01-07,Index Fund SIP,Mutual Fund SIP,3640.0,UPI_AUTOPAY
I701238,2026-01-07,Broker wallet top-up,One-time Investment,16600.0,UPI_APP
I701239,2026-01-07,Index Fund SIP,Mutual Fund SIP,7810.0,UPI_AUTOPAY
I701240,2026-01-07,Index Fund SIP,Mutual Fund SIP,9370.0,UPI_AUTOPAY
I701241,2026-01-07,Index Fund SIP,Mutual Fund SIP,4290.0,UPI_AUTOPAY
I701242,2026-01-07,Index Fund SIP,Mutual Fund SIP,5990.0,UPI_AUTOPAY
I701243,2026-01-07,Small Cap Fund SIP,Mutual Fund SIP,2420.0,UPI_AUTOPAY
I701244,2026-01-08,ELSS SIP,Mutual Fund SIP,4050.0,UPI_AUTOPAY
I701245,2026-01-08,ELSS SIP,Mutual Fund SIP,1460.0,UPI_AUTOPAY
I701246,2026-01-08,Flexi Cap Fund SIP,Mutual Fund SIP,3990.0,UPI_AUTOPAY
I701247,2026-01-08,Small Cap Fund SIP,Mutual Fund SIP,8710.0,UPI_AUTOPAY
I701248,2026-01-08,Flexi Cap Fund SIP,Mutual Fund SIP,2450.0,UPI_AUTOPAY
I701249,2026-01-08,Debt Fund SIP,Mutual Fund SIP,4620.0,UPI_AUTOPAY
I701250,2026-01-08,Debt Fund SIP,Mutual Fund SIP,3310.0,UPI_AUTOPAY
I701251,2026-01-08,Flexi Cap Fund SIP,Mutual Fund SIP,9390.0,UPI_AUTOPAY
I701252,2026-01-08,ELSS SIP,Mutual Fund SIP,13910.0,UPI_AUTOPAY
I701253,2026-01-08,ELSS SIP,Mutual Fund SIP,11790.0,UPI_AUTOPAY
I701254,2026-01-08,Flexi Cap Fund SIP,Mutual Fund SIP,5920.0,UPI_AUTOPAY
I701255,2026-01-08,Debt Fund SIP,Mutual Fund SIP,2360.0,UPI_AUTOPAY
I701256,2026-01-09,Small Cap Fund SIP,Mutual Fund SIP,5740.0,UPI_AUTOPAY
I701257,2026-01-09,ELSS SIP,Mutual Fund SIP,2770.0,UPI_AUTOPAY
I701258,2026-01-09,Debt Fund SIP,Mutual Fund SIP,4100.0,UPI_AUTOPAY
I701259,2026-01-09,ELSS SIP,Mutual Fund SIP,11050.0,UPI_AUTOPAY
I701260,2026-01-09,Debt Fund SIP,Mutual Fund SIP,13530.0,UPI_AUTOPAY
I701261,2026-01-09,ELSS SIP,Mutual Fund SIP,3630.0,UPI_AUTOPAY
I701262,2026-01-09,Flexi Cap Fund SIP,Mutual Fund SIP,5590.0,UPI_AUTOPAY
I701263,2026-01-10,ELSS SIP,Mutual Fund SIP,7420.0,UPI_AUTOPAY
I701264,2026-01-10,Small Cap Fund SIP,Mutual Fund SIP,3840.0,UPI_AUTOPAY
I701265,2026-01-10,Index Fund SIP,Mutual Fund SIP,6930.0,UPI_AUTOPAY
I701266,2026-01-10,Demat top-up,One-time Investment,23800.0,UPI_QR
I701267,2026-01-10,Demat top-up,One-time Investment,6100.0,UPI_QR
I701268,2026-01-10,Small Cap Fund SIP,Mutual Fund SIP,5550.0,UPI_AUTOPAY
I701269,2026-01-10,One-time fund purchase,One-time Investment,47200.0,UPI_APP
I701270,2026-01-10,Demat top-up,One-time Investment,62400.0,UPI_APP
I701271,2026-01-10,Index Fund SIP,Mutual Fund SIP,9140.0,UPI_AUTOPAY
I701272,2026-01-10,Flexi Cap Fund SIP,Mutual Fund SIP,9570.0,UPI_AUTOPAY
I701273,2026-01-10,Index Fund SIP,Mutual Fund SIP,1240.0,UPI_AUTOPAY
I701274,2026-01-10,ELSS SIP,Mutual Fund SIP,4210.0,UPI_AUTOPAY
I701275,2026-01-10,ELSS SIP,Mutual Fund SIP,2980.0,UPI_AUTOPAY
I701276,2026-01-10,Small Cap Fund SIP,Mutual Fund SIP,5040.0,UPI_AUTOPAY
I701277,2026-01-10,Small Cap Fund SIP,Mutual Fund SIP,4390.0,UPI_AUTOPAY
I701278,2026-01-10,Flexi Cap Fund SIP,Mutual Fund SIP,7350.0,UPI_AUTOPAY
I701279,2026-01-10,ELSS SIP,Mutual Fund SIP,5400.0,UPI_AUTOPAY
I701280,2026-01-11,Small Cap Fund SIP,Mutual Fund SIP,8100.0,UPI_AUTOPAY
I701281,2026-01-11,Flexi Cap Fund SIP,Mutual Fund SIP,3850.0,UPI_AUTOPAY
I701282,2026-01-11,Index Fund SIP,Mutual Fund SIP,2620.0,UPI_AUTOPAY
I701283,2026-01-11,Index Fund SIP,Mutual Fund SIP,2720.0,UPI_AUTOPAY
I701284,2026-01-11,Flexi Cap Fund SIP,Mutual Fund SIP,5640.0,UPI_AUTOPAY
I701285,2026-01-11,Flexi Cap Fund SIP,Mutual Fund SIP,1570.0,UPI_AUTOPAY
I701286,2026-01-11,Index Fund SIP,Mutual Fund SIP,4960.0,UPI_AUTOPAY
I701287,2026-01-11,Index Fund SIP,Mutual Fund SIP,4380.0,UPI_AUTOPAY
I701288,2026-01-11,Index Fund SIP,Mutual Fund SIP,10050.0,UPI_AUTOPAY
I701289,2026-01-11,ELSS SIP,Mutual Fund SIP,10980.0,UPI_AUTOPAY
I701290,2026-01-11,Debt Fund SIP,Mutual Fund SIP,3660.0,UPI_AUTOPAY
I701291,2026-01-11,Index Fund SIP,Mutual Fund SIP,10220.0,UPI_AUTOPAY
I701292,2026-01-11,Small Cap Fund SIP,Mutual Fund SIP,5690.0,UPI_AUTOPAY
I701293,2026-01-11,Small Cap Fund SIP,Mutual Fund SIP,6600.0,UPI_AUTOPAY
I701294,2026-01-12,Flexi Cap Fund SIP,Mutual Fund SIP,3250.0,UPI_AUTOPAY
I701295,2026-01-12,Debt Fund SIP,Mutual Fund SIP,10460.0,UPI_AUTOPAY
I701296,2026-01-12,Debt Fund SIP,Mutual Fund SIP,4960.0,UPI_AUTOPAY
I701297,2026-01-12,Index Fund SIP,Mutual Fund SIP,5830.0,UPI_AUTOPAY
I701298,2026-01-12,Small Cap Fund SIP,Mutual Fund SIP,3060.0,UPI_AUTOPAY
I701299,2026-01-12,Debt Fund SIP,Mutual Fund SIP,6110.0,UPI_AUTOPAY
I701300,2026-01-12,Small Cap Fund SIP,Mutual Fund SIP,3500.0,UPI_AUTOPAY
I701301,2026-01-12,Flexi Cap Fund SIP,Mutual Fund SIP,5030.0,UPI_AUTOPAY
I701302,2026-01-12,ELSS SIP,Mutual Fund SIP,4720.0,UPI_AUTOPAY
I701303,2026-01-13,Broker wallet top-up,One-time Investment,17000.0,UPI_APP
I701304,2026-01-13,ELSS SIP,Mutual Fund SIP,9290.0,UPI_AUTOPAY
I701305,2026-01-13,Index Fund SIP,Mutual Fund SIP,2730.0,UPI_AUTOPAY
I701306,2026-01-13,Small Cap Fund SIP,Mutual Fund SIP,4730.0,UPI_AUTOPAY
I701307,2026-01-13,Flexi Cap Fund SIP,Mutual Fund SIP,1720.0,UPI_AUTOPAY
I701308,2026-01-13,Small Cap Fund SIP,Mutual Fund SIP,5040.0,UPI_AUTOPAY
I701309,2026-01-13,Flexi Cap Fund SIP,Mutual Fund SIP,4210.0,UPI_AUTOPAY
I701310,2026-01-13,Demat top-up,One-time Investment,30900.0,UPI_APP
I701311,2026-01-13,ELSS SIP,Mutual Fund SIP,740.0,UPI_AUTOPAY
I701312,2026-01-13,Small Cap Fund SIP,Mutual Fund SIP,8210.0,UPI_AUTOPAY
I701313,2026-01-13,ELSS SIP,Mutual Fund SIP,9790.0,UPI_AUTOPAY
I701314,2026-01-13,Debt Fund SIP,Mutual Fund SIP,7200.0,UPI_AUTOPAY
I701315,2026-01-13,Debt Fund SIP,Mutual Fund SIP,3450.0,UPI_AUTOPAY
I701316,2026-01-14,ELSS SIP,Mutual Fund SIP,4780.0,UPI_AUTOPAY
I701317,2026-01-14,ELSS SIP,Mutual Fund SIP,1220.0,UPI_AUTOPAY
I701318,2026-01-14,Debt Fund SIP,Mutual Fund SIP,5510.0,UPI_AUTOPAY
I701319,2026-01-14,Debt Fund SIP,Mutual Fund SIP,8460.0,UPI_AUTOPAY
I701320,2026-01-14,Small Cap Fund SIP,Mutual Fund SIP,5340.0,UPI_AUTOPAY
I701321,2026-01-14,Demat top-up,One-time Investment,94800.0,UPI_APP
I701322,2026-01-14,Small Cap Fund SIP,Mutual Fund SIP,3470.0,UPI_AUTOPAY
I701323,2026-01-14,Debt Fund SIP,Mutual Fund SIP,9500.0,UPI_AUTOPAY
I701324,2026-01-15,Index Fund SIP,Mutual Fund SIP,2650.0,UPI_AUTOPAY
I701325,2026-01-15,Demat top-up,One-time Investment,27400.0,UPI_APP
I701326,2026-01-15,Flexi Cap Fund SIP,Mutual Fund SIP,14510.0,UPI_AUTOPAY
I701327,2026-01-15,Flexi Cap Fund SIP,Mutual Fund SIP,14860.0,UPI_AUTOPAY
I701328,2026-01-15,Index Fund SIP,Mutual Fund SIP,6060.0,UPI_AUTOPAY
I701329,2026-01-15,Index Fund SIP,Mutual Fund SIP,12840.0,UPI_AUTOPAY
I701330,2026-01-15,Flexi Cap Fund SIP,Mutual Fund SIP,5200.0,UPI_AUTOPAY
I701331,2026-01-15,Small Cap Fund SIP,Mutual Fund SIP,5270.0,UPI_AUTOPAY
I701332,2026-01-15,Index Fund SIP,Mutual Fund SIP,4410.0,UPI_AUTOPAY
I701333,2026-01-15,Index Fund SIP,Mutual Fund SIP,6470.0,UPI_AUTOPAY
I701334,2026-01-15,Index Fund SIP,Mutual Fund SIP,4860.0,UPI_AUTOPAY
I701335,2026-01-15,Debt Fund SIP,Mutual Fund SIP,7010.0,UPI_AUTOPAY
I701336,2026-01-15,Small Cap Fund SIP,Mutual Fund SIP,4350.0,UPI_AUTOPAY
I701337,2026-01-15,Index Fund SIP,Mutual Fund SIP,5010.0,UPI_AUTOPAY
I701338,2026-01-15,Small Cap Fund SIP,Mutual Fund SIP,2410.0,UPI_AUTOPAY
I701339,2026-01-15,ELSS SIP,Mutual Fund SIP,6730.0,UPI_AUTOPAY
I701340,2026-01-15,Small Cap Fund SIP,Mutual Fund SIP,2890.0,UPI_AUTOPAY
I701341,2026-01-15,Small Cap Fund SIP,Mutual Fund SIP,7290.0,UPI_AUTOPAY
I701342,2026-01-15,Index Fund SIP,Mutual Fund SIP,14190.0,UPI_AUTOPAY
I701343,2026-01-15,Flexi Cap Fund SIP,Mutual Fund SIP,3980.0,UPI_AUTOPAY
I701344,2026-01-16,ELSS SIP,Mutual Fund SIP,2860.0,UPI_AUTOPAY
I701345,2026-01-16,ELSS SIP,Mutual Fund SIP,11800.0,UPI_AUTOPAY
I701346,2026-01-16,Index Fund SIP,Mutual Fund SIP,3090.0,UPI_AUTOPAY
I701347,2026-01-16,Index Fund SIP,Mutual Fund SIP,6080.0,UPI_AUTOPAY
I701348,2026-01-16,Small Cap Fund SIP,Mutual Fund SIP,3410.0,UPI_AUTOPAY
I701349,2026-01-16,Index Fund SIP,Mutual Fund SIP,2520.0,UPI_AUTOPAY
I701350,2026-01-16,Debt Fund SIP,Mutual Fund SIP,7350.0,UPI_AUTOPAY
I701351,2026-01-16,Flexi Cap Fund SIP,Mutual Fund SIP,15910.0,UPI_AUTOPAY
I701352,2026-01-16,Debt Fund SIP,Mutual Fund SIP,3530.0,UPI_AUTOPAY
I701353,2026-01-16,Demat top-up,One-time Investment,22100.0,UPI_APP
I701354,2026-01-16,Flexi Cap Fund SIP,Mutual Fund SIP,5120.0,UPI_AUTOPAY
I701355,2026-01-16,Index Fund SIP,Mutual Fund SIP,4630.0,UPI_AUTOPAY
I701356,2026-01-16,Demat top-up,One-time Investment,9100.0,UPI_APP
I701357,2026-01-16,Small Cap Fund SIP,Mutual Fund SIP,960.0,UPI_AUTOPAY
I701358,2026-01-17,Index Fund SIP,Mutual Fund SIP,6350.0,UPI_AUTOPAY
I701359,2026-01-17,Index Fund SIP,Mutual Fund SIP,2670.0,UPI_AUTOPAY
I701360,2026-01-17,IPO application,One-time Investment,4400.0,UPI_QR
I701361,2026-01-17,ELSS SIP,Mutual Fund SIP,8750.0,UPI_AUTOPAY
I701362,2026-01-17,Flexi Cap Fund SIP,Mutual Fund SIP,4360.0,UPI_AUTOPAY
I701363,2026-01-17,Debt Fund SIP,Mutual Fund SIP,3760.0,UPI_AUTOPAY
I701364,2026-01-17,ELSS SIP,Mutual Fund SIP,5880.0,UPI_AUTOPAY
I701365,2026-01-17,Debt Fund SIP,Mutual Fund SIP,11250.0,UPI_AUTOPAY
I701366,2026-01-17,Debt Fund SIP,Mutual Fund SIP,4180.0,UPI_AUTOPAY
I701367,2026-01-17,ELSS SIP,Mutual Fund SIP,4220.0,UPI_AUTOPAY
I701368,2026-01-17,Small Cap Fund SIP,Mutual Fund SIP,4020.0,UPI_AUTOPAY
I701369,2026-01-17,Small Cap Fund SIP,Mutual Fund SIP,17040.0,UPI_AUTOPAY
I701370,2026-01-17,Debt Fund SIP,Mutual Fund SIP,6610.0,UPI_AUTOPAY
I701371,2026-01-17,Flexi Cap Fund SIP,Mutual Fund SIP,6000.0,UPI_AUTOPAY
I701372,2026-01-18,IPO application,One-time Investment,17500.0,UPI_APP
I701373,2026-01-18,Index Fund SIP,Mutual Fund SIP,5560.0,UPI_AUTOPAY
I701374,2026-01-18,Small Cap Fund SIP,Mutual Fund SIP,2310.0,UPI_AUTOPAY
I701375,2026-01-18,IPO application,One-time Investment,2500.0,UPI_APP
I701376,2026-01-18,IPO application,One-time Investment,20800.0,UPI_APP
I701377,2026-01-18,ELSS SIP,Mutual Fund SIP,10620.0,UPI_AUTOPAY
I701378,2026-01-18,Flexi Cap Fund SIP,Mutual Fund SIP,10430.0,UPI_AUTOPAY
I701379,2026-01-18,Flexi Cap Fund SIP,Mutual Fund SIP,1850.0,UPI_AUTOPAY
I701380,2026-01-18,Debt Fund SIP,Mutual Fund SIP,2060.0,UPI_AUTOPAY
I701381,2026-01-18,Flexi Cap Fund SIP,Mutual Fund SIP,3800.0,UPI_AUTOPAY
I701382,2026-01-18,Small Cap Fund SIP,Mutual Fund SIP,2270.0,UPI_AUTOPAY
I701383,2026-01-18,Debt Fund SIP,Mutual Fund SIP,4890.0,UPI_AUTOPAY
I701384,2026-01-18,Flexi Cap Fund SIP,Mutual Fund SIP,10000.0,UPI_AUTOPAY
I701385,2026-01-18,Small Cap Fund SIP,Mutual Fund SIP,2700.0,UPI_AUTOPAY
I701386,2026-01-18,Flexi Cap Fund SIP,Mutual Fund SIP,3750.0,UPI_AUTOPAY
I701387,2026-01-18,One-time fund purchase,One-time Investment,9600.0,UPI_QR
I701388,2026-01-18,Small Cap Fund SIP,Mutual Fund SIP,10330.0,UPI_AUTOPAY
I701389,2026-01-18,Debt Fund SIP,Mutual Fund SIP,7550.0,UPI_AUTOPAY
I701390,2026-01-18,Debt Fund SIP,Mutual Fund SIP,3030.0,UPI_AUTOPAY
I701391,2026-01-19,Flexi Cap Fund SIP,Mutual Fund SIP,5210.0,UPI_AUTOPAY
I701392,2026-01-19,Flexi Cap Fund SIP,Mutual Fund SIP,7340.0,UPI_AUTOPAY
I701393,2026-01-19,Debt Fund SIP,Mutual Fund SIP,4430.0,UPI_AUTOPAY
I701394,2026-01-20,Small Cap Fund SIP,Mutual Fund SIP,12570.0,UPI_AUTOPAY
I701395,2026-01-20,Flexi Cap Fund SIP,Mutual Fund SIP,6200.0,UPI_AUTOPAY
I701396,2026-01-20,Small Cap Fund SIP,Mutual Fund SIP,5240.0,UPI_AUTOPAY
I701397,2026-01-20,Index Fund SIP,Mutual Fund SIP,6810.0,UPI_AUTOPAY
I701398,2026-01-20,Debt Fund SIP,Mutual Fund SIP,2920.0,UPI_AUTOPAY
I701399,2026-01-20,Debt Fund SIP,Mutual Fund SIP,18200.0,UPI_AUTOPAY
I701400,2026-01-20,ELSS SIP,Mutual Fund SIP,3460.0,UPI_AUTOPAY
I701401,2026-01-20,Index Fund SIP,Mutual Fund SIP,5120.0,UPI_AUTOPAY
I701402,2026-01-20,Debt Fund SIP,Mutual Fund SIP,8140.0,UPI_AUTOPAY
I701403,2026-01-21,Index Fund SIP,Mutual Fund SIP,12330.0,UPI_AUTOPAY
I701404,2026-01-21,One-time fund purchase,One-time Investment,12400.0,UPI_APP
I701405,2026-01-21,Index Fund SIP,Mutual Fund SIP,2140.0,UPI_AUTOPAY
I701406,2026-01-21,Index Fund SIP,Mutual Fund SIP,8530.0,UPI_AUTOPAY
I701407,2026-01-21,Index Fund SIP,Mutual Fund SIP,3730.0,UPI_AUTOPAY
I701408,2026-01-21,Index Fund SIP,Mutual Fund SIP,7400.0,UPI_AUTOPAY
I701409,2026-01-21,Flexi Cap Fund SIP,Mutual Fund SIP,5440.0,UPI_AUTOPAY
I701410,2026-01-21,Flexi Cap Fund SIP,Mutual Fund SIP,1070.0,UPI_AUTOPAY
I701411,2026-01-21,Debt Fund SIP,Mutual Fund SIP,5560.0,UPI_AUTOPAY
I701412,2026-01-21,Small Cap Fund SIP,Mutual Fund SIP,6030.0,UPI_AUTOPAY
I701413,2026-01-22,Small Cap Fund SIP,Mutual Fund SIP,2760.0,UPI_AUTOPAY
I701414,2026-01-22,ELSS SIP,Mutual Fund SIP,3010.0,UPI_AUTOPAY
I701415,2026-01-22,ELSS SIP,Mutual Fund SIP,2820.0,UPI_AUTOPAY
I701416,2026-01-22,Small Cap Fund SIP,Mutual Fund SIP,10770.0,UPI_AUTOPAY
I701417,2026-01-22,Index Fund SIP,Mutual Fund SIP,4800.0,UPI_AUTOPAY
I701418,2026-01-22,ELSS SIP,Mutual Fund SIP,4630.0,UPI_AUTOPAY
I701419,2026-01-22,Index Fund SIP,Mutual Fund SIP,10490.0,UPI_AUTOPAY
I701420,2026-01-22,Small Cap Fund SIP,Mutual Fund SIP,5900.0,UPI_AUTOPAY
I701421,2026-01-22,Index Fund SIP,Mutual Fund SIP,3810.0,UPI_AUTOPAY
I701422,2026-01-23,Flexi Cap Fund SIP,Mutual Fund SIP,2890.0,UPI_AUTOPAY
I701423,2026-01-23,Flexi Cap Fund SIP,Mutual Fund SIP,4460.0,UPI_AUTOPAY
I701424,2026-01-23,Small Cap Fund SIP,Mutual Fund SIP,7780.0,UPI_AUTOPAY
I701425,2026-01-23,Flexi Cap Fund SIP,Mutual Fund SIP,7420.0,UPI_AUTOPAY
I701426,2026-01-23,Index Fund SIP,Mutual Fund SIP,8690.0,UPI_AUTOPAY
I701427,2026-01-23,Debt Fund SIP,Mutual Fund SIP,4930.0,UPI_AUTOPAY
I701428,2026-01-23,Index Fund SIP,Mutual Fund SIP,2760.0,UPI_AUTOPAY
I701429,2026-01-23,Debt Fund SIP,Mutual Fund SIP,2970.0,UPI_AUTOPAY
I701430,2026-01-23,Flexi Cap Fund SIP,Mutual Fund SIP,7840.0,UPI_AUTOPAY
I701431,2026-01-23,Index Fund SIP,Mutual Fund SIP,8440.0,UPI_AUTOPAY
I701432,2026-01-23,Index Fund SIP,Mutual Fund SIP,6330.0,UPI_AUTOPAY
I701433,2026-01-23,Small Cap Fund SIP,Mutual Fund SIP,2730.0,UPI_AUTOPAY
I701434,2026-01-23,Small Cap Fund SIP,Mutual Fund SIP,6360.0,UPI_AUTOPAY
I701435,2026-01-23,Debt Fund SIP,Mutual Fund SIP,1480.0,UPI_AUTOPAY
I701436,2026-01-23,One-time fund purchase,One-time Investment,5100.0,UPI_APP
I701437,2026-01-23,Debt Fund SIP,Mutual Fund SIP,2700.0,UPI_AUTOPAY
I701438,2026-01-23,Debt Fund SIP,Mutual Fund SIP,3330.0,UPI_AUTOPAY
I701439,2026-01-24,ELSS SIP,Mutual Fund SIP,8330.0,UPI_AUTOPAY
I701440,2026-01-24,Small Cap Fund SIP,Mutual Fund SIP,3170.0,UPI_AUTOPAY
I701441,2026-01-24,One-time fund purchase,One-time Investment,50000.0,UPI_APP
I701442,2026-01-24,Flexi Cap Fund SIP,Mutual Fund SIP,5410.0,UPI_AUTOPAY
I701443,2026-01-24,Debt Fund SIP,Mutual Fund SIP,3300.0,UPI_AUTOPAY
I701444,2026-01-24,Flexi Cap Fund SIP,Mutual Fund SIP,23480.0,UPI_AUTOPAY
I701445,2026-01-24,Flexi Cap Fund SIP,Mutual Fund SIP,5540.0,UPI_AUTOPAY
I701446,2026-01-24,One-time fund purchase,One-time Investment,10200.0,UPI_QR
I701447,2026-01-24,Index Fund SIP,Mutual Fund SIP,5330.0,UPI_AUTOPAY
I701448,2026-01-24,Small Cap Fund SIP,Mutual Fund SIP,1920.0,UPI_AUTOPAY
I701449,2026-01-24,ELSS SIP,Mutual Fund SIP,9370.0,UPI_AUTOPAY
I701450,2026-01-24,Small Cap Fund SIP,Mutual Fund SIP,5600.0,UPI_AUTOPAY
I701451,2026-01-24,Flexi Cap Fund SIP,Mutual Fund SIP,3980.0,UPI_AUTOPAY
I701452,2026-01-24,ELSS SIP,Mutual Fund SIP,3180.0,UPI_AUTOPAY
I701453,2026-01-24,Flexi Cap Fund SIP,Mutual Fund SIP,10700.0,UPI_AUTOPAY
I701454,2026-01-25,Debt Fund SIP,Mutual Fund SIP,3430.0,UPI_AUTOPAY
I701455,2026-01-25,IPO application,One-time Investment,10100.0,UPI_APP
I701456,2026-01-25,Small Cap Fund SIP,Mutual Fund SIP,4140.0,UPI_AUTOPAY
I701457,2026-01-25,Small Cap Fund SIP,Mutual Fund SIP,2560.0,UPI_AUTOPAY
I701458,2026-01-25,Flexi Cap Fund SIP,Mutual Fund SIP,4680.0,UPI_AUTOPAY
I701459,2026-01-25,Small Cap Fund SIP,Mutual Fund SIP,20540.0,UPI_AUTOPAY
I701460,2026-01-25,Small Cap Fund SIP,Mutual Fund SIP,4440.0,UPI_AUTOPAY
I701461,2026-01-25,Debt Fund SIP,Mutual Fund SIP,2310.0,UPI_AUTOPAY
I701462,2026-01-25,Debt Fund SIP,Mutual Fund SIP,8960.0,UPI_AUTOPAY
I701463,2026-01-25,Debt Fund SIP,Mutual Fund SIP,9520.0,UPI_AUTOPAY
I701464,2026-01-25,Flexi Cap Fund SIP,Mutual Fund SIP,6100.0,UPI_AUTOPAY
I701465,2026-01-25,Index Fund SIP,Mutual Fund SIP,12610.0,UPI_AUTOPAY
I701466,2026-01-25,Flexi Cap Fund SIP,Mutual Fund SIP,5340.0,UPI_AUTOPAY
I701467,2026-01-25,Small Cap Fund SIP,Mutual Fund SIP,7510.0,UPI_AUTOPAY
I701468,2026-01-25,ELSS SIP,Mutual Fund SIP,3500.0,UPI_AUTOPAY
I701469,2026-01-25,Debt Fund SIP,Mutual Fund SIP,5800.0,UPI_AUTOPAY
I701470,2026-01-25,ELSS SIP,Mutual Fund SIP,19550.0,UPI_AUTOPAY
I701471,2026-01-25,ELSS SIP,Mutual Fund SIP,5960.0,UPI_AUTOPAY
I701472,2026-01-26,Small Cap Fund SIP,Mutual Fund SIP,2190.0,UPI_AUTOPAY
I701473,2026-01-26,Debt Fund SIP,Mutual Fund SIP,5320.0,UPI_AUTOPAY
I701474,2026-01-26,ELSS SIP,Mutual Fund SIP,6320.0,UPI_AUTOPAY
I701475,2026-01-26,Broker wallet top-up,One-time Investment,40700.0,UPI_APP
I701476,2026-01-26,Debt Fund SIP,Mutual Fund SIP,19000.0,UPI_AUTOPAY
I701477,2026-01-26,Debt Fund SIP,Mutual Fund SIP,2980.0,UPI_AUTOPAY
I701478,2026-01-26,ELSS SIP,Mutual Fund SIP,12820.0,UPI_AUTOPAY
I701479,2026-01-26,Small Cap Fund SIP,Mutual Fund SIP,3990.0,UPI_AUTOPAY
I701480,2026-01-26,Small Cap Fund SIP,Mutual Fund SIP,4660.0,UPI_AUTOPAY
I701481,2026-01-26,Debt Fund SIP,Mutual Fund SIP,2730.0,UPI_AUTOPAY
I701482,2026-01-27,Index Fund SIP,Mutual Fund SIP,3580.0,UPI_AUTOPAY
I701483,2026-01-27,Debt Fund SIP,Mutual Fund SIP,4620.0,UPI_AUTOPAY
I701484,2026-01-27,Index Fund SIP,Mutual Fund SIP,5940.0,UPI_AUTOPAY
I701485,2026-01-27,ELSS SIP,Mutual Fund SIP,3660.0,UPI_AUTOPAY
I701486,2026-01-27,Small Cap Fund SIP,Mutual Fund SIP,1840.0,UPI_AUTOPAY
I701487,2026-01-27,Debt Fund SIP,Mutual Fund SIP,3860.0,UPI_AUTOPAY
I701488,2026-01-27,ELSS SIP,Mutual Fund SIP,5020.0,UPI_AUTOPAY
I701489,2026-01-27,Debt Fund SIP,Mutual Fund SIP,3660.0,UPI_AUTOPAY
I701490,2026-01-27,Index Fund SIP,Mutual Fund SIP,2600.0,UPI_AUTOPAY
I701491,2026-01-27,Small Cap Fund SIP,Mutual Fund SIP,8260.0,UPI_AUTOPAY
I701492,2026-01-27,Small Cap Fund SIP,Mutual Fund SIP,8570.0,UPI_AUTOPAY
I701493,2026-01-27,Debt Fund SIP,Mutual Fund SIP,7250.0,UPI_AUTOPAY
I701494,2026-01-27,Index Fund SIP,Mutual Fund SIP,3270.0,UPI_AUTOPAY
I701495,2026-01-27,ELSS SIP,Mutual Fund SIP,3600.0,UPI_AUTOPAY
I701496,2026-01-28,Small Cap Fund SIP,Mutual Fund SIP,2170.0,UPI_AUTOPAY
I701497,2026-01-28,ELSS SIP,Mutual Fund SIP,2320.0,UPI_AUTOPAY
I701498,2026-01-28,Flexi Cap Fund SIP,Mutual Fund SIP,2080.0,UPI_AUTOPAY
I701499,2026-01-28,ELSS SIP,Mutual Fund SIP,6250.0,UPI_AUTOPAY
I701500,2026-01-28,Debt Fund SIP,Mutual Fund SIP,4830.0,UPI_AUTOPAY
I701501,2026-01-28,Index Fund SIP,Mutual Fund SIP,9670.0,UPI_AUTOPAY
I701502,2026-01-28,Small Cap Fund SIP,Mutual Fund SIP,6490.0,UPI_AUTOPAY
I701503,2026-01-29,ELSS SIP,Mutual Fund SIP,7210.0,UPI_AUTOPAY
I701504,2026-01-29,Index Fund SIP,Mutual Fund SIP,2720.0,UPI_AUTOPAY
I701505,2026-01-29,Index Fund SIP,Mutual Fund SIP,5880.0,UPI_AUTOPAY
I701506,2026-01-29,Debt Fund SIP,Mutual Fund SIP,9030.0,UPI_AUTOPAY
I701507,2026-01-29,Debt Fund SIP,Mutual Fund SIP,2470.0,UPI_AUTOPAY
I701508,2026-01-29,ELSS SIP,Mutual Fund SIP,3620.0,UPI_AUTOPAY
I701509,2026-01-29,ELSS SIP,Mutual Fund SIP,10110.0,UPI_AUTOPAY
I701510,2026-01-29,Debt Fund SIP,Mutual Fund SIP,7670.0,UPI_AUTOPAY
I701511,2026-01-29,Index Fund SIP,Mutual Fund SIP,7920.0,UPI_AUTOPAY
I701512,2026-01-29,ELSS SIP,Mutual Fund SIP,2390.0,UPI_AUTOPAY
I701513,2026-01-29,Flexi Cap Fund SIP,Mutual Fund SIP,2750.0,UPI_AUTOPAY
I701514,2026-01-29,Small Cap Fund SIP,Mutual Fund SIP,4760.0,UPI_AUTOPAY
I701515,2026-01-30,Small Cap Fund SIP,Mutual Fund SIP,2560.0,UPI_AUTOPAY
I701516,2026-01-30,ELSS SIP,Mutual Fund SIP,3130.0,UPI_AUTOPAY
I701517,2026-01-30,ELSS SIP,Mutual Fund SIP,10670.0,UPI_AUTOPAY
I701518,2026-01-30,Small Cap Fund SIP,Mutual Fund SIP,6110.0,UPI_AUTOPAY
I701519,2026-01-30,ELSS SIP,Mutual Fund SIP,7650.0,UPI_AUTOPAY
I701520,2026-01-30,Debt Fund SIP,Mutual Fund SIP,4680.0,UPI_AUTOPAY
I701521,2026-01-30,Flexi Cap Fund SIP,Mutual Fund SIP,5050.0,UPI_AUTOPAY
I701522,2026-01-30,Flexi Cap Fund SIP,Mutual Fund SIP,6120.0,UPI_AUTOPAY
I701523,2026-01-30,Flexi Cap Fund SIP,Mutual Fund SIP,2920.0,UPI_AUTOPAY
I701524,2026-01-30,ELSS SIP,Mutual Fund SIP,5140.0,UPI_AUTOPAY
I701525,2026-01-30,Index Fund SIP,Mutual Fund SIP,5720.0,UPI_AUTOPAY
I701526,2026-01-30,Debt Fund SIP,Mutual Fund SIP,3800.0,UPI_AUTOPAY
I701527,2026-01-30,Flexi Cap Fund SIP,Mutual Fund SIP,11800.0,UPI_AUTOPAY
I701528,2026-01-30,Debt Fund SIP,Mutual Fund SIP,5780.0,UPI_AUTOPAY
I701529,2026-01-30,Debt Fund SIP,Mutual Fund SIP,2990.0,UPI_AUTOPAY
I701530,2026-01-31,One-time fund purchase,One-time Investment,5200.0,UPI_QR
I701531,2026-01-31,Small Cap Fund SIP,Mutual Fund SIP,5000.0,UPI_AUTOPAY
I701532,2026-01-31,Broker wallet top-up,One-time Investment,34100.0,UPI_APP
I701533,2026-01-31,ELSS SIP,Mutual Fund SIP,5480.0,UPI_AUTOPAY
I701534,2026-01-31,Index Fund SIP,Mutual Fund SIP,13310.0,UPI_AUTOPAY
I701535,2026-01-31,Index Fund SIP,Mutual Fund SIP,3870.0,UPI_AUTOPAY
I701536,2026-01-31,Debt Fund SIP,Mutual Fund SIP,7000.0,UPI_AUTOPAY
I701537,2026-01-31,Flexi Cap Fund SIP,Mutual Fund SIP,3330.0,UPI_AUTOPAY
I701538,2026-01-31,Index Fund SIP,Mutual Fund SIP,8040.0,UPI_AUTOPAY
I701539,2026-01-31,Index Fund SIP,Mutual Fund SIP,6250.0,UPI_AUTOPAY
I701540,2026-01-31,ELSS SIP,Mutual Fund SIP,17240.0,UPI_AUTOPAY
I701541,2026-01-31,Debt Fund SIP,Mutual Fund SIP,5080.0,UPI_AUTOPAY
I701542,2026-01-31,Index Fund SIP,Mutual Fund SIP,5650.0,UPI_AUTOPAY
I701543,2026-01-31,Index Fund SIP,Mutual Fund SIP,10070.0,UPI_AUTOPAY
I701544,2026-01-31,Small Cap Fund SIP,Mutual Fund SIP,21240.0,UPI_AUTOPAY
I701545,2026-02-01,ELSS SIP,Mutual Fund SIP,930.0,UPI_AUTOPAY
I701546,2026-02-01,ELSS SIP,Mutual Fund SIP,2430.0,UPI_AUTOPAY
I701547,2026-02-01,Index Fund SIP,Mutual Fund SIP,8870.0,UPI_AUTOPAY
I701548,2026-02-01,Index Fund SIP,Mutual Fund SIP,6490.0,UPI_AUTOPAY
I701549,2026-02-01,Flexi Cap Fund SIP,Mutual Fund SIP,2680.0,UPI_AUTOPAY
I701550,2026-02-01,Index Fund SIP,Mutual Fund SIP,4210.0,UPI_AUTOPAY
I701551,2026-02-01,Flexi Cap Fund SIP,Mutual Fund SIP,3520.0,UPI_AUTOPAY
I701552,2026-02-01,Index Fund SIP,Mutual Fund SIP,5090.0,UPI_AUTOPAY
I701553,2026-02-01,One-time fund purchase,One-time Investment,40600.0,UPI_APP
I701554,2026-02-01,Index Fund SIP,Mutual Fund SIP,5790.0,UPI_AUTOPAY
I701555,2026-02-01,Flexi Cap Fund SIP,Mutual Fund SIP,11440.0,UPI_AUTOPAY
I701556,2026-02-02,Index Fund SIP,Mutual Fund SIP,8120.0,UPI_AUTOPAY
I701557,2026-02-02,Debt Fund SIP,Mutual Fund SIP,10510.0,UPI_AUTOPAY
I701558,2026-02-02,Index Fund SIP,Mutual Fund SIP,11070.0,UPI_AUTOPAY
I701559,2026-02-02,Demat top-up,One-time Investment,6200.0,UPI_APP
I701560,2026-02-02,Index Fund SIP,Mutual Fund SIP,1380.0,UPI_AUTOPAY
I701561,2026-02-02,Small Cap Fund SIP,Mutual Fund SIP,14280.0,UPI_AUTOPAY
I701562,2026-02-03,Debt Fund SIP,Mutual Fund SIP,18730.0,UPI_AUTOPAY
I701563,2026-02-03,Small Cap Fund SIP,Mutual Fund SIP,7850.0,UPI_AUTOPAY
I701564,2026-02-03,Small Cap Fund SIP,Mutual Fund SIP,6780.0,UPI_AUTOPAY
I701565,2026-02-03,Index Fund SIP,Mutual Fund SIP,5170.0,UPI_AUTOPAY
I701566,2026-02-03,IPO application,One-time Investment,7700.0,UPI_APP
I701567,2026-02-03,ELSS SIP,Mutual Fund SIP,4960.0,UPI_AUTOPAY
I701568,2026-02-03,Flexi Cap Fund SIP,Mutual Fund SIP,2990.0,UPI_AUTOPAY
I701569,2026-02-03,Flexi Cap Fund SIP,Mutual Fund SIP,5590.0,UPI_AUTOPAY
I701570,2026-02-03,Index Fund SIP,Mutual Fund SIP,9630.0,UPI_AUTOPAY
I701571,2026-02-03,Small Cap Fund SIP,Mutual Fund SIP,11140.0,UPI_AUTOPAY
I701572,2026-02-03,Debt Fund SIP,Mutual Fund SIP,5600.0,UPI_AUTOPAY
I701573,2026-02-03,Debt Fund SIP,Mutual Fund SIP,6650.0,UPI_AUTOPAY
I701574,2026-02-04,Flexi Cap Fund SIP,Mutual Fund SIP,17010.0,UPI_AUTOPAY
I701575,2026-02-04,Debt Fund SIP,Mutual Fund SIP,11310.0,UPI_AUTOPAY
I701576,2026-02-04,Debt Fund SIP,Mutual Fund SIP,3260.0,UPI_AUTOPAY
I701577,2026-02-04,Index Fund SIP,Mutual Fund SIP,2460.0,UPI_AUTOPAY
I701578,2026-02-04,Flexi Cap Fund SIP,Mutual Fund SIP,7130.0,UPI_AUTOPAY
I701579,2026-02-04,Small Cap Fund SIP,Mutual Fund SIP,5440.0,UPI_AUTOPAY
I701580,2026-02-04,Debt Fund SIP,Mutual Fund SIP,4720.0,UPI_AUTOPAY
I701581,2026-02-04,Index Fund SIP,Mutual Fund SIP,10070.0,UPI_AUTOPAY
I701582,2026-02-04,Index Fund SIP,Mutual Fund SIP,1990.0,UPI_AUTOPAY
I701583,2026-02-04,Flexi Cap Fund SIP,Mutual Fund SIP,5730.0,UPI_AUTOPAY
I701584,2026-02-04,Small Cap Fund SIP,Mutual Fund SIP,2750.0,UPI_AUTOPAY
I701585,2026-02-04,ELSS SIP,Mutual Fund SIP,9760.0,UPI_AUTOPAY
I701586,2026-02-04,Small Cap Fund SIP,Mutual Fund SIP,5350.0,UPI_AUTOPAY
I701587,2026-02-05,Debt Fund SIP,Mutual Fund SIP,2530.0,UPI_AUTOPAY
I701588,2026-02-05,ELSS SIP,Mutual Fund SIP,8760.0,UPI_AUTOPAY
I701589,2026-02-05,Small Cap Fund SIP,Mutual Fund SIP,10950.0,UPI_AUTOPAY
I701590,2026-02-05,ELSS SIP,Mutual Fund SIP,2840.0,UPI_AUTOPAY
I701591,2026-02-05,Index Fund SIP,Mutual Fund SIP,5890.0,UPI_AUTOPAY
I701592,2026-02-05,IPO application,One-time Investment,6700.0,UPI_APP
I701593,2026-02-05,IPO application,One-time Investment,57900.0,UPI_APP
I701594,2026-02-05,IPO application,One-time Investment,88100.0,UPI_APP
I701595,2026-02-06,ELSS SIP,Mutual Fund SIP,11280.0,UPI_AUTOPAY
I701596,2026-02-06,Flexi Cap Fund SIP,Mutual Fund SIP,1540.0,UPI_AUTOPAY
I701597,2026-02-06,Index Fund SIP,Mutual Fund SIP,1910.0,UPI_AUTOPAY
I701598,2026-02-06,Flexi Cap Fund SIP,Mutual Fund SIP,4700.0,UPI_AUTOPAY
I701599,2026-02-06,Debt Fund SIP,Mutual Fund SIP,4970.0,UPI_AUTOPAY
I701600,2026-02-06,ELSS SIP,Mutual Fund SIP,5150.0,UPI_AUTOPAY
I701601,2026-02-06,ELSS SIP,Mutual Fund SIP,6060.0,UPI_AUTOPAY
I701602,2026-02-06,Flexi Cap Fund SIP,Mutual Fund SIP,6400.0,UPI_AUTOPAY
I701603,2026-02-06,Debt Fund SIP,Mutual Fund SIP,8970.0,UPI_AUTOPAY
I701604,2026-02-06,ELSS SIP,Mutual Fund SIP,3260.0,UPI_AUTOPAY
I701605,2026-02-06,Small Cap Fund SIP,Mutual Fund SIP,6370.0,UPI_AUTOPAY
I701606,2026-02-06,Small Cap Fund SIP,Mutual Fund SIP,5360.0,UPI_AUTOPAY
I701607,2026-02-06,ELSS SIP,Mutual Fund SIP,4320.0,UPI_AUTOPAY
I701608,2026-02-06,Small Cap Fund SIP,Mutual Fund SIP,3950.0,UPI_AUTOPAY
I701609,2026-02-06,Debt Fund SIP,Mutual Fund SIP,11550.0,UPI_AUTOPAY
I701610,2026-02-06,Flexi Cap Fund SIP,Mutual Fund SIP,16010.0,UPI_AUTOPAY
I701611,2026-02-06,Debt Fund SIP,Mutual Fund SIP,7440.0,UPI_AUTOPAY
I701612,2026-02-07,Debt Fund SIP,Mutual Fund SIP,5130.0,UPI_AUTOPAY
I701613,2026-02-07,Debt Fund SIP,Mutual Fund SIP,2810.0,UPI_AUTOPAY
I701614,2026-02-07,Index Fund SIP,Mutual Fund SIP,6970.0,UPI_AUTOPAY
I701615,2026-02-07,Index Fund SIP,Mutual Fund SIP,3040.0,UPI_AUTOPAY
I701616,2026-02-07,Index Fund SIP,Mutual Fund SIP,4130.0,UPI_AUTOPAY
I701617,2026-02-07,Flexi Cap Fund SIP,Mutual Fund SIP,6570.0,UPI_AUTOPAY
I701618,2026-02-07,ELSS SIP,Mutual Fund SIP,6570.0,UPI_AUTOPAY
I701619,2026-02-07,One-time fund purchase,One-time Investment,4800.0,UPI_APP
I701620,2026-02-07,Broker wallet top-up,One-time Investment,15300.0,UPI_APP
I701621,2026-02-07,Debt Fund SIP,Mutual Fund SIP,8380.0,UPI_AUTOPAY
I701622,2026-02-07,Small Cap Fund SIP,Mutual Fund SIP,2560.0,UPI_AUTOPAY
I701623,2026-02-07,Demat top-up,One-time Investment,33200.0,UPI_APP
I701624,2026-02-07,Flexi Cap Fund SIP,Mutual Fund SIP,4910.0,UPI_AUTOPAY
I701625,2026-02-07,Small Cap Fund SIP,Mutual Fund SIP,3130.0,UPI_AUTOPAY
I701626,2026-02-07,Flexi Cap Fund SIP,Mutual Fund SIP,3950.0,UPI_AUTOPAY
I701627,2026-02-07,ELSS SIP,Mutual Fund SIP,11550.0,UPI_AUTOPAY
I701628,2026-02-07,ELSS SIP,Mutual Fund SIP,2440.0,UPI_AUTOPAY
I701629,2026-02-07,Index Fund SIP,Mutual Fund SIP,3410.0,UPI_AUTOPAY
I701630,2026-02-07,Debt Fund SIP,Mutual Fund SIP,2730.0,UPI_AUTOPAY
I701631,2026-02-07,ELSS SIP,Mutual Fund SIP,3420.0,UPI_AUTOPAY
I701632,2026-02-07,Debt Fund SIP,Mutual Fund SIP,5290.0,UPI_AUTOPAY
I701633,2026-02-08,Index Fund SIP,Mutual Fund SIP,4190.0,UPI_AUTOPAY
I701634,2026-02-08,Flexi Cap Fund SIP,Mutual Fund SIP,2700.0,UPI_AUTOPAY
I701635,2026-02-08,Small Cap Fund SIP,Mutual Fund SIP,12980.0,UPI_AUTOPAY
I701636,2026-02-08,One-time fund purchase,One-time Investment,38900.0,UPI_APP
I701637,2026-02-08,Debt Fund SIP,Mutual Fund SIP,7110.0,UPI_AUTOPAY
I701638,2026-02-08,ELSS SIP,Mutual Fund SIP,8550.0,UPI_AUTOPAY
I701639,2026-02-08,ELSS SIP,Mutual Fund SIP,2400.0,UPI_AUTOPAY
I701640,2026-02-08,Flexi Cap Fund SIP,Mutual Fund SIP,5710.0,UPI_AUTOPAY
I701641,2026-02-08,Debt Fund SIP,Mutual Fund SIP,8970.0,UPI_AUTOPAY
I701642,2026-02-08,Index Fund SIP,Mutual Fund SIP,15890.0,UPI_AUTOPAY
I701643,2026-02-08,Small Cap Fund SIP,Mutual Fund SIP,7830.0,UPI_AUTOPAY
I701644,2026-02-09,Debt Fund SIP,Mutual Fund SIP,6050.0,UPI_AUTOPAY
I701645,2026-02-09,Flexi Cap Fund SIP,Mutual Fund SIP,8440.0,UPI_AUTOPAY
I701646,2026-02-09,IPO application,One-time Investment,31300.0,UPI_APP
I701647,2026-02-09,Index Fund SIP,Mutual Fund SIP,2040.0,UPI_AUTOPAY
I701648,2026-02-09,One-time fund purchase,One-time Investment,26900.0,UPI_APP
I701649,2026-02-09,Index Fund SIP,Mutual Fund SIP,8100.0,UPI_AUTOPAY
I701650,2026-02-09,IPO application,One-time Investment,8000.0,UPI_APP
I701651,2026-02-09,Debt Fund SIP,Mutual Fund SIP,1590.0,UPI_AUTOPAY
I701652,2026-02-09,Debt Fund SIP,Mutual Fund SIP,4500.0,UPI_AUTOPAY
I701653,2026-02-09,Index Fund SIP,Mutual Fund SIP,3430.0,UPI_AUTOPAY
I701654,2026-02-09,Small Cap Fund SIP,Mutual Fund SIP,4040.0,UPI_AUTOPAY
I701655,2026-02-09,ELSS SIP,Mutual Fund SIP,3280.0,UPI_AUTOPAY
I701656,2026-02-09,Index Fund SIP,Mutual Fund SIP,2190.0,UPI_AUTOPAY
I701657,2026-02-09,Debt Fund SIP,Mutual Fund SIP,3370.0,UPI_AUTOPAY
I701658,2026-02-09,Index Fund SIP,Mutual Fund SIP,13180.0,UPI_AUTOPAY
I701659,2026-02-10,Index Fund SIP,Mutual Fund SIP,4230.0,UPI_AUTOPAY
I701660,2026-02-10,Index Fund SIP,Mutual Fund SIP,8770.0,UPI_AUTOPAY
I701661,2026-02-10,Debt Fund SIP,Mutual Fund SIP,2870.0,UPI_AUTOPAY
I701662,2026-02-10,Index Fund SIP,Mutual Fund SIP,3910.0,UPI_AUTOPAY
I701663,2026-02-10,Debt Fund SIP,Mutual Fund SIP,7350.0,UPI_AUTOPAY
I701664,2026-02-10,Debt Fund SIP,Mutual Fund SIP,7490.0,UPI_AUTOPAY
I701665,2026-02-10,Small Cap Fund SIP,Mutual Fund SIP,2070.0,UPI_AUTOPAY
I701666,2026-02-10,ELSS SIP,Mutual Fund SIP,4760.0,UPI_AUTOPAY
I701667,2026-02-10,Demat top-up,One-time Investment,262600.0,UPI_APP
I701668,2026-02-11,Small Cap Fund SIP,Mutual Fund SIP,3380.0,UPI_AUTOPAY
I701669,2026-02-11,ELSS SIP,Mutual Fund SIP,3580.0,UPI_AUTOPAY
I701670,2026-02-11,Demat top-up,One-time Investment,31300.0,UPI_APP
I701671,2026-02-11,Flexi Cap Fund SIP,Mutual Fund SIP,3830.0,UPI_AUTOPAY
I701672,2026-02-11,Debt Fund SIP,Mutual Fund SIP,2880.0,UPI_AUTOPAY
I701673,2026-02-11,ELSS SIP,Mutual Fund SIP,3910.0,UPI_AUTOPAY
I701674,2026-02-11,Small Cap Fund SIP,Mutual Fund SIP,4210.0,UPI_AUTOPAY
I701675,2026-02-11,Flexi Cap Fund SIP,Mutual Fund SIP,11470.0,UPI_AUTOPAY
I701676,2026-02-11,Small Cap Fund SIP,Mutual Fund SIP,4280.0,UPI_AUTOPAY
I701677,2026-02-11,Flexi Cap Fund SIP,Mutual Fund SIP,4020.0,UPI_AUTOPAY
I701678,2026-02-11,Small Cap Fund SIP,Mutual Fund SIP,3000.0,UPI_AUTOPAY
I701679,2026-02-11,Debt Fund SIP,Mutual Fund SIP,3030.0,UPI_AUTOPAY
I701680,2026-02-12,ELSS SIP,Mutual Fund SIP,5550.0,UPI_AUTOPAY
I701681,2026-02-12,Demat top-up,One-time Investment,3700.0,UPI_APP
I701682,2026-02-12,Index Fund SIP,Mutual Fund SIP,8070.0,UPI_AUTOPAY
I701683,2026-02-12,Small Cap Fund SIP,Mutual Fund SIP,7850.0,UPI_AUTOPAY
I701684,2026-02-12,ELSS SIP,Mutual Fund SIP,15520.0,UPI_AUTOPAY
I701685,2026-02-12,ELSS SIP,Mutual Fund SIP,1690.0,UPI_AUTOPAY
I701686,2026-02-12,Debt Fund SIP,Mutual Fund SIP,9850.0,UPI_AUTOPAY
I701687,2026-02-12,IPO application,One-time Investment,15900.0,UPI_APP
I701688,2026-02-13,Index Fund SIP,Mutual Fund SIP,7780.0,UPI_AUTOPAY
I701689,2026-02-13,Small Cap Fund SIP,Mutual Fund SIP,1760.0,UPI_AUTOPAY
I701690,2026-02-13,Flexi Cap Fund SIP,Mutual Fund SIP,8720.0,UPI_AUTOPAY
I701691,2026-02-13,Small Cap Fund SIP,Mutual Fund SIP,3640.0,UPI_AUTOPAY
I701692,2026-02-13,Small Cap Fund SIP,Mutual Fund SIP,1520.0,UPI_AUTOPAY
I701693,2026-02-13,Debt Fund SIP,Mutual Fund SIP,1610.0,UPI_AUTOPAY
I701694,2026-02-13,Broker wallet top-up,One-time Investment,67500.0,UPI_APP
I701695,2026-02-13,ELSS SIP,Mutual Fund SIP,6120.0,UPI_AUTOPAY
I701696,2026-02-13,Flexi Cap Fund SIP,Mutual Fund SIP,5950.0,UPI_AUTOPAY
I701697,2026-02-13,Small Cap Fund SIP,Mutual Fund SIP,5660.0,UPI_AUTOPAY
I701698,2026-02-13,Debt Fund SIP,Mutual Fund SIP,9760.0,UPI_AUTOPAY
I701699,2026-02-13,One-time fund purchase,One-time Investment,38000.0,UPI_APP
I701700,2026-02-13,Flexi Cap Fund SIP,Mutual Fund SIP,3400.0,UPI_AUTOPAY
I701701,2026-02-13,Flexi Cap Fund SIP,Mutual Fund SIP,5040.0,UPI_AUTOPAY
I701702,2026-02-13,Small Cap Fund SIP,Mutual Fund SIP,3580.0,UPI_AUTOPAY
I701703,2026-02-14,Index Fund SIP,Mutual Fund SIP,2160.0,UPI_AUTOPAY
I701704,2026-02-14,Index Fund SIP,Mutual Fund SIP,3380.0,UPI_AUTOPAY
I701705,2026-02-14,Index Fund SIP,Mutual Fund SIP,12600.0,UPI_AUTOPAY
I701706,2026-02-14,ELSS SIP,Mutual Fund SIP,1040.0,UPI_AUTOPAY
I701707,2026-02-14,Index Fund SIP,Mutual Fund SIP,1410.0,UPI_AUTOPAY
I701708,2026-02-14,Small Cap Fund SIP,Mutual Fund SIP,7810.0,UPI_AUTOPAY
I701709,2026-02-14,Small Cap Fund SIP,Mutual Fund SIP,11140.0,UPI_AUTOPAY
I701710,2026-02-14,ELSS SIP,Mutual Fund SIP,5080.0,UPI_AUTOPAY
I701711,2026-02-14,Small Cap Fund SIP,Mutual Fund SIP,2440.0,UPI_AUTOPAY
I701712,2026-02-14,Index Fund SIP,Mutual Fund SIP,8630.0,UPI_AUTOPAY
I701713,2026-02-14,Debt Fund SIP,Mutual Fund SIP,4950.0,UPI_AUTOPAY
I701714,2026-02-14,Index Fund SIP,Mutual Fund SIP,5740.0,UPI_AUTOPAY
I701715,2026-02-14,Small Cap Fund SIP,Mutual Fund SIP,14980.0,UPI_AUTOPAY
I701716,2026-02-14,Debt Fund SIP,Mutual Fund SIP,2680.0,UPI_AUTOPAY
I701717,2026-02-14,ELSS SIP,Mutual Fund SIP,7010.0,UPI_AUTOPAY
I701718,2026-02-14,Small Cap Fund SIP,Mutual Fund SIP,3700.0,UPI_AUTOPAY
I701719,2026-02-15,Debt Fund SIP,Mutual Fund SIP,2530.0,UPI_AUTOPAY
I701720,2026-02-15,Debt Fund SIP,Mutual Fund SIP,31980.0,UPI_AUTOPAY
I701721,2026-02-15,Index Fund SIP,Mutual Fund SIP,4490.0,UPI_AUTOPAY
I701722,2026-02-15,ELSS SIP,Mutual Fund SIP,3230.0,UPI_AUTOPAY
I701723,2026-02-15,ELSS SIP,Mutual Fund SIP,11120.0,UPI_AUTOPAY
I701724,2026-02-15,Flexi Cap Fund SIP,Mutual Fund SIP,2620.0,UPI_AUTOPAY
I701725,2026-02-15,Index Fund SIP,Mutual Fund SIP,6870.0,UPI_AUTOPAY
I701726,2026-02-15,Small Cap Fund SIP,Mutual Fund SIP,3560.0,UPI_AUTOPAY
I701727,2026-02-15,Index Fund SIP,Mutual Fund SIP,4590.0,UPI_AUTOPAY
I701728,2026-02-15,Small Cap Fund SIP,Mutual Fund SIP,3360.0,UPI_AUTOPAY
I701729,2026-02-15,ELSS SIP,Mutual Fund SIP,1690.0,UPI_AUTOPAY
I701730,2026-02-15,Debt Fund SIP,Mutual Fund SIP,5800.0,UPI_AUTOPAY
I701731,2026-02-15,Index Fund SIP,Mutual Fund SIP,32330.0,UPI_AUTOPAY
I701732,2026-02-15,ELSS SIP,Mutual Fund SIP,1860.0,UPI_AUTOPAY
I701733,2026-02-15,Small Cap Fund SIP,Mutual Fund SIP,6770.0,UPI_AUTOPAY
I701734,2026-02-15,Small Cap Fund SIP,Mutual Fund SIP,3080.0,UPI_AUTOPAY
I701735,2026-02-15,Flexi Cap Fund SIP,Mutual Fund SIP,4070.0,UPI_AUTOPAY
I701736,2026-02-15,Index Fund SIP,Mutual Fund SIP,3650.0,UPI_AUTOPAY
I701737,2026-02-15,ELSS SIP,Mutual Fund SIP,5830.0,UPI_AUTOPAY
I701738,2026-02-15,Small Cap Fund SIP,Mutual Fund SIP,4070.0,UPI_AUTOPAY
I701739,2026-02-16,Debt Fund SIP,Mutual Fund SIP,5520.0,UPI_AUTOPAY
I701740,2026-02-16,Index Fund SIP,Mutual Fund SIP,4280.0,UPI_AUTOPAY
I701741,2026-02-16,Flexi Cap Fund SIP,Mutual Fund SIP,5610.0,UPI_AUTOPAY
I701742,2026-02-16,Debt Fund SIP,Mutual Fund SIP,5480.0,UPI_AUTOPAY
I701743,2026-02-16,Debt Fund SIP,Mutual Fund SIP,1880.0,UPI_AUTOPAY
I701744,2026-02-16,Debt Fund SIP,Mutual Fund SIP,6650.0,UPI_AUTOPAY
I701745,2026-02-16,Debt Fund SIP,Mutual Fund SIP,2820.0,UPI_AUTOPAY
I701746,2026-02-16,Flexi Cap Fund SIP,Mutual Fund SIP,3870.0,UPI_AUTOPAY
I701747,2026-02-16,Small Cap Fund SIP,Mutual Fund SIP,5550.0,UPI_AUTOPAY
I701748,2026-02-16,Debt Fund SIP,Mutual Fund SIP,1900.0,UPI_AUTOPAY
I701749,2026-02-16,Small Cap Fund SIP,Mutual Fund SIP,3310.0,UPI_AUTOPAY
I701750,2026-02-16,ELSS SIP,Mutual Fund SIP,9560.0,UPI_AUTOPAY
I701751,2026-02-16,ELSS SIP,Mutual Fund SIP,4550.0,UPI_AUTOPAY
I701752,2026-02-16,Index Fund SIP,Mutual Fund SIP,5320.0,UPI_AUTOPAY
I701753,2026-02-16,Broker wallet top-up,One-time Investment,8200.0,UPI_APP
I701754,2026-02-16,Index Fund SIP,Mutual Fund SIP,9930.0,UPI_AUTOPAY
I701755,2026-02-17,Index Fund SIP,Mutual Fund SIP,2830.0,UPI_AUTOPAY
I701756,2026-02-17,Small Cap Fund SIP,Mutual Fund SIP,5060.0,UPI_AUTOPAY
I701757,2026-02-17,Small Cap Fund SIP,Mutual Fund SIP,18650.0,UPI_AUTOPAY
I701758,2026-02-17,Index Fund SIP,Mutual Fund SIP,3070.0,UPI_AUTOPAY
I701759,2026-02-17,ELSS SIP,Mutual Fund SIP,6360.0,UPI_AUTOPAY
I701760,2026-02-17,Small Cap Fund SIP,Mutual Fund SIP,18630.0,UPI_AUTOPAY
I701761,2026-02-17,Small Cap Fund SIP,Mutual Fund SIP,5840.0,UPI_AUTOPAY
I701762,2026-02-17,Debt Fund SIP,Mutual Fund SIP,14800.0,UPI_AUTOPAY
I701763,2026-02-17,One-time fund purchase,One-time Investment,43900.0,UPI_APP
I701764,2026-02-17,Index Fund SIP,Mutual Fund SIP,7650.0,UPI_AUTOPAY
I701765,2026-02-17,ELSS SIP,Mutual Fund SIP,11280.0,UPI_AUTOPAY
I701766,2026-02-17,Debt Fund SIP,Mutual Fund SIP,7910.0,UPI_AUTOPAY
I701767,2026-02-17,Index Fund SIP,Mutual Fund SIP,5880.0,UPI_AUTOPAY
I701768,2026-02-18,Small Cap Fund SIP,Mutual Fund SIP,4330.0,UPI_AUTOPAY
I701769,2026-02-18,Debt Fund SIP,Mutual Fund SIP,3310.0,UPI_AUTOPAY
I701770,2026-02-18,Index Fund SIP,Mutual Fund SIP,3030.0,UPI_AUTOPAY
I701771,2026-02-18,Debt Fund SIP,Mutual Fund SIP,3670.0,UPI_AUTOPAY
I701772,2026-02-18,Index Fund SIP,Mutual Fund SIP,3270.0,UPI_AUTOPAY
I701773,2026-02-18,ELSS SIP,Mutual Fund SIP,5270.0,UPI_AUTOPAY
I701774,2026-02-18,ELSS SIP,Mutual Fund SIP,10800.0,UPI_AUTOPAY
I701775,2026-02-18,Debt Fund SIP,Mutual Fund SIP,5980.0,UPI_AUTOPAY
I701776,2026-02-18,Debt Fund SIP,Mutual Fund SIP,9140.0,UPI_AUTOPAY
I701777,2026-02-18,Small Cap Fund SIP,Mutual Fund SIP,2940.0,UPI_AUTOPAY
I701778,2026-02-18,ELSS SIP,Mutual Fund SIP,6270.0,UPI_AUTOPAY
I701779,2026-02-18,Debt Fund SIP,Mutual Fund SIP,3520.0,UPI_AUTOPAY
I701780,2026-02-18,Flexi Cap Fund SIP,Mutual Fund SIP,5050.0,UPI_AUTOPAY
I701781,2026-02-18,Index Fund SIP,Mutual Fund SIP,3560.0,UPI_AUTOPAY
I701782,2026-02-18,Small Cap Fund SIP,Mutual Fund SIP,5250.0,UPI_AUTOPAY
I701783,2026-02-18,Index Fund SIP,Mutual Fund SIP,5280.0,UPI_AUTOPAY
I701784,2026-02-19,Small Cap Fund SIP,Mutual Fund SIP,12060.0,UPI_AUTOPAY
I701785,2026-02-19,Debt Fund SIP,Mutual Fund SIP,2530.0,UPI_AUTOPAY
I701786,2026-02-19,Debt Fund SIP,Mutual Fund SIP,8440.0,UPI_AUTOPAY
I701787,2026-02-19,Debt Fund SIP,Mutual Fund SIP,6000.0,UPI_AUTOPAY
I701788,2026-02-19,IPO application,One-time Investment,13900.0,UPI_APP
I701789,2026-02-19,Debt Fund SIP,Mutual Fund SIP,9160.0,UPI_AUTOPAY
I701790,2026-02-19,Debt Fund SIP,Mutual Fund SIP,2010.0,UPI_AUTOPAY
I701791,2026-02-19,IPO application,One-time Investment,26700.0,UPI_APP
I701792,2026-02-19,Index Fund SIP,Mutual Fund SIP,3940.0,UPI_AUTOPAY
I701793,2026-02-19,ELSS SIP,Mutual Fund SIP,3730.0,UPI_AUTOPAY
I701794,2026-02-19,Small Cap Fund SIP,Mutual Fund SIP,8010.0,UPI_AUTOPAY
I701795,2026-02-19,Debt Fund SIP,Mutual Fund SIP,3960.0,UPI_AUTOPAY
I701796,2026-02-20,ELSS SIP,Mutual Fund SIP,2260.0,UPI_AUTOPAY
I701797,2026-02-20,Debt Fund SIP,Mutual Fund SIP,10900.0,UPI_AUTOPAY
I701798,2026-02-20,Debt Fund SIP,Mutual Fund SIP,5640.0,UPI_AUTOPAY
I701799,2026-02-20,ELSS SIP,Mutual Fund SIP,5300.0,UPI_AUTOPAY
I701800,2026-02-20,Flexi Cap Fund SIP,Mutual Fund SIP,3600.0,UPI_AUTOPAY
I701801,2026-02-20,Index Fund SIP,Mutual Fund SIP,5910.0,UPI_AUTOPAY
I701802,2026-02-20,Index Fund SIP,Mutual Fund SIP,4290.0,UPI_AUTOPAY
I701803,2026-02-21,Debt Fund SIP,Mutual Fund SIP,5360.0,UPI_AUTOPAY
I701804,2026-02-21,Index Fund SIP,Mutual Fund SIP,3890.0,UPI_AUTOPAY
I701805,2026-02-21,Small Cap Fund SIP,Mutual Fund SIP,7550.0,UPI_AUTOPAY
I701806,2026-02-21,Broker wallet top-up,One-time Investment,8700.0,UPI_APP
I701807,2026-02-21,ELSS SIP,Mutual Fund SIP,5840.0,UPI_AUTOPAY
I701808,2026-02-21,Index Fund SIP,Mutual Fund SIP,4640.0,UPI_AUTOPAY
I701809,2026-02-21,Debt Fund SIP,Mutual Fund SIP,8390.0,UPI_AUTOPAY
I701810,2026-02-21,Small Cap Fund SIP,Mutual Fund SIP,14290.0,UPI_AUTOPAY
I701811,2026-02-21,Broker wallet top-up,One-time Investment,97900.0,UPI_APP
I701812,2026-02-21,Index Fund SIP,Mutual Fund SIP,3540.0,UPI_AUTOPAY
I701813,2026-02-21,Debt Fund SIP,Mutual Fund SIP,3590.0,UPI_AUTOPAY
I701814,2026-02-21,Demat top-up,One-time Investment,12700.0,UPI_APP
I701815,2026-02-21,Small Cap Fund SIP,Mutual Fund SIP,6470.0,UPI_AUTOPAY
I701816,2026-02-21,Flexi Cap Fund SIP,Mutual Fund SIP,2480.0,UPI_AUTOPAY
I701817,2026-02-22,Debt Fund SIP,Mutual Fund SIP,5840.0,UPI_AUTOPAY
I701818,2026-02-22,Flexi Cap Fund SIP,Mutual Fund SIP,5890.0,UPI_AUTOPAY
I701819,2026-02-22,Flexi Cap Fund SIP,Mutual Fund SIP,6540.0,UPI_AUTOPAY
I701820,2026-02-22,Small Cap Fund SIP,Mutual Fund SIP,3060.0,UPI_AUTOPAY
I701821,2026-02-22,Index Fund SIP,Mutual Fund SIP,11470.0,UPI_AUTOPAY
I701822,2026-02-22,ELSS SIP,Mutual Fund SIP,3850.0,UPI_AUTOPAY
I701823,2026-02-22,Debt Fund SIP,Mutual Fund SIP,4040.0,UPI_AUTOPAY
I701824,2026-02-22,Small Cap Fund SIP,Mutual Fund SIP,11120.0,UPI_AUTOPAY
I701825,2026-02-22,Debt Fund SIP,Mutual Fund SIP,5880.0,UPI_AUTOPAY
I701826,2026-02-22,ELSS SIP,Mutual Fund SIP,4950.0,UPI_AUTOPAY
I701827,2026-02-22,Small Cap Fund SIP,Mutual Fund SIP,5570.0,UPI_AUTOPAY
I701828,2026-02-22,Small Cap Fund SIP,Mutual Fund SIP,4340.0,UPI_AUTOPAY
I701829,2026-02-22,Index Fund SIP,Mutual Fund SIP,2700.0,UPI_AUTOPAY
I701830,2026-02-22,Index Fund SIP,Mutual Fund SIP,2970.0,UPI_AUTOPAY
I701831,2026-02-22,ELSS SIP,Mutual Fund SIP,11170.0,UPI_AUTOPAY
I701832,2026-02-23,ELSS SIP,Mutual Fund SIP,6860.0,UPI_AUTOPAY
I701833,2026-02-23,Small Cap Fund SIP,Mutual Fund SIP,6190.0,UPI_AUTOPAY
I701834,2026-02-23,Small Cap Fund SIP,Mutual Fund SIP,10940.0,UPI_AUTOPAY
I701835,2026-02-23,ELSS SIP,Mutual Fund SIP,4120.0,UPI_AUTOPAY
I701836,2026-02-23,Demat top-up,One-time Investment,2500.0,UPI_APP
I701837,2026-02-23,Flexi Cap Fund SIP,Mutual Fund SIP,6060.0,UPI_AUTOPAY
I701838,2026-02-23,Small Cap Fund SIP,Mutual Fund SIP,7830.0,UPI_AUTOPAY
I701839,2026-02-23,Debt Fund SIP,Mutual Fund SIP,14140.0,UPI_AUTOPAY
I701840,2026-02-23,Index Fund SIP,Mutual Fund SIP,4650.0,UPI_AUTOPAY
I701841,2026-02-23,Small Cap Fund SIP,Mutual Fund SIP,3660.0,UPI_AUTOPAY
I701842,2026-02-23,Small Cap Fund SIP,Mutual Fund SIP,5370.0,UPI_AUTOPAY
I701843,2026-02-23,Index Fund SIP,Mutual Fund SIP,2160.0,UPI_AUTOPAY
I701844,2026-02-23,Debt Fund SIP,Mutual Fund SIP,6830.0,UPI_AUTOPAY
I701845,2026-02-24,ELSS SIP,Mutual Fund SIP,3500.0,UPI_AUTOPAY
I701846,2026-02-24,Index Fund SIP,Mutual Fund SIP,4900.0,UPI_AUTOPAY
I701847,2026-02-24,Index Fund SIP,Mutual Fund SIP,2770.0,UPI_AUTOPAY
I701848,2026-02-24,Debt Fund SIP,Mutual Fund SIP,2020.0,UPI_AUTOPAY
I701849,2026-02-24,ELSS SIP,Mutual Fund SIP,12400.0,UPI_AUTOPAY
I701850,2026-02-24,Flexi Cap Fund SIP,Mutual Fund SIP,990.0,UPI_AUTOPAY
I701851,2026-02-25,Small Cap Fund SIP,Mutual Fund SIP,10850.0,UPI_AUTOPAY
I701852,2026-02-25,Debt Fund SIP,Mutual Fund SIP,7860.0,UPI_AUTOPAY
I701853,2026-02-25,Flexi Cap Fund SIP,Mutual Fund SIP,6100.0,UPI_AUTOPAY
I701854,2026-02-25,Index Fund SIP,Mutual Fund SIP,3750.0,UPI_AUTOPAY
I701855,2026-02-25,Small Cap Fund SIP,Mutual Fund SIP,1430.0,UPI_AUTOPAY
I701856,2026-02-25,ELSS SIP,Mutual Fund SIP,10410.0,UPI_AUTOPAY
I701857,2026-02-25,Debt Fund SIP,Mutual Fund SIP,2780.0,UPI_AUTOPAY
I701858,2026-02-26,Debt Fund SIP,Mutual Fund SIP,15040.0,UPI_AUTOPAY
I701859,2026-02-26,ELSS SIP,Mutual Fund SIP,5920.0,UPI_AUTOPAY
I701860,2026-02-26,Index Fund SIP,Mutual Fund SIP,6270.0,UPI_AUTOPAY
I701861,2026-02-26,Flexi Cap Fund SIP,Mutual Fund SIP,10750.0,UPI_AUTOPAY
I701862,2026-02-26,Flexi Cap Fund SIP,Mutual Fund SIP,3710.0,UPI_AUTOPAY
I701863,2026-02-26,Broker wallet top-up,One-time Investment,22000.0,UPI_QR
I701864,2026-02-26,ELSS SIP,Mutual Fund SIP,17960.0,UPI_AUTOPAY
I701865,2026-02-26,Broker wallet top-up,One-time Investment,9100.0,UPI_APP
I701866,2026-02-26,IPO application,One-time Investment,44100.0,UPI_APP
I701867,2026-02-27,Debt Fund SIP,Mutual Fund SIP,3890.0,UPI_AUTOPAY
I701868,2026-02-27,Index Fund SIP,Mutual Fund SIP,4710.0,UPI_AUTOPAY
I701869,2026-02-27,Flexi Cap Fund SIP,Mutual Fund SIP,1750.0,UPI_AUTOPAY
I701870,2026-02-27,Index Fund SIP,Mutual Fund SIP,2620.0,UPI_AUTOPAY
I701871,2026-02-27,Debt Fund SIP,Mutual Fund SIP,3670.0,UPI_AUTOPAY
I701872,2026-02-27,Index Fund SIP,Mutual Fund SIP,8000.0,UPI_AUTOPAY
I701873,2026-02-27,ELSS SIP,Mutual Fund SIP,3770.0,UPI_AUTOPAY
I701874,2026-02-27,Debt Fund SIP,Mutual Fund SIP,13800.0,UPI_AUTOPAY
I701875,2026-02-27,Debt Fund SIP,Mutual Fund SIP,7280.0,UPI_AUTOPAY
I701876,2026-02-27,IPO application,One-time Investment,70300.0,UPI_APP
I701877,2026-02-27,Flexi Cap Fund SIP,Mutual Fund SIP,1730.0,UPI_AUTOPAY
I701878,2026-02-27,Flexi Cap Fund SIP,Mutual Fund SIP,2440.0,UPI_AUTOPAY
I701879,2026-02-28,Flexi Cap Fund SIP,Mutual Fund SIP,2550.0,UPI_AUTOPAY
I701880,2026-02-28,Index Fund SIP,Mutual Fund SIP,4420.0,UPI_AUTOPAY
I701881,2026-02-28,Debt Fund SIP,Mutual Fund SIP,6910.0,UPI_AUTOPAY
I701882,2026-02-28,Debt Fund SIP,Mutual Fund SIP,3850.0,UPI_AUTOPAY
I701883,2026-02-28,Index Fund SIP,Mutual Fund SIP,21760.0,UPI_AUTOPAY
I701884,2026-02-28,Small Cap Fund SIP,Mutual Fund SIP,3230.0,UPI_AUTOPAY
I701885,2026-02-28,Index Fund SIP,Mutual Fund SIP,3430.0,UPI_AUTOPAY
I701886,2026-02-28,Flexi Cap Fund SIP,Mutual Fund SIP,3460.0,UPI_AUTOPAY
I701887,2026-02-28,Flexi Cap Fund SIP,Mutual Fund SIP,2300.0,UPI_AUTOPAY
I701888,2026-02-28,One-time fund purchase,One-time Investment,43500.0,UPI_APP
I701889,2026-02-28,Flexi Cap Fund SIP,Mutual Fund SIP,8520.0,UPI_AUTOPAY
I701890,2026-03-01,ELSS SIP,Mutual Fund SIP,6560.0,UPI_AUTOPAY
I701891,2026-03-01,Debt Fund SIP,Mutual Fund SIP,6000.0,UPI_AUTOPAY
I701892,2026-03-01,Small Cap Fund SIP,Mutual Fund SIP,2800.0,UPI_AUTOPAY
I701893,2026-03-01,Small Cap Fund SIP,Mutual Fund SIP,2330.0,UPI_AUTOPAY
I701894,2026-03-01,Debt Fund SIP,Mutual Fund SIP,3360.0,UPI_AUTOPAY
I701895,2026-03-01,Flexi Cap Fund SIP,Mutual Fund SIP,2130.0,UPI_AUTOPAY
I701896,2026-03-01,Flexi Cap Fund SIP,Mutual Fund SIP,6340.0,UPI_AUTOPAY
I701897,2026-03-01,Index Fund SIP,Mutual Fund SIP,3790.0,UPI_AUTOPAY
I701898,2026-03-01,Debt Fund SIP,Mutual Fund SIP,7900.0,UPI_AUTOPAY
I701899,2026-03-01,Debt Fund SIP,Mutual Fund SIP,17630.0,UPI_AUTOPAY
I701900,2026-03-01,Small Cap Fund SIP,Mutual Fund SIP,16520.0,UPI_AUTOPAY
I701901,2026-03-01,Index Fund SIP,Mutual Fund SIP,2840.0,UPI_AUTOPAY
I701902,2026-03-01,Debt Fund SIP,Mutual Fund SIP,2930.0,UPI_AUTOPAY
I701903,2026-03-01,Index Fund SIP,Mutual Fund SIP,5240.0,UPI_AUTOPAY
I701904,2026-03-01,Debt Fund SIP,Mutual Fund SIP,3950.0,UPI_AUTOPAY
I701905,2026-03-01,Index Fund SIP,Mutual Fund SIP,2790.0,UPI_AUTOPAY
I701906,2026-03-02,Small Cap Fund SIP,Mutual Fund SIP,5010.0,UPI_AUTOPAY
I701907,2026-03-02,Index Fund SIP,Mutual Fund SIP,8180.0,UPI_AUTOPAY
I701908,2026-03-02,Flexi Cap Fund SIP,Mutual Fund SIP,6740.0,UPI_AUTOPAY
I701909,2026-03-02,Debt Fund SIP,Mutual Fund SIP,3050.0,UPI_AUTOPAY
I701910,2026-03-02,ELSS SIP,Mutual Fund SIP,6660.0,UPI_AUTOPAY
I701911,2026-03-02,Debt Fund SIP,Mutual Fund SIP,1990.0,UPI_AUTOPAY
I701912,2026-03-02,Debt Fund SIP,Mutual Fund SIP,9880.0,UPI_AUTOPAY
I701913,2026-03-02,ELSS SIP,Mutual Fund SIP,1880.0,UPI_AUTOPAY
I701914,2026-03-02,Small Cap Fund SIP,Mutual Fund SIP,3440.0,UPI_AUTOPAY
I701915,2026-03-02,Debt Fund SIP,Mutual Fund SIP,3820.0,UPI_AUTOPAY
I701916,2026-03-03,Flexi Cap Fund SIP,Mutual Fund SIP,1420.0,UPI_AUTOPAY
I701917,2026-03-03,Debt Fund SIP,Mutual Fund SIP,4550.0,UPI_AUTOPAY
I701918,2026-03-03,Debt Fund SIP,Mutual Fund SIP,5000.0,UPI_AUTOPAY
I701919,2026-03-03,Debt Fund SIP,Mutual Fund SIP,7200.0,UPI_AUTOPAY
I701920,2026-03-03,Index Fund SIP,Mutual Fund SIP,7450.0,UPI_AUTOPAY
I701921,2026-03-03,Small Cap Fund SIP,Mutual Fund SIP,6590.0,UPI_AUTOPAY
I701922,2026-03-03,Debt Fund SIP,Mutual Fund SIP,9580.0,UPI_AUTOPAY
I701923,2026-03-03,ELSS SIP,Mutual Fund SIP,6850.0,UPI_AUTOPAY
I701924,2026-03-03,Debt Fund SIP,Mutual Fund SIP,3320.0,UPI_AUTOPAY
I701925,2026-03-03,Small Cap Fund SIP,Mutual Fund SIP,2470.0,UPI_AUTOPAY
I701926,2026-03-03,Flexi Cap Fund SIP,Mutual Fund SIP,5820.0,UPI_AUTOPAY
I701927,2026-03-04,IPO application,One-time Investment,86400.0,UPI_APP
I701928,2026-03-04,Flexi Cap Fund SIP,Mutual Fund SIP,4800.0,UPI_AUTOPAY
I701929,2026-03-04,Index Fund SIP,Mutual Fund SIP,1100.0,UPI_AUTOPAY
I701930,2026-03-04,Flexi Cap Fund SIP,Mutual Fund SIP,3790.0,UPI_AUTOPAY
I701931,2026-03-04,Small Cap Fund SIP,Mutual Fund SIP,12340.0,UPI_AUTOPAY
I701932,2026-03-04,ELSS SIP,Mutual Fund SIP,6980.0,UPI_AUTOPAY
I701933,2026-03-04,ELSS SIP,Mutual Fund SIP,4100.0,UPI_AUTOPAY
I701934,2026-03-04,Debt Fund SIP,Mutual Fund SIP,4550.0,UPI_AUTOPAY
I701935,2026-03-04,Small Cap Fund SIP,Mutual Fund SIP,5300.0,UPI_AUTOPAY
I701936,2026-03-04,Small Cap Fund SIP,Mutual Fund SIP,7630.0,UPI_AUTOPAY
I701937,2026-03-04,Flexi Cap Fund SIP,Mutual Fund SIP,5530.0,UPI_AUTOPAY
I701938,2026-03-04,ELSS SIP,Mutual Fund SIP,3130.0,UPI_AUTOPAY
I701939,2026-03-04,Small Cap Fund SIP,Mutual Fund SIP,3030.0,UPI_AUTOPAY
I701940,2026-03-05,Debt Fund SIP,Mutual Fund SIP,5850.0,UPI_AUTOPAY
I701941,2026-03-05,Index Fund SIP,Mutual Fund SIP,2510.0,UPI_AUTOPAY
I701942,2026-03-05,ELSS SIP,Mutual Fund SIP,2980.0,UPI_AUTOPAY
I701943,2026-03-05,Index Fund SIP,Mutual Fund SIP,3050.0,UPI_AUTOPAY
I701944,2026-03-05,Index Fund SIP,Mutual Fund SIP,5440.0,UPI_AUTOPAY
I701945,2026-03-05,ELSS SIP,Mutual Fund SIP,12800.0,UPI_AUTOPAY
I701946,2026-03-05,ELSS SIP,Mutual Fund SIP,10550.0,UPI_AUTOPAY
I701947,2026-03-05,Flexi Cap Fund SIP,Mutual Fund SIP,3160.0,UPI_AUTOPAY
I701948,2026-03-05,ELSS SIP,Mutual Fund SIP,6440.0,UPI_AUTOPAY
I701949,2026-03-05,Small Cap Fund SIP,Mutual Fund SIP,1640.0,UPI_AUTOPAY
I701950,2026-03-05,Index Fund SIP,Mutual Fund SIP,3140.0,UPI_AUTOPAY
I701951,2026-03-05,Index Fund SIP,Mutual Fund SIP,4520.0,UPI_AUTOPAY
I701952,2026-03-05,Index Fund SIP,Mutual Fund SIP,4750.0,UPI_AUTOPAY
I701953,2026-03-06,Index Fund SIP,Mutual Fund SIP,7710.0,UPI_AUTOPAY
I701954,2026-03-06,Flexi Cap Fund SIP,Mutual Fund SIP,1550.0,UPI_AUTOPAY
I701955,2026-03-06,ELSS SIP,Mutual Fund SIP,2870.0,UPI_AUTOPAY
I701956,2026-03-06,Flexi Cap Fund SIP,Mutual Fund SIP,8680.0,UPI_AUTOPAY
I701957,2026-03-06,Small Cap Fund SIP,Mutual Fund SIP,4060.0,UPI_AUTOPAY
I701958,2026-03-06,ELSS SIP,Mutual Fund SIP,3390.0,UPI_AUTOPAY
I701959,2026-03-06,Flexi Cap Fund SIP,Mutual Fund SIP,8730.0,UPI_AUTOPAY
I701960,2026-03-06,Index Fund SIP,Mutual Fund SIP,12610.0,UPI_AUTOPAY
I701961,2026-03-06,ELSS SIP,Mutual Fund SIP,11650.0,UPI_AUTOPAY
I701962,2026-03-06,ELSS SIP,Mutual Fund SIP,5770.0,UPI_AUTOPAY
I701963,2026-03-06,One-time fund purchase,One-time Investment,28600.0,UPI_APP
I701964,2026-03-06,Flexi Cap Fund SIP,Mutual Fund SIP,3680.0,UPI_AUTOPAY
I701965,2026-03-06,Debt Fund SIP,Mutual Fund SIP,3020.0,UPI_AUTOPAY
I701966,2026-03-06,Debt Fund SIP,Mutual Fund SIP,7820.0,UPI_AUTOPAY
I701967,2026-03-07,Small Cap Fund SIP,Mutual Fund SIP,2730.0,UPI_AUTOPAY
I701968,2026-03-07,Flexi Cap Fund SIP,Mutual Fund SIP,1950.0,UPI_AUTOPAY
I701969,2026-03-07,Small Cap Fund SIP,Mutual Fund SIP,12860.0,UPI_AUTOPAY
I701970,2026-03-07,Flexi Cap Fund SIP,Mutual Fund SIP,2800.0,UPI_AUTOPAY
I701971,2026-03-07,Flexi Cap Fund SIP,Mutual Fund SIP,5880.0,UPI_AUTOPAY
I701972,2026-03-07,Broker wallet top-up,One-time Investment,22200.0,UPI_APP
I701973,2026-03-07,Index Fund SIP,Mutual Fund SIP,2280.0,UPI_AUTOPAY
I701974,2026-03-07,ELSS SIP,Mutual Fund SIP,1070.0,UPI_AUTOPAY
I701975,2026-03-07,Index Fund SIP,Mutual Fund SIP,6590.0,UPI_AUTOPAY
I701976,2026-03-07,ELSS SIP,Mutual Fund SIP,2610.0,UPI_AUTOPAY
I701977,2026-03-08,ELSS SIP,Mutual Fund SIP,4330.0,UPI_AUTOPAY
I701978,2026-03-08,ELSS SIP,Mutual Fund SIP,3590.0,UPI_AUTOPAY
I701979,2026-03-08,ELSS SIP,Mutual Fund SIP,1870.0,UPI_AUTOPAY
I701980,2026-03-08,Index Fund SIP,Mutual Fund SIP,6350.0,UPI_AUTOPAY
I701981,2026-03-08,Small Cap Fund SIP,Mutual Fund SIP,4630.0,UPI_AUTOPAY
I701982,2026-03-08,Small Cap Fund SIP,Mutual Fund SIP,6300.0,UPI_AUTOPAY
I701983,2026-03-08,IPO application,One-time Investment,53100.0,UPI_APP
I701984,2026-03-08,Debt Fund SIP,Mutual Fund SIP,8020.0,UPI_AUTOPAY
I701985,2026-03-08,Index Fund SIP,Mutual Fund SIP,4780.0,UPI_AUTOPAY
I701986,2026-03-08,Flexi Cap Fund SIP,Mutual Fund SIP,1290.0,UPI_AUTOPAY
I701987,2026-03-08,Small Cap Fund SIP,Mutual Fund SIP,2240.0,UPI_AUTOPAY
I701988,2026-03-08,Debt Fund SIP,Mutual Fund SIP,7100.0,UPI_AUTOPAY
I701989,2026-03-08,ELSS SIP,Mutual Fund SIP,3360.0,UPI_AUTOPAY
I701990,2026-03-08,Flexi Cap Fund SIP,Mutual Fund SIP,9350.0,UPI_AUTOPAY
I701991,2026-03-08,Flexi Cap Fund SIP,Mutual Fund SIP,7680.0,UPI_AUTOPAY
I701992,2026-03-08,Debt Fund SIP,Mutual Fund SIP,5490.0,UPI_AUTOPAY
I701993,2026-03-08,Small Cap Fund SIP,Mutual Fund SIP,4170.0,UPI_AUTOPAY
I701994,2026-03-08,IPO application,One-time Investment,3900.0,UPI_APP
I701995,2026-03-08,One-time fund purchase,One-time Investment,52800.0,UPI_APP
I701996,2026-03-08,Small Cap Fund SIP,Mutual Fund SIP,4050.0,UPI_AUTOPAY
I701997,2026-03-09,Debt Fund SIP,Mutual Fund SIP,6080.0,UPI_AUTOPAY
I701998,2026-03-09,ELSS SIP,Mutual Fund SIP,1540.0,UPI_AUTOPAY
I701999,2026-03-09,Debt Fund SIP,Mutual Fund SIP,8020.0,UPI_AUTOPAY
I702000,2026-03-09,ELSS SIP,Mutual Fund SIP,7780.0,UPI_AUTOPAY
I702001,2026-03-09,Index Fund SIP,Mutual Fund SIP,4480.0,UPI_AUTOPAY
I702002,2026-03-09,Debt Fund SIP,Mutual Fund SIP,11140.0,UPI_AUTOPAY
I702003,2026-03-09,Broker wallet top-up,One-time Investment,95400.0,UPI_APP
I702004,2026-03-10,Flexi Cap Fund SIP,Mutual Fund SIP,3060.0,UPI_AUTOPAY
I702005,2026-03-10,Debt Fund SIP,Mutual Fund SIP,3500.0,UPI_AUTOPAY
I702006,2026-03-10,Debt Fund SIP,Mutual Fund SIP,7970.0,UPI_AUTOPAY
I702007,2026-03-10,Demat top-up,One-time Investment,17300.0,UPI_APP
I702008,2026-03-10,ELSS SIP,Mutual Fund SIP,1880.0,UPI_AUTOPAY
I702009,2026-03-10,Small Cap Fund SIP,Mutual Fund SIP,1620.0,UPI_AUTOPAY
I702010,2026-03-10,ELSS SIP,Mutual Fund SIP,2420.0,UPI_AUTOPAY
I702011,2026-03-10,Index Fund SIP,Mutual Fund SIP,2730.0,UPI_AUTOPAY
I702012,2026-03-10,Index Fund SIP,Mutual Fund SIP,14610.0,UPI_AUTOPAY
I702013,2026-03-10,Flexi Cap Fund SIP,Mutual Fund SIP,22170.0,UPI_AUTOPAY
I702014,2026-03-10,Small Cap Fund SIP,Mutual Fund SIP,4370.0,UPI_AUTOPAY
I702015,2026-03-11,Small Cap Fund SIP,Mutual Fund SIP,9000.0,UPI_AUTOPAY
I702016,2026-03-11,Index Fund SIP,Mutual Fund SIP,28830.0,UPI_AUTOPAY
I702017,2026-03-11,Flexi Cap Fund SIP,Mutual Fund SIP,11530.0,UPI_AUTOPAY
I702018,2026-03-11,Index Fund SIP,Mutual Fund SIP,2260.0,UPI_AUTOPAY
I702019,2026-03-11,Small Cap Fund SIP,Mutual Fund SIP,19990.0,UPI_AUTOPAY
I702020,2026-03-11,Index Fund SIP,Mutual Fund SIP,15930.0,UPI_AUTOPAY
I702021,2026-03-11,IPO application,One-time Investment,36500.0,UPI_APP
I702022,2026-03-11,Index Fund SIP,Mutual Fund SIP,3570.0,UPI_AUTOPAY
I702023,2026-03-11,IPO application,One-time Investment,21200.0,UPI_APP
I702024,2026-03-11,Debt Fund SIP,Mutual Fund SIP,2520.0,UPI_AUTOPAY
I702025,2026-03-11,Index Fund SIP,Mutual Fund SIP,770.0,UPI_AUTOPAY
I702026,2026-03-11,Debt Fund SIP,Mutual Fund SIP,12270.0,UPI_AUTOPAY
I702027,2026-03-11,Debt Fund SIP,Mutual Fund SIP,2290.0,UPI_AUTOPAY
I702028,2026-03-11,ELSS SIP,Mutual Fund SIP,3120.0,UPI_AUTOPAY
I702029,2026-03-11,Small Cap Fund SIP,Mutual Fund SIP,4380.0,UPI_AUTOPAY
I702030,2026-03-11,Flexi Cap Fund SIP,Mutual Fund SIP,3480.0,UPI_AUTOPAY
I702031,2026-03-12,Index Fund SIP,Mutual Fund SIP,10490.0,UPI_AUTOPAY
I702032,2026-03-12,Flexi Cap Fund SIP,Mutual Fund SIP,2620.0,UPI_AUTOPAY
I702033,2026-03-12,Small Cap Fund SIP,Mutual Fund SIP,3320.0,UPI_AUTOPAY
I702034,2026-03-12,Small Cap Fund SIP,Mutual Fund SIP,2920.0,UPI_AUTOPAY
I702035,2026-03-12,Debt Fund SIP,Mutual Fund SIP,1940.0,UPI_AUTOPAY
I702036,2026-03-12,Demat top-up,One-time Investment,21500.0,UPI_APP
I702037,2026-03-12,Debt Fund SIP,Mutual Fund SIP,5770.0,UPI_AUTOPAY
I702038,2026-03-12,Debt Fund SIP,Mutual Fund SIP,2860.0,UPI_AUTOPAY
I702039,2026-03-12,Flexi Cap Fund SIP,Mutual Fund SIP,6350.0,UPI_AUTOPAY
I702040,2026-03-12,Debt Fund SIP,Mutual Fund SIP,13220.0,UPI_AUTOPAY
I702041,2026-03-12,IPO application,One-time Investment,5200.0,UPI_APP
I702042,2026-03-12,Index Fund SIP,Mutual Fund SIP,2130.0,UPI_AUTOPAY
I702043,2026-03-12,ELSS SIP,Mutual Fund SIP,3880.0,UPI_AUTOPAY
I702044,2026-03-13,Flexi Cap Fund SIP,Mutual Fund SIP,2910.0,UPI_AUTOPAY
I702045,2026-03-13,Debt Fund SIP,Mutual Fund SIP,9740.0,UPI_AUTOPAY
I702046,2026-03-13,IPO application,One-time Investment,13600.0,UPI_APP
I702047,2026-03-13,ELSS SIP,Mutual Fund SIP,5460.0,UPI_AUTOPAY
I702048,2026-03-13,Small Cap Fund SIP,Mutual Fund SIP,2130.0,UPI_AUTOPAY
I702049,2026-03-13,Index Fund SIP,Mutual Fund SIP,1830.0,UPI_AUTOPAY
I702050,2026-03-13,Small Cap Fund SIP,Mutual Fund SIP,7110.0,UPI_AUTOPAY
I702051,2026-03-13,Index Fund SIP,Mutual Fund SIP,5680.0,UPI_AUTOPAY
I702052,2026-03-14,Index Fund SIP,Mutual Fund SIP,10610.0,UPI_AUTOPAY
I702053,2026-03-14,Index Fund SIP,Mutual Fund SIP,5510.0,UPI_AUTOPAY
I702054,2026-03-14,Flexi Cap Fund SIP,Mutual Fund SIP,2840.0,UPI_AUTOPAY
I702055,2026-03-14,Flexi Cap Fund SIP,Mutual Fund SIP,11030.0,UPI_AUTOPAY
I702056,2026-03-14,Index Fund SIP,Mutual Fund SIP,4050.0,UPI_AUTOPAY
I702057,2026-03-14,IPO application,One-time Investment,29200.0,UPI_APP
I702058,2026-03-14,ELSS SIP,Mutual Fund SIP,4250.0,UPI_AUTOPAY
I702059,2026-03-14,Index Fund SIP,Mutual Fund SIP,8250.0,UPI_AUTOPAY
I702060,2026-03-14,Small Cap Fund SIP,Mutual Fund SIP,2090.0,UPI_AUTOPAY
I702061,2026-03-14,Debt Fund SIP,Mutual Fund SIP,4220.0,UPI_AUTOPAY
I702062,2026-03-14,ELSS SIP,Mutual Fund SIP,2560.0,UPI_AUTOPAY
I702063,2026-03-14,Index Fund SIP,Mutual Fund SIP,4440.0,UPI_AUTOPAY
I702064,2026-03-14,ELSS SIP,Mutual Fund SIP,4560.0,UPI_AUTOPAY
I702065,2026-03-14,Index Fund SIP,Mutual Fund SIP,6770.0,UPI_AUTOPAY
I702066,2026-03-14,Index Fund SIP,Mutual Fund SIP,2850.0,UPI_AUTOPAY
I702067,2026-03-14,ELSS SIP,Mutual Fund SIP,3240.0,UPI_AUTOPAY
I702068,2026-03-15,Index Fund SIP,Mutual Fund SIP,10830.0,UPI_AUTOPAY
I702069,2026-03-15,Flexi Cap Fund SIP,Mutual Fund SIP,3870.0,UPI_AUTOPAY
I702070,2026-03-15,Index Fund SIP,Mutual Fund SIP,1690.0,UPI_AUTOPAY
I702071,2026-03-15,ELSS SIP,Mutual Fund SIP,4950.0,UPI_AUTOPAY
I702072,2026-03-15,Flexi Cap Fund SIP,Mutual Fund SIP,5070.0,UPI_AUTOPAY
I702073,2026-03-15,IPO application,One-time Investment,67000.0,UPI_APP
I702074,2026-03-15,Debt Fund SIP,Mutual Fund SIP,8650.0,UPI_AUTOPAY
I702075,2026-03-15,Flexi Cap Fund SIP,Mutual Fund SIP,2130.0,UPI_AUTOPAY
I702076,2026-03-15,Small Cap Fund SIP,Mutual Fund SIP,8470.0,UPI_AUTOPAY
I702077,2026-03-16,Small Cap Fund SIP,Mutual Fund SIP,4580.0,UPI_AUTOPAY
I702078,2026-03-16,Debt Fund SIP,Mutual Fund SIP,2760.0,UPI_AUTOPAY
I702079,2026-03-16,ELSS SIP,Mutual Fund SIP,7180.0,UPI_AUTOPAY
I702080,2026-03-16,Small Cap Fund SIP,Mutual Fund SIP,14490.0,UPI_AUTOPAY
I702081,2026-03-16,Demat top-up,One-time Investment,9200.0,UPI_APP
I702082,2026-03-16,ELSS SIP,Mutual Fund SIP,6610.0,UPI_AUTOPAY
I702083,2026-03-16,Small Cap Fund SIP,Mutual Fund SIP,3200.0,UPI_AUTOPAY
I702084,2026-03-16,ELSS SIP,Mutual Fund SIP,3360.0,UPI_AUTOPAY
I702085,2026-03-17,Small Cap Fund SIP,Mutual Fund SIP,5220.0,UPI_AUTOPAY
I702086,2026-03-17,ELSS SIP,Mutual Fund SIP,6090.0,UPI_AUTOPAY
I702087,2026-03-17,Index Fund SIP,Mutual Fund SIP,16440.0,UPI_AUTOPAY
I702088,2026-03-17,Small Cap Fund SIP,Mutual Fund SIP,3130.0,UPI_AUTOPAY
I702089,2026-03-17,ELSS SIP,Mutual Fund SIP,3880.0,UPI_AUTOPAY
I702090,2026-03-17,ELSS SIP,Mutual Fund SIP,4580.0,UPI_AUTOPAY
I702091,2026-03-17,Small Cap Fund SIP,Mutual Fund SIP,3340.0,UPI_AUTOPAY
I702092,2026-03-17,Small Cap Fund SIP,Mutual Fund SIP,3130.0,UPI_AUTOPAY
I702093,2026-03-17,Index Fund SIP,Mutual Fund SIP,6310.0,UPI_AUTOPAY
I702094,2026-03-17,ELSS SIP,Mutual Fund SIP,3270.0,UPI_AUTOPAY
I702095,2026-03-17,Index Fund SIP,Mutual Fund SIP,6060.0,UPI_AUTOPAY
I702096,2026-03-17,Small Cap Fund SIP,Mutual Fund SIP,6140.0,UPI_AUTOPAY
I702097,2026-03-17,ELSS SIP,Mutual Fund SIP,2480.0,UPI_AUTOPAY
I702098,2026-03-17,Debt Fund SIP,Mutual Fund SIP,13010.0,UPI_AUTOPAY
I702099,2026-03-17,Flexi Cap Fund SIP,Mutual Fund SIP,5430.0,UPI_AUTOPAY
I702100,2026-03-17,ELSS SIP,Mutual Fund SIP,3820.0,UPI_AUTOPAY
I702101,2026-03-17,Broker wallet top-up,One-time Investment,12300.0,UPI_APP
I702102,2026-03-17,Debt Fund SIP,Mutual Fund SIP,9760.0,UPI_AUTOPAY
I702103,2026-03-17,ELSS SIP,Mutual Fund SIP,5450.0,UPI_AUTOPAY
I702104,2026-03-18,Broker wallet top-up,One-time Investment,9300.0,UPI_QR
I702105,2026-03-18,Index Fund SIP,Mutual Fund SIP,10630.0,UPI_AUTOPAY
I702106,2026-03-18,Small Cap Fund SIP,Mutual Fund SIP,6920.0,UPI_AUTOPAY
I702107,2026-03-18,Small Cap Fund SIP,Mutual Fund SIP,4330.0,UPI_AUTOPAY
I702108,2026-03-18,Small Cap Fund SIP,Mutual Fund SIP,6180.0,UPI_AUTOPAY
I702109,2026-03-18,Index Fund SIP,Mutual Fund SIP,6290.0,UPI_AUTOPAY
I702110,2026-03-18,ELSS SIP,Mutual Fund SIP,7610.0,UPI_AUTOPAY
I702111,2026-03-18,Small Cap Fund SIP,Mutual Fund SIP,16700.0,UPI_AUTOPAY
I702112,2026-03-18,Small Cap Fund SIP,Mutual Fund SIP,3470.0,UPI_AUTOPAY
I702113,2026-03-18,One-time fund purchase,One-time Investment,258600.0,UPI_APP
I702114,2026-03-18,Debt Fund SIP,Mutual Fund SIP,3380.0,UPI_AUTOPAY
I702115,2026-03-19,Flexi Cap Fund SIP,Mutual Fund SIP,6190.0,UPI_AUTOPAY
I702116,2026-03-19,Debt Fund SIP,Mutual Fund SIP,6410.0,UPI_AUTOPAY
I702117,2026-03-19,Index Fund SIP,Mutual Fund SIP,2240.0,UPI_AUTOPAY
I702118,2026-03-19,Flexi Cap Fund SIP,Mutual Fund SIP,3360.0,UPI_AUTOPAY
I702119,2026-03-19,Debt Fund SIP,Mutual Fund SIP,6870.0,UPI_AUTOPAY
I702120,2026-03-19,Small Cap Fund SIP,Mutual Fund SIP,1380.0,UPI_AUTOPAY
I702121,2026-03-19,ELSS SIP,Mutual Fund SIP,2620.0,UPI_AUTOPAY
I702122,2026-03-19,ELSS SIP,Mutual Fund SIP,4700.0,UPI_AUTOPAY
I702123,2026-03-19,Debt Fund SIP,Mutual Fund SIP,3040.0,UPI_AUTOPAY
I702124,2026-03-19,Small Cap Fund SIP,Mutual Fund SIP,2260.0,UPI_AUTOPAY
I702125,2026-03-19,Debt Fund SIP,Mutual Fund SIP,4110.0,UPI_AUTOPAY
I702126,2026-03-20,Flexi Cap Fund SIP,Mutual Fund SIP,3180.0,UPI_AUTOPAY
I702127,2026-03-20,Small Cap Fund SIP,Mutual Fund SIP,6550.0,UPI_AUTOPAY
I702128,2026-03-20,Small Cap Fund SIP,Mutual Fund SIP,4740.0,UPI_AUTOPAY
I702129,2026-03-20,Debt Fund SIP,Mutual Fund SIP,870.0,UPI_AUTOPAY
I702130,2026-03-20,Debt Fund SIP,Mutual Fund SIP,5690.0,UPI_AUTOPAY
I702131,2026-03-20,Small Cap Fund SIP,Mutual Fund SIP,6160.0,UPI_AUTOPAY
I702132,2026-03-20,IPO application,One-time Investment,118600.0,UPI_APP
I702133,2026-03-20,Flexi Cap Fund SIP,Mutual Fund SIP,2770.0,UPI_AUTOPAY
I702134,2026-03-20,ELSS SIP,Mutual Fund SIP,9020.0,UPI_AUTOPAY
I702135,2026-03-20,ELSS SIP,Mutual Fund SIP,3110.0,UPI_AUTOPAY
I702136,2026-03-21,Flexi Cap Fund SIP,Mutual Fund SIP,3810.0,UPI_AUTOPAY
I702137,2026-03-21,Small Cap Fund SIP,Mutual Fund SIP,6580.0,UPI_AUTOPAY
I702138,2026-03-21,Small Cap Fund SIP,Mutual Fund SIP,4980.0,UPI_AUTOPAY
I702139,2026-03-21,Debt Fund SIP,Mutual Fund SIP,6840.0,UPI_AUTOPAY
I702140,2026-03-21,Debt Fund SIP,Mutual Fund SIP,4380.0,UPI_AUTOPAY
I702141,2026-03-21,Flexi Cap Fund SIP,Mutual Fund SIP,3580.0,UPI_AUTOPAY
I702142,2026-03-21,Flexi Cap Fund SIP,Mutual Fund SIP,3680.0,UPI_AUTOPAY
I702143,2026-03-21,Flexi Cap Fund SIP,Mutual Fund SIP,4330.0,UPI_AUTOPAY
I702144,2026-03-21,Debt Fund SIP,Mutual Fund SIP,4970.0,UPI_AUTOPAY
I702145,2026-03-21,Small Cap Fund SIP,Mutual Fund SIP,15950.0,UPI_AUTOPAY
I702146,2026-03-21,ELSS SIP,Mutual Fund SIP,3450.0,UPI_AUTOPAY
I702147,2026-03-21,Flexi Cap Fund SIP,Mutual Fund SIP,1340.0,UPI_AUTOPAY
I702148,2026-03-21,Debt Fund SIP,Mutual Fund SIP,6010.0,UPI_AUTOPAY
I702149,2026-03-21,Small Cap Fund SIP,Mutual Fund SIP,4140.0,UPI_AUTOPAY
I702150,2026-03-21,ELSS SIP,Mutual Fund SIP,7710.0,UPI_AUTOPAY
I702151,2026-03-21,Flexi Cap Fund SIP,Mutual Fund SIP,1660.0,UPI_AUTOPAY
I702152,2026-03-21,ELSS SIP,Mutual Fund SIP,3090.0,UPI_AUTOPAY
I702153,2026-03-21,Debt Fund SIP,Mutual Fund SIP,4230.0,UPI_AUTOPAY
I702154,2026-03-21,Small Cap Fund SIP,Mutual Fund SIP,1540.0,UPI_AUTOPAY
I702155,2026-03-21,Debt Fund SIP,Mutual Fund SIP,6320.0,UPI_AUTOPAY
I702156,2026-03-21,Small Cap Fund SIP,Mutual Fund SIP,4520.0,UPI_AUTOPAY
I702157,2026-03-21,Small Cap Fund SIP,Mutual Fund SIP,2050.0,UPI_AUTOPAY
I702158,2026-03-22,Index Fund SIP,Mutual Fund SIP,3340.0,UPI_AUTOPAY
I702159,2026-03-22,ELSS SIP,Mutual Fund SIP,3620.0,UPI_AUTOPAY
I702160,2026-03-22,ELSS SIP,Mutual Fund SIP,6270.0,UPI_AUTOPAY
I702161,2026-03-22,Flexi Cap Fund SIP,Mutual Fund SIP,8230.0,UPI_AUTOPAY
I702162,2026-03-22,ELSS SIP,Mutual Fund SIP,9730.0,UPI_AUTOPAY
I702163,2026-03-22,Small Cap Fund SIP,Mutual Fund SIP,8040.0,UPI_AUTOPAY
I702164,2026-03-22,Small Cap Fund SIP,Mutual Fund SIP,3920.0,UPI_AUTOPAY
I702165,2026-03-22,Debt Fund SIP,Mutual Fund SIP,7620.0,UPI_AUTOPAY
I702166,2026-03-22,ELSS SIP,Mutual Fund SIP,4450.0,UPI_AUTOPAY
I702167,2026-03-22,Index Fund SIP,Mutual Fund SIP,2620.0,UPI_AUTOPAY
I702168,2026-03-22,Index Fund SIP,Mutual Fund SIP,10900.0,UPI_AUTOPAY
I702169,2026-03-22,Debt Fund SIP,Mutual Fund SIP,4770.0,UPI_AUTOPAY
I702170,2026-03-22,Index Fund SIP,Mutual Fund SIP,6360.0,UPI_AUTOPAY
I702171,2026-03-22,ELSS SIP,Mutual Fund SIP,4760.0,UPI_AUTOPAY
I702172,2026-03-22,Index Fund SIP,Mutual Fund SIP,2050.0,UPI_AUTOPAY
I702173,2026-03-22,Debt Fund SIP,Mutual Fund SIP,35950.0,UPI_AUTOPAY
I702174,2026-03-22,Debt Fund SIP,Mutual Fund SIP,8010.0,UPI_AUTOPAY
I702175,2026-03-22,Flexi Cap Fund SIP,Mutual Fund SIP,2480.0,UPI_AUTOPAY
I702176,2026-03-22,Debt Fund SIP,Mutual Fund SIP,4030.0,UPI_AUTOPAY
I702177,2026-03-22,Small Cap Fund SIP,Mutual Fund SIP,2110.0,UPI_AUTOPAY
I702178,2026-03-23,Small Cap Fund SIP,Mutual Fund SIP,8220.0,UPI_AUTOPAY
I702179,2026-03-23,Index Fund SIP,Mutual Fund SIP,9210.0,UPI_AUTOPAY
I702180,2026-03-23,Debt Fund SIP,Mutual Fund SIP,2970.0,UPI_AUTOPAY
I702181,2026-03-23,IPO application,One-time Investment,152900.0,UPI_APP
I702182,2026-03-23,Debt Fund SIP,Mutual Fund SIP,7340.0,UPI_AUTOPAY
I702183,2026-03-23,Flexi Cap Fund SIP,Mutual Fund SIP,3200.0,UPI_AUTOPAY
I702184,2026-03-23,Flexi Cap Fund SIP,Mutual Fund SIP,6010.0,UPI_AUTOPAY
I702185,2026-03-23,Small Cap Fund SIP,Mutual Fund SIP,5730.0,UPI_AUTOPAY
I702186,2026-03-23,Debt Fund SIP,Mutual Fund SIP,5920.0,UPI_AUTOPAY
I702187,2026-03-23,Index Fund SIP,Mutual Fund SIP,5560.0,UPI_AUTOPAY
I702188,2026-03-23,Small Cap Fund SIP,Mutual Fund SIP,9360.0,UPI_AUTOPAY
I702189,2026-03-23,Small Cap Fund SIP,Mutual Fund SIP,1680.0,UPI_AUTOPAY
I702190,2026-03-23,Flexi Cap Fund SIP,Mutual Fund SIP,3650.0,UPI_AUTOPAY
I702191,2026-03-23,Debt Fund SIP,Mutual Fund SIP,7540.0,UPI_AUTOPAY
I702192,2026-03-23,Index Fund SIP,Mutual Fund SIP,5880.0,UPI_AUTOPAY
I702193,2026-03-24,ELSS SIP,Mutual Fund SIP,3050.0,UPI_AUTOPAY
I702194,2026-03-24,Small Cap Fund SIP,Mutual Fund SIP,6190.0,UPI_AUTOPAY
I702195,2026-03-24,Debt Fund SIP,Mutual Fund SIP,3910.0,UPI_AUTOPAY
I702196,2026-03-24,ELSS SIP,Mutual Fund SIP,2030.0,UPI_AUTOPAY
I702197,2026-03-24,Flexi Cap Fund SIP,Mutual Fund SIP,4020.0,UPI_AUTOPAY
I702198,2026-03-24,ELSS SIP,Mutual Fund SIP,9250.0,UPI_AUTOPAY
I702199,2026-03-24,ELSS SIP,Mutual Fund SIP,3920.0,UPI_AUTOPAY
I702200,2026-03-24,Small Cap Fund SIP,Mutual Fund SIP,8230.0,UPI_AUTOPAY
I702201,2026-03-25,Flexi Cap Fund SIP,Mutual Fund SIP,8350.0,UPI_AUTOPAY
I702202,2026-03-25,Small Cap Fund SIP,Mutual Fund SIP,17460.0,UPI_AUTOPAY
I702203,2026-03-25,Flexi Cap Fund SIP,Mutual Fund SIP,2020.0,UPI_AUTOPAY
I702204,2026-03-25,Debt Fund SIP,Mutual Fund SIP,7540.0,UPI_AUTOPAY
I702205,2026-03-25,Small Cap Fund SIP,Mutual Fund SIP,1750.0,UPI_AUTOPAY
I702206,2026-03-25,Small Cap Fund SIP,Mutual Fund SIP,5190.0,UPI_AUTOPAY
I702207,2026-03-25,Debt Fund SIP,Mutual Fund SIP,3220.0,UPI_AUTOPAY
I702208,2026-03-25,ELSS SIP,Mutual Fund SIP,4890.0,UPI_AUTOPAY
I702209,2026-03-25,Small Cap Fund SIP,Mutual Fund SIP,3680.0,UPI_AUTOPAY
I702210,2026-03-25,Small Cap Fund SIP,Mutual Fund SIP,4920.0,UPI_AUTOPAY
I702211,2026-03-25,ELSS SIP,Mutual Fund SIP,12390.0,UPI_AUTOPAY
I702212,2026-03-25,Index Fund SIP,Mutual Fund SIP,11490.0,UPI_AUTOPAY
I702213,2026-03-25,Broker wallet top-up,One-time Investment,21300.0,UPI_APP
I702214,2026-03-25,Small Cap Fund SIP,Mutual Fund SIP,5270.0,UPI_AUTOPAY
I702215,2026-03-26,ELSS SIP,Mutual Fund SIP,4460.0,UPI_AUTOPAY
I702216,2026-03-26,Debt Fund SIP,Mutual Fund SIP,5020.0,UPI_AUTOPAY
I702217,2026-03-26,Small Cap Fund SIP,Mutual Fund SIP,3120.0,UPI_AUTOPAY
I702218,2026-03-26,Index Fund SIP,Mutual Fund SIP,2760.0,UPI_AUTOPAY
I702219,2026-03-26,ELSS SIP,Mutual Fund SIP,11060.0,UPI_AUTOPAY
I702220,2026-03-26,ELSS SIP,Mutual Fund SIP,4330.0,UPI_AUTOPAY
I702221,2026-03-26,Debt Fund SIP,Mutual Fund SIP,2850.0,UPI_AUTOPAY
I702222,2026-03-26,Small Cap Fund SIP,Mutual Fund SIP,3750.0,UPI_AUTOPAY
I702223,2026-03-26,Debt Fund SIP,Mutual Fund SIP,5710.0,UPI_AUTOPAY
I702224,2026-03-26,Small Cap Fund SIP,Mutual Fund SIP,8680.0,UPI_AUTOPAY
I702225,2026-03-26,ELSS SIP,Mutual Fund SIP,1480.0,UPI_AUTOPAY
I702226,2026-03-26,Flexi Cap Fund SIP,Mutual Fund SIP,7260.0,UPI_AUTOPAY
I702227,2026-03-26,Small Cap Fund SIP,Mutual Fund SIP,3030.0,UPI_AUTOPAY
I702228,2026-03-27,Debt Fund SIP,Mutual Fund SIP,2880.0,UPI_AUTOPAY
I702229,2026-03-27,One-time fund purchase,One-time Investment,20300.0,UPI_QR
I702230,2026-03-27,Debt Fund SIP,Mutual Fund SIP,4270.0,UPI_AUTOPAY
I702231,2026-03-27,Index Fund SIP,Mutual Fund SIP,5590.0,UPI_AUTOPAY
I702232,2026-03-27,ELSS SIP,Mutual Fund SIP,7300.0,UPI_AUTOPAY
I702233,2026-03-27,Small Cap Fund SIP,Mutual Fund SIP,7410.0,UPI_AUTOPAY
I702234,2026-03-27,ELSS SIP,Mutual Fund SIP,2100.0,UPI_AUTOPAY
I702235,2026-03-27,Debt Fund SIP,Mutual Fund SIP,15170.0,UPI_AUTOPAY
I702236,2026-03-27,Index Fund SIP,Mutual Fund SIP,5360.0,UPI_AUTOPAY
I702237,2026-03-28,ELSS SIP,Mutual Fund SIP,9370.0,UPI_AUTOPAY
I702238,2026-03-28,Small Cap Fund SIP,Mutual Fund SIP,5040.0,UPI_AUTOPAY
I702239,2026-03-28,Small Cap Fund SIP,Mutual Fund SIP,2220.0,UPI_AUTOPAY
I702240,2026-03-28,Index Fund SIP,Mutual Fund SIP,7540.0,UPI_AUTOPAY
I702241,2026-03-28,One-time fund purchase,One-time Investment,11500.0,UPI_APP
I702242,2026-03-28,Debt Fund SIP,Mutual Fund SIP,5160.0,UPI_AUTOPAY
I702243,2026-03-28,ELSS SIP,Mutual Fund SIP,4550.0,UPI_AUTOPAY
I702244,2026-03-28,Flexi Cap Fund SIP,Mutual Fund SIP,1730.0,UPI_AUTOPAY
I702245,2026-03-28,Flexi Cap Fund SIP,Mutual Fund SIP,6530.0,UPI_AUTOPAY
I702246,2026-03-28,Small Cap Fund SIP,Mutual Fund SIP,6490.0,UPI_AUTOPAY
I702247,2026-03-28,Debt Fund SIP,Mutual Fund SIP,7350.0,UPI_AUTOPAY
I702248,2026-03-28,ELSS SIP,Mutual Fund SIP,1860.0,UPI_AUTOPAY
I702249,2026-03-28,Index Fund SIP,Mutual Fund SIP,7460.0,UPI_AUTOPAY
I702250,2026-03-29,ELSS SIP,Mutual Fund SIP,7900.0,UPI_AUTOPAY
I702251,2026-03-29,Small Cap Fund SIP,Mutual Fund SIP,8860.0,UPI_AUTOPAY
I702252,2026-03-29,Flexi Cap Fund SIP,Mutual Fund SIP,5570.0,UPI_AUTOPAY
I702253,2026-03-29,Small Cap Fund SIP,Mutual Fund SIP,4880.0,UPI_AUTOPAY
I702254,2026-03-29,Small Cap Fund SIP,Mutual Fund SIP,1770.0,UPI_AUTOPAY
I702255,2026-03-29,ELSS SIP,Mutual Fund SIP,2150.0,UPI_AUTOPAY
I702256,2026-03-29,ELSS SIP,Mutual Fund SIP,3910.0,UPI_AUTOPAY
I702257,2026-03-29,Index Fund SIP,Mutual Fund SIP,6650.0,UPI_AUTOPAY
I702258,2026-03-29,Debt Fund SIP,Mutual Fund SIP,1710.0,UPI_AUTOPAY
I702259,2026-03-29,Index Fund SIP,Mutual Fund SIP,15720.0,UPI_AUTOPAY
I702260,2026-03-29,Small Cap Fund SIP,Mutual Fund SIP,4220.0,UPI_AUTOPAY
I702261,2026-03-30,Demat top-up,One-time Investment,22200.0,UPI_APP
I702262,2026-03-30,Flexi Cap Fund SIP,Mutual Fund SIP,5900.0,UPI_AUTOPAY
I702263,2026-03-30,Debt Fund SIP,Mutual Fund SIP,12600.0,UPI_AUTOPAY
I702264,2026-03-30,Index Fund SIP,Mutual Fund SIP,8850.0,UPI_AUTOPAY
I702265,2026-03-30,Debt Fund SIP,Mutual Fund SIP,1970.0,UPI_AUTOPAY
I702266,2026-03-30,Debt Fund SIP,Mutual Fund SIP,3010.0,UPI_AUTOPAY
I702267,2026-03-30,IPO application,One-time Investment,19600.0,UPI_APP
I702268,2026-03-30,Demat top-up,One-time Investment,13200.0,UPI_APP
I702269,2026-03-30,Small Cap Fund SIP,Mutual Fund SIP,4960.0,UPI_AUTOPAY
I702270,2026-03-30,Debt Fund SIP,Mutual Fund SIP,4320.0,UPI_AUTOPAY
I702271,2026-03-30,Debt Fund SIP,Mutual Fund SIP,5590.0,UPI_AUTOPAY
I702272,2026-03-31,Debt Fund SIP,Mutual Fund SIP,3640.0,UPI_AUTOPAY
I702273,2026-03-31,Flexi Cap Fund SIP,Mutual Fund SIP,5740.0,UPI_AUTOPAY
I702274,2026-03-31,Flexi Cap Fund SIP,Mutual Fund SIP,9200.0,UPI_AUTOPAY
I702275,2026-03-31,Debt Fund SIP,Mutual Fund SIP,2340.0,UPI_AUTOPAY
I702276,2026-03-31,Index Fund SIP,Mutual Fund SIP,5460.0,UPI_AUTOPAY
I702277,2026-03-31,Flexi Cap Fund SIP,Mutual Fund SIP,1550.0,UPI_AUTOPAY
I702278,2026-03-31,Small Cap Fund SIP,Mutual Fund SIP,4970.0,UPI_AUTOPAY
I702279,2026-03-31,Small Cap Fund SIP,Mutual Fund SIP,6010.0,UPI_AUTOPAY
I702280,2026-03-31,One-time fund purchase,One-time Investment,15000.0,UPI_APP
I702281,2026-03-31,Debt Fund SIP,Mutual Fund SIP,7990.0,UPI_AUTOPAY
I702282,2026-03-31,ELSS SIP,Mutual Fund SIP,6760.0,UPI_AUTOPAY
I702283,2026-03-31,Flexi Cap Fund SIP,Mutual Fund SIP,1560.0,UPI_AUTOPAY
I702284,2026-03-31,Small Cap Fund SIP,Mutual Fund SIP,2970.0,UPI_AUTOPAY
I702285,2026-04-01,Flexi Cap Fund SIP,Mutual Fund SIP,5110.0,UPI_AUTOPAY
I702286,2026-04-01,ELSS SIP,Mutual Fund SIP,5570.0,UPI_AUTOPAY
I702287,2026-04-01,Broker wallet top-up,One-time Investment,15200.0,UPI_APP
I702288,2026-04-01,ELSS SIP,Mutual Fund SIP,9190.0,UPI_AUTOPAY
I702289,2026-04-01,Flexi Cap Fund SIP,Mutual Fund SIP,960.0,UPI_AUTOPAY
I702290,2026-04-01,Small Cap Fund SIP,Mutual Fund SIP,5970.0,UPI_AUTOPAY
I702291,2026-04-01,Index Fund SIP,Mutual Fund SIP,6290.0,UPI_AUTOPAY
I702292,2026-04-01,ELSS SIP,Mutual Fund SIP,13810.0,UPI_AUTOPAY
I702293,2026-04-01,Debt Fund SIP,Mutual Fund SIP,2700.0,UPI_AUTOPAY
I702294,2026-04-02,Debt Fund SIP,Mutual Fund SIP,1950.0,UPI_AUTOPAY
I702295,2026-04-02,Debt Fund SIP,Mutual Fund SIP,3540.0,UPI_AUTOPAY
I702296,2026-04-02,Index Fund SIP,Mutual Fund SIP,8550.0,UPI_AUTOPAY
I702297,2026-04-02,Index Fund SIP,Mutual Fund SIP,8730.0,UPI_AUTOPAY
I702298,2026-04-02,Index Fund SIP,Mutual Fund SIP,2370.0,UPI_AUTOPAY
I702299,2026-04-02,ELSS SIP,Mutual Fund SIP,5910.0,UPI_AUTOPAY
I702300,2026-04-03,Index Fund SIP,Mutual Fund SIP,6410.0,UPI_AUTOPAY
I702301,2026-04-03,One-time fund purchase,One-time Investment,100800.0,UPI_APP
I702302,2026-04-03,Small Cap Fund SIP,Mutual Fund SIP,4400.0,UPI_AUTOPAY
I702303,2026-04-03,Flexi Cap Fund SIP,Mutual Fund SIP,3540.0,UPI_AUTOPAY
I702304,2026-04-03,Flexi Cap Fund SIP,Mutual Fund SIP,6120.0,UPI_AUTOPAY
I702305,2026-04-03,ELSS SIP,Mutual Fund SIP,4940.0,UPI_AUTOPAY
I702306,2026-04-03,Small Cap Fund SIP,Mutual Fund SIP,3760.0,UPI_AUTOPAY
I702307,2026-04-03,Debt Fund SIP,Mutual Fund SIP,1420.0,UPI_AUTOPAY
I702308,2026-04-03,ELSS SIP,Mutual Fund SIP,5300.0,UPI_AUTOPAY
I702309,2026-04-03,Small Cap Fund SIP,Mutual Fund SIP,1920.0,UPI_AUTOPAY
I702310,2026-04-04,ELSS SIP,Mutual Fund SIP,8340.0,UPI_AUTOPAY
I702311,2026-04-04,ELSS SIP,Mutual Fund SIP,6230.0,UPI_AUTOPAY
I702312,2026-04-04,Debt Fund SIP,Mutual Fund SIP,8790.0,UPI_AUTOPAY
I702313,2026-04-04,Debt Fund SIP,Mutual Fund SIP,5200.0,UPI_AUTOPAY
I702314,2026-04-04,Demat top-up,One-time Investment,22700.0,UPI_APP
I702315,2026-04-04,Small Cap Fund SIP,Mutual Fund SIP,9240.0,UPI_AUTOPAY
I702316,2026-04-04,Flexi Cap Fund SIP,Mutual Fund SIP,1370.0,UPI_AUTOPAY
I702317,2026-04-04,Debt Fund SIP,Mutual Fund SIP,25720.0,UPI_AUTOPAY
I702318,2026-04-04,Small Cap Fund SIP,Mutual Fund SIP,1010.0,UPI_AUTOPAY
I702319,2026-04-04,ELSS SIP,Mutual Fund SIP,13130.0,UPI_AUTOPAY
I702320,2026-04-05,Flexi Cap Fund SIP,Mutual Fund SIP,4760.0,UPI_AUTOPAY
I702321,2026-04-05,Index Fund SIP,Mutual Fund SIP,7420.0,UPI_AUTOPAY
I702322,2026-04-05,Index Fund SIP,Mutual Fund SIP,11680.0,UPI_AUTOPAY
I702323,2026-04-05,Debt Fund SIP,Mutual Fund SIP,10270.0,UPI_AUTOPAY
I702324,2026-04-05,Index Fund SIP,Mutual Fund SIP,9230.0,UPI_AUTOPAY
I702325,2026-04-05,Index Fund SIP,Mutual Fund SIP,4130.0,UPI_AUTOPAY
I702326,2026-04-05,Small Cap Fund SIP,Mutual Fund SIP,23500.0,UPI_AUTOPAY
I702327,2026-04-05,Index Fund SIP,Mutual Fund SIP,7050.0,UPI_AUTOPAY
I702328,2026-04-05,Flexi Cap Fund SIP,Mutual Fund SIP,5230.0,UPI_AUTOPAY
I702329,2026-04-05,ELSS SIP,Mutual Fund SIP,1320.0,UPI_AUTOPAY
I702330,2026-04-05,Debt Fund SIP,Mutual Fund SIP,4110.0,UPI_AUTOPAY
I702331,2026-04-05,Debt Fund SIP,Mutual Fund SIP,4140.0,UPI_AUTOPAY
I702332,2026-04-05,Index Fund SIP,Mutual Fund SIP,3010.0,UPI_AUTOPAY
I702333,2026-04-05,ELSS SIP,Mutual Fund SIP,13220.0,UPI_AUTOPAY
I702334,2026-04-05,Small Cap Fund SIP,Mutual Fund SIP,4530.0,UPI_AUTOPAY
I702335,2026-04-06,Broker wallet top-up,One-time Investment,12100.0,UPI_APP
I702336,2026-04-06,Debt Fund SIP,Mutual Fund SIP,9390.0,UPI_AUTOPAY
I702337,2026-04-06,Flexi Cap Fund SIP,Mutual Fund SIP,7840.0,UPI_AUTOPAY
I702338,2026-04-06,Small Cap Fund SIP,Mutual Fund SIP,4250.0,UPI_AUTOPAY
I702339,2026-04-06,Index Fund SIP,Mutual Fund SIP,6740.0,UPI_AUTOPAY
I702340,2026-04-06,Debt Fund SIP,Mutual Fund SIP,3310.0,UPI_AUTOPAY
I702341,2026-04-06,Index Fund SIP,Mutual Fund SIP,4400.0,UPI_AUTOPAY
I702342,2026-04-07,Broker wallet top-up,One-time Investment,15600.0,UPI_APP
I702343,2026-04-07,Debt Fund SIP,Mutual Fund SIP,3520.0,UPI_AUTOPAY
I702344,2026-04-07,Flexi Cap Fund SIP,Mutual Fund SIP,3130.0,UPI_AUTOPAY
I702345,2026-04-07,One-time fund purchase,One-time Investment,53200.0,UPI_APP
I702346,2026-04-07,ELSS SIP,Mutual Fund SIP,5450.0,UPI_AUTOPAY
I702347,2026-04-07,ELSS SIP,Mutual Fund SIP,2430.0,UPI_AUTOPAY
I702348,2026-04-07,Index Fund SIP,Mutual Fund SIP,1730.0,UPI_AUTOPAY
I702349,2026-04-07,Flexi Cap Fund SIP,Mutual Fund SIP,2850.0,UPI_AUTOPAY
I702350,2026-04-07,Index Fund SIP,Mutual Fund SIP,2720.0,UPI_AUTOPAY
I702351,2026-04-08,Flexi Cap Fund SIP,Mutual Fund SIP,4810.0,UPI_AUTOPAY
I702352,2026-04-08,Index Fund SIP,Mutual Fund SIP,3710.0,UPI_AUTOPAY
I702353,2026-04-08,Index Fund SIP,Mutual Fund SIP,6920.0,UPI_AUTOPAY
I702354,2026-04-08,Debt Fund SIP,Mutual Fund SIP,10390.0,UPI_AUTOPAY
I702355,2026-04-08,Flexi Cap Fund SIP,Mutual Fund SIP,4140.0,UPI_AUTOPAY
I702356,2026-04-08,Flexi Cap Fund SIP,Mutual Fund SIP,9890.0,UPI_AUTOPAY
I702357,2026-04-08,Flexi Cap Fund SIP,Mutual Fund SIP,3240.0,UPI_AUTOPAY
I702358,2026-04-08,IPO application,One-time Investment,10400.0,UPI_APP
I702359,2026-04-08,ELSS SIP,Mutual Fund SIP,10480.0,UPI_AUTOPAY
I702360,2026-04-08,Debt Fund SIP,Mutual Fund SIP,2470.0,UPI_AUTOPAY
I702361,2026-04-08,Flexi Cap Fund SIP,Mutual Fund SIP,8200.0,UPI_AUTOPAY
I702362,2026-04-08,Small Cap Fund SIP,Mutual Fund SIP,7710.0,UPI_AUTOPAY
I702363,2026-04-09,Small Cap Fund SIP,Mutual Fund SIP,4870.0,UPI_AUTOPAY
I702364,2026-04-09,Debt Fund SIP,Mutual Fund SIP,6520.0,UPI_AUTOPAY
I702365,2026-04-09,Flexi Cap Fund SIP,Mutual Fund SIP,5170.0,UPI_AUTOPAY
I702366,2026-04-09,Debt Fund SIP,Mutual Fund SIP,4420.0,UPI_AUTOPAY
I702367,2026-04-09,Broker wallet top-up,One-time Investment,31200.0,UPI_QR
I702368,2026-04-09,Flexi Cap Fund SIP,Mutual Fund SIP,2590.0,UPI_AUTOPAY
I702369,2026-04-09,Debt Fund SIP,Mutual Fund SIP,20050.0,UPI_AUTOPAY
I702370,2026-04-09,Debt Fund SIP,Mutual Fund SIP,4040.0,UPI_AUTOPAY
I702371,2026-04-10,Small Cap Fund SIP,Mutual Fund SIP,10910.0,UPI_AUTOPAY
I702372,2026-04-10,Small Cap Fund SIP,Mutual Fund SIP,6450.0,UPI_AUTOPAY
I702373,2026-04-10,Small Cap Fund SIP,Mutual Fund SIP,3680.0,UPI_AUTOPAY
I702374,2026-04-10,ELSS SIP,Mutual Fund SIP,9860.0,UPI_AUTOPAY
I702375,2026-04-10,Broker wallet top-up,One-time Investment,21000.0,UPI_APP
I702376,2026-04-10,ELSS SIP,Mutual Fund SIP,2140.0,UPI_AUTOPAY
I702377,2026-04-10,Index Fund SIP,Mutual Fund SIP,8200.0,UPI_AUTOPAY
I702378,2026-04-10,One-time fund purchase,One-time Investment,109700.0,UPI_APP
I702379,2026-04-11,Flexi Cap Fund SIP,Mutual Fund SIP,4860.0,UPI_AUTOPAY
I702380,2026-04-11,Flexi Cap Fund SIP,Mutual Fund SIP,31170.0,UPI_AUTOPAY
I702381,2026-04-11,Small Cap Fund SIP,Mutual Fund SIP,3590.0,UPI_AUTOPAY
I702382,2026-04-11,Index Fund SIP,Mutual Fund SIP,3710.0,UPI_AUTOPAY
I702383,2026-04-11,Small Cap Fund SIP,Mutual Fund SIP,3860.0,UPI_AUTOPAY
I702384,2026-04-11,Index Fund SIP,Mutual Fund SIP,3440.0,UPI_AUTOPAY
I702385,2026-04-11,ELSS SIP,Mutual Fund SIP,4230.0,UPI_AUTOPAY
I702386,2026-04-11,Small Cap Fund SIP,Mutual Fund SIP,2980.0,UPI_AUTOPAY
I702387,2026-04-11,Index Fund SIP,Mutual Fund SIP,3320.0,UPI_AUTOPAY
I702388,2026-04-11,ELSS SIP,Mutual Fund SIP,11700.0,UPI_AUTOPAY
I702389,2026-04-11,Debt Fund SIP,Mutual Fund SIP,2400.0,UPI_AUTOPAY
I702390,2026-04-11,Debt Fund SIP,Mutual Fund SIP,7130.0,UPI_AUTOPAY
I702391,2026-04-11,Debt Fund SIP,Mutual Fund SIP,14810.0,UPI_AUTOPAY
I702392,2026-04-11,Flexi Cap Fund SIP,Mutual Fund SIP,2540.0,UPI_AUTOPAY
I702393,2026-04-11,ELSS SIP,Mutual Fund SIP,9860.0,UPI_AUTOPAY
I702394,2026-04-12,Flexi Cap Fund SIP,Mutual Fund SIP,21610.0,UPI_AUTOPAY
I702395,2026-04-12,Flexi Cap Fund SIP,Mutual Fund SIP,6510.0,UPI_AUTOPAY
I702396,2026-04-12,ELSS SIP,Mutual Fund SIP,9550.0,UPI_AUTOPAY
I702397,2026-04-12,Flexi Cap Fund SIP,Mutual Fund SIP,2020.0,UPI_AUTOPAY
I702398,2026-04-12,Index Fund SIP,Mutual Fund SIP,2370.0,UPI_AUTOPAY
I702399,2026-04-12,Flexi Cap Fund SIP,Mutual Fund SIP,5380.0,UPI_AUTOPAY
I702400,2026-04-12,Debt Fund SIP,Mutual Fund SIP,8020.0,UPI_AUTOPAY
I702401,2026-04-12,ELSS SIP,Mutual Fund SIP,2850.0,UPI_AUTOPAY
I702402,2026-04-12,One-time fund purchase,One-time Investment,10200.0,UPI_APP
I702403,2026-04-12,ELSS SIP,Mutual Fund SIP,2880.0,UPI_AUTOPAY
I702404,2026-04-12,Index Fund SIP,Mutual Fund SIP,5630.0,UPI_AUTOPAY
I702405,2026-04-12,Small Cap Fund SIP,Mutual Fund SIP,6030.0,UPI_AUTOPAY
I702406,2026-04-12,Debt Fund SIP,Mutual Fund SIP,6530.0,UPI_AUTOPAY
I702407,2026-04-12,Flexi Cap Fund SIP,Mutual Fund SIP,2490.0,UPI_AUTOPAY
I702408,2026-04-12,Small Cap Fund SIP,Mutual Fund SIP,1250.0,UPI_AUTOPAY
I702409,2026-04-12,Small Cap Fund SIP,Mutual Fund SIP,11340.0,UPI_AUTOPAY
I702410,2026-04-12,ELSS SIP,Mutual Fund SIP,4480.0,UPI_AUTOPAY
I702411,2026-04-12,ELSS SIP,Mutual Fund SIP,7020.0,UPI_AUTOPAY
I702412,2026-04-12,Flexi Cap Fund SIP,Mutual Fund SIP,4470.0,UPI_AUTOPAY
I702413,2026-04-12,Debt Fund SIP,Mutual Fund SIP,4190.0,UPI_AUTOPAY
I702414,2026-04-12,ELSS SIP,Mutual Fund SIP,2090.0,UPI_AUTOPAY
I702415,2026-04-13,Small Cap Fund SIP,Mutual Fund SIP,2980.0,UPI_AUTOPAY
I702416,2026-04-13,Index Fund SIP,Mutual Fund SIP,6860.0,UPI_AUTOPAY
I702417,2026-04-13,ELSS SIP,Mutual Fund SIP,6070.0,UPI_AUTOPAY
I702418,2026-04-13,ELSS SIP,Mutual Fund SIP,7170.0,UPI_AUTOPAY
I702419,2026-04-13,Flexi Cap Fund SIP,Mutual Fund SIP,5760.0,UPI_AUTOPAY
I702420,2026-04-13,Debt Fund SIP,Mutual Fund SIP,5930.0,UPI_AUTOPAY
I702421,2026-04-13,One-time fund purchase,One-time Investment,13300.0,UPI_QR
I702422,2026-04-13,Index Fund SIP,Mutual Fund SIP,7630.0,UPI_AUTOPAY
I702423,2026-04-14,Index Fund SIP,Mutual Fund SIP,3640.0,UPI_AUTOPAY
I702424,2026-04-14,Index Fund SIP,Mutual Fund SIP,2190.0,UPI_AUTOPAY
I702425,2026-04-14,ELSS SIP,Mutual Fund SIP,5630.0,UPI_AUTOPAY
I702426,2026-04-14,ELSS SIP,Mutual Fund SIP,5490.0,UPI_AUTOPAY
I702427,2026-04-14,Debt Fund SIP,Mutual Fund SIP,5830.0,UPI_AUTOPAY
I702428,2026-04-14,Debt Fund SIP,Mutual Fund SIP,6250.0,UPI_AUTOPAY
I702429,2026-04-14,Small Cap Fund SIP,Mutual Fund SIP,5910.0,UPI_AUTOPAY
I702430,2026-04-14,Flexi Cap Fund SIP,Mutual Fund SIP,2870.0,UPI_AUTOPAY
I702431,2026-04-14,Debt Fund SIP,Mutual Fund SIP,3470.0,UPI_AUTOPAY
I702432,2026-04-14,ELSS SIP,Mutual Fund SIP,22600.0,UPI_AUTOPAY
I702433,2026-04-14,Flexi Cap Fund SIP,Mutual Fund SIP,4570.0,UPI_AUTOPAY
I702434,2026-04-14,Debt Fund SIP,Mutual Fund SIP,1730.0,UPI_AUTOPAY
I702435,2026-04-14,Small Cap Fund SIP,Mutual Fund SIP,3200.0,UPI_AUTOPAY
I702436,2026-04-14,Flexi Cap Fund SIP,Mutual Fund SIP,1420.0,UPI_AUTOPAY
I702437,2026-04-15,Index Fund SIP,Mutual Fund SIP,5350.0,UPI_AUTOPAY
I702438,2026-04-15,Flexi Cap Fund SIP,Mutual Fund SIP,6690.0,UPI_AUTOPAY
I702439,2026-04-15,Debt Fund SIP,Mutual Fund SIP,4130.0,UPI_AUTOPAY
I702440,2026-04-15,Index Fund SIP,Mutual Fund SIP,2620.0,UPI_AUTOPAY
I702441,2026-04-15,ELSS SIP,Mutual Fund SIP,1810.0,UPI_AUTOPAY
I702442,2026-04-15,ELSS SIP,Mutual Fund SIP,10620.0,UPI_AUTOPAY
I702443,2026-04-15,Index Fund SIP,Mutual Fund SIP,7320.0,UPI_AUTOPAY
I702444,2026-04-15,Flexi Cap Fund SIP,Mutual Fund SIP,2900.0,UPI_AUTOPAY
I702445,2026-04-16,Demat top-up,One-time Investment,14300.0,UPI_APP
I702446,2026-04-16,Broker wallet top-up,One-time Investment,10400.0,UPI_QR
I702447,2026-04-16,ELSS SIP,Mutual Fund SIP,4100.0,UPI_AUTOPAY
I702448,2026-04-16,Flexi Cap Fund SIP,Mutual Fund SIP,3980.0,UPI_AUTOPAY
I702449,2026-04-16,Index Fund SIP,Mutual Fund SIP,2700.0,UPI_AUTOPAY
I702450,2026-04-16,ELSS SIP,Mutual Fund SIP,3840.0,UPI_AUTOPAY
I702451,2026-04-16,Debt Fund SIP,Mutual Fund SIP,3360.0,UPI_AUTOPAY
I702452,2026-04-16,Flexi Cap Fund SIP,Mutual Fund SIP,1400.0,UPI_AUTOPAY
I702453,2026-04-16,Flexi Cap Fund SIP,Mutual Fund SIP,2180.0,UPI_AUTOPAY
I702454,2026-04-17,Index Fund SIP,Mutual Fund SIP,4380.0,UPI_AUTOPAY
I702455,2026-04-17,Flexi Cap Fund SIP,Mutual Fund SIP,3340.0,UPI_AUTOPAY
I702456,2026-04-17,Small Cap Fund SIP,Mutual Fund SIP,8690.0,UPI_AUTOPAY
I702457,2026-04-17,Small Cap Fund SIP,Mutual Fund SIP,4820.0,UPI_AUTOPAY
I702458,2026-04-17,Small Cap Fund SIP,Mutual Fund SIP,8730.0,UPI_AUTOPAY
I702459,2026-04-17,Flexi Cap Fund SIP,Mutual Fund SIP,8460.0,UPI_AUTOPAY
I702460,2026-04-17,Small Cap Fund SIP,Mutual Fund SIP,6340.0,UPI_AUTOPAY
I702461,2026-04-17,Debt Fund SIP,Mutual Fund SIP,4450.0,UPI_AUTOPAY
I702462,2026-04-18,ELSS SIP,Mutual Fund SIP,4290.0,UPI_AUTOPAY
I702463,2026-04-18,Index Fund SIP,Mutual Fund SIP,4700.0,UPI_AUTOPAY
I702464,2026-04-18,Index Fund SIP,Mutual Fund SIP,3950.0,UPI_AUTOPAY
I702465,2026-04-18,Index Fund SIP,Mutual Fund SIP,8150.0,UPI_AUTOPAY
I702466,2026-04-18,Broker wallet top-up,One-time Investment,14000.0,UPI_APP
I702467,2026-04-18,One-time fund purchase,One-time Investment,18600.0,UPI_QR
I702468,2026-04-18,Flexi Cap Fund SIP,Mutual Fund SIP,1780.0,UPI_AUTOPAY
I702469,2026-04-18,One-time fund purchase,One-time Investment,105300.0,UPI_APP
I702470,2026-04-18,Index Fund SIP,Mutual Fund SIP,8040.0,UPI_AUTOPAY
I702471,2026-04-18,Flexi Cap Fund SIP,Mutual Fund SIP,7370.0,UPI_AUTOPAY
I702472,2026-04-18,Index Fund SIP,Mutual Fund SIP,4040.0,UPI_AUTOPAY
I702473,2026-04-18,Flexi Cap Fund SIP,Mutual Fund SIP,3660.0,UPI_AUTOPAY
I702474,2026-04-18,ELSS SIP,Mutual Fund SIP,5350.0,UPI_AUTOPAY
I702475,2026-04-18,Small Cap Fund SIP,Mutual Fund SIP,2450.0,UPI_AUTOPAY
I702476,2026-04-18,Index Fund SIP,Mutual Fund SIP,1020.0,UPI_AUTOPAY
I702477,2026-04-18,Index Fund SIP,Mutual Fund SIP,9850.0,UPI_AUTOPAY
I702478,2026-04-18,Small Cap Fund SIP,Mutual Fund SIP,5690.0,UPI_AUTOPAY
I702479,2026-04-18,Debt Fund SIP,Mutual Fund SIP,3760.0,UPI_AUTOPAY
I702480,2026-04-18,Debt Fund SIP,Mutual Fund SIP,3190.0,UPI_AUTOPAY
I702481,2026-04-19,ELSS SIP,Mutual Fund SIP,2520.0,UPI_AUTOPAY
I702482,2026-04-19,Debt Fund SIP,Mutual Fund SIP,3650.0,UPI_AUTOPAY
I702483,2026-04-19,ELSS SIP,Mutual Fund SIP,3070.0,UPI_AUTOPAY
I702484,2026-04-19,Debt Fund SIP,Mutual Fund SIP,5130.0,UPI_AUTOPAY
I702485,2026-04-19,Debt Fund SIP,Mutual Fund SIP,5170.0,UPI_AUTOPAY
I702486,2026-04-19,Small Cap Fund SIP,Mutual Fund SIP,4730.0,UPI_AUTOPAY
I702487,2026-04-19,Small Cap Fund SIP,Mutual Fund SIP,5340.0,UPI_AUTOPAY
I702488,2026-04-19,ELSS SIP,Mutual Fund SIP,5750.0,UPI_AUTOPAY
I702489,2026-04-19,ELSS SIP,Mutual Fund SIP,2790.0,UPI_AUTOPAY
I702490,2026-04-19,Flexi Cap Fund SIP,Mutual Fund SIP,2740.0,UPI_AUTOPAY
I702491,2026-04-19,Flexi Cap Fund SIP,Mutual Fund SIP,5330.0,UPI_AUTOPAY
I702492,2026-04-19,Flexi Cap Fund SIP,Mutual Fund SIP,7110.0,UPI_AUTOPAY
I702493,2026-04-20,Debt Fund SIP,Mutual Fund SIP,6860.0,UPI_AUTOPAY
I702494,2026-04-20,Debt Fund SIP,Mutual Fund SIP,3600.0,UPI_AUTOPAY
I702495,2026-04-20,Debt Fund SIP,Mutual Fund SIP,4350.0,UPI_AUTOPAY
I702496,2026-04-20,Flexi Cap Fund SIP,Mutual Fund SIP,5960.0,UPI_AUTOPAY
I702497,2026-04-20,Index Fund SIP,Mutual Fund SIP,4810.0,UPI_AUTOPAY
I702498,2026-04-20,Debt Fund SIP,Mutual Fund SIP,18920.0,UPI_AUTOPAY
I702499,2026-04-21,ELSS SIP,Mutual Fund SIP,12160.0,UPI_AUTOPAY
I702500,2026-04-21,Debt Fund SIP,Mutual Fund SIP,4270.0,UPI_AUTOPAY
I702501,2026-04-21,Debt Fund SIP,Mutual Fund SIP,4770.0,UPI_AUTOPAY
I702502,2026-04-21,Small Cap Fund SIP,Mutual Fund SIP,6100.0,UPI_AUTOPAY
I702503,2026-04-21,Debt Fund SIP,Mutual Fund SIP,3850.0,UPI_AUTOPAY
I702504,2026-04-21,Flexi Cap Fund SIP,Mutual Fund SIP,3920.0,UPI_AUTOPAY
I702505,2026-04-21,Index Fund SIP,Mutual Fund SIP,18260.0,UPI_AUTOPAY
I702506,2026-04-21,Debt Fund SIP,Mutual Fund SIP,1220.0,UPI_AUTOPAY
I702507,2026-04-21,Debt Fund SIP,Mutual Fund SIP,6530.0,UPI_AUTOPAY
I702508,2026-04-21,Flexi Cap Fund SIP,Mutual Fund SIP,9580.0,UPI_AUTOPAY
I702509,2026-04-21,ELSS SIP,Mutual Fund SIP,4510.0,UPI_AUTOPAY
I702510,2026-04-21,Debt Fund SIP,Mutual Fund SIP,4230.0,UPI_AUTOPAY
I702511,2026-04-21,Flexi Cap Fund SIP,Mutual Fund SIP,9020.0,UPI_AUTOPAY
I702512,2026-04-21,Debt Fund SIP,Mutual Fund SIP,6930.0,UPI_AUTOPAY
I702513,2026-04-21,ELSS SIP,Mutual Fund SIP,3090.0,UPI_AUTOPAY
I702514,2026-04-21,Debt Fund SIP,Mutual Fund SIP,2730.0,UPI_AUTOPAY
I702515,2026-04-21,ELSS SIP,Mutual Fund SIP,11290.0,UPI_AUTOPAY
I702516,2026-04-22,Debt Fund SIP,Mutual Fund SIP,3880.0,UPI_AUTOPAY
I702517,2026-04-22,Debt Fund SIP,Mutual Fund SIP,6050.0,UPI_AUTOPAY
I702518,2026-04-22,Debt Fund SIP,Mutual Fund SIP,6870.0,UPI_AUTOPAY
I702519,2026-04-22,Small Cap Fund SIP,Mutual Fund SIP,17400.0,UPI_AUTOPAY
I702520,2026-04-22,Debt Fund SIP,Mutual Fund SIP,3640.0,UPI_AUTOPAY
I702521,2026-04-22,Debt Fund SIP,Mutual Fund SIP,6680.0,UPI_AUTOPAY
I702522,2026-04-22,Flexi Cap Fund SIP,Mutual Fund SIP,4730.0,UPI_AUTOPAY
I702523,2026-04-22,ELSS SIP,Mutual Fund SIP,3230.0,UPI_AUTOPAY
I702524,2026-04-22,Flexi Cap Fund SIP,Mutual Fund SIP,5260.0,UPI_AUTOPAY
I702525,2026-04-22,ELSS SIP,Mutual Fund SIP,2270.0,UPI_AUTOPAY
I702526,2026-04-22,Flexi Cap Fund SIP,Mutual Fund SIP,5440.0,UPI_AUTOPAY
I702527,2026-04-23,Debt Fund SIP,Mutual Fund SIP,6550.0,UPI_AUTOPAY
I702528,2026-04-23,One-time fund purchase,One-time Investment,6600.0,UPI_APP
I702529,2026-04-23,Flexi Cap Fund SIP,Mutual Fund SIP,2510.0,UPI_AUTOPAY
I702530,2026-04-23,Index Fund SIP,Mutual Fund SIP,2650.0,UPI_AUTOPAY
I702531,2026-04-23,ELSS SIP,Mutual Fund SIP,7290.0,UPI_AUTOPAY
I702532,2026-04-23,Small Cap Fund SIP,Mutual Fund SIP,4170.0,UPI_AUTOPAY
I702533,2026-04-23,Small Cap Fund SIP,Mutual Fund SIP,18970.0,UPI_AUTOPAY
I702534,2026-04-23,Flexi Cap Fund SIP,Mutual Fund SIP,1870.0,UPI_AUTOPAY
I702535,2026-04-23,Small Cap Fund SIP,Mutual Fund SIP,3090.0,UPI_AUTOPAY
I702536,2026-04-24,Index Fund SIP,Mutual Fund SIP,9470.0,UPI_AUTOPAY
I702537,2026-04-24,Debt Fund SIP,Mutual Fund SIP,4220.0,UPI_AUTOPAY
I702538,2026-04-24,Flexi Cap Fund SIP,Mutual Fund SIP,8040.0,UPI_AUTOPAY
I702539,2026-04-24,Small Cap Fund SIP,Mutual Fund SIP,2610.0,UPI_AUTOPAY
I702540,2026-04-24,ELSS SIP,Mutual Fund SIP,3750.0,UPI_AUTOPAY
I702541,2026-04-24,Small Cap Fund SIP,Mutual Fund SIP,4660.0,UPI_AUTOPAY
I702542,2026-04-24,One-time fund purchase,One-time Investment,83900.0,UPI_APP
I702543,2026-04-24,Small Cap Fund SIP,Mutual Fund SIP,10840.0,UPI_AUTOPAY
I702544,2026-04-24,ELSS SIP,Mutual Fund SIP,3290.0,UPI_AUTOPAY
I702545,2026-04-24,One-time fund purchase,One-time Investment,8000.0,UPI_APP
I702546,2026-04-24,ELSS SIP,Mutual Fund SIP,8010.0,UPI_AUTOPAY
I702547,2026-04-24,Flexi Cap Fund SIP,Mutual Fund SIP,2080.0,UPI_AUTOPAY
I702548,2026-04-24,ELSS SIP,Mutual Fund SIP,5220.0,UPI_AUTOPAY
I702549,2026-04-24,Flexi Cap Fund SIP,Mutual Fund SIP,5760.0,UPI_AUTOPAY
I702550,2026-04-25,Index Fund SIP,Mutual Fund SIP,5090.0,UPI_AUTOPAY
I702551,2026-04-25,Small Cap Fund SIP,Mutual Fund SIP,5790.0,UPI_AUTOPAY
I702552,2026-04-25,Flexi Cap Fund SIP,Mutual Fund SIP,1690.0,UPI_AUTOPAY
I702553,2026-04-25,Small Cap Fund SIP,Mutual Fund SIP,1750.0,UPI_AUTOPAY
I702554,2026-04-25,IPO application,One-time Investment,24100.0,UPI_APP
I702555,2026-04-25,Small Cap Fund SIP,Mutual Fund SIP,4090.0,UPI_AUTOPAY
I702556,2026-04-25,Index Fund SIP,Mutual Fund SIP,6990.0,UPI_AUTOPAY
I702557,2026-04-25,Debt Fund SIP,Mutual Fund SIP,7670.0,UPI_AUTOPAY
I702558,2026-04-25,Debt Fund SIP,Mutual Fund SIP,15090.0,UPI_AUTOPAY
I702559,2026-04-25,Flexi Cap Fund SIP,Mutual Fund SIP,9400.0,UPI_AUTOPAY
I702560,2026-04-25,Flexi Cap Fund SIP,Mutual Fund SIP,2810.0,UPI_AUTOPAY
I702561,2026-04-25,Debt Fund SIP,Mutual Fund SIP,2750.0,UPI_AUTOPAY
I702562,2026-04-25,Broker wallet top-up,One-time Investment,17500.0,UPI_APP
I702563,2026-04-25,Index Fund SIP,Mutual Fund SIP,3730.0,UPI_AUTOPAY
I702564,2026-04-25,Flexi Cap Fund SIP,Mutual Fund SIP,5390.0,UPI_AUTOPAY
I702565,2026-04-25,IPO application,One-time Investment,6700.0,UPI_APP
I702566,2026-04-25,One-time fund purchase,One-time Investment,12800.0,UPI_APP
I702567,2026-04-25,ELSS SIP,Mutual Fund SIP,8350.0,UPI_AUTOPAY
I702568,2026-04-25,Flexi Cap Fund SIP,Mutual Fund SIP,18880.0,UPI_AUTOPAY
I702569,2026-04-26,Small Cap Fund SIP,Mutual Fund SIP,3880.0,UPI_AUTOPAY
I702570,2026-04-26,Flexi Cap Fund SIP,Mutual Fund SIP,1720.0,UPI_AUTOPAY
I702571,2026-04-26,Small Cap Fund SIP,Mutual Fund SIP,10550.0,UPI_AUTOPAY
I702572,2026-04-26,ELSS SIP,Mutual Fund SIP,4830.0,UPI_AUTOPAY
I702573,2026-04-26,ELSS SIP,Mutual Fund SIP,2600.0,UPI_AUTOPAY
I702574,2026-04-26,Flexi Cap Fund SIP,Mutual Fund SIP,1700.0,UPI_AUTOPAY
I702575,2026-04-26,ELSS SIP,Mutual Fund SIP,2680.0,UPI_AUTOPAY
I702576,2026-04-26,Index Fund SIP,Mutual Fund SIP,3140.0,UPI_AUTOPAY
I702577,2026-04-26,ELSS SIP,Mutual Fund SIP,9580.0,UPI_AUTOPAY
I702578,2026-04-26,ELSS SIP,Mutual Fund SIP,5140.0,UPI_AUTOPAY
I702579,2026-04-26,Small Cap Fund SIP,Mutual Fund SIP,2320.0,UPI_AUTOPAY
I702580,2026-04-26,Small Cap Fund SIP,Mutual Fund SIP,5780.0,UPI_AUTOPAY
I702581,2026-04-27,Flexi Cap Fund SIP,Mutual Fund SIP,6690.0,UPI_AUTOPAY
I702582,2026-04-27,Flexi Cap Fund SIP,Mutual Fund SIP,7350.0,UPI_AUTOPAY
I702583,2026-04-27,ELSS SIP,Mutual Fund SIP,2740.0,UPI_AUTOPAY
I702584,2026-04-27,Demat top-up,One-time Investment,47500.0,UPI_QR
I702585,2026-04-27,IPO application,One-time Investment,10700.0,UPI_APP
I702586,2026-04-27,Small Cap Fund SIP,Mutual Fund SIP,11000.0,UPI_AUTOPAY
I702587,2026-04-27,Flexi Cap Fund SIP,Mutual Fund SIP,6580.0,UPI_AUTOPAY
I702588,2026-04-27,Flexi Cap Fund SIP,Mutual Fund SIP,2410.0,UPI_AUTOPAY
I702589,2026-04-27,ELSS SIP,Mutual Fund SIP,2340.0,UPI_AUTOPAY
I702590,2026-04-27,Flexi Cap Fund SIP,Mutual Fund SIP,6620.0,UPI_AUTOPAY
I702591,2026-04-27,Flexi Cap Fund SIP,Mutual Fund SIP,3350.0,UPI_AUTOPAY
I702592,2026-04-27,Debt Fund SIP,Mutual Fund SIP,7500.0,UPI_AUTOPAY
I702593,2026-04-28,ELSS SIP,Mutual Fund SIP,5130.0,UPI_AUTOPAY
I702594,2026-04-28,Small Cap Fund SIP,Mutual Fund SIP,4130.0,UPI_AUTOPAY
I702595,2026-04-28,Flexi Cap Fund SIP,Mutual Fund SIP,3650.0,UPI_AUTOPAY
I702596,2026-04-28,Small Cap Fund SIP,Mutual Fund SIP,3960.0,UPI_AUTOPAY
I702597,2026-04-28,Index Fund SIP,Mutual Fund SIP,3790.0,UPI_AUTOPAY
I702598,2026-04-28,Flexi Cap Fund SIP,Mutual Fund SIP,3660.0,UPI_AUTOPAY
I702599,2026-04-29,ELSS SIP,Mutual Fund SIP,2000.0,UPI_AUTOPAY
I702600,2026-04-29,Debt Fund SIP,Mutual Fund SIP,11940.0,UPI_AUTOPAY
I702601,2026-04-29,Index Fund SIP,Mutual Fund SIP,16580.0,UPI_AUTOPAY
I702602,2026-04-29,Small Cap Fund SIP,Mutual Fund SIP,4490.0,UPI_AUTOPAY
I702603,2026-04-29,Index Fund SIP,Mutual Fund SIP,4650.0,UPI_AUTOPAY
I702604,2026-04-29,Index Fund SIP,Mutual Fund SIP,2110.0,UPI_AUTOPAY
I702605,2026-04-29,Small Cap Fund SIP,Mutual Fund SIP,4590.0,UPI_AUTOPAY
I702606,2026-04-29,Flexi Cap Fund SIP,Mutual Fund SIP,4350.0,UPI_AUTOPAY
I702607,2026-04-29,Small Cap Fund SIP,Mutual Fund SIP,990.0,UPI_AUTOPAY
I702608,2026-04-29,Demat top-up,One-time Investment,22000.0,UPI_APP
I702609,2026-04-29,Flexi Cap Fund SIP,Mutual Fund SIP,4770.0,UPI_AUTOPAY
I702610,2026-04-29,Small Cap Fund SIP,Mutual Fund SIP,11850.0,UPI_AUTOPAY
I702611,2026-04-29,Flexi Cap Fund SIP,Mutual Fund SIP,16480.0,UPI_AUTOPAY
I702612,2026-04-29,Flexi Cap Fund SIP,Mutual Fund SIP,6320.0,UPI_AUTOPAY
I702613,2026-04-30,One-time fund purchase,One-time Investment,16000.0,UPI_APP
I702614,2026-04-30,Debt Fund SIP,Mutual Fund SIP,3860.0,UPI_AUTOPAY
I702615,2026-04-30,Demat top-up,One-time Investment,28300.0,UPI_QR
I702616,2026-04-30,Flexi Cap Fund SIP,Mutual Fund SIP,7640.0,UPI_AUTOPAY
I702617,2026-04-30,Debt Fund SIP,Mutual Fund SIP,9850.0,UPI_AUTOPAY
I702618,2026-04-30,Small Cap Fund SIP,Mutual Fund SIP,3260.0,UPI_AUTOPAY
I702619,2026-04-30,Flexi Cap Fund SIP,Mutual Fund SIP,3750.0,UPI_AUTOPAY
I702620,2026-04-30,Debt Fund SIP,Mutual Fund SIP,15240.0,UPI_AUTOPAY
I702621,2026-04-30,Flexi Cap Fund SIP,Mutual Fund SIP,16780.0,UPI_AUTOPAY
I702622,2026-04-30,ELSS SIP,Mutual Fund SIP,4330.0,UPI_AUTOPAY
I702623,2026-04-30,Flexi Cap Fund SIP,Mutual Fund SIP,5260.0,UPI_AUTOPAY
I702624,2026-04-30,Debt Fund SIP,Mutual Fund SIP,14130.0,UPI_AUTOPAY
I702625,2026-04-30,Small Cap Fund SIP,Mutual Fund SIP,8680.0,UPI_AUTOPAY
I702626,2026-04-30,Debt Fund SIP,Mutual Fund SIP,2340.0,UPI_AUTOPAY
I702627,2026-04-30,Index Fund SIP,Mutual Fund SIP,7800.0,UPI_AUTOPAY
I702628,2026-04-30,Debt Fund SIP,Mutual Fund SIP,2060.0,UPI_AUTOPAY
I702629,2026-05-01,ELSS SIP,Mutual Fund SIP,1650.0,UPI_AUTOPAY
I702630,2026-05-01,Flexi Cap Fund SIP,Mutual Fund SIP,5940.0,UPI_AUTOPAY
I702631,2026-05-01,Small Cap Fund SIP,Mutual Fund SIP,3960.0,UPI_AUTOPAY
I702632,2026-05-01,Broker wallet top-up,One-time Investment,17900.0,UPI_APP
I702633,2026-05-01,Debt Fund SIP,Mutual Fund SIP,3000.0,UPI_AUTOPAY
I702634,2026-05-01,Small Cap Fund SIP,Mutual Fund SIP,5110.0,UPI_AUTOPAY
I702635,2026-05-01,Index Fund SIP,Mutual Fund SIP,3060.0,UPI_AUTOPAY
I702636,2026-05-01,Index Fund SIP,Mutual Fund SIP,1410.0,UPI_AUTOPAY
I702637,2026-05-01,ELSS SIP,Mutual Fund SIP,2290.0,UPI_AUTOPAY
I702638,2026-05-01,IPO application,One-time Investment,28900.0,UPI_APP
I702639,2026-05-01,Debt Fund SIP,Mutual Fund SIP,4890.0,UPI_AUTOPAY
I702640,2026-05-01,Debt Fund SIP,Mutual Fund SIP,5540.0,UPI_AUTOPAY
I702641,2026-05-01,Debt Fund SIP,Mutual Fund SIP,2210.0,UPI_AUTOPAY
I702642,2026-05-02,Debt Fund SIP,Mutual Fund SIP,4350.0,UPI_AUTOPAY
I702643,2026-05-02,Flexi Cap Fund SIP,Mutual Fund SIP,2070.0,UPI_AUTOPAY
I702644,2026-05-02,Index Fund SIP,Mutual Fund SIP,3920.0,UPI_AUTOPAY
I702645,2026-05-02,Debt Fund SIP,Mutual Fund SIP,2990.0,UPI_AUTOPAY
I702646,2026-05-02,Debt Fund SIP,Mutual Fund SIP,7260.0,UPI_AUTOPAY
I702647,2026-05-02,Index Fund SIP,Mutual Fund SIP,5520.0,UPI_AUTOPAY
I702648,2026-05-02,IPO application,One-time Investment,51500.0,UPI_APP
I702649,2026-05-02,Debt Fund SIP,Mutual Fund SIP,1040.0,UPI_AUTOPAY
I702650,2026-05-02,Flexi Cap Fund SIP,Mutual Fund SIP,2100.0,UPI_AUTOPAY
I702651,2026-05-02,Small Cap Fund SIP,Mutual Fund SIP,3730.0,UPI_AUTOPAY
I702652,2026-05-02,Flexi Cap Fund SIP,Mutual Fund SIP,3390.0,UPI_AUTOPAY
I702653,2026-05-02,Index Fund SIP,Mutual Fund SIP,6890.0,UPI_AUTOPAY
I702654,2026-05-02,Small Cap Fund SIP,Mutual Fund SIP,13590.0,UPI_AUTOPAY
I702655,2026-05-02,Debt Fund SIP,Mutual Fund SIP,8700.0,UPI_AUTOPAY
I702656,2026-05-02,Small Cap Fund SIP,Mutual Fund SIP,3970.0,UPI_AUTOPAY
I702657,2026-05-02,Small Cap Fund SIP,Mutual Fund SIP,4960.0,UPI_AUTOPAY
I702658,2026-05-03,Flexi Cap Fund SIP,Mutual Fund SIP,5070.0,UPI_AUTOPAY
I702659,2026-05-03,Flexi Cap Fund SIP,Mutual Fund SIP,5770.0,UPI_AUTOPAY
I702660,2026-05-03,Flexi Cap Fund SIP,Mutual Fund SIP,11590.0,UPI_AUTOPAY
I702661,2026-05-03,Small Cap Fund SIP,Mutual Fund SIP,3640.0,UPI_AUTOPAY
I702662,2026-05-03,Small Cap Fund SIP,Mutual Fund SIP,5790.0,UPI_AUTOPAY
I702663,2026-05-03,Small Cap Fund SIP,Mutual Fund SIP,8180.0,UPI_AUTOPAY
I702664,2026-05-03,Debt Fund SIP,Mutual Fund SIP,3260.0,UPI_AUTOPAY
I702665,2026-05-03,Index Fund SIP,Mutual Fund SIP,2860.0,UPI_AUTOPAY
I702666,2026-05-03,Demat top-up,One-time Investment,87700.0,UPI_APP
I702667,2026-05-03,Flexi Cap Fund SIP,Mutual Fund SIP,14760.0,UPI_AUTOPAY
I702668,2026-05-04,ELSS SIP,Mutual Fund SIP,7860.0,UPI_AUTOPAY
I702669,2026-05-04,IPO application,One-time Investment,7600.0,UPI_APP
I702670,2026-05-04,Small Cap Fund SIP,Mutual Fund SIP,1760.0,UPI_AUTOPAY
I702671,2026-05-04,Small Cap Fund SIP,Mutual Fund SIP,3740.0,UPI_AUTOPAY
I702672,2026-05-04,Debt Fund SIP,Mutual Fund SIP,5270.0,UPI_AUTOPAY
I702673,2026-05-04,Small Cap Fund SIP,Mutual Fund SIP,5180.0,UPI_AUTOPAY
I702674,2026-05-04,Debt Fund SIP,Mutual Fund SIP,3460.0,UPI_AUTOPAY
I702675,2026-05-04,ELSS SIP,Mutual Fund SIP,6520.0,UPI_AUTOPAY
I702676,2026-05-04,Debt Fund SIP,Mutual Fund SIP,9480.0,UPI_AUTOPAY
I702677,2026-05-04,Flexi Cap Fund SIP,Mutual Fund SIP,5160.0,UPI_AUTOPAY
I702678,2026-05-04,Debt Fund SIP,Mutual Fund SIP,3690.0,UPI_AUTOPAY
I702679,2026-05-04,Debt Fund SIP,Mutual Fund SIP,3630.0,UPI_AUTOPAY
I702680,2026-05-04,ELSS SIP,Mutual Fund SIP,7540.0,UPI_AUTOPAY
I702681,2026-05-05,Flexi Cap Fund SIP,Mutual Fund SIP,2600.0,UPI_AUTOPAY
I702682,2026-05-05,Small Cap Fund SIP,Mutual Fund SIP,2160.0,UPI_AUTOPAY
I702683,2026-05-05,ELSS SIP,Mutual Fund SIP,4220.0,UPI_AUTOPAY
I702684,2026-05-05,Index Fund SIP,Mutual Fund SIP,18970.0,UPI_AUTOPAY
I702685,2026-05-05,Flexi Cap Fund SIP,Mutual Fund SIP,4190.0,UPI_AUTOPAY
I702686,2026-05-05,Debt Fund SIP,Mutual Fund SIP,1970.0,UPI_AUTOPAY
I702687,2026-05-05,Flexi Cap Fund SIP,Mutual Fund SIP,1500.0,UPI_AUTOPAY
I702688,2026-05-05,Debt Fund SIP,Mutual Fund SIP,13500.0,UPI_AUTOPAY
I702689,2026-05-05,Demat top-up,One-time Investment,248900.0,UPI_APP
I702690,2026-05-05,Small Cap Fund SIP,Mutual Fund SIP,14170.0,UPI_AUTOPAY
I702691,2026-05-05,Index Fund SIP,Mutual Fund SIP,9800.0,UPI_AUTOPAY
I702692,2026-05-05,ELSS SIP,Mutual Fund SIP,6160.0,UPI_AUTOPAY
I702693,2026-05-06,ELSS SIP,Mutual Fund SIP,6890.0,UPI_AUTOPAY
I702694,2026-05-06,Index Fund SIP,Mutual Fund SIP,1980.0,UPI_AUTOPAY
I702695,2026-05-06,Broker wallet top-up,One-time Investment,54500.0,UPI_APP
I702696,2026-05-06,Debt Fund SIP,Mutual Fund SIP,6240.0,UPI_AUTOPAY
I702697,2026-05-06,ELSS SIP,Mutual Fund SIP,2380.0,UPI_AUTOPAY
I702698,2026-05-06,Debt Fund SIP,Mutual Fund SIP,5050.0,UPI_AUTOPAY
I702699,2026-05-06,Flexi Cap Fund SIP,Mutual Fund SIP,9150.0,UPI_AUTOPAY
I702700,2026-05-07,Debt Fund SIP,Mutual Fund SIP,5620.0,UPI_AUTOPAY
I702701,2026-05-07,Index Fund SIP,Mutual Fund SIP,2970.0,UPI_AUTOPAY
I702702,2026-05-07,Index Fund SIP,Mutual Fund SIP,7480.0,UPI_AUTOPAY
I702703,2026-05-07,Debt Fund SIP,Mutual Fund SIP,870.0,UPI_AUTOPAY
I702704,2026-05-07,Flexi Cap Fund SIP,Mutual Fund SIP,5930.0,UPI_AUTOPAY
I702705,2026-05-07,Small Cap Fund SIP,Mutual Fund SIP,2740.0,UPI_AUTOPAY
I702706,2026-05-07,ELSS SIP,Mutual Fund SIP,7430.0,UPI_AUTOPAY
I702707,2026-05-07,ELSS SIP,Mutual Fund SIP,3760.0,UPI_AUTOPAY
I702708,2026-05-07,Debt Fund SIP,Mutual Fund SIP,2910.0,UPI_AUTOPAY
I702709,2026-05-07,Flexi Cap Fund SIP,Mutual Fund SIP,2680.0,UPI_AUTOPAY
I702710,2026-05-07,ELSS SIP,Mutual Fund SIP,2680.0,UPI_AUTOPAY
I702711,2026-05-07,Flexi Cap Fund SIP,Mutual Fund SIP,4550.0,UPI_AUTOPAY
I702712,2026-05-08,Index Fund SIP,Mutual Fund SIP,3280.0,UPI_AUTOPAY
I702713,2026-05-08,ELSS SIP,Mutual Fund SIP,12540.0,UPI_AUTOPAY
I702714,2026-05-08,Debt Fund SIP,Mutual Fund SIP,18480.0,UPI_AUTOPAY
I702715,2026-05-08,Small Cap Fund SIP,Mutual Fund SIP,4650.0,UPI_AUTOPAY
I702716,2026-05-08,ELSS SIP,Mutual Fund SIP,5060.0,UPI_AUTOPAY
I702717,2026-05-08,Small Cap Fund SIP,Mutual Fund SIP,8370.0,UPI_AUTOPAY
I702718,2026-05-08,ELSS SIP,Mutual Fund SIP,7840.0,UPI_AUTOPAY
I702719,2026-05-08,Index Fund SIP,Mutual Fund SIP,9240.0,UPI_AUTOPAY
I702720,2026-05-08,Demat top-up,One-time Investment,24100.0,UPI_APP
I702721,2026-05-08,One-time fund purchase,One-time Investment,7300.0,UPI_APP
I702722,2026-05-08,ELSS SIP,Mutual Fund SIP,1080.0,UPI_AUTOPAY
I702723,2026-05-09,Index Fund SIP,Mutual Fund SIP,10020.0,UPI_AUTOPAY
I702724,2026-05-09,ELSS SIP,Mutual Fund SIP,2770.0,UPI_AUTOPAY
I702725,2026-05-09,ELSS SIP,Mutual Fund SIP,3400.0,UPI_AUTOPAY
I702726,2026-05-09,Debt Fund SIP,Mutual Fund SIP,7710.0,UPI_AUTOPAY
I702727,2026-05-09,Flexi Cap Fund SIP,Mutual Fund SIP,6330.0,UPI_AUTOPAY
I702728,2026-05-09,Flexi Cap Fund SIP,Mutual Fund SIP,10830.0,UPI_AUTOPAY
I702729,2026-05-09,Broker wallet top-up,One-time Investment,24000.0,UPI_APP
I702730,2026-05-09,Flexi Cap Fund SIP,Mutual Fund SIP,4250.0,UPI_AUTOPAY
I702731,2026-05-09,Small Cap Fund SIP,Mutual Fund SIP,5080.0,UPI_AUTOPAY
I702732,2026-05-09,ELSS SIP,Mutual Fund SIP,7850.0,UPI_AUTOPAY
I702733,2026-05-09,Small Cap Fund SIP,Mutual Fund SIP,7020.0,UPI_AUTOPAY
I702734,2026-05-09,Demat top-up,One-time Investment,44500.0,UPI_APP
I702735,2026-05-09,Index Fund SIP,Mutual Fund SIP,8200.0,UPI_AUTOPAY
I702736,2026-05-09,Index Fund SIP,Mutual Fund SIP,6830.0,UPI_AUTOPAY
I702737,2026-05-10,Flexi Cap Fund SIP,Mutual Fund SIP,4970.0,UPI_AUTOPAY
I702738,2026-05-10,Debt Fund SIP,Mutual Fund SIP,3180.0,UPI_AUTOPAY
I702739,2026-05-10,Flexi Cap Fund SIP,Mutual Fund SIP,8220.0,UPI_AUTOPAY
I702740,2026-05-10,ELSS SIP,Mutual Fund SIP,7260.0,UPI_AUTOPAY
I702741,2026-05-10,Flexi Cap Fund SIP,Mutual Fund SIP,3580.0,UPI_AUTOPAY
I702742,2026-05-10,One-time fund purchase,One-time Investment,14200.0,UPI_APP
I702743,2026-05-10,Small Cap Fund SIP,Mutual Fund SIP,6050.0,UPI_AUTOPAY
I702744,2026-05-10,Index Fund SIP,Mutual Fund SIP,4750.0,UPI_AUTOPAY
I702745,2026-05-10,Small Cap Fund SIP,Mutual Fund SIP,2350.0,UPI_AUTOPAY
I702746,2026-05-10,ELSS SIP,Mutual Fund SIP,5310.0,UPI_AUTOPAY
I702747,2026-05-10,Debt Fund SIP,Mutual Fund SIP,4840.0,UPI_AUTOPAY
I702748,2026-05-10,Debt Fund SIP,Mutual Fund SIP,2660.0,UPI_AUTOPAY
I702749,2026-05-10,Debt Fund SIP,Mutual Fund SIP,11530.0,UPI_AUTOPAY
I702750,2026-05-11,Index Fund SIP,Mutual Fund SIP,3670.0,UPI_AUTOPAY
I702751,2026-05-11,Small Cap Fund SIP,Mutual Fund SIP,8310.0,UPI_AUTOPAY
I702752,2026-05-11,Flexi Cap Fund SIP,Mutual Fund SIP,5030.0,UPI_AUTOPAY
I702753,2026-05-11,Index Fund SIP,Mutual Fund SIP,4150.0,UPI_AUTOPAY
I702754,2026-05-11,Demat top-up,One-time Investment,100500.0,UPI_APP
I702755,2026-05-11,Index Fund SIP,Mutual Fund SIP,4520.0,UPI_AUTOPAY
I702756,2026-05-11,Index Fund SIP,Mutual Fund SIP,2130.0,UPI_AUTOPAY
I702757,2026-05-11,Debt Fund SIP,Mutual Fund SIP,4240.0,UPI_AUTOPAY
I702758,2026-05-12,ELSS SIP,Mutual Fund SIP,7270.0,UPI_AUTOPAY
I702759,2026-05-12,Demat top-up,One-time Investment,20700.0,UPI_APP
I702760,2026-05-12,Index Fund SIP,Mutual Fund SIP,3500.0,UPI_AUTOPAY
I702761,2026-05-12,Flexi Cap Fund SIP,Mutual Fund SIP,3850.0,UPI_AUTOPAY
I702762,2026-05-12,ELSS SIP,Mutual Fund SIP,2390.0,UPI_AUTOPAY
I702763,2026-05-12,Flexi Cap Fund SIP,Mutual Fund SIP,11900.0,UPI_AUTOPAY
I702764,2026-05-12,Small Cap Fund SIP,Mutual Fund SIP,9450.0,UPI_AUTOPAY
I702765,2026-05-12,ELSS SIP,Mutual Fund SIP,4010.0,UPI_AUTOPAY
I702766,2026-05-12,Index Fund SIP,Mutual Fund SIP,2490.0,UPI_AUTOPAY
I702767,2026-05-12,Flexi Cap Fund SIP,Mutual Fund SIP,8770.0,UPI_AUTOPAY
I702768,2026-05-12,Demat top-up,One-time Investment,7100.0,UPI_APP
I702769,2026-05-12,Index Fund SIP,Mutual Fund SIP,8900.0,UPI_AUTOPAY
I702770,2026-05-12,Flexi Cap Fund SIP,Mutual Fund SIP,10820.0,UPI_AUTOPAY
I702771,2026-05-12,Debt Fund SIP,Mutual Fund SIP,6380.0,UPI_AUTOPAY
I702772,2026-05-12,Broker wallet top-up,One-time Investment,71800.0,UPI_APP
I702773,2026-05-12,Debt Fund SIP,Mutual Fund SIP,3530.0,UPI_AUTOPAY
I702774,2026-05-13,Debt Fund SIP,Mutual Fund SIP,8950.0,UPI_AUTOPAY
I702775,2026-05-13,Index Fund SIP,Mutual Fund SIP,4230.0,UPI_AUTOPAY
I702776,2026-05-13,Small Cap Fund SIP,Mutual Fund SIP,3430.0,UPI_AUTOPAY
I702777,2026-05-13,Broker wallet top-up,One-time Investment,26700.0,UPI_APP
I702778,2026-05-13,ELSS SIP,Mutual Fund SIP,6280.0,UPI_AUTOPAY
I702779,2026-05-13,Debt Fund SIP,Mutual Fund SIP,7470.0,UPI_AUTOPAY
I702780,2026-05-13,Debt Fund SIP,Mutual Fund SIP,2710.0,UPI_AUTOPAY
I702781,2026-05-14,ELSS SIP,Mutual Fund SIP,4280.0,UPI_AUTOPAY
I702782,2026-05-14,Index Fund SIP,Mutual Fund SIP,5180.0,UPI_AUTOPAY
I702783,2026-05-14,Index Fund SIP,Mutual Fund SIP,2780.0,UPI_AUTOPAY
I702784,2026-05-14,Debt Fund SIP,Mutual Fund SIP,5620.0,UPI_AUTOPAY
I702785,2026-05-14,Flexi Cap Fund SIP,Mutual Fund SIP,7160.0,UPI_AUTOPAY
I702786,2026-05-14,Debt Fund SIP,Mutual Fund SIP,6100.0,UPI_AUTOPAY
I702787,2026-05-15,Flexi Cap Fund SIP,Mutual Fund SIP,1940.0,UPI_AUTOPAY
I702788,2026-05-15,Debt Fund SIP,Mutual Fund SIP,3150.0,UPI_AUTOPAY
I702789,2026-05-15,ELSS SIP,Mutual Fund SIP,5530.0,UPI_AUTOPAY
I702790,2026-05-15,ELSS SIP,Mutual Fund SIP,2470.0,UPI_AUTOPAY
I702791,2026-05-15,Index Fund SIP,Mutual Fund SIP,4060.0,UPI_AUTOPAY
I702792,2026-05-15,One-time fund purchase,One-time Investment,132900.0,UPI_APP
I702793,2026-05-15,Debt Fund SIP,Mutual Fund SIP,9740.0,UPI_AUTOPAY
I702794,2026-05-16,ELSS SIP,Mutual Fund SIP,4260.0,UPI_AUTOPAY
I702795,2026-05-16,Debt Fund SIP,Mutual Fund SIP,3040.0,UPI_AUTOPAY
I702796,2026-05-16,Debt Fund SIP,Mutual Fund SIP,11800.0,UPI_AUTOPAY
I702797,2026-05-16,Debt Fund SIP,Mutual Fund SIP,4630.0,UPI_AUTOPAY
I702798,2026-05-16,Flexi Cap Fund SIP,Mutual Fund SIP,7230.0,UPI_AUTOPAY
I702799,2026-05-16,Index Fund SIP,Mutual Fund SIP,2810.0,UPI_AUTOPAY
I702800,2026-05-16,Demat top-up,One-time Investment,31300.0,UPI_APP
I702801,2026-05-16,Index Fund SIP,Mutual Fund SIP,8810.0,UPI_AUTOPAY
I702802,2026-05-16,Demat top-up,One-time Investment,6000.0,UPI_APP
I702803,2026-05-16,Index Fund SIP,Mutual Fund SIP,6510.0,UPI_AUTOPAY
I702804,2026-05-16,Debt Fund SIP,Mutual Fund SIP,6190.0,UPI_AUTOPAY
I702805,2026-05-16,Small Cap Fund SIP,Mutual Fund SIP,2600.0,UPI_AUTOPAY
I702806,2026-05-16,Debt Fund SIP,Mutual Fund SIP,3130.0,UPI_AUTOPAY
I702807,2026-05-16,Broker wallet top-up,One-time Investment,22200.0,UPI_APP
I702808,2026-05-16,Small Cap Fund SIP,Mutual Fund SIP,9360.0,UPI_AUTOPAY
I702809,2026-05-17,Small Cap Fund SIP,Mutual Fund SIP,5000.0,UPI_AUTOPAY
I702810,2026-05-17,Debt Fund SIP,Mutual Fund SIP,6070.0,UPI_AUTOPAY
I702811,2026-05-17,IPO application,One-time Investment,4700.0,UPI_QR
I702812,2026-05-17,Index Fund SIP,Mutual Fund SIP,10840.0,UPI_AUTOPAY
I702813,2026-05-17,Flexi Cap Fund SIP,Mutual Fund SIP,12190.0,UPI_AUTOPAY
I702814,2026-05-17,Debt Fund SIP,Mutual Fund SIP,4950.0,UPI_AUTOPAY
I702815,2026-05-17,Small Cap Fund SIP,Mutual Fund SIP,6650.0,UPI_AUTOPAY
I702816,2026-05-17,ELSS SIP,Mutual Fund SIP,5850.0,UPI_AUTOPAY
I702817,2026-05-17,Index Fund SIP,Mutual Fund SIP,11420.0,UPI_AUTOPAY
I702818,2026-05-17,Flexi Cap Fund SIP,Mutual Fund SIP,9390.0,UPI_AUTOPAY
I702819,2026-05-17,Debt Fund SIP,Mutual Fund SIP,5030.0,UPI_AUTOPAY
I702820,2026-05-17,Demat top-up,One-time Investment,5900.0,UPI_APP
I702821,2026-05-17,Small Cap Fund SIP,Mutual Fund SIP,4650.0,UPI_AUTOPAY
I702822,2026-05-18,ELSS SIP,Mutual Fund SIP,5050.0,UPI_AUTOPAY
I702823,2026-05-18,Small Cap Fund SIP,Mutual Fund SIP,3230.0,UPI_AUTOPAY
I702824,2026-05-18,One-time fund purchase,One-time Investment,36300.0,UPI_APP
I702825,2026-05-18,Debt Fund SIP,Mutual Fund SIP,5030.0,UPI_AUTOPAY
I702826,2026-05-18,Flexi Cap Fund SIP,Mutual Fund SIP,8670.0,UPI_AUTOPAY
I702827,2026-05-18,ELSS SIP,Mutual Fund SIP,14110.0,UPI_AUTOPAY
I702828,2026-05-18,Debt Fund SIP,Mutual Fund SIP,3300.0,UPI_AUTOPAY
I702829,2026-05-18,Debt Fund SIP,Mutual Fund SIP,29900.0,UPI_AUTOPAY
I702830,2026-05-18,Flexi Cap Fund SIP,Mutual Fund SIP,2580.0,UPI_AUTOPAY
I702831,2026-05-18,Broker wallet top-up,One-time Investment,385500.0,UPI_QR
I702832,2026-05-18,Flexi Cap Fund SIP,Mutual Fund SIP,3140.0,UPI_AUTOPAY
I702833,2026-05-18,One-time fund purchase,One-time Investment,37100.0,UPI_APP
I702834,2026-05-19,ELSS SIP,Mutual Fund SIP,7220.0,UPI_AUTOPAY
I702835,2026-05-19,ELSS SIP,Mutual Fund SIP,5030.0,UPI_AUTOPAY
I702836,2026-05-19,ELSS SIP,Mutual Fund SIP,3580.0,UPI_AUTOPAY
I702837,2026-05-19,Flexi Cap Fund SIP,Mutual Fund SIP,1930.0,UPI_AUTOPAY
I702838,2026-05-19,Flexi Cap Fund SIP,Mutual Fund SIP,7030.0,UPI_AUTOPAY
I702839,2026-05-19,Flexi Cap Fund SIP,Mutual Fund SIP,5990.0,UPI_AUTOPAY
I702840,2026-05-19,Small Cap Fund SIP,Mutual Fund SIP,6390.0,UPI_AUTOPAY
I702841,2026-05-19,Flexi Cap Fund SIP,Mutual Fund SIP,18150.0,UPI_AUTOPAY
I702842,2026-05-19,Debt Fund SIP,Mutual Fund SIP,7390.0,UPI_AUTOPAY
I702843,2026-05-19,Debt Fund SIP,Mutual Fund SIP,4500.0,UPI_AUTOPAY
I702844,2026-05-19,Index Fund SIP,Mutual Fund SIP,6300.0,UPI_AUTOPAY
I702845,2026-05-20,Debt Fund SIP,Mutual Fund SIP,3610.0,UPI_AUTOPAY
I702846,2026-05-20,Flexi Cap Fund SIP,Mutual Fund SIP,20300.0,UPI_AUTOPAY
I702847,2026-05-20,Flexi Cap Fund SIP,Mutual Fund SIP,4900.0,UPI_AUTOPAY
I702848,2026-05-20,Index Fund SIP,Mutual Fund SIP,11590.0,UPI_AUTOPAY
I702849,2026-05-20,Broker wallet top-up,One-time Investment,23800.0,UPI_APP
I702850,2026-05-20,ELSS SIP,Mutual Fund SIP,6460.0,UPI_AUTOPAY
I702851,2026-05-20,Debt Fund SIP,Mutual Fund SIP,5120.0,UPI_AUTOPAY
I702852,2026-05-20,IPO application,One-time Investment,24500.0,UPI_APP
I702853,2026-05-20,Small Cap Fund SIP,Mutual Fund SIP,12270.0,UPI_AUTOPAY
I702854,2026-05-20,Debt Fund SIP,Mutual Fund SIP,5380.0,UPI_AUTOPAY
I702855,2026-05-20,Index Fund SIP,Mutual Fund SIP,6000.0,UPI_AUTOPAY
I702856,2026-05-20,Small Cap Fund SIP,Mutual Fund SIP,2620.0,UPI_AUTOPAY
I702857,2026-05-20,ELSS SIP,Mutual Fund SIP,6660.0,UPI_AUTOPAY
I702858,2026-05-20,Index Fund SIP,Mutual Fund SIP,5210.0,UPI_AUTOPAY
I702859,2026-05-21,Small Cap Fund SIP,Mutual Fund SIP,11470.0,UPI_AUTOPAY
I702860,2026-05-21,Index Fund SIP,Mutual Fund SIP,4850.0,UPI_AUTOPAY
I702861,2026-05-21,Index Fund SIP,Mutual Fund SIP,1510.0,UPI_AUTOPAY
I702862,2026-05-21,Index Fund SIP,Mutual Fund SIP,15250.0,UPI_AUTOPAY
I702863,2026-05-21,Index Fund SIP,Mutual Fund SIP,4530.0,UPI_AUTOPAY
I702864,2026-05-21,Index Fund SIP,Mutual Fund SIP,4380.0,UPI_AUTOPAY
I702865,2026-05-21,Small Cap Fund SIP,Mutual Fund SIP,2230.0,UPI_AUTOPAY
I702866,2026-05-22,Broker wallet top-up,One-time Investment,42000.0,UPI_APP
I702867,2026-05-22,Small Cap Fund SIP,Mutual Fund SIP,13330.0,UPI_AUTOPAY
I702868,2026-05-22,Debt Fund SIP,Mutual Fund SIP,5320.0,UPI_AUTOPAY
I702869,2026-05-22,ELSS SIP,Mutual Fund SIP,1520.0,UPI_AUTOPAY
I702870,2026-05-22,Small Cap Fund SIP,Mutual Fund SIP,10650.0,UPI_AUTOPAY
I702871,2026-05-22,ELSS SIP,Mutual Fund SIP,4450.0,UPI_AUTOPAY
I702872,2026-05-22,Index Fund SIP,Mutual Fund SIP,2560.0,UPI_AUTOPAY
I702873,2026-05-22,Flexi Cap Fund SIP,Mutual Fund SIP,3860.0,UPI_AUTOPAY
I702874,2026-05-22,Small Cap Fund SIP,Mutual Fund SIP,7490.0,UPI_AUTOPAY
I702875,2026-05-22,Flexi Cap Fund SIP,Mutual Fund SIP,3640.0,UPI_AUTOPAY
I702876,2026-05-22,Small Cap Fund SIP,Mutual Fund SIP,9230.0,UPI_AUTOPAY
I702877,2026-05-22,Index Fund SIP,Mutual Fund SIP,3010.0,UPI_AUTOPAY
I702878,2026-05-23,Small Cap Fund SIP,Mutual Fund SIP,6770.0,UPI_AUTOPAY
I702879,2026-05-23,Debt Fund SIP,Mutual Fund SIP,3280.0,UPI_AUTOPAY
I702880,2026-05-23,Debt Fund SIP,Mutual Fund SIP,6770.0,UPI_AUTOPAY
I702881,2026-05-23,Debt Fund SIP,Mutual Fund SIP,3910.0,UPI_AUTOPAY
I702882,2026-05-23,ELSS SIP,Mutual Fund SIP,10800.0,UPI_AUTOPAY
I702883,2026-05-23,Small Cap Fund SIP,Mutual Fund SIP,6710.0,UPI_AUTOPAY
I702884,2026-05-23,Index Fund SIP,Mutual Fund SIP,8860.0,UPI_AUTOPAY
I702885,2026-05-23,Index Fund SIP,Mutual Fund SIP,7510.0,UPI_AUTOPAY
I702886,2026-05-23,Index Fund SIP,Mutual Fund SIP,1980.0,UPI_AUTOPAY
I702887,2026-05-23,Debt Fund SIP,Mutual Fund SIP,2360.0,UPI_AUTOPAY
I702888,2026-05-23,Flexi Cap Fund SIP,Mutual Fund SIP,3180.0,UPI_AUTOPAY
I702889,2026-05-23,Debt Fund SIP,Mutual Fund SIP,1630.0,UPI_AUTOPAY
I702890,2026-05-23,Debt Fund SIP,Mutual Fund SIP,4170.0,UPI_AUTOPAY
I702891,2026-05-23,Flexi Cap Fund SIP,Mutual Fund SIP,2990.0,UPI_AUTOPAY
I702892,2026-05-23,IPO application (HNI category),One-time Investment,3353611.0,UPI_APP
I702893,2026-05-23,Demat top-up,One-time Investment,5100.0,UPI_APP
I702894,2026-05-23,Index Fund SIP,Mutual Fund SIP,5880.0,UPI_AUTOPAY
I702895,2026-05-23,Flexi Cap Fund SIP,Mutual Fund SIP,14940.0,UPI_AUTOPAY
I702896,2026-05-23,Debt Fund SIP,Mutual Fund SIP,6450.0,UPI_AUTOPAY
I702897,2026-05-23,Demat top-up,One-time Investment,18500.0,UPI_APP
I702898,2026-05-23,Debt Fund SIP,Mutual Fund SIP,2550.0,UPI_AUTOPAY
I702899,2026-05-23,Debt Fund SIP,Mutual Fund SIP,5830.0,UPI_AUTOPAY
I702900,2026-05-23,Small Cap Fund SIP,Mutual Fund SIP,4070.0,UPI_AUTOPAY
I702901,2026-05-23,ELSS SIP,Mutual Fund SIP,2060.0,UPI_AUTOPAY
I702902,2026-05-23,Flexi Cap Fund SIP,Mutual Fund SIP,3130.0,UPI_AUTOPAY
I702903,2026-05-24,Flexi Cap Fund SIP,Mutual Fund SIP,5790.0,UPI_AUTOPAY
I702904,2026-05-24,Flexi Cap Fund SIP,Mutual Fund SIP,4910.0,UPI_AUTOPAY
I702905,2026-05-24,Small Cap Fund SIP,Mutual Fund SIP,8450.0,UPI_AUTOPAY
I702906,2026-05-24,ELSS SIP,Mutual Fund SIP,5950.0,UPI_AUTOPAY
I702907,2026-05-24,Small Cap Fund SIP,Mutual Fund SIP,2950.0,UPI_AUTOPAY
I702908,2026-05-24,Small Cap Fund SIP,Mutual Fund SIP,2360.0,UPI_AUTOPAY
I702909,2026-05-24,Demat top-up,One-time Investment,40600.0,UPI_APP
I702910,2026-05-24,Index Fund SIP,Mutual Fund SIP,5400.0,UPI_AUTOPAY
I702911,2026-05-24,ELSS SIP,Mutual Fund SIP,5330.0,UPI_AUTOPAY
I702912,2026-05-24,Index Fund SIP,Mutual Fund SIP,5660.0,UPI_AUTOPAY
I702913,2026-05-24,Debt Fund SIP,Mutual Fund SIP,2860.0,UPI_AUTOPAY
I702914,2026-05-24,Small Cap Fund SIP,Mutual Fund SIP,6280.0,UPI_AUTOPAY
I702915,2026-05-24,One-time fund purchase,One-time Investment,116500.0,UPI_QR
I702916,2026-05-24,Flexi Cap Fund SIP,Mutual Fund SIP,4040.0,UPI_AUTOPAY
I702917,2026-05-24,Index Fund SIP,Mutual Fund SIP,7410.0,UPI_AUTOPAY
I702918,2026-05-24,Debt Fund SIP,Mutual Fund SIP,12690.0,UPI_AUTOPAY
I702919,2026-05-25,Index Fund SIP,Mutual Fund SIP,3470.0,UPI_AUTOPAY
I702920,2026-05-25,Small Cap Fund SIP,Mutual Fund SIP,6280.0,UPI_AUTOPAY
I702921,2026-05-25,Index Fund SIP,Mutual Fund SIP,2760.0,UPI_AUTOPAY
I702922,2026-05-25,Broker wallet top-up,One-time Investment,65100.0,UPI_APP
I702923,2026-05-25,Debt Fund SIP,Mutual Fund SIP,4350.0,UPI_AUTOPAY
I702924,2026-05-25,Small Cap Fund SIP,Mutual Fund SIP,5650.0,UPI_AUTOPAY
I702925,2026-05-25,Flexi Cap Fund SIP,Mutual Fund SIP,6230.0,UPI_AUTOPAY
I702926,2026-05-25,Small Cap Fund SIP,Mutual Fund SIP,6460.0,UPI_AUTOPAY
I702927,2026-05-25,Small Cap Fund SIP,Mutual Fund SIP,9130.0,UPI_AUTOPAY
I702928,2026-05-25,Debt Fund SIP,Mutual Fund SIP,9470.0,UPI_AUTOPAY
I702929,2026-05-25,ELSS SIP,Mutual Fund SIP,9550.0,UPI_AUTOPAY
I702930,2026-05-25,Debt Fund SIP,Mutual Fund SIP,7520.0,UPI_AUTOPAY
I702931,2026-05-26,Small Cap Fund SIP,Mutual Fund SIP,9120.0,UPI_AUTOPAY
I702932,2026-05-26,Index Fund SIP,Mutual Fund SIP,3670.0,UPI_AUTOPAY
I702933,2026-05-26,Small Cap Fund SIP,Mutual Fund SIP,4760.0,UPI_AUTOPAY
I702934,2026-05-26,Small Cap Fund SIP,Mutual Fund SIP,6000.0,UPI_AUTOPAY
I702935,2026-05-26,Flexi Cap Fund SIP,Mutual Fund SIP,16170.0,UPI_AUTOPAY
I702936,2026-05-26,Small Cap Fund SIP,Mutual Fund SIP,1240.0,UPI_AUTOPAY
I702937,2026-05-26,Index Fund SIP,Mutual Fund SIP,7650.0,UPI_AUTOPAY
I702938,2026-05-27,Small Cap Fund SIP,Mutual Fund SIP,5020.0,UPI_AUTOPAY
I702939,2026-05-27,Debt Fund SIP,Mutual Fund SIP,10640.0,UPI_AUTOPAY
I702940,2026-05-27,Small Cap Fund SIP,Mutual Fund SIP,4560.0,UPI_AUTOPAY
I702941,2026-05-27,Small Cap Fund SIP,Mutual Fund SIP,3050.0,UPI_AUTOPAY
I702942,2026-05-27,Flexi Cap Fund SIP,Mutual Fund SIP,5570.0,UPI_AUTOPAY
I702943,2026-05-27,Small Cap Fund SIP,Mutual Fund SIP,3790.0,UPI_AUTOPAY
I702944,2026-05-27,ELSS SIP,Mutual Fund SIP,5920.0,UPI_AUTOPAY
I702945,2026-05-27,Small Cap Fund SIP,Mutual Fund SIP,6370.0,UPI_AUTOPAY
I702946,2026-05-27,Index Fund SIP,Mutual Fund SIP,5380.0,UPI_AUTOPAY
I702947,2026-05-27,Index Fund SIP,Mutual Fund SIP,6990.0,UPI_AUTOPAY
I702948,2026-05-28,Demat top-up,One-time Investment,2800.0,UPI_APP
I702949,2026-05-28,ELSS SIP,Mutual Fund SIP,5790.0,UPI_AUTOPAY
I702950,2026-05-28,ELSS SIP,Mutual Fund SIP,3860.0,UPI_AUTOPAY
I702951,2026-05-28,ELSS SIP,Mutual Fund SIP,1640.0,UPI_AUTOPAY
I702952,2026-05-28,Small Cap Fund SIP,Mutual Fund SIP,6600.0,UPI_AUTOPAY
I702953,2026-05-28,Flexi Cap Fund SIP,Mutual Fund SIP,3040.0,UPI_AUTOPAY
I702954,2026-05-28,ELSS SIP,Mutual Fund SIP,7630.0,UPI_AUTOPAY
I702955,2026-05-28,Index Fund SIP,Mutual Fund SIP,3760.0,UPI_AUTOPAY
I702956,2026-05-28,ELSS SIP,Mutual Fund SIP,2270.0,UPI_AUTOPAY
I702957,2026-05-28,Index Fund SIP,Mutual Fund SIP,2810.0,UPI_AUTOPAY
I702958,2026-05-28,Index Fund SIP,Mutual Fund SIP,6980.0,UPI_AUTOPAY
I702959,2026-05-29,ELSS SIP,Mutual Fund SIP,6280.0,UPI_AUTOPAY
I702960,2026-05-29,Debt Fund SIP,Mutual Fund SIP,2200.0,UPI_AUTOPAY
I702961,2026-05-29,Index Fund SIP,Mutual Fund SIP,2160.0,UPI_AUTOPAY
I702962,2026-05-29,Flexi Cap Fund SIP,Mutual Fund SIP,3710.0,UPI_AUTOPAY
I702963,2026-05-29,Flexi Cap Fund SIP,Mutual Fund SIP,3160.0,UPI_AUTOPAY
I702964,2026-05-29,Index Fund SIP,Mutual Fund SIP,4150.0,UPI_AUTOPAY
I702965,2026-05-29,Index Fund SIP,Mutual Fund SIP,1990.0,UPI_AUTOPAY
I702966,2026-05-29,Small Cap Fund SIP,Mutual Fund SIP,3000.0,UPI_AUTOPAY
I702967,2026-05-29,Small Cap Fund SIP,Mutual Fund SIP,35440.0,UPI_AUTOPAY
I702968,2026-05-29,ELSS SIP,Mutual Fund SIP,10300.0,UPI_AUTOPAY
I702969,2026-05-29,Debt Fund SIP,Mutual Fund SIP,7810.0,UPI_AUTOPAY
I702970,2026-05-30,Broker wallet top-up,One-time Investment,55800.0,UPI_APP
I702971,2026-05-30,Index Fund SIP,Mutual Fund SIP,2770.0,UPI_AUTOPAY
I702972,2026-05-30,Flexi Cap Fund SIP,Mutual Fund SIP,4570.0,UPI_AUTOPAY
I702973,2026-05-30,Flexi Cap Fund SIP,Mutual Fund SIP,3680.0,UPI_AUTOPAY
I702974,2026-05-30,Index Fund SIP,Mutual Fund SIP,10950.0,UPI_AUTOPAY
I702975,2026-05-30,ELSS SIP,Mutual Fund SIP,2380.0,UPI_AUTOPAY
I702976,2026-05-30,Debt Fund SIP,Mutual Fund SIP,3300.0,UPI_AUTOPAY
I702977,2026-05-30,Debt Fund SIP,Mutual Fund SIP,1490.0,UPI_AUTOPAY
I702978,2026-05-30,ELSS SIP,Mutual Fund SIP,2760.0,UPI_AUTOPAY
I702979,2026-05-30,Small Cap Fund SIP,Mutual Fund SIP,2690.0,UPI_AUTOPAY
I702980,2026-05-30,Index Fund SIP,Mutual Fund SIP,3310.0,UPI_AUTOPAY
I702981,2026-05-30,ELSS SIP,Mutual Fund SIP,13540.0,UPI_AUTOPAY
I702982,2026-05-30,Index Fund SIP,Mutual Fund SIP,6160.0,UPI_AUTOPAY
I702983,2026-05-30,Flexi Cap Fund SIP,Mutual Fund SIP,4570.0,UPI_AUTOPAY
I702984,2026-05-30,Small Cap Fund SIP,Mutual Fund SIP,2520.0,UPI_AUTOPAY
I702985,2026-05-30,Demat top-up,One-time Investment,10100.0,UPI_APP
I702986,2026-05-30,Small Cap Fund SIP,Mutual Fund SIP,3110.0,UPI_AUTOPAY
I702987,2026-05-30,Small Cap Fund SIP,Mutual Fund SIP,2390.0,UPI_AUTOPAY
I702988,2026-05-30,Debt Fund SIP,Mutual Fund SIP,4530.0,UPI_AUTOPAY
I702989,2026-05-30,Small Cap Fund SIP,Mutual Fund SIP,7240.0,UPI_AUTOPAY
I702990,2026-05-31,ELSS SIP,Mutual Fund SIP,3420.0,UPI_AUTOPAY
I702991,2026-05-31,Index Fund SIP,Mutual Fund SIP,5490.0,UPI_AUTOPAY
I702992,2026-05-31,Small Cap Fund SIP,Mutual Fund SIP,3250.0,UPI_AUTOPAY
I702993,2026-05-31,Small Cap Fund SIP,Mutual Fund SIP,5420.0,UPI_AUTOPAY
I702994,2026-05-31,Small Cap Fund SIP,Mutual Fund SIP,6070.0,UPI_AUTOPAY
I702995,2026-05-31,Small Cap Fund SIP,Mutual Fund SIP,6290.0,UPI_AUTOPAY
I702996,2026-05-31,Small Cap Fund SIP,Mutual Fund SIP,3350.0,UPI_AUTOPAY
I702997,2026-05-31,Small Cap Fund SIP,Mutual Fund SIP,7120.0,UPI_AUTOPAY
I702998,2026-05-31,Flexi Cap Fund SIP,Mutual Fund SIP,2970.0,UPI_AUTOPAY
I702999,2026-06-01,Flexi Cap Fund SIP,Mutual Fund SIP,3490.0,UPI_AUTOPAY
I703000,2026-06-01,Flexi Cap Fund SIP,Mutual Fund SIP,4510.0,UPI_AUTOPAY
I703001,2026-06-01,ELSS SIP,Mutual Fund SIP,3620.0,UPI_AUTOPAY
I703002,2026-06-01,Flexi Cap Fund SIP,Mutual Fund SIP,6350.0,UPI_AUTOPAY
I703003,2026-06-01,Small Cap Fund SIP,Mutual Fund SIP,2120.0,UPI_AUTOPAY
I703004,2026-06-01,Small Cap Fund SIP,Mutual Fund SIP,4290.0,UPI_AUTOPAY
I703005,2026-06-01,Debt Fund SIP,Mutual Fund SIP,7050.0,UPI_AUTOPAY
I703006,2026-06-01,Index Fund SIP,Mutual Fund SIP,5730.0,UPI_AUTOPAY
I703007,2026-06-02,One-time fund purchase,One-time Investment,34100.0,UPI_APP
I703008,2026-06-02,Index Fund SIP,Mutual Fund SIP,2870.0,UPI_AUTOPAY
I703009,2026-06-02,Index Fund SIP,Mutual Fund SIP,24240.0,UPI_AUTOPAY
I703010,2026-06-02,Index Fund SIP,Mutual Fund SIP,6850.0,UPI_AUTOPAY
I703011,2026-06-02,Debt Fund SIP,Mutual Fund SIP,1170.0,UPI_AUTOPAY
I703012,2026-06-02,Index Fund SIP,Mutual Fund SIP,8050.0,UPI_AUTOPAY
I703013,2026-06-02,Flexi Cap Fund SIP,Mutual Fund SIP,11800.0,UPI_AUTOPAY
I703014,2026-06-02,ELSS SIP,Mutual Fund SIP,20340.0,UPI_AUTOPAY
I703015,2026-06-02,Flexi Cap Fund SIP,Mutual Fund SIP,3790.0,UPI_AUTOPAY
I703016,2026-06-03,Index Fund SIP,Mutual Fund SIP,5040.0,UPI_AUTOPAY
I703017,2026-06-03,Index Fund SIP,Mutual Fund SIP,5880.0,UPI_AUTOPAY
I703018,2026-06-03,Debt Fund SIP,Mutual Fund SIP,3680.0,UPI_AUTOPAY
I703019,2026-06-03,Small Cap Fund SIP,Mutual Fund SIP,4900.0,UPI_AUTOPAY
I703020,2026-06-03,Index Fund SIP,Mutual Fund SIP,8100.0,UPI_AUTOPAY
I703021,2026-06-03,ELSS SIP,Mutual Fund SIP,6210.0,UPI_AUTOPAY
I703022,2026-06-03,Broker wallet top-up,One-time Investment,7100.0,UPI_QR
I703023,2026-06-03,ELSS SIP,Mutual Fund SIP,5220.0,UPI_AUTOPAY
I703024,2026-06-03,IPO application,One-time Investment,3700.0,UPI_QR
I703025,2026-06-03,Flexi Cap Fund SIP,Mutual Fund SIP,4820.0,UPI_AUTOPAY
I703026,2026-06-03,Flexi Cap Fund SIP,Mutual Fund SIP,5690.0,UPI_AUTOPAY
I703027,2026-06-03,IPO application,One-time Investment,71200.0,UPI_APP
I703028,2026-06-03,IPO application,One-time Investment,15900.0,UPI_QR
I703029,2026-06-04,Debt Fund SIP,Mutual Fund SIP,4480.0,UPI_AUTOPAY
I703030,2026-06-04,ELSS SIP,Mutual Fund SIP,5780.0,UPI_AUTOPAY
I703031,2026-06-04,ELSS SIP,Mutual Fund SIP,12260.0,UPI_AUTOPAY
I703032,2026-06-04,Debt Fund SIP,Mutual Fund SIP,3210.0,UPI_AUTOPAY
I703033,2026-06-04,ELSS SIP,Mutual Fund SIP,5430.0,UPI_AUTOPAY
I703034,2026-06-04,Small Cap Fund SIP,Mutual Fund SIP,7060.0,UPI_AUTOPAY
I703035,2026-06-04,ELSS SIP,Mutual Fund SIP,2640.0,UPI_AUTOPAY
I703036,2026-06-04,IPO application,One-time Investment,15600.0,UPI_APP
I703037,2026-06-05,Flexi Cap Fund SIP,Mutual Fund SIP,1310.0,UPI_AUTOPAY
I703038,2026-06-05,Debt Fund SIP,Mutual Fund SIP,7240.0,UPI_AUTOPAY
I703039,2026-06-05,Debt Fund SIP,Mutual Fund SIP,3360.0,UPI_AUTOPAY
I703040,2026-06-05,ELSS SIP,Mutual Fund SIP,26970.0,UPI_AUTOPAY
I703041,2026-06-05,Broker wallet top-up,One-time Investment,42100.0,UPI_APP
I703042,2026-06-05,Small Cap Fund SIP,Mutual Fund SIP,3580.0,UPI_AUTOPAY
I703043,2026-06-05,Flexi Cap Fund SIP,Mutual Fund SIP,6430.0,UPI_AUTOPAY
I703044,2026-06-05,Index Fund SIP,Mutual Fund SIP,2860.0,UPI_AUTOPAY
I703045,2026-06-05,Flexi Cap Fund SIP,Mutual Fund SIP,4700.0,UPI_AUTOPAY
I703046,2026-06-06,Debt Fund SIP,Mutual Fund SIP,13910.0,UPI_AUTOPAY
I703047,2026-06-06,ELSS SIP,Mutual Fund SIP,13620.0,UPI_AUTOPAY
I703048,2026-06-06,ELSS SIP,Mutual Fund SIP,4550.0,UPI_AUTOPAY
I703049,2026-06-06,Debt Fund SIP,Mutual Fund SIP,7240.0,UPI_AUTOPAY
I703050,2026-06-06,Flexi Cap Fund SIP,Mutual Fund SIP,4860.0,UPI_AUTOPAY
I703051,2026-06-06,ELSS SIP,Mutual Fund SIP,4090.0,UPI_AUTOPAY
I703052,2026-06-06,Debt Fund SIP,Mutual Fund SIP,2410.0,UPI_AUTOPAY
I703053,2026-06-06,Index Fund SIP,Mutual Fund SIP,3960.0,UPI_AUTOPAY
I703054,2026-06-06,Small Cap Fund SIP,Mutual Fund SIP,7200.0,UPI_AUTOPAY
I703055,2026-06-06,Flexi Cap Fund SIP,Mutual Fund SIP,4350.0,UPI_AUTOPAY
I703056,2026-06-06,Flexi Cap Fund SIP,Mutual Fund SIP,3730.0,UPI_AUTOPAY
I703057,2026-06-06,Debt Fund SIP,Mutual Fund SIP,2660.0,UPI_AUTOPAY
I703058,2026-06-06,Flexi Cap Fund SIP,Mutual Fund SIP,6130.0,UPI_AUTOPAY
I703059,2026-06-06,Flexi Cap Fund SIP,Mutual Fund SIP,3530.0,UPI_AUTOPAY
I703060,2026-06-06,Index Fund SIP,Mutual Fund SIP,7320.0,UPI_AUTOPAY
I703061,2026-06-06,Flexi Cap Fund SIP,Mutual Fund SIP,3110.0,UPI_AUTOPAY
I703062,2026-06-06,Flexi Cap Fund SIP,Mutual Fund SIP,6450.0,UPI_AUTOPAY
I703063,2026-06-07,Small Cap Fund SIP,Mutual Fund SIP,2380.0,UPI_AUTOPAY
I703064,2026-06-07,ELSS SIP,Mutual Fund SIP,4170.0,UPI_AUTOPAY
I703065,2026-06-07,Debt Fund SIP,Mutual Fund SIP,2040.0,UPI_AUTOPAY
I703066,2026-06-07,IPO application,One-time Investment,57900.0,UPI_APP
I703067,2026-06-07,Small Cap Fund SIP,Mutual Fund SIP,1640.0,UPI_AUTOPAY
I703068,2026-06-07,Debt Fund SIP,Mutual Fund SIP,1930.0,UPI_AUTOPAY
I703069,2026-06-07,Flexi Cap Fund SIP,Mutual Fund SIP,5390.0,UPI_AUTOPAY
I703070,2026-06-07,Debt Fund SIP,Mutual Fund SIP,4540.0,UPI_AUTOPAY
I703071,2026-06-07,Debt Fund SIP,Mutual Fund SIP,5430.0,UPI_AUTOPAY
I703072,2026-06-07,Debt Fund SIP,Mutual Fund SIP,5450.0,UPI_AUTOPAY
I703073,2026-06-07,Flexi Cap Fund SIP,Mutual Fund SIP,3490.0,UPI_AUTOPAY
I703074,2026-06-07,ELSS SIP,Mutual Fund SIP,2240.0,UPI_AUTOPAY
I703075,2026-06-07,Debt Fund SIP,Mutual Fund SIP,8110.0,UPI_AUTOPAY
I703076,2026-06-07,ELSS SIP,Mutual Fund SIP,3110.0,UPI_AUTOPAY
I703077,2026-06-07,ELSS SIP,Mutual Fund SIP,6080.0,UPI_AUTOPAY
I703078,2026-06-07,Small Cap Fund SIP,Mutual Fund SIP,3210.0,UPI_AUTOPAY
I703079,2026-06-08,Debt Fund SIP,Mutual Fund SIP,6030.0,UPI_AUTOPAY
I703080,2026-06-08,Small Cap Fund SIP,Mutual Fund SIP,1580.0,UPI_AUTOPAY
I703081,2026-06-08,Small Cap Fund SIP,Mutual Fund SIP,11410.0,UPI_AUTOPAY
I703082,2026-06-08,Index Fund SIP,Mutual Fund SIP,6070.0,UPI_AUTOPAY
I703083,2026-06-09,ELSS SIP,Mutual Fund SIP,7420.0,UPI_AUTOPAY
I703084,2026-06-09,Index Fund SIP,Mutual Fund SIP,7720.0,UPI_AUTOPAY
I703085,2026-06-09,Small Cap Fund SIP,Mutual Fund SIP,5060.0,UPI_AUTOPAY
I703086,2026-06-09,One-time fund purchase,One-time Investment,83300.0,UPI_QR
I703087,2026-06-09,Index Fund SIP,Mutual Fund SIP,6900.0,UPI_AUTOPAY
I703088,2026-06-09,ELSS SIP,Mutual Fund SIP,2130.0,UPI_AUTOPAY
I703089,2026-06-09,Debt Fund SIP,Mutual Fund SIP,6520.0,UPI_AUTOPAY
I703090,2026-06-09,Debt Fund SIP,Mutual Fund SIP,3660.0,UPI_AUTOPAY
I703091,2026-06-09,ELSS SIP,Mutual Fund SIP,2230.0,UPI_AUTOPAY
I703092,2026-06-09,Index Fund SIP,Mutual Fund SIP,2850.0,UPI_AUTOPAY
I703093,2026-06-09,Index Fund SIP,Mutual Fund SIP,1520.0,UPI_AUTOPAY
I703094,2026-06-09,Flexi Cap Fund SIP,Mutual Fund SIP,2530.0,UPI_AUTOPAY
I703095,2026-06-09,Index Fund SIP,Mutual Fund SIP,7080.0,UPI_AUTOPAY
I703096,2026-06-09,Debt Fund SIP,Mutual Fund SIP,6630.0,UPI_AUTOPAY
I703097,2026-06-09,Index Fund SIP,Mutual Fund SIP,3310.0,UPI_AUTOPAY
I703098,2026-06-10,Index Fund SIP,Mutual Fund SIP,9030.0,UPI_AUTOPAY
I703099,2026-06-10,Small Cap Fund SIP,Mutual Fund SIP,3160.0,UPI_AUTOPAY
I703100,2026-06-10,Debt Fund SIP,Mutual Fund SIP,1620.0,UPI_AUTOPAY
I703101,2026-06-10,Index Fund SIP,Mutual Fund SIP,1550.0,UPI_AUTOPAY
I703102,2026-06-10,Index Fund SIP,Mutual Fund SIP,1420.0,UPI_AUTOPAY
I703103,2026-06-10,Debt Fund SIP,Mutual Fund SIP,7200.0,UPI_AUTOPAY
I703104,2026-06-10,Index Fund SIP,Mutual Fund SIP,1980.0,UPI_AUTOPAY
I703105,2026-06-10,Debt Fund SIP,Mutual Fund SIP,12920.0,UPI_AUTOPAY
I703106,2026-06-10,Flexi Cap Fund SIP,Mutual Fund SIP,1860.0,UPI_AUTOPAY
I703107,2026-06-11,Index Fund SIP,Mutual Fund SIP,3440.0,UPI_AUTOPAY
I703108,2026-06-11,Flexi Cap Fund SIP,Mutual Fund SIP,2920.0,UPI_AUTOPAY
I703109,2026-06-11,Index Fund SIP,Mutual Fund SIP,5500.0,UPI_AUTOPAY
I703110,2026-06-11,Debt Fund SIP,Mutual Fund SIP,5820.0,UPI_AUTOPAY
I703111,2026-06-11,ELSS SIP,Mutual Fund SIP,8680.0,UPI_AUTOPAY
I703112,2026-06-11,Small Cap Fund SIP,Mutual Fund SIP,1980.0,UPI_AUTOPAY
I703113,2026-06-11,Debt Fund SIP,Mutual Fund SIP,5980.0,UPI_AUTOPAY
I703114,2026-06-11,Small Cap Fund SIP,Mutual Fund SIP,6810.0,UPI_AUTOPAY
I703115,2026-06-11,Index Fund SIP,Mutual Fund SIP,3120.0,UPI_AUTOPAY
I703116,2026-06-11,ELSS SIP,Mutual Fund SIP,4550.0,UPI_AUTOPAY
I703117,2026-06-11,Debt Fund SIP,Mutual Fund SIP,4090.0,UPI_AUTOPAY
I703118,2026-06-11,Small Cap Fund SIP,Mutual Fund SIP,17020.0,UPI_AUTOPAY
I703119,2026-06-11,Small Cap Fund SIP,Mutual Fund SIP,2350.0,UPI_AUTOPAY
I703120,2026-06-11,ELSS SIP,Mutual Fund SIP,3650.0,UPI_AUTOPAY
I703121,2026-06-11,Flexi Cap Fund SIP,Mutual Fund SIP,7800.0,UPI_AUTOPAY
I703122,2026-06-12,Small Cap Fund SIP,Mutual Fund SIP,9640.0,UPI_AUTOPAY
I703123,2026-06-12,Index Fund SIP,Mutual Fund SIP,5810.0,UPI_AUTOPAY
I703124,2026-06-12,Flexi Cap Fund SIP,Mutual Fund SIP,5410.0,UPI_AUTOPAY
I703125,2026-06-12,Index Fund SIP,Mutual Fund SIP,7920.0,UPI_AUTOPAY
I703126,2026-06-12,ELSS SIP,Mutual Fund SIP,9630.0,UPI_AUTOPAY
I703127,2026-06-12,Index Fund SIP,Mutual Fund SIP,4370.0,UPI_AUTOPAY
I703128,2026-06-12,ELSS SIP,Mutual Fund SIP,2610.0,UPI_AUTOPAY
I703129,2026-06-12,Small Cap Fund SIP,Mutual Fund SIP,4980.0,UPI_AUTOPAY
I703130,2026-06-12,Small Cap Fund SIP,Mutual Fund SIP,1210.0,UPI_AUTOPAY
I703131,2026-06-12,Flexi Cap Fund SIP,Mutual Fund SIP,6030.0,UPI_AUTOPAY
I703132,2026-06-12,Demat top-up,One-time Investment,7900.0,UPI_APP
I703133,2026-06-12,Small Cap Fund SIP,Mutual Fund SIP,5370.0,UPI_AUTOPAY
I703134,2026-06-12,Index Fund SIP,Mutual Fund SIP,5130.0,UPI_AUTOPAY
I703135,2026-06-12,Small Cap Fund SIP,Mutual Fund SIP,5030.0,UPI_AUTOPAY
I703136,2026-06-12,Debt Fund SIP,Mutual Fund SIP,6550.0,UPI_AUTOPAY
I703137,2026-06-12,Debt Fund SIP,Mutual Fund SIP,4240.0,UPI_AUTOPAY
I703138,2026-06-12,Debt Fund SIP,Mutual Fund SIP,11350.0,UPI_AUTOPAY
I703139,2026-06-13,Flexi Cap Fund SIP,Mutual Fund SIP,9090.0,UPI_AUTOPAY
I703140,2026-06-13,Small Cap Fund SIP,Mutual Fund SIP,7420.0,UPI_AUTOPAY
I703141,2026-06-13,Flexi Cap Fund SIP,Mutual Fund SIP,2960.0,UPI_AUTOPAY
I703142,2026-06-13,Debt Fund SIP,Mutual Fund SIP,5690.0,UPI_AUTOPAY
I703143,2026-06-13,Debt Fund SIP,Mutual Fund SIP,7580.0,UPI_AUTOPAY
I703144,2026-06-13,Debt Fund SIP,Mutual Fund SIP,10060.0,UPI_AUTOPAY
I703145,2026-06-13,Small Cap Fund SIP,Mutual Fund SIP,3530.0,UPI_AUTOPAY
I703146,2026-06-13,Index Fund SIP,Mutual Fund SIP,3050.0,UPI_AUTOPAY
I703147,2026-06-13,ELSS SIP,Mutual Fund SIP,4740.0,UPI_AUTOPAY
I703148,2026-06-13,Debt Fund SIP,Mutual Fund SIP,1980.0,UPI_AUTOPAY
I703149,2026-06-13,Flexi Cap Fund SIP,Mutual Fund SIP,6700.0,UPI_AUTOPAY
I703150,2026-06-13,ELSS SIP,Mutual Fund SIP,2660.0,UPI_AUTOPAY
I703151,2026-06-13,ELSS SIP,Mutual Fund SIP,6020.0,UPI_AUTOPAY
I703152,2026-06-13,Flexi Cap Fund SIP,Mutual Fund SIP,7740.0,UPI_AUTOPAY
I703153,2026-06-13,Index Fund SIP,Mutual Fund SIP,1680.0,UPI_AUTOPAY
I703154,2026-06-13,ELSS SIP,Mutual Fund SIP,6040.0,UPI_AUTOPAY
I703155,2026-06-13,Small Cap Fund SIP,Mutual Fund SIP,6010.0,UPI_AUTOPAY
I703156,2026-06-13,Index Fund SIP,Mutual Fund SIP,8530.0,UPI_AUTOPAY
I703157,2026-06-13,Small Cap Fund SIP,Mutual Fund SIP,2730.0,UPI_AUTOPAY
I703158,2026-06-13,Debt Fund SIP,Mutual Fund SIP,12310.0,UPI_AUTOPAY
I703159,2026-06-13,ELSS SIP,Mutual Fund SIP,5450.0,UPI_AUTOPAY
I703160,2026-06-14,ELSS SIP,Mutual Fund SIP,4120.0,UPI_AUTOPAY
I703161,2026-06-14,IPO application,One-time Investment,4700.0,UPI_APP
I703162,2026-06-14,Demat top-up,One-time Investment,15200.0,UPI_APP
I703163,2026-06-14,Debt Fund SIP,Mutual Fund SIP,5010.0,UPI_AUTOPAY
I703164,2026-06-14,Debt Fund SIP,Mutual Fund SIP,2380.0,UPI_AUTOPAY
I703165,2026-06-14,Flexi Cap Fund SIP,Mutual Fund SIP,2250.0,UPI_AUTOPAY
I703166,2026-06-14,ELSS SIP,Mutual Fund SIP,2040.0,UPI_AUTOPAY
I703167,2026-06-14,Index Fund SIP,Mutual Fund SIP,2410.0,UPI_AUTOPAY
I703168,2026-06-14,Flexi Cap Fund SIP,Mutual Fund SIP,1970.0,UPI_AUTOPAY
I703169,2026-06-14,Debt Fund SIP,Mutual Fund SIP,3370.0,UPI_AUTOPAY
I703170,2026-06-14,Index Fund SIP,Mutual Fund SIP,6090.0,UPI_AUTOPAY
I703171,2026-06-14,Index Fund SIP,Mutual Fund SIP,7660.0,UPI_AUTOPAY
I703172,2026-06-14,Debt Fund SIP,Mutual Fund SIP,12600.0,UPI_AUTOPAY
I703173,2026-06-14,Index Fund SIP,Mutual Fund SIP,3510.0,UPI_AUTOPAY
I703174,2026-06-14,Small Cap Fund SIP,Mutual Fund SIP,2320.0,UPI_AUTOPAY
I703175,2026-06-14,Index Fund SIP,Mutual Fund SIP,3980.0,UPI_AUTOPAY
I703176,2026-06-14,ELSS SIP,Mutual Fund SIP,4810.0,UPI_AUTOPAY
I703177,2026-06-14,One-time fund purchase,One-time Investment,22000.0,UPI_APP
I703178,2026-06-14,ELSS SIP,Mutual Fund SIP,2290.0,UPI_AUTOPAY
I703179,2026-06-14,Index Fund SIP,Mutual Fund SIP,3180.0,UPI_AUTOPAY
I703180,2026-06-14,Demat top-up,One-time Investment,10400.0,UPI_APP
I703181,2026-06-14,Debt Fund SIP,Mutual Fund SIP,6170.0,UPI_AUTOPAY
I703182,2026-06-15,ELSS SIP,Mutual Fund SIP,5840.0,UPI_AUTOPAY
I703183,2026-06-15,Small Cap Fund SIP,Mutual Fund SIP,5520.0,UPI_AUTOPAY
I703184,2026-06-15,Small Cap Fund SIP,Mutual Fund SIP,8670.0,UPI_AUTOPAY
I703185,2026-06-15,Debt Fund SIP,Mutual Fund SIP,9040.0,UPI_AUTOPAY
I703186,2026-06-15,Debt Fund SIP,Mutual Fund SIP,5750.0,UPI_AUTOPAY
I703187,2026-06-15,Index Fund SIP,Mutual Fund SIP,3160.0,UPI_AUTOPAY
I703188,2026-06-16,Index Fund SIP,Mutual Fund SIP,3120.0,UPI_AUTOPAY
I703189,2026-06-16,Flexi Cap Fund SIP,Mutual Fund SIP,5410.0,UPI_AUTOPAY
I703190,2026-06-16,Small Cap Fund SIP,Mutual Fund SIP,7730.0,UPI_AUTOPAY
I703191,2026-06-16,Demat top-up,One-time Investment,4200.0,UPI_APP
I703192,2026-06-16,ELSS SIP,Mutual Fund SIP,5050.0,UPI_AUTOPAY
I703193,2026-06-16,Flexi Cap Fund SIP,Mutual Fund SIP,4910.0,UPI_AUTOPAY
I703194,2026-06-16,Index Fund SIP,Mutual Fund SIP,4440.0,UPI_AUTOPAY
I703195,2026-06-16,Index Fund SIP,Mutual Fund SIP,4750.0,UPI_AUTOPAY
I703196,2026-06-16,Small Cap Fund SIP,Mutual Fund SIP,4740.0,UPI_AUTOPAY
I703197,2026-06-16,Flexi Cap Fund SIP,Mutual Fund SIP,5240.0,UPI_AUTOPAY
I703198,2026-06-16,Small Cap Fund SIP,Mutual Fund SIP,10400.0,UPI_AUTOPAY
I703199,2026-06-16,Small Cap Fund SIP,Mutual Fund SIP,4180.0,UPI_AUTOPAY
I703200,2026-06-16,Flexi Cap Fund SIP,Mutual Fund SIP,7540.0,UPI_AUTOPAY
I703201,2026-06-16,Flexi Cap Fund SIP,Mutual Fund SIP,3120.0,UPI_AUTOPAY
I703202,2026-06-16,ELSS SIP,Mutual Fund SIP,3790.0,UPI_AUTOPAY
I703203,2026-06-16,Debt Fund SIP,Mutual Fund SIP,5250.0,UPI_AUTOPAY
I703204,2026-06-17,One-time fund purchase,One-time Investment,2500.0,UPI_APP
I703205,2026-06-17,Index Fund SIP,Mutual Fund SIP,1900.0,UPI_AUTOPAY
I703206,2026-06-17,ELSS SIP,Mutual Fund SIP,3300.0,UPI_AUTOPAY
I703207,2026-06-17,Small Cap Fund SIP,Mutual Fund SIP,3240.0,UPI_AUTOPAY
I703208,2026-06-17,Small Cap Fund SIP,Mutual Fund SIP,4310.0,UPI_AUTOPAY
I703209,2026-06-17,Debt Fund SIP,Mutual Fund SIP,12300.0,UPI_AUTOPAY
I703210,2026-06-17,ELSS SIP,Mutual Fund SIP,10370.0,UPI_AUTOPAY
I703211,2026-06-17,Small Cap Fund SIP,Mutual Fund SIP,6070.0,UPI_AUTOPAY
I703212,2026-06-17,Index Fund SIP,Mutual Fund SIP,2980.0,UPI_AUTOPAY
I703213,2026-06-17,Small Cap Fund SIP,Mutual Fund SIP,8120.0,UPI_AUTOPAY
I703214,2026-06-17,ELSS SIP,Mutual Fund SIP,4190.0,UPI_AUTOPAY
I703215,2026-06-18,Flexi Cap Fund SIP,Mutual Fund SIP,4070.0,UPI_AUTOPAY
I703216,2026-06-18,Index Fund SIP,Mutual Fund SIP,3220.0,UPI_AUTOPAY
I703217,2026-06-18,Small Cap Fund SIP,Mutual Fund SIP,3250.0,UPI_AUTOPAY
I703218,2026-06-18,Flexi Cap Fund SIP,Mutual Fund SIP,4650.0,UPI_AUTOPAY
I703219,2026-06-18,Small Cap Fund SIP,Mutual Fund SIP,5250.0,UPI_AUTOPAY
I703220,2026-06-18,Flexi Cap Fund SIP,Mutual Fund SIP,3580.0,UPI_AUTOPAY
I703221,2026-06-18,Index Fund SIP,Mutual Fund SIP,4320.0,UPI_AUTOPAY
I703222,2026-06-18,ELSS SIP,Mutual Fund SIP,6810.0,UPI_AUTOPAY
I703223,2026-06-18,Small Cap Fund SIP,Mutual Fund SIP,6440.0,UPI_AUTOPAY
I703224,2026-06-18,Index Fund SIP,Mutual Fund SIP,5160.0,UPI_AUTOPAY
I703225,2026-06-18,Index Fund SIP,Mutual Fund SIP,1350.0,UPI_AUTOPAY
I703226,2026-06-18,ELSS SIP,Mutual Fund SIP,5700.0,UPI_AUTOPAY
I703227,2026-06-19,ELSS SIP,Mutual Fund SIP,2150.0,UPI_AUTOPAY
I703228,2026-06-19,Index Fund SIP,Mutual Fund SIP,1960.0,UPI_AUTOPAY
I703229,2026-06-19,Flexi Cap Fund SIP,Mutual Fund SIP,24800.0,UPI_AUTOPAY
I703230,2026-06-19,Index Fund SIP,Mutual Fund SIP,4770.0,UPI_AUTOPAY
I703231,2026-06-19,Flexi Cap Fund SIP,Mutual Fund SIP,8950.0,UPI_AUTOPAY
I703232,2026-06-19,Debt Fund SIP,Mutual Fund SIP,5860.0,UPI_AUTOPAY
I703233,2026-06-19,Index Fund SIP,Mutual Fund SIP,12570.0,UPI_AUTOPAY
I703234,2026-06-19,Debt Fund SIP,Mutual Fund SIP,3200.0,UPI_AUTOPAY
I703235,2026-06-19,Flexi Cap Fund SIP,Mutual Fund SIP,7820.0,UPI_AUTOPAY
I703236,2026-06-19,Index Fund SIP,Mutual Fund SIP,16240.0,UPI_AUTOPAY
I703237,2026-06-19,IPO application,One-time Investment,6800.0,UPI_APP
I703238,2026-06-19,Flexi Cap Fund SIP,Mutual Fund SIP,2860.0,UPI_AUTOPAY
I703239,2026-06-19,Flexi Cap Fund SIP,Mutual Fund SIP,2390.0,UPI_AUTOPAY
I703240,2026-06-19,Flexi Cap Fund SIP,Mutual Fund SIP,3430.0,UPI_AUTOPAY
I703241,2026-06-20,Index Fund SIP,Mutual Fund SIP,11830.0,UPI_AUTOPAY
I703242,2026-06-20,ELSS SIP,Mutual Fund SIP,9020.0,UPI_AUTOPAY
I703243,2026-06-20,Index Fund SIP,Mutual Fund SIP,5370.0,UPI_AUTOPAY
I703244,2026-06-20,Flexi Cap Fund SIP,Mutual Fund SIP,3910.0,UPI_AUTOPAY
I703245,2026-06-20,Flexi Cap Fund SIP,Mutual Fund SIP,2340.0,UPI_AUTOPAY
I703246,2026-06-20,Index Fund SIP,Mutual Fund SIP,5030.0,UPI_AUTOPAY
I703247,2026-06-20,Flexi Cap Fund SIP,Mutual Fund SIP,2450.0,UPI_AUTOPAY
I703248,2026-06-20,Small Cap Fund SIP,Mutual Fund SIP,2690.0,UPI_AUTOPAY
I703249,2026-06-20,Flexi Cap Fund SIP,Mutual Fund SIP,2790.0,UPI_AUTOPAY
I703250,2026-06-20,ELSS SIP,Mutual Fund SIP,3230.0,UPI_AUTOPAY
I703251,2026-06-20,Flexi Cap Fund SIP,Mutual Fund SIP,1860.0,UPI_AUTOPAY
I703252,2026-06-20,Small Cap Fund SIP,Mutual Fund SIP,13080.0,UPI_AUTOPAY
I703253,2026-06-20,ELSS SIP,Mutual Fund SIP,3480.0,UPI_AUTOPAY
I703254,2026-06-20,ELSS SIP,Mutual Fund SIP,3180.0,UPI_AUTOPAY
I703255,2026-06-20,Debt Fund SIP,Mutual Fund SIP,2770.0,UPI_AUTOPAY
I703256,2026-06-20,Flexi Cap Fund SIP,Mutual Fund SIP,1800.0,UPI_AUTOPAY
I703257,2026-06-20,ELSS SIP,Mutual Fund SIP,6440.0,UPI_AUTOPAY
I703258,2026-06-20,Small Cap Fund SIP,Mutual Fund SIP,3280.0,UPI_AUTOPAY
I703259,2026-06-20,Small Cap Fund SIP,Mutual Fund SIP,13710.0,UPI_AUTOPAY
I703260,2026-06-21,Debt Fund SIP,Mutual Fund SIP,8440.0,UPI_AUTOPAY
I703261,2026-06-21,Index Fund SIP,Mutual Fund SIP,1560.0,UPI_AUTOPAY
I703262,2026-06-21,Debt Fund SIP,Mutual Fund SIP,13470.0,UPI_AUTOPAY
I703263,2026-06-21,Small Cap Fund SIP,Mutual Fund SIP,4830.0,UPI_AUTOPAY
I703264,2026-06-21,Small Cap Fund SIP,Mutual Fund SIP,19410.0,UPI_AUTOPAY
I703265,2026-06-21,Small Cap Fund SIP,Mutual Fund SIP,17860.0,UPI_AUTOPAY
I703266,2026-06-21,Index Fund SIP,Mutual Fund SIP,2770.0,UPI_AUTOPAY
I703267,2026-06-21,Flexi Cap Fund SIP,Mutual Fund SIP,3260.0,UPI_AUTOPAY
I703268,2026-06-21,Small Cap Fund SIP,Mutual Fund SIP,1690.0,UPI_AUTOPAY
I703269,2026-06-21,Index Fund SIP,Mutual Fund SIP,3400.0,UPI_AUTOPAY
I703270,2026-06-21,Debt Fund SIP,Mutual Fund SIP,5610.0,UPI_AUTOPAY
I703271,2026-06-21,Flexi Cap Fund SIP,Mutual Fund SIP,7760.0,UPI_AUTOPAY
I703272,2026-06-21,Index Fund SIP,Mutual Fund SIP,2050.0,UPI_AUTOPAY
I703273,2026-06-21,Small Cap Fund SIP,Mutual Fund SIP,7740.0,UPI_AUTOPAY
I703274,2026-06-21,Broker wallet top-up,One-time Investment,6100.0,UPI_APP
I703275,2026-06-21,ELSS SIP,Mutual Fund SIP,12320.0,UPI_AUTOPAY
I703276,2026-06-21,Small Cap Fund SIP,Mutual Fund SIP,14100.0,UPI_AUTOPAY
I703277,2026-06-21,Debt Fund SIP,Mutual Fund SIP,6640.0,UPI_AUTOPAY
I703278,2026-06-21,ELSS SIP,Mutual Fund SIP,9830.0,UPI_AUTOPAY
I703279,2026-06-21,Flexi Cap Fund SIP,Mutual Fund SIP,5400.0,UPI_AUTOPAY
I703280,2026-06-21,ELSS SIP,Mutual Fund SIP,7900.0,UPI_AUTOPAY
I703281,2026-06-21,Flexi Cap Fund SIP,Mutual Fund SIP,3500.0,UPI_AUTOPAY
I703282,2026-06-21,Index Fund SIP,Mutual Fund SIP,6890.0,UPI_AUTOPAY
I703283,2026-06-22,Small Cap Fund SIP,Mutual Fund SIP,5800.0,UPI_AUTOPAY
I703284,2026-06-22,Small Cap Fund SIP,Mutual Fund SIP,2870.0,UPI_AUTOPAY
I703285,2026-06-22,Small Cap Fund SIP,Mutual Fund SIP,5910.0,UPI_AUTOPAY
I703286,2026-06-22,ELSS SIP,Mutual Fund SIP,6350.0,UPI_AUTOPAY
I703287,2026-06-22,ELSS SIP,Mutual Fund SIP,6180.0,UPI_AUTOPAY
I703288,2026-06-22,Small Cap Fund SIP,Mutual Fund SIP,16770.0,UPI_AUTOPAY
I703289,2026-06-22,Small Cap Fund SIP,Mutual Fund SIP,4050.0,UPI_AUTOPAY
I703290,2026-06-22,Small Cap Fund SIP,Mutual Fund SIP,7090.0,UPI_AUTOPAY
I703291,2026-06-22,Small Cap Fund SIP,Mutual Fund SIP,2650.0,UPI_AUTOPAY
I703292,2026-06-22,Debt Fund SIP,Mutual Fund SIP,1570.0,UPI_AUTOPAY
I703293,2026-06-22,Flexi Cap Fund SIP,Mutual Fund SIP,4950.0,UPI_AUTOPAY
I703294,2026-06-22,ELSS SIP,Mutual Fund SIP,3100.0,UPI_AUTOPAY
I703295,2026-06-22,Flexi Cap Fund SIP,Mutual Fund SIP,8700.0,UPI_AUTOPAY
I703296,2026-06-22,Broker wallet top-up,One-time Investment,6200.0,UPI_QR
I703297,2026-06-23,Flexi Cap Fund SIP,Mutual Fund SIP,4580.0,UPI_AUTOPAY
I703298,2026-06-23,Debt Fund SIP,Mutual Fund SIP,5200.0,UPI_AUTOPAY
I703299,2026-06-23,Flexi Cap Fund SIP,Mutual Fund SIP,1680.0,UPI_AUTOPAY
I703300,2026-06-23,ELSS SIP,Mutual Fund SIP,8880.0,UPI_AUTOPAY
I703301,2026-06-23,Flexi Cap Fund SIP,Mutual Fund SIP,8220.0,UPI_AUTOPAY
I703302,2026-06-23,Debt Fund SIP,Mutual Fund SIP,12420.0,UPI_AUTOPAY
I703303,2026-06-23,Debt Fund SIP,Mutual Fund SIP,7640.0,UPI_AUTOPAY
I703304,2026-06-23,Flexi Cap Fund SIP,Mutual Fund SIP,3850.0,UPI_AUTOPAY
I703305,2026-06-23,ELSS SIP,Mutual Fund SIP,1890.0,UPI_AUTOPAY
I703306,2026-06-23,Index Fund SIP,Mutual Fund SIP,6600.0,UPI_AUTOPAY
I703307,2026-06-24,Debt Fund SIP,Mutual Fund SIP,13360.0,UPI_AUTOPAY
I703308,2026-06-24,Debt Fund SIP,Mutual Fund SIP,4070.0,UPI_AUTOPAY
I703309,2026-06-24,Index Fund SIP,Mutual Fund SIP,16250.0,UPI_AUTOPAY
I703310,2026-06-24,Flexi Cap Fund SIP,Mutual Fund SIP,7200.0,UPI_AUTOPAY
I703311,2026-06-24,Small Cap Fund SIP,Mutual Fund SIP,5860.0,UPI_AUTOPAY
I703312,2026-06-24,Flexi Cap Fund SIP,Mutual Fund SIP,5230.0,UPI_AUTOPAY
I703313,2026-06-24,ELSS SIP,Mutual Fund SIP,7320.0,UPI_AUTOPAY
I703314,2026-06-25,Flexi Cap Fund SIP,Mutual Fund SIP,2460.0,UPI_AUTOPAY
I703315,2026-06-25,Index Fund SIP,Mutual Fund SIP,2980.0,UPI_AUTOPAY
I703316,2026-06-25,Index Fund SIP,Mutual Fund SIP,9290.0,UPI_AUTOPAY
I703317,2026-06-25,Index Fund SIP,Mutual Fund SIP,4960.0,UPI_AUTOPAY
I703318,2026-06-25,Small Cap Fund SIP,Mutual Fund SIP,2930.0,UPI_AUTOPAY
I703319,2026-06-25,Small Cap Fund SIP,Mutual Fund SIP,8120.0,UPI_AUTOPAY
I703320,2026-06-25,Debt Fund SIP,Mutual Fund SIP,9890.0,UPI_AUTOPAY
I703321,2026-06-25,Small Cap Fund SIP,Mutual Fund SIP,3990.0,UPI_AUTOPAY
I703322,2026-06-26,ELSS SIP,Mutual Fund SIP,11930.0,UPI_AUTOPAY
I703323,2026-06-26,ELSS SIP,Mutual Fund SIP,3460.0,UPI_AUTOPAY
I703324,2026-06-26,ELSS SIP,Mutual Fund SIP,8390.0,UPI_AUTOPAY
I703325,2026-06-26,ELSS SIP,Mutual Fund SIP,3030.0,UPI_AUTOPAY
I703326,2026-06-26,Index Fund SIP,Mutual Fund SIP,4940.0,UPI_AUTOPAY
I703327,2026-06-26,Debt Fund SIP,Mutual Fund SIP,13670.0,UPI_AUTOPAY
I703328,2026-06-27,ELSS SIP,Mutual Fund SIP,2240.0,UPI_AUTOPAY
I703329,2026-06-27,Debt Fund SIP,Mutual Fund SIP,11940.0,UPI_AUTOPAY
I703330,2026-06-27,Flexi Cap Fund SIP,Mutual Fund SIP,2190.0,UPI_AUTOPAY
I703331,2026-06-27,Broker wallet top-up,One-time Investment,31900.0,UPI_APP
I703332,2026-06-27,Flexi Cap Fund SIP,Mutual Fund SIP,3410.0,UPI_AUTOPAY
I703333,2026-06-27,Flexi Cap Fund SIP,Mutual Fund SIP,1400.0,UPI_AUTOPAY
I703334,2026-06-27,Broker wallet top-up,One-time Investment,18900.0,UPI_QR
I703335,2026-06-27,Debt Fund SIP,Mutual Fund SIP,3110.0,UPI_AUTOPAY
I703336,2026-06-27,Flexi Cap Fund SIP,Mutual Fund SIP,2310.0,UPI_AUTOPAY
I703337,2026-06-27,Debt Fund SIP,Mutual Fund SIP,7880.0,UPI_AUTOPAY
I703338,2026-06-27,ELSS SIP,Mutual Fund SIP,4860.0,UPI_AUTOPAY
I703339,2026-06-27,ELSS SIP,Mutual Fund SIP,12230.0,UPI_AUTOPAY
I703340,2026-06-27,Index Fund SIP,Mutual Fund SIP,3020.0,UPI_AUTOPAY
I703341,2026-06-28,Small Cap Fund SIP,Mutual Fund SIP,2570.0,UPI_AUTOPAY
I703342,2026-06-28,Small Cap Fund SIP,Mutual Fund SIP,2890.0,UPI_AUTOPAY
I703343,2026-06-28,Debt Fund SIP,Mutual Fund SIP,9920.0,UPI_AUTOPAY
I703344,2026-06-28,Small Cap Fund SIP,Mutual Fund SIP,5670.0,UPI_AUTOPAY
I703345,2026-06-28,Debt Fund SIP,Mutual Fund SIP,5680.0,UPI_AUTOPAY
I703346,2026-06-28,One-time fund purchase,One-time Investment,12900.0,UPI_APP
I703347,2026-06-28,Broker wallet top-up,One-time Investment,39900.0,UPI_APP
I703348,2026-06-28,Debt Fund SIP,Mutual Fund SIP,3230.0,UPI_AUTOPAY
I703349,2026-06-28,ELSS SIP,Mutual Fund SIP,6610.0,UPI_AUTOPAY
I703350,2026-06-28,Index Fund SIP,Mutual Fund SIP,2500.0,UPI_AUTOPAY
I703351,2026-06-28,Flexi Cap Fund SIP,Mutual Fund SIP,5510.0,UPI_AUTOPAY
I703352,2026-06-28,Index Fund SIP,Mutual Fund SIP,4030.0,UPI_AUTOPAY
I703353,2026-06-29,Debt Fund SIP,Mutual Fund SIP,2050.0,UPI_AUTOPAY
I703354,2026-06-29,Index Fund SIP,Mutual Fund SIP,6040.0,UPI_AUTOPAY
I703355,2026-06-29,Debt Fund SIP,Mutual Fund SIP,3820.0,UPI_AUTOPAY
I703356,2026-06-29,ELSS SIP,Mutual Fund SIP,10130.0,UPI_AUTOPAY
I703357,2026-06-29,Small Cap Fund SIP,Mutual Fund SIP,14450.0,UPI_AUTOPAY
I703358,2026-06-29,Small Cap Fund SIP,Mutual Fund SIP,2180.0,UPI_AUTOPAY
I703359,2026-06-29,Demat top-up,One-time Investment,39800.0,UPI_APP
I703360,2026-06-29,Index Fund SIP,Mutual Fund SIP,5600.0,UPI_AUTOPAY
I703361,2026-06-29,Debt Fund SIP,Mutual Fund SIP,3450.0,UPI_AUTOPAY
I703362,2026-06-29,IPO application,One-time Investment,373600.0,UPI_APP
I703363,2026-06-29,Debt Fund SIP,Mutual Fund SIP,4900.0,UPI_AUTOPAY
I703364,2026-06-29,ELSS SIP,Mutual Fund SIP,6180.0,UPI_AUTOPAY
I703365,2026-06-30,Small Cap Fund SIP,Mutual Fund SIP,15680.0,UPI_AUTOPAY
I703366,2026-06-30,ELSS SIP,Mutual Fund SIP,7080.0,UPI_AUTOPAY
I703367,2026-06-30,One-time fund purchase,One-time Investment,9400.0,UPI_APP
I703368,2026-06-30,One-time fund purchase,One-time Investment,14000.0,UPI_APP
I703369,2026-06-30,ELSS SIP,Mutual Fund SIP,5010.0,UPI_AUTOPAY
I703370,2026-06-30,Flexi Cap Fund SIP,Mutual Fund SIP,6350.0,UPI_AUTOPAY
I703371,2026-06-30,Small Cap Fund SIP,Mutual Fund SIP,2640.0,UPI_AUTOPAY
I703372,2026-06-30,Flexi Cap Fund SIP,Mutual Fund SIP,13710.0,UPI_AUTOPAY
I703373,2026-06-30,Index Fund SIP,Mutual Fund SIP,5160.0,UPI_AUTOPAY
I703374,2026-07-01,Debt Fund SIP,Mutual Fund SIP,9440.0,UPI_AUTOPAY
I703375,2026-07-01,Flexi Cap Fund SIP,Mutual Fund SIP,7590.0,UPI_AUTOPAY
I703376,2026-07-01,ELSS SIP,Mutual Fund SIP,1980.0,UPI_AUTOPAY
I703377,2026-07-01,ELSS SIP,Mutual Fund SIP,5500.0,UPI_AUTOPAY
I703378,2026-07-01,Flexi Cap Fund SIP,Mutual Fund SIP,4630.0,UPI_AUTOPAY
I703379,2026-07-01,Small Cap Fund SIP,Mutual Fund SIP,4430.0,UPI_AUTOPAY
I703380,2026-07-01,Index Fund SIP,Mutual Fund SIP,4810.0,UPI_AUTOPAY
I703381,2026-07-01,Debt Fund SIP,Mutual Fund SIP,2720.0,UPI_AUTOPAY
I703382,2026-07-01,Debt Fund SIP,Mutual Fund SIP,2290.0,UPI_AUTOPAY
I703383,2026-07-01,Small Cap Fund SIP,Mutual Fund SIP,15770.0,UPI_AUTOPAY
I703384,2026-07-01,Debt Fund SIP,Mutual Fund SIP,3690.0,UPI_AUTOPAY
I703385,2026-07-02,Index Fund SIP,Mutual Fund SIP,18100.0,UPI_AUTOPAY
I703386,2026-07-02,Flexi Cap Fund SIP,Mutual Fund SIP,3970.0,UPI_AUTOPAY
I703387,2026-07-02,Flexi Cap Fund SIP,Mutual Fund SIP,5230.0,UPI_AUTOPAY
I703388,2026-07-02,Debt Fund SIP,Mutual Fund SIP,5860.0,UPI_AUTOPAY
I703389,2026-07-02,Small Cap Fund SIP,Mutual Fund SIP,7940.0,UPI_AUTOPAY
I703390,2026-07-02,Small Cap Fund SIP,Mutual Fund SIP,3440.0,UPI_AUTOPAY
I703391,2026-07-02,Index Fund SIP,Mutual Fund SIP,6490.0,UPI_AUTOPAY
I703392,2026-07-02,Small Cap Fund SIP,Mutual Fund SIP,12420.0,UPI_AUTOPAY
I703393,2026-07-02,One-time fund purchase,One-time Investment,12800.0,UPI_QR
I703394,2026-07-02,Flexi Cap Fund SIP,Mutual Fund SIP,5490.0,UPI_AUTOPAY
I703395,2026-07-02,Demat top-up,One-time Investment,81200.0,UPI_APP
I703396,2026-07-02,Debt Fund SIP,Mutual Fund SIP,3610.0,UPI_AUTOPAY
I703397,2026-07-02,ELSS SIP,Mutual Fund SIP,2020.0,UPI_AUTOPAY
I703398,2026-07-02,Index Fund SIP,Mutual Fund SIP,3170.0,UPI_AUTOPAY
I703399,2026-07-03,Flexi Cap Fund SIP,Mutual Fund SIP,3650.0,UPI_AUTOPAY
I703400,2026-07-03,Flexi Cap Fund SIP,Mutual Fund SIP,3490.0,UPI_AUTOPAY
I703401,2026-07-03,Flexi Cap Fund SIP,Mutual Fund SIP,6610.0,UPI_AUTOPAY
I703402,2026-07-03,Small Cap Fund SIP,Mutual Fund SIP,3130.0,UPI_AUTOPAY
I703403,2026-07-03,Debt Fund SIP,Mutual Fund SIP,4520.0,UPI_AUTOPAY
I703404,2026-07-03,Demat top-up,One-time Investment,37700.0,UPI_APP
I703405,2026-07-03,Index Fund SIP,Mutual Fund SIP,9010.0,UPI_AUTOPAY
I703406,2026-07-03,Flexi Cap Fund SIP,Mutual Fund SIP,14730.0,UPI_AUTOPAY
I703407,2026-07-03,Small Cap Fund SIP,Mutual Fund SIP,5110.0,UPI_AUTOPAY
I703408,2026-07-03,Small Cap Fund SIP,Mutual Fund SIP,3580.0,UPI_AUTOPAY
I703409,2026-07-04,Debt Fund SIP,Mutual Fund SIP,2250.0,UPI_AUTOPAY
I703410,2026-07-04,Index Fund SIP,Mutual Fund SIP,2990.0,UPI_AUTOPAY
I703411,2026-07-04,Flexi Cap Fund SIP,Mutual Fund SIP,4770.0,UPI_AUTOPAY
I703412,2026-07-04,Debt Fund SIP,Mutual Fund SIP,5510.0,UPI_AUTOPAY
I703413,2026-07-04,IPO application,One-time Investment,123300.0,UPI_APP
I703414,2026-07-04,Flexi Cap Fund SIP,Mutual Fund SIP,1660.0,UPI_AUTOPAY
I703415,2026-07-04,Debt Fund SIP,Mutual Fund SIP,1620.0,UPI_AUTOPAY
I703416,2026-07-04,Flexi Cap Fund SIP,Mutual Fund SIP,5160.0,UPI_AUTOPAY
I703417,2026-07-04,ELSS SIP,Mutual Fund SIP,1660.0,UPI_AUTOPAY
I703418,2026-07-04,Small Cap Fund SIP,Mutual Fund SIP,8290.0,UPI_AUTOPAY
I703419,2026-07-04,ELSS SIP,Mutual Fund SIP,7360.0,UPI_AUTOPAY
I703420,2026-07-04,Flexi Cap Fund SIP,Mutual Fund SIP,3220.0,UPI_AUTOPAY
I703421,2026-07-04,Broker wallet top-up,One-time Investment,11300.0,UPI_APP
I703422,2026-07-04,Index Fund SIP,Mutual Fund SIP,3850.0,UPI_AUTOPAY
I703423,2026-07-04,Small Cap Fund SIP,Mutual Fund SIP,6700.0,UPI_AUTOPAY
I703424,2026-07-04,Flexi Cap Fund SIP,Mutual Fund SIP,7520.0,UPI_AUTOPAY
I703425,2026-07-04,Flexi Cap Fund SIP,Mutual Fund SIP,6800.0,UPI_AUTOPAY
I703426,2026-07-04,Flexi Cap Fund SIP,Mutual Fund SIP,1710.0,UPI_AUTOPAY
I703427,2026-07-05,Small Cap Fund SIP,Mutual Fund SIP,2720.0,UPI_AUTOPAY
I703428,2026-07-05,Flexi Cap Fund SIP,Mutual Fund SIP,3320.0,UPI_AUTOPAY
I703429,2026-07-05,Small Cap Fund SIP,Mutual Fund SIP,6490.0,UPI_AUTOPAY
I703430,2026-07-05,Index Fund SIP,Mutual Fund SIP,6160.0,UPI_AUTOPAY
I703431,2026-07-05,Flexi Cap Fund SIP,Mutual Fund SIP,1780.0,UPI_AUTOPAY
I703432,2026-07-05,Debt Fund SIP,Mutual Fund SIP,8090.0,UPI_AUTOPAY
I703433,2026-07-05,Small Cap Fund SIP,Mutual Fund SIP,970.0,UPI_AUTOPAY
I703434,2026-07-05,ELSS SIP,Mutual Fund SIP,4260.0,UPI_AUTOPAY
I703435,2026-07-05,Index Fund SIP,Mutual Fund SIP,4870.0,UPI_AUTOPAY
I703436,2026-07-05,Debt Fund SIP,Mutual Fund SIP,2750.0,UPI_AUTOPAY
I703437,2026-07-05,Debt Fund SIP,Mutual Fund SIP,6800.0,UPI_AUTOPAY
I703438,2026-07-05,Debt Fund SIP,Mutual Fund SIP,20470.0,UPI_AUTOPAY
I703439,2026-07-05,Debt Fund SIP,Mutual Fund SIP,4520.0,UPI_AUTOPAY
I703440,2026-07-05,Small Cap Fund SIP,Mutual Fund SIP,3580.0,UPI_AUTOPAY
I703441,2026-07-05,Small Cap Fund SIP,Mutual Fund SIP,9170.0,UPI_AUTOPAY
I703442,2026-07-05,Index Fund SIP,Mutual Fund SIP,5460.0,UPI_AUTOPAY
I703443,2026-07-05,Flexi Cap Fund SIP,Mutual Fund SIP,6650.0,UPI_AUTOPAY
I703444,2026-07-05,Debt Fund SIP,Mutual Fund SIP,4860.0,UPI_AUTOPAY
I703445,2026-07-05,Debt Fund SIP,Mutual Fund SIP,3650.0,UPI_AUTOPAY
I703446,2026-07-05,Small Cap Fund SIP,Mutual Fund SIP,2490.0,UPI_AUTOPAY
I703447,2026-07-05,Small Cap Fund SIP,Mutual Fund SIP,8310.0,UPI_AUTOPAY
I703448,2026-07-06,Flexi Cap Fund SIP,Mutual Fund SIP,5150.0,UPI_AUTOPAY
I703449,2026-07-06,Small Cap Fund SIP,Mutual Fund SIP,2300.0,UPI_AUTOPAY
I703450,2026-07-06,Small Cap Fund SIP,Mutual Fund SIP,5030.0,UPI_AUTOPAY
I703451,2026-07-06,Debt Fund SIP,Mutual Fund SIP,2900.0,UPI_AUTOPAY
I703452,2026-07-06,Debt Fund SIP,Mutual Fund SIP,8010.0,UPI_AUTOPAY
I703453,2026-07-07,Debt Fund SIP,Mutual Fund SIP,4300.0,UPI_AUTOPAY
I703454,2026-07-07,Small Cap Fund SIP,Mutual Fund SIP,3150.0,UPI_AUTOPAY
I703455,2026-07-07,Small Cap Fund SIP,Mutual Fund SIP,2890.0,UPI_AUTOPAY
I703456,2026-07-07,ELSS SIP,Mutual Fund SIP,6820.0,UPI_AUTOPAY
I703457,2026-07-07,Small Cap Fund SIP,Mutual Fund SIP,1910.0,UPI_AUTOPAY
I703458,2026-07-07,Flexi Cap Fund SIP,Mutual Fund SIP,4230.0,UPI_AUTOPAY
I703459,2026-07-07,Index Fund SIP,Mutual Fund SIP,2570.0,UPI_AUTOPAY
I703460,2026-07-07,Small Cap Fund SIP,Mutual Fund SIP,8550.0,UPI_AUTOPAY
I703461,2026-07-07,Small Cap Fund SIP,Mutual Fund SIP,3840.0,UPI_AUTOPAY
I703462,2026-07-07,ELSS SIP,Mutual Fund SIP,4230.0,UPI_AUTOPAY
I703463,2026-07-08,Small Cap Fund SIP,Mutual Fund SIP,3660.0,UPI_AUTOPAY
I703464,2026-07-08,One-time fund purchase,One-time Investment,105600.0,UPI_APP
I703465,2026-07-08,ELSS SIP,Mutual Fund SIP,8240.0,UPI_AUTOPAY
I703466,2026-07-08,Debt Fund SIP,Mutual Fund SIP,3830.0,UPI_AUTOPAY
I703467,2026-07-08,Index Fund SIP,Mutual Fund SIP,8130.0,UPI_AUTOPAY
I703468,2026-07-08,Debt Fund SIP,Mutual Fund SIP,2330.0,UPI_AUTOPAY
I703469,2026-07-08,Small Cap Fund SIP,Mutual Fund SIP,2630.0,UPI_AUTOPAY
I703470,2026-07-08,Index Fund SIP,Mutual Fund SIP,800.0,UPI_AUTOPAY
I703471,2026-07-09,Small Cap Fund SIP,Mutual Fund SIP,3470.0,UPI_AUTOPAY
I703472,2026-07-09,Index Fund SIP,Mutual Fund SIP,3310.0,UPI_AUTOPAY
I703473,2026-07-09,ELSS SIP,Mutual Fund SIP,8220.0,UPI_AUTOPAY
I703474,2026-07-09,Index Fund SIP,Mutual Fund SIP,4340.0,UPI_AUTOPAY
I703475,2026-07-09,Flexi Cap Fund SIP,Mutual Fund SIP,2870.0,UPI_AUTOPAY
I703476,2026-07-09,Index Fund SIP,Mutual Fund SIP,970.0,UPI_AUTOPAY
I703477,2026-07-09,Flexi Cap Fund SIP,Mutual Fund SIP,4320.0,UPI_AUTOPAY
I703478,2026-07-09,Small Cap Fund SIP,Mutual Fund SIP,1500.0,UPI_AUTOPAY
I703479,2026-07-09,Small Cap Fund SIP,Mutual Fund SIP,13030.0,UPI_AUTOPAY
I703480,2026-07-09,Index Fund SIP,Mutual Fund SIP,6530.0,UPI_AUTOPAY
I703481,2026-07-09,ELSS SIP,Mutual Fund SIP,7220.0,UPI_AUTOPAY
I703482,2026-07-09,Index Fund SIP,Mutual Fund SIP,1610.0,UPI_AUTOPAY
I703483,2026-07-09,Index Fund SIP,Mutual Fund SIP,20060.0,UPI_AUTOPAY
I703484,2026-07-09,Small Cap Fund SIP,Mutual Fund SIP,4220.0,UPI_AUTOPAY
I703485,2026-07-09,IPO application,One-time Investment,13500.0,UPI_APP
I703486,2026-07-09,Debt Fund SIP,Mutual Fund SIP,14120.0,UPI_AUTOPAY
I703487,2026-07-10,ELSS SIP,Mutual Fund SIP,3520.0,UPI_AUTOPAY
I703488,2026-07-10,Small Cap Fund SIP,Mutual Fund SIP,5740.0,UPI_AUTOPAY
I703489,2026-07-10,Debt Fund SIP,Mutual Fund SIP,11160.0,UPI_AUTOPAY
I703490,2026-07-10,Flexi Cap Fund SIP,Mutual Fund SIP,3260.0,UPI_AUTOPAY
I703491,2026-07-10,Flexi Cap Fund SIP,Mutual Fund SIP,4260.0,UPI_AUTOPAY
I703492,2026-07-10,Flexi Cap Fund SIP,Mutual Fund SIP,11770.0,UPI_AUTOPAY
I703493,2026-07-10,Small Cap Fund SIP,Mutual Fund SIP,14650.0,UPI_AUTOPAY
I703494,2026-07-10,Broker wallet top-up,One-time Investment,11300.0,UPI_APP
I703495,2026-07-10,Small Cap Fund SIP,Mutual Fund SIP,1810.0,UPI_AUTOPAY
I703496,2026-07-10,ELSS SIP,Mutual Fund SIP,7320.0,UPI_AUTOPAY
I703497,2026-07-10,Flexi Cap Fund SIP,Mutual Fund SIP,8720.0,UPI_AUTOPAY
I703498,2026-07-10,Small Cap Fund SIP,Mutual Fund SIP,9040.0,UPI_AUTOPAY
I703499,2026-07-11,Small Cap Fund SIP,Mutual Fund SIP,4060.0,UPI_AUTOPAY
I703500,2026-07-11,Small Cap Fund SIP,Mutual Fund SIP,7860.0,UPI_AUTOPAY
I703501,2026-07-11,One-time fund purchase,One-time Investment,20600.0,UPI_APP
I703502,2026-07-11,ELSS SIP,Mutual Fund SIP,14320.0,UPI_AUTOPAY
I703503,2026-07-11,ELSS SIP,Mutual Fund SIP,3410.0,UPI_AUTOPAY
I703504,2026-07-11,Index Fund SIP,Mutual Fund SIP,9460.0,UPI_AUTOPAY
I703505,2026-07-11,Index Fund SIP,Mutual Fund SIP,6910.0,UPI_AUTOPAY
I703506,2026-07-11,Flexi Cap Fund SIP,Mutual Fund SIP,7760.0,UPI_AUTOPAY
I703507,2026-07-11,Debt Fund SIP,Mutual Fund SIP,3520.0,UPI_AUTOPAY
I703508,2026-07-11,Index Fund SIP,Mutual Fund SIP,3750.0,UPI_AUTOPAY
I703509,2026-07-11,ELSS SIP,Mutual Fund SIP,4970.0,UPI_AUTOPAY
I703510,2026-07-11,Small Cap Fund SIP,Mutual Fund SIP,5310.0,UPI_AUTOPAY
I703511,2026-07-11,Index Fund SIP,Mutual Fund SIP,2010.0,UPI_AUTOPAY
I703512,2026-07-11,Debt Fund SIP,Mutual Fund SIP,2470.0,UPI_AUTOPAY
I703513,2026-07-12,Broker wallet top-up,One-time Investment,51600.0,UPI_APP
I703514,2026-07-12,One-time fund purchase,One-time Investment,8800.0,UPI_APP
I703515,2026-07-12,Debt Fund SIP,Mutual Fund SIP,6710.0,UPI_AUTOPAY
I703516,2026-07-12,Flexi Cap Fund SIP,Mutual Fund SIP,6030.0,UPI_AUTOPAY
I703517,2026-07-12,Debt Fund SIP,Mutual Fund SIP,6920.0,UPI_AUTOPAY
I703518,2026-07-12,Small Cap Fund SIP,Mutual Fund SIP,5720.0,UPI_AUTOPAY
I703519,2026-07-12,Debt Fund SIP,Mutual Fund SIP,3440.0,UPI_AUTOPAY
I703520,2026-07-12,Debt Fund SIP,Mutual Fund SIP,4520.0,UPI_AUTOPAY
I703521,2026-07-12,Flexi Cap Fund SIP,Mutual Fund SIP,4440.0,UPI_AUTOPAY
I703522,2026-07-12,ELSS SIP,Mutual Fund SIP,8070.0,UPI_AUTOPAY
I703523,2026-07-12,ELSS SIP,Mutual Fund SIP,8850.0,UPI_AUTOPAY
I703524,2026-07-12,Index Fund SIP,Mutual Fund SIP,7650.0,UPI_AUTOPAY
I703525,2026-07-12,Broker wallet top-up,One-time Investment,4400.0,UPI_APP
I703526,2026-07-12,Small Cap Fund SIP,Mutual Fund SIP,8470.0,UPI_AUTOPAY
I703527,2026-07-12,Flexi Cap Fund SIP,Mutual Fund SIP,13960.0,UPI_AUTOPAY
I703528,2026-07-12,Small Cap Fund SIP,Mutual Fund SIP,14500.0,UPI_AUTOPAY
I703529,2026-07-12,ELSS SIP,Mutual Fund SIP,7100.0,UPI_AUTOPAY
I703530,2026-07-12,Flexi Cap Fund SIP,Mutual Fund SIP,8370.0,UPI_AUTOPAY
I703531,2026-07-12,ELSS SIP,Mutual Fund SIP,6870.0,UPI_AUTOPAY
I703532,2026-07-13,Debt Fund SIP,Mutual Fund SIP,5340.0,UPI_AUTOPAY
I703533,2026-07-13,Index Fund SIP,Mutual Fund SIP,5170.0,UPI_AUTOPAY
I703534,2026-07-13,Flexi Cap Fund SIP,Mutual Fund SIP,7410.0,UPI_AUTOPAY
I703535,2026-07-13,ELSS SIP,Mutual Fund SIP,9330.0,UPI_AUTOPAY
I703536,2026-07-13,Flexi Cap Fund SIP,Mutual Fund SIP,9260.0,UPI_AUTOPAY
I703537,2026-07-13,Index Fund SIP,Mutual Fund SIP,2670.0,UPI_AUTOPAY
I703538,2026-07-13,Small Cap Fund SIP,Mutual Fund SIP,4520.0,UPI_AUTOPAY
I703539,2026-07-13,Index Fund SIP,Mutual Fund SIP,3300.0,UPI_AUTOPAY
I703540,2026-07-13,Index Fund SIP,Mutual Fund SIP,4400.0,UPI_AUTOPAY
I703541,2026-07-14,ELSS SIP,Mutual Fund SIP,1080.0,UPI_AUTOPAY
I703542,2026-07-14,Index Fund SIP,Mutual Fund SIP,9810.0,UPI_AUTOPAY
I703543,2026-07-14,ELSS SIP,Mutual Fund SIP,7660.0,UPI_AUTOPAY
I703544,2026-07-14,Debt Fund SIP,Mutual Fund SIP,6540.0,UPI_AUTOPAY
I703545,2026-07-14,Flexi Cap Fund SIP,Mutual Fund SIP,5490.0,UPI_AUTOPAY
I703546,2026-07-14,Index Fund SIP,Mutual Fund SIP,1820.0,UPI_AUTOPAY
I703547,2026-07-14,ELSS SIP,Mutual Fund SIP,4870.0,UPI_AUTOPAY
I703548,2026-07-14,ELSS SIP,Mutual Fund SIP,8120.0,UPI_AUTOPAY
I703549,2026-07-14,ELSS SIP,Mutual Fund SIP,12330.0,UPI_AUTOPAY
I703550,2026-07-14,Debt Fund SIP,Mutual Fund SIP,9800.0,UPI_AUTOPAY
I703551,2026-07-14,IPO application,One-time Investment,56200.0,UPI_APP
I703552,2026-07-15,Small Cap Fund SIP,Mutual Fund SIP,2030.0,UPI_AUTOPAY
I703553,2026-07-15,Flexi Cap Fund SIP,Mutual Fund SIP,8650.0,UPI_AUTOPAY
I703554,2026-07-15,Flexi Cap Fund SIP,Mutual Fund SIP,4470.0,UPI_AUTOPAY
I703555,2026-07-15,Index Fund SIP,Mutual Fund SIP,8250.0,UPI_AUTOPAY
I703556,2026-07-15,Flexi Cap Fund SIP,Mutual Fund SIP,2500.0,UPI_AUTOPAY
I703557,2026-07-15,Flexi Cap Fund SIP,Mutual Fund SIP,4750.0,UPI_AUTOPAY
I703558,2026-07-15,ELSS SIP,Mutual Fund SIP,2330.0,UPI_AUTOPAY
I703559,2026-07-15,Debt Fund SIP,Mutual Fund SIP,2760.0,UPI_AUTOPAY
I703560,2026-07-16,Index Fund SIP,Mutual Fund SIP,5840.0,UPI_AUTOPAY
I703561,2026-07-16,One-time fund purchase,One-time Investment,19900.0,UPI_APP
I703562,2026-07-16,One-time fund purchase,One-time Investment,80900.0,UPI_APP
I703563,2026-07-16,ELSS SIP,Mutual Fund SIP,2520.0,UPI_AUTOPAY
I703564,2026-07-16,ELSS SIP,Mutual Fund SIP,12070.0,UPI_AUTOPAY
I703565,2026-07-16,Flexi Cap Fund SIP,Mutual Fund SIP,5290.0,UPI_AUTOPAY
I703566,2026-07-16,ELSS SIP,Mutual Fund SIP,3620.0,UPI_AUTOPAY
I703567,2026-07-16,Debt Fund SIP,Mutual Fund SIP,9120.0,UPI_AUTOPAY
I703568,2026-07-16,Flexi Cap Fund SIP,Mutual Fund SIP,4150.0,UPI_AUTOPAY
I703569,2026-07-17,Flexi Cap Fund SIP,Mutual Fund SIP,2820.0,UPI_AUTOPAY
I703570,2026-07-17,ELSS SIP,Mutual Fund SIP,13330.0,UPI_AUTOPAY
I703571,2026-07-17,Debt Fund SIP,Mutual Fund SIP,2910.0,UPI_AUTOPAY
I703572,2026-07-17,Debt Fund SIP,Mutual Fund SIP,6040.0,UPI_AUTOPAY
I703573,2026-07-17,Debt Fund SIP,Mutual Fund SIP,15450.0,UPI_AUTOPAY
I703574,2026-07-17,Flexi Cap Fund SIP,Mutual Fund SIP,3000.0,UPI_AUTOPAY
I703575,2026-07-17,ELSS SIP,Mutual Fund SIP,3860.0,UPI_AUTOPAY
I703576,2026-07-17,Debt Fund SIP,Mutual Fund SIP,2980.0,UPI_AUTOPAY
I703577,2026-07-17,Small Cap Fund SIP,Mutual Fund SIP,5870.0,UPI_AUTOPAY
I703578,2026-07-17,Flexi Cap Fund SIP,Mutual Fund SIP,6050.0,UPI_AUTOPAY
I703579,2026-07-17,Flexi Cap Fund SIP,Mutual Fund SIP,9470.0,UPI_AUTOPAY
I703580,2026-07-17,Small Cap Fund SIP,Mutual Fund SIP,5170.0,UPI_AUTOPAY
I703581,2026-07-17,Flexi Cap Fund SIP,Mutual Fund SIP,4190.0,UPI_AUTOPAY
I703582,2026-07-17,ELSS SIP,Mutual Fund SIP,2290.0,UPI_AUTOPAY
I703583,2026-07-18,Flexi Cap Fund SIP,Mutual Fund SIP,6050.0,UPI_AUTOPAY
I703584,2026-07-18,ELSS SIP,Mutual Fund SIP,1990.0,UPI_AUTOPAY
I703585,2026-07-18,Index Fund SIP,Mutual Fund SIP,3360.0,UPI_AUTOPAY
I703586,2026-07-18,Index Fund SIP,Mutual Fund SIP,11860.0,UPI_AUTOPAY
I703587,2026-07-18,Debt Fund SIP,Mutual Fund SIP,8050.0,UPI_AUTOPAY
I703588,2026-07-18,Debt Fund SIP,Mutual Fund SIP,3750.0,UPI_AUTOPAY
I703589,2026-07-18,ELSS SIP,Mutual Fund SIP,12850.0,UPI_AUTOPAY
I703590,2026-07-18,ELSS SIP,Mutual Fund SIP,4140.0,UPI_AUTOPAY
I703591,2026-07-18,Small Cap Fund SIP,Mutual Fund SIP,4580.0,UPI_AUTOPAY
I703592,2026-07-18,Small Cap Fund SIP,Mutual Fund SIP,5030.0,UPI_AUTOPAY
I703593,2026-07-18,One-time fund purchase,One-time Investment,7900.0,UPI_APP
I703594,2026-07-18,ELSS SIP,Mutual Fund SIP,2310.0,UPI_AUTOPAY
I703595,2026-07-18,ELSS SIP,Mutual Fund SIP,2640.0,UPI_AUTOPAY
I703596,2026-07-19,One-time fund purchase,One-time Investment,152900.0,UPI_APP
I703597,2026-07-19,Debt Fund SIP,Mutual Fund SIP,5390.0,UPI_AUTOPAY
I703598,2026-07-19,Index Fund SIP,Mutual Fund SIP,5920.0,UPI_AUTOPAY
I703599,2026-07-19,Debt Fund SIP,Mutual Fund SIP,5490.0,UPI_AUTOPAY
I703600,2026-07-19,Index Fund SIP,Mutual Fund SIP,3950.0,UPI_AUTOPAY
I703601,2026-07-19,One-time fund purchase,One-time Investment,45900.0,UPI_APP
I703602,2026-07-19,Small Cap Fund SIP,Mutual Fund SIP,6330.0,UPI_AUTOPAY
I703603,2026-07-19,Index Fund SIP,Mutual Fund SIP,1730.0,UPI_AUTOPAY
I703604,2026-07-19,ELSS SIP,Mutual Fund SIP,6200.0,UPI_AUTOPAY
I703605,2026-07-19,Flexi Cap Fund SIP,Mutual Fund SIP,2320.0,UPI_AUTOPAY
I703606,2026-07-19,IPO application,One-time Investment,4600.0,UPI_APP
I703607,2026-07-19,ELSS SIP,Mutual Fund SIP,4610.0,UPI_AUTOPAY
I703608,2026-07-19,Small Cap Fund SIP,Mutual Fund SIP,3730.0,UPI_AUTOPAY
I703609,2026-07-19,Small Cap Fund SIP,Mutual Fund SIP,10160.0,UPI_AUTOPAY
I703610,2026-07-19,Flexi Cap Fund SIP,Mutual Fund SIP,11070.0,UPI_AUTOPAY
I703611,2026-07-20,Flexi Cap Fund SIP,Mutual Fund SIP,5990.0,UPI_AUTOPAY
I703612,2026-07-20,Debt Fund SIP,Mutual Fund SIP,9380.0,UPI_AUTOPAY
I703613,2026-07-20,Debt Fund SIP,Mutual Fund SIP,7380.0,UPI_AUTOPAY
I703614,2026-07-20,Small Cap Fund SIP,Mutual Fund SIP,9160.0,UPI_AUTOPAY
I703615,2026-07-20,Broker wallet top-up,One-time Investment,60800.0,UPI_APP
I703616,2026-07-20,Debt Fund SIP,Mutual Fund SIP,4850.0,UPI_AUTOPAY
I703617,2026-07-20,Demat top-up,One-time Investment,52700.0,UPI_APP
I703618,2026-07-20,ELSS SIP,Mutual Fund SIP,1060.0,UPI_AUTOPAY
I703619,2026-07-20,Index Fund SIP,Mutual Fund SIP,8090.0,UPI_AUTOPAY
I703620,2026-07-20,Broker wallet top-up,One-time Investment,38300.0,UPI_APP
I703621,2026-07-21,Small Cap Fund SIP,Mutual Fund SIP,7790.0,UPI_AUTOPAY
I703622,2026-07-21,Index Fund SIP,Mutual Fund SIP,5110.0,UPI_AUTOPAY
I703623,2026-07-21,Flexi Cap Fund SIP,Mutual Fund SIP,2040.0,UPI_AUTOPAY
I703624,2026-07-21,Flexi Cap Fund SIP,Mutual Fund SIP,4560.0,UPI_AUTOPAY
I703625,2026-07-21,Small Cap Fund SIP,Mutual Fund SIP,2700.0,UPI_AUTOPAY
I703626,2026-07-21,Flexi Cap Fund SIP,Mutual Fund SIP,20800.0,UPI_AUTOPAY
I703627,2026-07-21,Flexi Cap Fund SIP,Mutual Fund SIP,7040.0,UPI_AUTOPAY
I703628,2026-07-21,Index Fund SIP,Mutual Fund SIP,4620.0,UPI_AUTOPAY
I703629,2026-07-21,ELSS SIP,Mutual Fund SIP,1200.0,UPI_AUTOPAY
I703630,2026-07-21,ELSS SIP,Mutual Fund SIP,6960.0,UPI_AUTOPAY
I703631,2026-07-21,Flexi Cap Fund SIP,Mutual Fund SIP,17790.0,UPI_AUTOPAY
I703632,2026-07-22,Demat top-up,One-time Investment,41100.0,UPI_QR
I703633,2026-07-22,Index Fund SIP,Mutual Fund SIP,8780.0,UPI_AUTOPAY
I703634,2026-07-22,Index Fund SIP,Mutual Fund SIP,2490.0,UPI_AUTOPAY
I703635,2026-07-22,Debt Fund SIP,Mutual Fund SIP,11450.0,UPI_AUTOPAY
I703636,2026-07-22,ELSS SIP,Mutual Fund SIP,1780.0,UPI_AUTOPAY
I703637,2026-07-22,Flexi Cap Fund SIP,Mutual Fund SIP,4900.0,UPI_AUTOPAY
I703638,2026-07-22,Flexi Cap Fund SIP,Mutual Fund SIP,6760.0,UPI_AUTOPAY
I703639,2026-07-22,Debt Fund SIP,Mutual Fund SIP,7210.0,UPI_AUTOPAY
I703640,2026-07-22,Flexi Cap Fund SIP,Mutual Fund SIP,2190.0,UPI_AUTOPAY
I703641,2026-07-22,ELSS SIP,Mutual Fund SIP,2290.0,UPI_AUTOPAY
I703642,2026-07-23,ELSS SIP,Mutual Fund SIP,1310.0,UPI_AUTOPAY
I703643,2026-07-23,Flexi Cap Fund SIP,Mutual Fund SIP,7320.0,UPI_AUTOPAY
I703644,2026-07-23,Index Fund SIP,Mutual Fund SIP,4500.0,UPI_AUTOPAY
I703645,2026-07-23,Small Cap Fund SIP,Mutual Fund SIP,5810.0,UPI_AUTOPAY
I703646,2026-07-23,Index Fund SIP,Mutual Fund SIP,3030.0,UPI_AUTOPAY
I703647,2026-07-23,Index Fund SIP,Mutual Fund SIP,8590.0,UPI_AUTOPAY
I703648,2026-07-23,ELSS SIP,Mutual Fund SIP,10360.0,UPI_AUTOPAY
I703649,2026-07-23,Broker wallet top-up,One-time Investment,11800.0,UPI_APP
I703650,2026-07-23,Small Cap Fund SIP,Mutual Fund SIP,1780.0,UPI_AUTOPAY
I703651,2026-07-23,Debt Fund SIP,Mutual Fund SIP,3070.0,UPI_AUTOPAY
I703652,2026-07-23,Debt Fund SIP,Mutual Fund SIP,5070.0,UPI_AUTOPAY
I703653,2026-07-23,Index Fund SIP,Mutual Fund SIP,4390.0,UPI_AUTOPAY
I703654,2026-07-23,ELSS SIP,Mutual Fund SIP,3720.0,UPI_AUTOPAY
I703655,2026-07-23,Small Cap Fund SIP,Mutual Fund SIP,2430.0,UPI_AUTOPAY
I703656,2026-07-24,Index Fund SIP,Mutual Fund SIP,5190.0,UPI_AUTOPAY
I703657,2026-07-24,Debt Fund SIP,Mutual Fund SIP,7770.0,UPI_AUTOPAY
I703658,2026-07-24,One-time fund purchase,One-time Investment,36900.0,UPI_APP
I703659,2026-07-24,Small Cap Fund SIP,Mutual Fund SIP,13540.0,UPI_AUTOPAY
I703660,2026-07-24,Debt Fund SIP,Mutual Fund SIP,5560.0,UPI_AUTOPAY
I703661,2026-07-24,ELSS SIP,Mutual Fund SIP,5120.0,UPI_AUTOPAY
I703662,2026-07-24,ELSS SIP,Mutual Fund SIP,1700.0,UPI_AUTOPAY
I703663,2026-07-24,Small Cap Fund SIP,Mutual Fund SIP,5540.0,UPI_AUTOPAY
I703664,2026-07-24,Flexi Cap Fund SIP,Mutual Fund SIP,1710.0,UPI_AUTOPAY
I703665,2026-07-25,Debt Fund SIP,Mutual Fund SIP,4070.0,UPI_AUTOPAY
I703666,2026-07-25,Index Fund SIP,Mutual Fund SIP,6370.0,UPI_AUTOPAY
I703667,2026-07-25,Debt Fund SIP,Mutual Fund SIP,3880.0,UPI_AUTOPAY
I703668,2026-07-25,Small Cap Fund SIP,Mutual Fund SIP,9050.0,UPI_AUTOPAY
I703669,2026-07-25,Small Cap Fund SIP,Mutual Fund SIP,2910.0,UPI_AUTOPAY
I703670,2026-07-25,ELSS SIP,Mutual Fund SIP,2480.0,UPI_AUTOPAY
I703671,2026-07-25,Small Cap Fund SIP,Mutual Fund SIP,6140.0,UPI_AUTOPAY
I703672,2026-07-25,ELSS SIP,Mutual Fund SIP,1900.0,UPI_AUTOPAY
I703673,2026-07-25,Flexi Cap Fund SIP,Mutual Fund SIP,7290.0,UPI_AUTOPAY
I703674,2026-07-25,Debt Fund SIP,Mutual Fund SIP,3160.0,UPI_AUTOPAY
I703675,2026-07-25,Index Fund SIP,Mutual Fund SIP,12620.0,UPI_AUTOPAY
I703676,2026-07-25,Index Fund SIP,Mutual Fund SIP,9750.0,UPI_AUTOPAY
I703677,2026-07-25,Flexi Cap Fund SIP,Mutual Fund SIP,17820.0,UPI_AUTOPAY
I703678,2026-07-25,Small Cap Fund SIP,Mutual Fund SIP,5290.0,UPI_AUTOPAY
I703679,2026-07-25,Index Fund SIP,Mutual Fund SIP,9140.0,UPI_AUTOPAY
I703680,2026-07-25,ELSS SIP,Mutual Fund SIP,2350.0,UPI_AUTOPAY
I703681,2026-07-25,Small Cap Fund SIP,Mutual Fund SIP,4700.0,UPI_AUTOPAY
I703682,2026-07-25,Flexi Cap Fund SIP,Mutual Fund SIP,6080.0,UPI_AUTOPAY
I703683,2026-07-25,Flexi Cap Fund SIP,Mutual Fund SIP,5220.0,UPI_AUTOPAY
I703684,2026-07-25,Index Fund SIP,Mutual Fund SIP,6310.0,UPI_AUTOPAY
I703685,2026-07-25,Debt Fund SIP,Mutual Fund SIP,3190.0,UPI_AUTOPAY
I703686,2026-07-25,ELSS SIP,Mutual Fund SIP,9160.0,UPI_AUTOPAY
I703687,2026-07-25,Index Fund SIP,Mutual Fund SIP,6670.0,UPI_AUTOPAY
I703688,2026-07-25,One-time fund purchase,One-time Investment,39200.0,UPI_APP
I703689,2026-07-26,Index Fund SIP,Mutual Fund SIP,8250.0,UPI_AUTOPAY
I703690,2026-07-26,Flexi Cap Fund SIP,Mutual Fund SIP,9640.0,UPI_AUTOPAY
I703691,2026-07-26,Small Cap Fund SIP,Mutual Fund SIP,3590.0,UPI_AUTOPAY
I703692,2026-07-26,Small Cap Fund SIP,Mutual Fund SIP,1570.0,UPI_AUTOPAY
I703693,2026-07-26,Demat top-up,One-time Investment,23400.0,UPI_APP
I703694,2026-07-26,Debt Fund SIP,Mutual Fund SIP,10620.0,UPI_AUTOPAY
I703695,2026-07-26,Index Fund SIP,Mutual Fund SIP,2920.0,UPI_AUTOPAY
I703696,2026-07-26,ELSS SIP,Mutual Fund SIP,5170.0,UPI_AUTOPAY
I703697,2026-07-26,Small Cap Fund SIP,Mutual Fund SIP,3380.0,UPI_AUTOPAY
I703698,2026-07-26,Flexi Cap Fund SIP,Mutual Fund SIP,9100.0,UPI_AUTOPAY
I703699,2026-07-26,Debt Fund SIP,Mutual Fund SIP,13880.0,UPI_AUTOPAY
I703700,2026-07-26,Index Fund SIP,Mutual Fund SIP,4290.0,UPI_AUTOPAY
I703701,2026-07-27,ELSS SIP,Mutual Fund SIP,3240.0,UPI_AUTOPAY
I703702,2026-07-27,Debt Fund SIP,Mutual Fund SIP,2730.0,UPI_AUTOPAY
I703703,2026-07-27,Index Fund SIP,Mutual Fund SIP,5740.0,UPI_AUTOPAY
I703704,2026-07-27,ELSS SIP,Mutual Fund SIP,6170.0,UPI_AUTOPAY
I703705,2026-07-27,ELSS SIP,Mutual Fund SIP,4890.0,UPI_AUTOPAY
I703706,2026-07-27,Broker wallet top-up,One-time Investment,27700.0,UPI_APP
I703707,2026-07-27,Flexi Cap Fund SIP,Mutual Fund SIP,6950.0,UPI_AUTOPAY
I703708,2026-07-27,Debt Fund SIP,Mutual Fund SIP,3950.0,UPI_AUTOPAY
I703709,2026-07-28,Small Cap Fund SIP,Mutual Fund SIP,3650.0,UPI_AUTOPAY
I703710,2026-07-28,Debt Fund SIP,Mutual Fund SIP,1900.0,UPI_AUTOPAY
I703711,2026-07-28,Debt Fund SIP,Mutual Fund SIP,5590.0,UPI_AUTOPAY
I703712,2026-07-28,ELSS SIP,Mutual Fund SIP,5070.0,UPI_AUTOPAY
I703713,2026-07-28,IPO application,One-time Investment,8200.0,UPI_QR
I703714,2026-07-28,ELSS SIP,Mutual Fund SIP,4870.0,UPI_AUTOPAY
I703715,2026-07-28,ELSS SIP,Mutual Fund SIP,10560.0,UPI_AUTOPAY
I703716,2026-07-28,Debt Fund SIP,Mutual Fund SIP,4660.0,UPI_AUTOPAY
I703717,2026-07-28,Flexi Cap Fund SIP,Mutual Fund SIP,1900.0,UPI_AUTOPAY
I703718,2026-07-28,Debt Fund SIP,Mutual Fund SIP,2470.0,UPI_AUTOPAY
I703719,2026-07-28,Small Cap Fund SIP,Mutual Fund SIP,6740.0,UPI_AUTOPAY
I703720,2026-07-28,Flexi Cap Fund SIP,Mutual Fund SIP,3430.0,UPI_AUTOPAY
I703721,2026-07-28,ELSS SIP,Mutual Fund SIP,10420.0,UPI_AUTOPAY
I703722,2026-07-28,Index Fund SIP,Mutual Fund SIP,4840.0,UPI_AUTOPAY
I703723,2026-07-29,Small Cap Fund SIP,Mutual Fund SIP,10070.0,UPI_AUTOPAY
I703724,2026-07-29,Index Fund SIP,Mutual Fund SIP,10060.0,UPI_AUTOPAY
I703725,2026-07-29,ELSS SIP,Mutual Fund SIP,4590.0,UPI_AUTOPAY
I703726,2026-07-29,Small Cap Fund SIP,Mutual Fund SIP,6290.0,UPI_AUTOPAY
I703727,2026-07-29,Index Fund SIP,Mutual Fund SIP,3330.0,UPI_AUTOPAY
I703728,2026-07-29,Index Fund SIP,Mutual Fund SIP,7840.0,UPI_AUTOPAY
I703729,2026-07-29,Demat top-up,One-time Investment,5500.0,UPI_APP
I703730,2026-07-30,Flexi Cap Fund SIP,Mutual Fund SIP,4040.0,UPI_AUTOPAY
I703731,2026-07-30,Index Fund SIP,Mutual Fund SIP,4670.0,UPI_AUTOPAY
I703732,2026-07-30,Small Cap Fund SIP,Mutual Fund SIP,4200.0,UPI_AUTOPAY
I703733,2026-07-30,Index Fund SIP,Mutual Fund SIP,4220.0,UPI_AUTOPAY
I703734,2026-07-30,Index Fund SIP,Mutual Fund SIP,5720.0,UPI_AUTOPAY
I703735,2026-07-30,Flexi Cap Fund SIP,Mutual Fund SIP,5730.0,UPI_AUTOPAY
I703736,2026-07-30,Small Cap Fund SIP,Mutual Fund SIP,4810.0,UPI_AUTOPAY
I703737,2026-07-30,Debt Fund SIP,Mutual Fund SIP,6090.0,UPI_AUTOPAY
I703738,2026-07-30,Debt Fund SIP,Mutual Fund SIP,2700.0,UPI_AUTOPAY
I703739,2026-07-30,Index Fund SIP,Mutual Fund SIP,11330.0,UPI_AUTOPAY
I703740,2026-07-30,Small Cap Fund SIP,Mutual Fund SIP,3020.0,UPI_AUTOPAY
I703741,2026-07-30,Index Fund SIP,Mutual Fund SIP,5340.0,UPI_AUTOPAY
I703742,2026-07-31,Debt Fund SIP,Mutual Fund SIP,4800.0,UPI_AUTOPAY
I703743,2026-07-31,Debt Fund SIP,Mutual Fund SIP,3040.0,UPI_AUTOPAY
I703744,2026-07-31,Flexi Cap Fund SIP,Mutual Fund SIP,1290.0,UPI_AUTOPAY
I703745,2026-07-31,ELSS SIP,Mutual Fund SIP,7640.0,UPI_AUTOPAY
I703746,2026-07-31,Debt Fund SIP,Mutual Fund SIP,10600.0,UPI_AUTOPAY
I703747,2026-07-31,Debt Fund SIP,Mutual Fund SIP,4110.0,UPI_AUTOPAY
I703748,2026-07-31,Flexi Cap Fund SIP,Mutual Fund SIP,1510.0,UPI_AUTOPAY
I703749,2026-07-31,Flexi Cap Fund SIP,Mutual Fund SIP,6040.0,UPI_AUTOPAY
I703750,2026-07-31,Index Fund SIP,Mutual Fund SIP,2320.0,UPI_AUTOPAY
I703751,2026-07-31,Flexi Cap Fund SIP,Mutual Fund SIP,9280.0,UPI_AUTOPAY
I703752,2026-07-31,ELSS SIP,Mutual Fund SIP,2860.0,UPI_AUTOPAY
I703753,2026-07-31,ELSS SIP,Mutual Fund SIP,6410.0,UPI_AUTOPAY
I703754,2026-07-31,Broker wallet top-up,One-time Investment,16400.0,UPI_APP
I703755,2026-07-31,Index Fund SIP,Mutual Fund SIP,4100.0,UPI_AUTOPAY
I703756,2026-07-31,Flexi Cap Fund SIP,Mutual Fund SIP,4150.0,UPI_AUTOPAY
I703757,2026-07-31,Debt Fund SIP,Mutual Fund SIP,3140.0,UPI_AUTOPAY
I703758,2026-07-31,Broker wallet top-up,One-time Investment,8700.0,UPI_APP
I703759,2026-07-31,Index Fund SIP,Mutual Fund SIP,1570.0,UPI_AUTOPAY
I703760,2026-08-01,Flexi Cap Fund SIP,Mutual Fund SIP,6880.0,UPI_AUTOPAY
I703761,2026-08-01,Index Fund SIP,Mutual Fund SIP,5270.0,UPI_AUTOPAY
I703762,2026-08-01,Small Cap Fund SIP,Mutual Fund SIP,5360.0,UPI_AUTOPAY
I703763,2026-08-01,Broker wallet top-up,One-time Investment,35700.0,UPI_APP
I703764,2026-08-01,Debt Fund SIP,Mutual Fund SIP,2840.0,UPI_AUTOPAY
I703765,2026-08-01,Debt Fund SIP,Mutual Fund SIP,6300.0,UPI_AUTOPAY
I703766,2026-08-01,Debt Fund SIP,Mutual Fund SIP,4290.0,UPI_AUTOPAY
I703767,2026-08-01,Flexi Cap Fund SIP,Mutual Fund SIP,3940.0,UPI_AUTOPAY
I703768,2026-08-01,Small Cap Fund SIP,Mutual Fund SIP,4200.0,UPI_AUTOPAY
I703769,2026-08-01,Small Cap Fund SIP,Mutual Fund SIP,8300.0,UPI_AUTOPAY
I703770,2026-08-01,Small Cap Fund SIP,Mutual Fund SIP,5970.0,UPI_AUTOPAY
I703771,2026-08-01,Flexi Cap Fund SIP,Mutual Fund SIP,2390.0,UPI_AUTOPAY
I703772,2026-08-01,Index Fund SIP,Mutual Fund SIP,5470.0,UPI_AUTOPAY
I703773,2026-08-01,ELSS SIP,Mutual Fund SIP,1650.0,UPI_AUTOPAY
I703774,2026-08-01,Flexi Cap Fund SIP,Mutual Fund SIP,5760.0,UPI_AUTOPAY
I703775,2026-08-01,IPO application,One-time Investment,39100.0,UPI_APP
I703776,2026-08-02,Demat top-up,One-time Investment,21600.0,UPI_APP
I703777,2026-08-02,ELSS SIP,Mutual Fund SIP,2220.0,UPI_AUTOPAY
I703778,2026-08-02,Index Fund SIP,Mutual Fund SIP,2910.0,UPI_AUTOPAY
I703779,2026-08-02,ELSS SIP,Mutual Fund SIP,4100.0,UPI_AUTOPAY
I703780,2026-08-02,Debt Fund SIP,Mutual Fund SIP,7960.0,UPI_AUTOPAY
I703781,2026-08-02,Index Fund SIP,Mutual Fund SIP,11730.0,UPI_AUTOPAY
I703782,2026-08-02,IPO application,One-time Investment,44200.0,UPI_APP
I703783,2026-08-02,IPO application,One-time Investment,26200.0,UPI_QR
I703784,2026-08-02,Debt Fund SIP,Mutual Fund SIP,4200.0,UPI_AUTOPAY
I703785,2026-08-02,Small Cap Fund SIP,Mutual Fund SIP,1910.0,UPI_AUTOPAY
I703786,2026-08-02,Debt Fund SIP,Mutual Fund SIP,2530.0,UPI_AUTOPAY
I703787,2026-08-02,Small Cap Fund SIP,Mutual Fund SIP,9550.0,UPI_AUTOPAY
I703788,2026-08-02,Flexi Cap Fund SIP,Mutual Fund SIP,3590.0,UPI_AUTOPAY
I703789,2026-08-02,ELSS SIP,Mutual Fund SIP,1360.0,UPI_AUTOPAY
I703790,2026-08-02,Flexi Cap Fund SIP,Mutual Fund SIP,10240.0,UPI_AUTOPAY
I703791,2026-08-02,IPO application,One-time Investment,28700.0,UPI_APP
I703792,2026-08-02,Flexi Cap Fund SIP,Mutual Fund SIP,4880.0,UPI_AUTOPAY
I703793,2026-08-03,Debt Fund SIP,Mutual Fund SIP,6510.0,UPI_AUTOPAY
I703794,2026-08-03,Debt Fund SIP,Mutual Fund SIP,2000.0,UPI_AUTOPAY
I703795,2026-08-03,Index Fund SIP,Mutual Fund SIP,7410.0,UPI_AUTOPAY
I703796,2026-08-03,Index Fund SIP,Mutual Fund SIP,1490.0,UPI_AUTOPAY
I703797,2026-08-03,Flexi Cap Fund SIP,Mutual Fund SIP,1340.0,UPI_AUTOPAY
I703798,2026-08-03,Debt Fund SIP,Mutual Fund SIP,6720.0,UPI_AUTOPAY
I703799,2026-08-03,Broker wallet top-up,One-time Investment,36600.0,UPI_QR
I703800,2026-08-03,Debt Fund SIP,Mutual Fund SIP,4030.0,UPI_AUTOPAY
I703801,2026-08-03,Debt Fund SIP,Mutual Fund SIP,3290.0,UPI_AUTOPAY
I703802,2026-08-03,Index Fund SIP,Mutual Fund SIP,9590.0,UPI_AUTOPAY
I703803,2026-08-03,Debt Fund SIP,Mutual Fund SIP,3840.0,UPI_AUTOPAY
I703804,2026-08-03,Flexi Cap Fund SIP,Mutual Fund SIP,3260.0,UPI_AUTOPAY
I703805,2026-08-04,Small Cap Fund SIP,Mutual Fund SIP,3130.0,UPI_AUTOPAY
I703806,2026-08-04,Flexi Cap Fund SIP,Mutual Fund SIP,3060.0,UPI_AUTOPAY
I703807,2026-08-04,Flexi Cap Fund SIP,Mutual Fund SIP,2150.0,UPI_AUTOPAY
I703808,2026-08-04,Broker wallet top-up,One-time Investment,35000.0,UPI_APP
I703809,2026-08-04,Flexi Cap Fund SIP,Mutual Fund SIP,5140.0,UPI_AUTOPAY
I703810,2026-08-04,Flexi Cap Fund SIP,Mutual Fund SIP,3100.0,UPI_AUTOPAY
I703811,2026-08-04,Small Cap Fund SIP,Mutual Fund SIP,5850.0,UPI_AUTOPAY
I703812,2026-08-04,Small Cap Fund SIP,Mutual Fund SIP,6970.0,UPI_AUTOPAY
I703813,2026-08-05,Small Cap Fund SIP,Mutual Fund SIP,4360.0,UPI_AUTOPAY
I703814,2026-08-05,Index Fund SIP,Mutual Fund SIP,8070.0,UPI_AUTOPAY
I703815,2026-08-05,Debt Fund SIP,Mutual Fund SIP,8110.0,UPI_AUTOPAY
I703816,2026-08-05,ELSS SIP,Mutual Fund SIP,10280.0,UPI_AUTOPAY
I703817,2026-08-05,ELSS SIP,Mutual Fund SIP,4660.0,UPI_AUTOPAY
I703818,2026-08-05,Flexi Cap Fund SIP,Mutual Fund SIP,3490.0,UPI_AUTOPAY
I703819,2026-08-05,Flexi Cap Fund SIP,Mutual Fund SIP,3480.0,UPI_AUTOPAY
I703820,2026-08-05,Small Cap Fund SIP,Mutual Fund SIP,2750.0,UPI_AUTOPAY
I703821,2026-08-05,ELSS SIP,Mutual Fund SIP,14150.0,UPI_AUTOPAY
I703822,2026-08-05,ELSS SIP,Mutual Fund SIP,5140.0,UPI_AUTOPAY
I703823,2026-08-05,Flexi Cap Fund SIP,Mutual Fund SIP,6450.0,UPI_AUTOPAY
I703824,2026-08-05,Flexi Cap Fund SIP,Mutual Fund SIP,3520.0,UPI_AUTOPAY
I703825,2026-08-05,Flexi Cap Fund SIP,Mutual Fund SIP,4470.0,UPI_AUTOPAY
I703826,2026-08-06,Index Fund SIP,Mutual Fund SIP,4460.0,UPI_AUTOPAY
I703827,2026-08-06,Index Fund SIP,Mutual Fund SIP,3380.0,UPI_AUTOPAY
I703828,2026-08-06,Flexi Cap Fund SIP,Mutual Fund SIP,8480.0,UPI_AUTOPAY
I703829,2026-08-06,ELSS SIP,Mutual Fund SIP,4220.0,UPI_AUTOPAY
I703830,2026-08-06,Small Cap Fund SIP,Mutual Fund SIP,9210.0,UPI_AUTOPAY
I703831,2026-08-06,Broker wallet top-up,One-time Investment,9100.0,UPI_APP
I703832,2026-08-06,Debt Fund SIP,Mutual Fund SIP,4840.0,UPI_AUTOPAY
I703833,2026-08-06,Small Cap Fund SIP,Mutual Fund SIP,2160.0,UPI_AUTOPAY
I703834,2026-08-06,Flexi Cap Fund SIP,Mutual Fund SIP,1890.0,UPI_AUTOPAY
I703835,2026-08-06,Index Fund SIP,Mutual Fund SIP,3780.0,UPI_AUTOPAY
I703836,2026-08-06,IPO application,One-time Investment,11800.0,UPI_APP
I703837,2026-08-06,IPO application,One-time Investment,58200.0,UPI_APP
I703838,2026-08-06,Small Cap Fund SIP,Mutual Fund SIP,4080.0,UPI_AUTOPAY
I703839,2026-08-06,Index Fund SIP,Mutual Fund SIP,1460.0,UPI_AUTOPAY
I703840,2026-08-06,Flexi Cap Fund SIP,Mutual Fund SIP,2200.0,UPI_AUTOPAY
I703841,2026-08-07,Index Fund SIP,Mutual Fund SIP,4140.0,UPI_AUTOPAY
I703842,2026-08-07,Debt Fund SIP,Mutual Fund SIP,950.0,UPI_AUTOPAY
I703843,2026-08-07,Index Fund SIP,Mutual Fund SIP,3880.0,UPI_AUTOPAY
I703844,2026-08-07,Index Fund SIP,Mutual Fund SIP,5760.0,UPI_AUTOPAY
I703845,2026-08-07,ELSS SIP,Mutual Fund SIP,4640.0,UPI_AUTOPAY
I703846,2026-08-07,Index Fund SIP,Mutual Fund SIP,2720.0,UPI_AUTOPAY
I703847,2026-08-07,Debt Fund SIP,Mutual Fund SIP,7110.0,UPI_AUTOPAY
I703848,2026-08-07,Broker wallet top-up,One-time Investment,37000.0,UPI_APP
I703849,2026-08-07,Small Cap Fund SIP,Mutual Fund SIP,10870.0,UPI_AUTOPAY
I703850,2026-08-07,ELSS SIP,Mutual Fund SIP,3210.0,UPI_AUTOPAY
I703851,2026-08-08,Index Fund SIP,Mutual Fund SIP,5050.0,UPI_AUTOPAY
I703852,2026-08-08,Small Cap Fund SIP,Mutual Fund SIP,13960.0,UPI_AUTOPAY
I703853,2026-08-08,Index Fund SIP,Mutual Fund SIP,3970.0,UPI_AUTOPAY
I703854,2026-08-08,Flexi Cap Fund SIP,Mutual Fund SIP,2610.0,UPI_AUTOPAY
I703855,2026-08-08,Small Cap Fund SIP,Mutual Fund SIP,8150.0,UPI_AUTOPAY
I703856,2026-08-08,ELSS SIP,Mutual Fund SIP,4180.0,UPI_AUTOPAY
I703857,2026-08-08,Index Fund SIP,Mutual Fund SIP,1690.0,UPI_AUTOPAY
I703858,2026-08-08,ELSS SIP,Mutual Fund SIP,12980.0,UPI_AUTOPAY
I703859,2026-08-08,Flexi Cap Fund SIP,Mutual Fund SIP,2370.0,UPI_AUTOPAY
I703860,2026-08-08,Flexi Cap Fund SIP,Mutual Fund SIP,5390.0,UPI_AUTOPAY
I703861,2026-08-08,ELSS SIP,Mutual Fund SIP,7170.0,UPI_AUTOPAY
I703862,2026-08-08,Index Fund SIP,Mutual Fund SIP,4870.0,UPI_AUTOPAY
I703863,2026-08-08,Index Fund SIP,Mutual Fund SIP,4350.0,UPI_AUTOPAY
I703864,2026-08-08,Broker wallet top-up,One-time Investment,76200.0,UPI_QR
I703865,2026-08-08,Small Cap Fund SIP,Mutual Fund SIP,15320.0,UPI_AUTOPAY
I703866,2026-08-08,Small Cap Fund SIP,Mutual Fund SIP,6720.0,UPI_AUTOPAY
I703867,2026-08-09,Flexi Cap Fund SIP,Mutual Fund SIP,1740.0,UPI_AUTOPAY
I703868,2026-08-09,Debt Fund SIP,Mutual Fund SIP,4540.0,UPI_AUTOPAY
I703869,2026-08-09,Index Fund SIP,Mutual Fund SIP,5560.0,UPI_AUTOPAY
I703870,2026-08-09,Flexi Cap Fund SIP,Mutual Fund SIP,13780.0,UPI_AUTOPAY
I703871,2026-08-09,Index Fund SIP,Mutual Fund SIP,6550.0,UPI_AUTOPAY
I703872,2026-08-09,Flexi Cap Fund SIP,Mutual Fund SIP,4750.0,UPI_AUTOPAY
I703873,2026-08-09,ELSS SIP,Mutual Fund SIP,11550.0,UPI_AUTOPAY
I703874,2026-08-09,Flexi Cap Fund SIP,Mutual Fund SIP,4100.0,UPI_AUTOPAY
I703875,2026-08-09,One-time fund purchase,One-time Investment,16600.0,UPI_APP
I703876,2026-08-09,Flexi Cap Fund SIP,Mutual Fund SIP,7100.0,UPI_AUTOPAY
I703877,2026-08-09,ELSS SIP,Mutual Fund SIP,4360.0,UPI_AUTOPAY
I703878,2026-08-10,Index Fund SIP,Mutual Fund SIP,5530.0,UPI_AUTOPAY
I703879,2026-08-10,Index Fund SIP,Mutual Fund SIP,17690.0,UPI_AUTOPAY
I703880,2026-08-10,One-time fund purchase,One-time Investment,3100.0,UPI_APP
I703881,2026-08-10,One-time fund purchase,One-time Investment,7300.0,UPI_APP
I703882,2026-08-10,ELSS SIP,Mutual Fund SIP,7190.0,UPI_AUTOPAY
I703883,2026-08-10,Broker wallet top-up,One-time Investment,18500.0,UPI_APP
I703884,2026-08-10,Index Fund SIP,Mutual Fund SIP,8220.0,UPI_AUTOPAY
I703885,2026-08-10,Debt Fund SIP,Mutual Fund SIP,2580.0,UPI_AUTOPAY
I703886,2026-08-10,Debt Fund SIP,Mutual Fund SIP,12030.0,UPI_AUTOPAY
I703887,2026-08-10,ELSS SIP,Mutual Fund SIP,1700.0,UPI_AUTOPAY
I703888,2026-08-10,Index Fund SIP,Mutual Fund SIP,2300.0,UPI_AUTOPAY
I703889,2026-08-10,Index Fund SIP,Mutual Fund SIP,5200.0,UPI_AUTOPAY
I703890,2026-08-11,ELSS SIP,Mutual Fund SIP,5750.0,UPI_AUTOPAY
I703891,2026-08-11,Debt Fund SIP,Mutual Fund SIP,1700.0,UPI_AUTOPAY
I703892,2026-08-11,Index Fund SIP,Mutual Fund SIP,4940.0,UPI_AUTOPAY
I703893,2026-08-11,IPO application (HNI category),One-time Investment,2480597.0,UPI_APP
I703894,2026-08-11,Debt Fund SIP,Mutual Fund SIP,4900.0,UPI_AUTOPAY
I703895,2026-08-11,Debt Fund SIP,Mutual Fund SIP,1850.0,UPI_AUTOPAY
I703896,2026-08-11,Index Fund SIP,Mutual Fund SIP,4750.0,UPI_AUTOPAY
I703897,2026-08-11,Index Fund SIP,Mutual Fund SIP,4930.0,UPI_AUTOPAY
I703898,2026-08-11,Flexi Cap Fund SIP,Mutual Fund SIP,2250.0,UPI_AUTOPAY
I703899,2026-08-11,Index Fund SIP,Mutual Fund SIP,4200.0,UPI_AUTOPAY
I703900,2026-08-11,Flexi Cap Fund SIP,Mutual Fund SIP,3910.0,UPI_AUTOPAY
I703901,2026-08-12,Index Fund SIP,Mutual Fund SIP,5610.0,UPI_AUTOPAY
I703902,2026-08-12,Debt Fund SIP,Mutual Fund SIP,3040.0,UPI_AUTOPAY
I703903,2026-08-12,Debt Fund SIP,Mutual Fund SIP,3100.0,UPI_AUTOPAY
I703904,2026-08-12,Index Fund SIP,Mutual Fund SIP,4620.0,UPI_AUTOPAY
I703905,2026-08-12,Index Fund SIP,Mutual Fund SIP,2480.0,UPI_AUTOPAY
I703906,2026-08-12,Index Fund SIP,Mutual Fund SIP,4210.0,UPI_AUTOPAY
I703907,2026-08-12,Debt Fund SIP,Mutual Fund SIP,9450.0,UPI_AUTOPAY
I703908,2026-08-12,Index Fund SIP,Mutual Fund SIP,11630.0,UPI_AUTOPAY
I703909,2026-08-12,Index Fund SIP,Mutual Fund SIP,14990.0,UPI_AUTOPAY
I703910,2026-08-12,Debt Fund SIP,Mutual Fund SIP,2970.0,UPI_AUTOPAY
I703911,2026-08-12,ELSS SIP,Mutual Fund SIP,18110.0,UPI_AUTOPAY
I703912,2026-08-12,ELSS SIP,Mutual Fund SIP,3990.0,UPI_AUTOPAY
I703913,2026-08-12,Debt Fund SIP,Mutual Fund SIP,4480.0,UPI_AUTOPAY
I703914,2026-08-13,Index Fund SIP,Mutual Fund SIP,1770.0,UPI_AUTOPAY
I703915,2026-08-13,Index Fund SIP,Mutual Fund SIP,3580.0,UPI_AUTOPAY
I703916,2026-08-13,Flexi Cap Fund SIP,Mutual Fund SIP,5230.0,UPI_AUTOPAY
I703917,2026-08-13,One-time fund purchase,One-time Investment,20900.0,UPI_APP
I703918,2026-08-13,Flexi Cap Fund SIP,Mutual Fund SIP,6450.0,UPI_AUTOPAY
I703919,2026-08-13,Debt Fund SIP,Mutual Fund SIP,4900.0,UPI_AUTOPAY
I703920,2026-08-13,Flexi Cap Fund SIP,Mutual Fund SIP,13710.0,UPI_AUTOPAY
I703921,2026-08-13,Small Cap Fund SIP,Mutual Fund SIP,3140.0,UPI_AUTOPAY
I703922,2026-08-13,Index Fund SIP,Mutual Fund SIP,3240.0,UPI_AUTOPAY
I703923,2026-08-13,Flexi Cap Fund SIP,Mutual Fund SIP,2640.0,UPI_AUTOPAY
I703924,2026-08-14,Small Cap Fund SIP,Mutual Fund SIP,11000.0,UPI_AUTOPAY
I703925,2026-08-14,Debt Fund SIP,Mutual Fund SIP,3390.0,UPI_AUTOPAY
I703926,2026-08-14,Debt Fund SIP,Mutual Fund SIP,3720.0,UPI_AUTOPAY
I703927,2026-08-14,Flexi Cap Fund SIP,Mutual Fund SIP,3960.0,UPI_AUTOPAY
I703928,2026-08-14,Flexi Cap Fund SIP,Mutual Fund SIP,6170.0,UPI_AUTOPAY
I703929,2026-08-14,Debt Fund SIP,Mutual Fund SIP,6070.0,UPI_AUTOPAY
I703930,2026-08-14,Debt Fund SIP,Mutual Fund SIP,2270.0,UPI_AUTOPAY
I703931,2026-08-14,Small Cap Fund SIP,Mutual Fund SIP,9090.0,UPI_AUTOPAY
I703932,2026-08-14,ELSS SIP,Mutual Fund SIP,3810.0,UPI_AUTOPAY
I703933,2026-08-14,One-time fund purchase,One-time Investment,3400.0,UPI_APP
I703934,2026-08-14,IPO application,One-time Investment,19100.0,UPI_APP
I703935,2026-08-14,ELSS SIP,Mutual Fund SIP,4070.0,UPI_AUTOPAY
I703936,2026-08-14,Index Fund SIP,Mutual Fund SIP,9820.0,UPI_AUTOPAY
I703937,2026-08-14,Index Fund SIP,Mutual Fund SIP,5380.0,UPI_AUTOPAY
I703938,2026-08-14,Debt Fund SIP,Mutual Fund SIP,5320.0,UPI_AUTOPAY
I703939,2026-08-14,ELSS SIP,Mutual Fund SIP,10900.0,UPI_AUTOPAY
I703940,2026-08-14,Small Cap Fund SIP,Mutual Fund SIP,4040.0,UPI_AUTOPAY
I703941,2026-08-14,Small Cap Fund SIP,Mutual Fund SIP,7890.0,UPI_AUTOPAY
I703942,2026-08-15,ELSS SIP,Mutual Fund SIP,2700.0,UPI_AUTOPAY
I703943,2026-08-15,Small Cap Fund SIP,Mutual Fund SIP,11220.0,UPI_AUTOPAY
I703944,2026-08-15,Debt Fund SIP,Mutual Fund SIP,2680.0,UPI_AUTOPAY
I703945,2026-08-15,Debt Fund SIP,Mutual Fund SIP,10300.0,UPI_AUTOPAY
I703946,2026-08-15,ELSS SIP,Mutual Fund SIP,7710.0,UPI_AUTOPAY
I703947,2026-08-15,Demat top-up,One-time Investment,81500.0,UPI_APP
I703948,2026-08-15,Debt Fund SIP,Mutual Fund SIP,3820.0,UPI_AUTOPAY
I703949,2026-08-15,Index Fund SIP,Mutual Fund SIP,5940.0,UPI_AUTOPAY
I703950,2026-08-15,Small Cap Fund SIP,Mutual Fund SIP,4260.0,UPI_AUTOPAY
I703951,2026-08-15,Small Cap Fund SIP,Mutual Fund SIP,4330.0,UPI_AUTOPAY
I703952,2026-08-15,Small Cap Fund SIP,Mutual Fund SIP,2870.0,UPI_AUTOPAY
I703953,2026-08-16,Flexi Cap Fund SIP,Mutual Fund SIP,2260.0,UPI_AUTOPAY
I703954,2026-08-16,Debt Fund SIP,Mutual Fund SIP,4380.0,UPI_AUTOPAY
I703955,2026-08-16,ELSS SIP,Mutual Fund SIP,5600.0,UPI_AUTOPAY
I703956,2026-08-16,Debt Fund SIP,Mutual Fund SIP,8300.0,UPI_AUTOPAY
I703957,2026-08-16,Flexi Cap Fund SIP,Mutual Fund SIP,4280.0,UPI_AUTOPAY
I703958,2026-08-16,Small Cap Fund SIP,Mutual Fund SIP,2210.0,UPI_AUTOPAY
I703959,2026-08-16,Index Fund SIP,Mutual Fund SIP,5110.0,UPI_AUTOPAY
I703960,2026-08-16,Small Cap Fund SIP,Mutual Fund SIP,5320.0,UPI_AUTOPAY
I703961,2026-08-16,Index Fund SIP,Mutual Fund SIP,4590.0,UPI_AUTOPAY
I703962,2026-08-17,Flexi Cap Fund SIP,Mutual Fund SIP,5780.0,UPI_AUTOPAY
I703963,2026-08-17,Flexi Cap Fund SIP,Mutual Fund SIP,5460.0,UPI_AUTOPAY
I703964,2026-08-17,ELSS SIP,Mutual Fund SIP,3440.0,UPI_AUTOPAY
I703965,2026-08-17,Index Fund SIP,Mutual Fund SIP,16590.0,UPI_AUTOPAY
I703966,2026-08-17,Small Cap Fund SIP,Mutual Fund SIP,3480.0,UPI_AUTOPAY
I703967,2026-08-17,Index Fund SIP,Mutual Fund SIP,5850.0,UPI_AUTOPAY
I703968,2026-08-17,Debt Fund SIP,Mutual Fund SIP,2320.0,UPI_AUTOPAY
I703969,2026-08-17,Small Cap Fund SIP,Mutual Fund SIP,4420.0,UPI_AUTOPAY
I703970,2026-08-17,Small Cap Fund SIP,Mutual Fund SIP,6370.0,UPI_AUTOPAY
I703971,2026-08-17,Index Fund SIP,Mutual Fund SIP,8380.0,UPI_AUTOPAY
I703972,2026-08-17,ELSS SIP,Mutual Fund SIP,11470.0,UPI_AUTOPAY
I703973,2026-08-17,Broker wallet top-up,One-time Investment,25100.0,UPI_APP
I703974,2026-08-17,Debt Fund SIP,Mutual Fund SIP,38910.0,UPI_AUTOPAY
I703975,2026-08-17,Flexi Cap Fund SIP,Mutual Fund SIP,8140.0,UPI_AUTOPAY
I703976,2026-08-18,Flexi Cap Fund SIP,Mutual Fund SIP,5090.0,UPI_AUTOPAY
I703977,2026-08-18,Small Cap Fund SIP,Mutual Fund SIP,5700.0,UPI_AUTOPAY
I703978,2026-08-18,Index Fund SIP,Mutual Fund SIP,6500.0,UPI_AUTOPAY
I703979,2026-08-18,Index Fund SIP,Mutual Fund SIP,3470.0,UPI_AUTOPAY
I703980,2026-08-18,ELSS SIP,Mutual Fund SIP,11520.0,UPI_AUTOPAY
I703981,2026-08-18,Index Fund SIP,Mutual Fund SIP,4650.0,UPI_AUTOPAY
I703982,2026-08-18,ELSS SIP,Mutual Fund SIP,3560.0,UPI_AUTOPAY
I703983,2026-08-18,Small Cap Fund SIP,Mutual Fund SIP,3860.0,UPI_AUTOPAY
I703984,2026-08-19,Demat top-up,One-time Investment,19800.0,UPI_APP
I703985,2026-08-19,Index Fund SIP,Mutual Fund SIP,7840.0,UPI_AUTOPAY
I703986,2026-08-19,ELSS SIP,Mutual Fund SIP,7650.0,UPI_AUTOPAY
I703987,2026-08-19,Index Fund SIP,Mutual Fund SIP,4800.0,UPI_AUTOPAY
I703988,2026-08-19,Index Fund SIP,Mutual Fund SIP,3050.0,UPI_AUTOPAY
I703989,2026-08-19,Flexi Cap Fund SIP,Mutual Fund SIP,4910.0,UPI_AUTOPAY
I703990,2026-08-19,Debt Fund SIP,Mutual Fund SIP,8310.0,UPI_AUTOPAY
I703991,2026-08-19,Index Fund SIP,Mutual Fund SIP,5310.0,UPI_AUTOPAY
I703992,2026-08-19,ELSS SIP,Mutual Fund SIP,4590.0,UPI_AUTOPAY
I703993,2026-08-20,Flexi Cap Fund SIP,Mutual Fund SIP,4080.0,UPI_AUTOPAY
I703994,2026-08-20,IPO application,One-time Investment,29100.0,UPI_APP
I703995,2026-08-20,Flexi Cap Fund SIP,Mutual Fund SIP,8400.0,UPI_AUTOPAY
I703996,2026-08-20,Debt Fund SIP,Mutual Fund SIP,4730.0,UPI_AUTOPAY
I703997,2026-08-20,ELSS SIP,Mutual Fund SIP,5850.0,UPI_AUTOPAY
I703998,2026-08-20,Index Fund SIP,Mutual Fund SIP,3130.0,UPI_AUTOPAY
I703999,2026-08-20,ELSS SIP,Mutual Fund SIP,2760.0,UPI_AUTOPAY
I704000,2026-08-20,IPO application (HNI category),One-time Investment,3001826.0,UPI_APP
I704001,2026-08-21,Index Fund SIP,Mutual Fund SIP,6600.0,UPI_AUTOPAY
I704002,2026-08-21,Small Cap Fund SIP,Mutual Fund SIP,16440.0,UPI_AUTOPAY
I704003,2026-08-21,Index Fund SIP,Mutual Fund SIP,3650.0,UPI_AUTOPAY
I704004,2026-08-21,Small Cap Fund SIP,Mutual Fund SIP,8750.0,UPI_AUTOPAY
I704005,2026-08-21,Flexi Cap Fund SIP,Mutual Fund SIP,7130.0,UPI_AUTOPAY
I704006,2026-08-21,ELSS SIP,Mutual Fund SIP,2200.0,UPI_AUTOPAY
I704007,2026-08-21,Index Fund SIP,Mutual Fund SIP,3410.0,UPI_AUTOPAY
I704008,2026-08-21,Debt Fund SIP,Mutual Fund SIP,4080.0,UPI_AUTOPAY
I704009,2026-08-21,Index Fund SIP,Mutual Fund SIP,3340.0,UPI_AUTOPAY
I704010,2026-08-22,Flexi Cap Fund SIP,Mutual Fund SIP,7540.0,UPI_AUTOPAY
I704011,2026-08-22,ELSS SIP,Mutual Fund SIP,4410.0,UPI_AUTOPAY
I704012,2026-08-22,Small Cap Fund SIP,Mutual Fund SIP,4380.0,UPI_AUTOPAY
I704013,2026-08-22,Flexi Cap Fund SIP,Mutual Fund SIP,9230.0,UPI_AUTOPAY
I704014,2026-08-22,Small Cap Fund SIP,Mutual Fund SIP,8850.0,UPI_AUTOPAY
I704015,2026-08-22,Index Fund SIP,Mutual Fund SIP,23630.0,UPI_AUTOPAY
I704016,2026-08-22,IPO application,One-time Investment,4500.0,UPI_APP
I704017,2026-08-22,Flexi Cap Fund SIP,Mutual Fund SIP,8130.0,UPI_AUTOPAY
I704018,2026-08-22,Flexi Cap Fund SIP,Mutual Fund SIP,11210.0,UPI_AUTOPAY
I704019,2026-08-22,Debt Fund SIP,Mutual Fund SIP,3320.0,UPI_AUTOPAY
I704020,2026-08-22,ELSS SIP,Mutual Fund SIP,7760.0,UPI_AUTOPAY
I704021,2026-08-22,ELSS SIP,Mutual Fund SIP,11110.0,UPI_AUTOPAY
I704022,2026-08-22,Broker wallet top-up,One-time Investment,5800.0,UPI_APP
I704023,2026-08-22,Debt Fund SIP,Mutual Fund SIP,3510.0,UPI_AUTOPAY
I704024,2026-08-22,Index Fund SIP,Mutual Fund SIP,2630.0,UPI_AUTOPAY
I704025,2026-08-22,Index Fund SIP,Mutual Fund SIP,4060.0,UPI_AUTOPAY
I704026,2026-08-22,Index Fund SIP,Mutual Fund SIP,10970.0,UPI_AUTOPAY
I704027,2026-08-22,ELSS SIP,Mutual Fund SIP,8350.0,UPI_AUTOPAY
I704028,2026-08-22,Index Fund SIP,Mutual Fund SIP,2350.0,UPI_AUTOPAY
I704029,2026-08-22,Flexi Cap Fund SIP,Mutual Fund SIP,2640.0,UPI_AUTOPAY
I704030,2026-08-23,Broker wallet top-up,One-time Investment,4900.0,UPI_APP
I704031,2026-08-23,Small Cap Fund SIP,Mutual Fund SIP,8330.0,UPI_AUTOPAY
I704032,2026-08-23,Flexi Cap Fund SIP,Mutual Fund SIP,17170.0,UPI_AUTOPAY
I704033,2026-08-23,Index Fund SIP,Mutual Fund SIP,7520.0,UPI_AUTOPAY
I704034,2026-08-23,Index Fund SIP,Mutual Fund SIP,4060.0,UPI_AUTOPAY
I704035,2026-08-23,Flexi Cap Fund SIP,Mutual Fund SIP,10550.0,UPI_AUTOPAY
I704036,2026-08-23,Small Cap Fund SIP,Mutual Fund SIP,11390.0,UPI_AUTOPAY
I704037,2026-08-23,Index Fund SIP,Mutual Fund SIP,2230.0,UPI_AUTOPAY
I704038,2026-08-23,ELSS SIP,Mutual Fund SIP,4720.0,UPI_AUTOPAY
I704039,2026-08-23,Flexi Cap Fund SIP,Mutual Fund SIP,9570.0,UPI_AUTOPAY
I704040,2026-08-23,Index Fund SIP,Mutual Fund SIP,7910.0,UPI_AUTOPAY
I704041,2026-08-23,Small Cap Fund SIP,Mutual Fund SIP,11100.0,UPI_AUTOPAY
I704042,2026-08-24,Debt Fund SIP,Mutual Fund SIP,2060.0,UPI_AUTOPAY
I704043,2026-08-24,Flexi Cap Fund SIP,Mutual Fund SIP,2810.0,UPI_AUTOPAY
I704044,2026-08-24,ELSS SIP,Mutual Fund SIP,7230.0,UPI_AUTOPAY
I704045,2026-08-25,Index Fund SIP,Mutual Fund SIP,15250.0,UPI_AUTOPAY
I704046,2026-08-25,ELSS SIP,Mutual Fund SIP,13100.0,UPI_AUTOPAY
I704047,2026-08-25,Small Cap Fund SIP,Mutual Fund SIP,8230.0,UPI_AUTOPAY
I704048,2026-08-25,Flexi Cap Fund SIP,Mutual Fund SIP,4930.0,UPI_AUTOPAY
I704049,2026-08-25,Debt Fund SIP,Mutual Fund SIP,4690.0,UPI_AUTOPAY
I704050,2026-08-25,Demat top-up,One-time Investment,16400.0,UPI_APP
I704051,2026-08-25,Small Cap Fund SIP,Mutual Fund SIP,4740.0,UPI_AUTOPAY
I704052,2026-08-25,Flexi Cap Fund SIP,Mutual Fund SIP,3900.0,UPI_AUTOPAY
I704053,2026-08-26,Small Cap Fund SIP,Mutual Fund SIP,4530.0,UPI_AUTOPAY
I704054,2026-08-26,Small Cap Fund SIP,Mutual Fund SIP,4540.0,UPI_AUTOPAY
I704055,2026-08-26,ELSS SIP,Mutual Fund SIP,4840.0,UPI_AUTOPAY
I704056,2026-08-26,Flexi Cap Fund SIP,Mutual Fund SIP,5560.0,UPI_AUTOPAY
I704057,2026-08-26,Flexi Cap Fund SIP,Mutual Fund SIP,1850.0,UPI_AUTOPAY
I704058,2026-08-26,Flexi Cap Fund SIP,Mutual Fund SIP,5050.0,UPI_AUTOPAY
I704059,2026-08-26,Index Fund SIP,Mutual Fund SIP,3510.0,UPI_AUTOPAY
I704060,2026-08-26,One-time fund purchase,One-time Investment,8000.0,UPI_APP
I704061,2026-08-26,Index Fund SIP,Mutual Fund SIP,1990.0,UPI_AUTOPAY
I704062,2026-08-26,Small Cap Fund SIP,Mutual Fund SIP,5910.0,UPI_AUTOPAY
I704063,2026-08-27,Debt Fund SIP,Mutual Fund SIP,2840.0,UPI_AUTOPAY
I704064,2026-08-27,Debt Fund SIP,Mutual Fund SIP,5400.0,UPI_AUTOPAY
I704065,2026-08-27,ELSS SIP,Mutual Fund SIP,2640.0,UPI_AUTOPAY
I704066,2026-08-27,Flexi Cap Fund SIP,Mutual Fund SIP,3710.0,UPI_AUTOPAY
I704067,2026-08-27,Small Cap Fund SIP,Mutual Fund SIP,3600.0,UPI_AUTOPAY
I704068,2026-08-27,Small Cap Fund SIP,Mutual Fund SIP,6700.0,UPI_AUTOPAY
I704069,2026-08-27,Debt Fund SIP,Mutual Fund SIP,7350.0,UPI_AUTOPAY
I704070,2026-08-27,Small Cap Fund SIP,Mutual Fund SIP,3110.0,UPI_AUTOPAY
I704071,2026-08-27,Debt Fund SIP,Mutual Fund SIP,5450.0,UPI_AUTOPAY
I704072,2026-08-27,Small Cap Fund SIP,Mutual Fund SIP,5500.0,UPI_AUTOPAY
I704073,2026-08-27,Debt Fund SIP,Mutual Fund SIP,5000.0,UPI_AUTOPAY
I704074,2026-08-27,Flexi Cap Fund SIP,Mutual Fund SIP,4670.0,UPI_AUTOPAY
I704075,2026-08-27,ELSS SIP,Mutual Fund SIP,4100.0,UPI_AUTOPAY
I704076,2026-08-28,Debt Fund SIP,Mutual Fund SIP,6110.0,UPI_AUTOPAY
I704077,2026-08-28,Small Cap Fund SIP,Mutual Fund SIP,24940.0,UPI_AUTOPAY
I704078,2026-08-28,Small Cap Fund SIP,Mutual Fund SIP,5650.0,UPI_AUTOPAY
I704079,2026-08-28,One-time fund purchase,One-time Investment,8700.0,UPI_APP
I704080,2026-08-28,Small Cap Fund SIP,Mutual Fund SIP,8680.0,UPI_AUTOPAY
I704081,2026-08-28,Flexi Cap Fund SIP,Mutual Fund SIP,4570.0,UPI_AUTOPAY
I704082,2026-08-28,Index Fund SIP,Mutual Fund SIP,1700.0,UPI_AUTOPAY
I704083,2026-08-28,Index Fund SIP,Mutual Fund SIP,3560.0,UPI_AUTOPAY
I704084,2026-08-28,ELSS SIP,Mutual Fund SIP,5170.0,UPI_AUTOPAY
I704085,2026-08-29,Flexi Cap Fund SIP,Mutual Fund SIP,3900.0,UPI_AUTOPAY
I704086,2026-08-29,ELSS SIP,Mutual Fund SIP,2080.0,UPI_AUTOPAY
I704087,2026-08-29,Debt Fund SIP,Mutual Fund SIP,5460.0,UPI_AUTOPAY
I704088,2026-08-29,Small Cap Fund SIP,Mutual Fund SIP,1770.0,UPI_AUTOPAY
I704089,2026-08-29,Small Cap Fund SIP,Mutual Fund SIP,2530.0,UPI_AUTOPAY
I704090,2026-08-29,ELSS SIP,Mutual Fund SIP,8250.0,UPI_AUTOPAY
I704091,2026-08-29,Small Cap Fund SIP,Mutual Fund SIP,3820.0,UPI_AUTOPAY
I704092,2026-08-29,ELSS SIP,Mutual Fund SIP,9720.0,UPI_AUTOPAY
I704093,2026-08-29,Flexi Cap Fund SIP,Mutual Fund SIP,1820.0,UPI_AUTOPAY
I704094,2026-08-29,Flexi Cap Fund SIP,Mutual Fund SIP,1730.0,UPI_AUTOPAY
I704095,2026-08-29,Flexi Cap Fund SIP,Mutual Fund SIP,5910.0,UPI_AUTOPAY
I704096,2026-08-29,Debt Fund SIP,Mutual Fund SIP,1670.0,UPI_AUTOPAY
I704097,2026-08-29,ELSS SIP,Mutual Fund SIP,4040.0,UPI_AUTOPAY
I704098,2026-08-29,ELSS SIP,Mutual Fund SIP,2970.0,UPI_AUTOPAY
I704099,2026-08-29,ELSS SIP,Mutual Fund SIP,12990.0,UPI_AUTOPAY
I704100,2026-08-29,Debt Fund SIP,Mutual Fund SIP,10160.0,UPI_AUTOPAY
I704101,2026-08-29,ELSS SIP,Mutual Fund SIP,10960.0,UPI_AUTOPAY
I704102,2026-08-29,Debt Fund SIP,Mutual Fund SIP,12140.0,UPI_AUTOPAY
I704103,2026-08-30,IPO application,One-time Investment,11300.0,UPI_APP
I704104,2026-08-30,ELSS SIP,Mutual Fund SIP,4000.0,UPI_AUTOPAY
I704105,2026-08-30,Broker wallet top-up,One-time Investment,25500.0,UPI_APP
I704106,2026-08-30,Demat top-up,One-time Investment,48000.0,UPI_APP
I704107,2026-08-30,ELSS SIP,Mutual Fund SIP,1430.0,UPI_AUTOPAY
I704108,2026-08-30,Index Fund SIP,Mutual Fund SIP,9100.0,UPI_AUTOPAY
I704109,2026-08-30,Index Fund SIP,Mutual Fund SIP,5730.0,UPI_AUTOPAY
I704110,2026-08-30,Index Fund SIP,Mutual Fund SIP,5530.0,UPI_AUTOPAY
I704111,2026-08-30,Small Cap Fund SIP,Mutual Fund SIP,6460.0,UPI_AUTOPAY
I704112,2026-08-30,ELSS SIP,Mutual Fund SIP,2890.0,UPI_AUTOPAY
I704113,2026-08-30,Index Fund SIP,Mutual Fund SIP,1200.0,UPI_AUTOPAY
I704114,2026-08-30,Small Cap Fund SIP,Mutual Fund SIP,3530.0,UPI_AUTOPAY
I704115,2026-08-31,ELSS SIP,Mutual Fund SIP,6820.0,UPI_AUTOPAY
I704116,2026-08-31,Debt Fund SIP,Mutual Fund SIP,7260.0,UPI_AUTOPAY
I704117,2026-08-31,Small Cap Fund SIP,Mutual Fund SIP,4250.0,UPI_AUTOPAY
I704118,2026-08-31,ELSS SIP,Mutual Fund SIP,4670.0,UPI_AUTOPAY
I704119,2026-08-31,Flexi Cap Fund SIP,Mutual Fund SIP,4270.0,UPI_AUTOPAY
I704120,2026-08-31,Flexi Cap Fund SIP,Mutual Fund SIP,11180.0,UPI_AUTOPAY
I704121,2026-08-31,ELSS SIP,Mutual Fund SIP,5170.0,UPI_AUTOPAY
I704122,2026-08-31,Index Fund SIP,Mutual Fund SIP,2350.0,UPI_AUTOPAY
I704123,2026-08-31,Debt Fund SIP,Mutual Fund SIP,3330.0,UPI_AUTOPAY
I704124,2026-08-31,Flexi Cap Fund SIP,Mutual Fund SIP,14000.0,UPI_AUTOPAY
I704125,2026-09-01,IPO application,One-time Investment,202800.0,UPI_APP
I704126,2026-09-01,Small Cap Fund SIP,Mutual Fund SIP,4730.0,UPI_AUTOPAY
I704127,2026-09-01,Small Cap Fund SIP,Mutual Fund SIP,3040.0,UPI_AUTOPAY
I704128,2026-09-01,ELSS SIP,Mutual Fund SIP,3630.0,UPI_AUTOPAY
I704129,2026-09-01,Flexi Cap Fund SIP,Mutual Fund SIP,4080.0,UPI_AUTOPAY
I704130,2026-09-01,Index Fund SIP,Mutual Fund SIP,4350.0,UPI_AUTOPAY
I704131,2026-09-01,Index Fund SIP,Mutual Fund SIP,19600.0,UPI_AUTOPAY
I704132,2026-09-01,ELSS SIP,Mutual Fund SIP,1970.0,UPI_AUTOPAY
I704133,2026-09-01,Small Cap Fund SIP,Mutual Fund SIP,3440.0,UPI_AUTOPAY
I704134,2026-09-01,Small Cap Fund SIP,Mutual Fund SIP,2780.0,UPI_AUTOPAY
I704135,2026-09-01,Index Fund SIP,Mutual Fund SIP,3560.0,UPI_AUTOPAY
I704136,2026-09-01,ELSS SIP,Mutual Fund SIP,9250.0,UPI_AUTOPAY
I704137,2026-09-01,Debt Fund SIP,Mutual Fund SIP,7890.0,UPI_AUTOPAY
I704138,2026-09-01,Debt Fund SIP,Mutual Fund SIP,7080.0,UPI_AUTOPAY
I704139,2026-09-01,Index Fund SIP,Mutual Fund SIP,5290.0,UPI_AUTOPAY
I704140,2026-09-02,ELSS SIP,Mutual Fund SIP,3590.0,UPI_AUTOPAY
I704141,2026-09-02,Flexi Cap Fund SIP,Mutual Fund SIP,8660.0,UPI_AUTOPAY
I704142,2026-09-02,Index Fund SIP,Mutual Fund SIP,4580.0,UPI_AUTOPAY
I704143,2026-09-02,Debt Fund SIP,Mutual Fund SIP,9370.0,UPI_AUTOPAY
I704144,2026-09-02,Debt Fund SIP,Mutual Fund SIP,4370.0,UPI_AUTOPAY
I704145,2026-09-02,Index Fund SIP,Mutual Fund SIP,6640.0,UPI_AUTOPAY
I704146,2026-09-02,Debt Fund SIP,Mutual Fund SIP,1420.0,UPI_AUTOPAY
I704147,2026-09-02,ELSS SIP,Mutual Fund SIP,8170.0,UPI_AUTOPAY
I704148,2026-09-02,Small Cap Fund SIP,Mutual Fund SIP,2170.0,UPI_AUTOPAY
I704149,2026-09-02,Index Fund SIP,Mutual Fund SIP,11720.0,UPI_AUTOPAY
I704150,2026-09-02,Debt Fund SIP,Mutual Fund SIP,2520.0,UPI_AUTOPAY
I704151,2026-09-02,Index Fund SIP,Mutual Fund SIP,3080.0,UPI_AUTOPAY
I704152,2026-09-02,Demat top-up,One-time Investment,105500.0,UPI_APP
I704153,2026-09-02,Index Fund SIP,Mutual Fund SIP,4330.0,UPI_AUTOPAY
I704154,2026-09-02,Debt Fund SIP,Mutual Fund SIP,7270.0,UPI_AUTOPAY
I704155,2026-09-03,Debt Fund SIP,Mutual Fund SIP,12600.0,UPI_AUTOPAY
I704156,2026-09-03,Small Cap Fund SIP,Mutual Fund SIP,3160.0,UPI_AUTOPAY
I704157,2026-09-03,Small Cap Fund SIP,Mutual Fund SIP,4780.0,UPI_AUTOPAY
I704158,2026-09-03,Index Fund SIP,Mutual Fund SIP,10480.0,UPI_AUTOPAY
I704159,2026-09-03,Debt Fund SIP,Mutual Fund SIP,8140.0,UPI_AUTOPAY
I704160,2026-09-03,Index Fund SIP,Mutual Fund SIP,5340.0,UPI_AUTOPAY
I704161,2026-09-03,Small Cap Fund SIP,Mutual Fund SIP,3710.0,UPI_AUTOPAY
I704162,2026-09-04,ELSS SIP,Mutual Fund SIP,6810.0,UPI_AUTOPAY
I704163,2026-09-04,Small Cap Fund SIP,Mutual Fund SIP,2130.0,UPI_AUTOPAY
I704164,2026-09-04,ELSS SIP,Mutual Fund SIP,4300.0,UPI_AUTOPAY
I704165,2026-09-04,Flexi Cap Fund SIP,Mutual Fund SIP,2210.0,UPI_AUTOPAY
I704166,2026-09-04,Debt Fund SIP,Mutual Fund SIP,5450.0,UPI_AUTOPAY
I704167,2026-09-05,Small Cap Fund SIP,Mutual Fund SIP,5850.0,UPI_AUTOPAY
I704168,2026-09-05,ELSS SIP,Mutual Fund SIP,4070.0,UPI_AUTOPAY
I704169,2026-09-05,Index Fund SIP,Mutual Fund SIP,4000.0,UPI_AUTOPAY
I704170,2026-09-05,Debt Fund SIP,Mutual Fund SIP,12330.0,UPI_AUTOPAY
I704171,2026-09-05,IPO application,One-time Investment,79000.0,UPI_APP
I704172,2026-09-05,Small Cap Fund SIP,Mutual Fund SIP,14510.0,UPI_AUTOPAY
I704173,2026-09-05,Flexi Cap Fund SIP,Mutual Fund SIP,5720.0,UPI_AUTOPAY
I704174,2026-09-05,Small Cap Fund SIP,Mutual Fund SIP,1690.0,UPI_AUTOPAY
I704175,2026-09-05,Flexi Cap Fund SIP,Mutual Fund SIP,15890.0,UPI_AUTOPAY
I704176,2026-09-05,ELSS SIP,Mutual Fund SIP,2940.0,UPI_AUTOPAY
I704177,2026-09-05,Flexi Cap Fund SIP,Mutual Fund SIP,9440.0,UPI_AUTOPAY
I704178,2026-09-06,Debt Fund SIP,Mutual Fund SIP,6140.0,UPI_AUTOPAY
I704179,2026-09-06,Small Cap Fund SIP,Mutual Fund SIP,2740.0,UPI_AUTOPAY
I704180,2026-09-06,Flexi Cap Fund SIP,Mutual Fund SIP,6160.0,UPI_AUTOPAY
I704181,2026-09-06,Small Cap Fund SIP,Mutual Fund SIP,18880.0,UPI_AUTOPAY
I704182,2026-09-06,ELSS SIP,Mutual Fund SIP,9810.0,UPI_AUTOPAY
I704183,2026-09-06,ELSS SIP,Mutual Fund SIP,5940.0,UPI_AUTOPAY
I704184,2026-09-06,ELSS SIP,Mutual Fund SIP,6340.0,UPI_AUTOPAY
I704185,2026-09-06,Index Fund SIP,Mutual Fund SIP,11880.0,UPI_AUTOPAY
I704186,2026-09-06,ELSS SIP,Mutual Fund SIP,1090.0,UPI_AUTOPAY
I704187,2026-09-06,Index Fund SIP,Mutual Fund SIP,4930.0,UPI_AUTOPAY
I704188,2026-09-06,ELSS SIP,Mutual Fund SIP,3420.0,UPI_AUTOPAY
I704189,2026-09-06,ELSS SIP,Mutual Fund SIP,17480.0,UPI_AUTOPAY
I704190,2026-09-06,Broker wallet top-up,One-time Investment,34300.0,UPI_APP
I704191,2026-09-06,One-time fund purchase,One-time Investment,3500.0,UPI_QR
I704192,2026-09-07,ELSS SIP,Mutual Fund SIP,4390.0,UPI_AUTOPAY
I704193,2026-09-07,Flexi Cap Fund SIP,Mutual Fund SIP,8150.0,UPI_AUTOPAY
I704194,2026-09-07,Small Cap Fund SIP,Mutual Fund SIP,1510.0,UPI_AUTOPAY
I704195,2026-09-07,Index Fund SIP,Mutual Fund SIP,3880.0,UPI_AUTOPAY
I704196,2026-09-07,Index Fund SIP,Mutual Fund SIP,14700.0,UPI_AUTOPAY
I704197,2026-09-07,Debt Fund SIP,Mutual Fund SIP,2900.0,UPI_AUTOPAY
I704198,2026-09-07,Small Cap Fund SIP,Mutual Fund SIP,16750.0,UPI_AUTOPAY
I704199,2026-09-08,Small Cap Fund SIP,Mutual Fund SIP,2110.0,UPI_AUTOPAY
I704200,2026-09-08,Small Cap Fund SIP,Mutual Fund SIP,9750.0,UPI_AUTOPAY
I704201,2026-09-08,ELSS SIP,Mutual Fund SIP,3540.0,UPI_AUTOPAY
I704202,2026-09-08,ELSS SIP,Mutual Fund SIP,5070.0,UPI_AUTOPAY
I704203,2026-09-08,Index Fund SIP,Mutual Fund SIP,6970.0,UPI_AUTOPAY
I704204,2026-09-08,Debt Fund SIP,Mutual Fund SIP,2790.0,UPI_AUTOPAY
I704205,2026-09-08,Debt Fund SIP,Mutual Fund SIP,9990.0,UPI_AUTOPAY
I704206,2026-09-09,ELSS SIP,Mutual Fund SIP,11620.0,UPI_AUTOPAY
I704207,2026-09-09,Flexi Cap Fund SIP,Mutual Fund SIP,3540.0,UPI_AUTOPAY
I704208,2026-09-09,IPO application (HNI category),One-time Investment,2203808.0,UPI_APP
I704209,2026-09-09,One-time fund purchase,One-time Investment,63100.0,UPI_APP
I704210,2026-09-09,Debt Fund SIP,Mutual Fund SIP,4600.0,UPI_AUTOPAY
I704211,2026-09-09,Flexi Cap Fund SIP,Mutual Fund SIP,4410.0,UPI_AUTOPAY
I704212,2026-09-09,Small Cap Fund SIP,Mutual Fund SIP,19410.0,UPI_AUTOPAY
I704213,2026-09-09,Flexi Cap Fund SIP,Mutual Fund SIP,2810.0,UPI_AUTOPAY
I704214,2026-09-09,Debt Fund SIP,Mutual Fund SIP,7950.0,UPI_AUTOPAY
I704215,2026-09-10,ELSS SIP,Mutual Fund SIP,2290.0,UPI_AUTOPAY
I704216,2026-09-10,Index Fund SIP,Mutual Fund SIP,5110.0,UPI_AUTOPAY
I704217,2026-09-10,Small Cap Fund SIP,Mutual Fund SIP,8920.0,UPI_AUTOPAY
I704218,2026-09-10,Small Cap Fund SIP,Mutual Fund SIP,3710.0,UPI_AUTOPAY
I704219,2026-09-10,ELSS SIP,Mutual Fund SIP,4240.0,UPI_AUTOPAY
I704220,2026-09-10,ELSS SIP,Mutual Fund SIP,3450.0,UPI_AUTOPAY
I704221,2026-09-10,Small Cap Fund SIP,Mutual Fund SIP,2860.0,UPI_AUTOPAY
I704222,2026-09-10,Debt Fund SIP,Mutual Fund SIP,2870.0,UPI_AUTOPAY
I704223,2026-09-10,Small Cap Fund SIP,Mutual Fund SIP,2510.0,UPI_AUTOPAY
I704224,2026-09-10,Debt Fund SIP,Mutual Fund SIP,3560.0,UPI_AUTOPAY
I704225,2026-09-10,Demat top-up,One-time Investment,15900.0,UPI_APP
I704226,2026-09-10,Index Fund SIP,Mutual Fund SIP,21520.0,UPI_AUTOPAY
I704227,2026-09-10,ELSS SIP,Mutual Fund SIP,9280.0,UPI_AUTOPAY
I704228,2026-09-11,Debt Fund SIP,Mutual Fund SIP,3070.0,UPI_AUTOPAY
I704229,2026-09-11,Index Fund SIP,Mutual Fund SIP,6210.0,UPI_AUTOPAY
I704230,2026-09-11,Flexi Cap Fund SIP,Mutual Fund SIP,6950.0,UPI_AUTOPAY
I704231,2026-09-11,Index Fund SIP,Mutual Fund SIP,17430.0,UPI_AUTOPAY
I704232,2026-09-11,Small Cap Fund SIP,Mutual Fund SIP,6420.0,UPI_AUTOPAY
I704233,2026-09-11,Flexi Cap Fund SIP,Mutual Fund SIP,3590.0,UPI_AUTOPAY
I704234,2026-09-11,Index Fund SIP,Mutual Fund SIP,8320.0,UPI_AUTOPAY
I704235,2026-09-11,Flexi Cap Fund SIP,Mutual Fund SIP,3110.0,UPI_AUTOPAY
I704236,2026-09-11,Small Cap Fund SIP,Mutual Fund SIP,2260.0,UPI_AUTOPAY
I704237,2026-09-12,Debt Fund SIP,Mutual Fund SIP,6220.0,UPI_AUTOPAY
I704238,2026-09-12,Flexi Cap Fund SIP,Mutual Fund SIP,6790.0,UPI_AUTOPAY
I704239,2026-09-12,Index Fund SIP,Mutual Fund SIP,4660.0,UPI_AUTOPAY
I704240,2026-09-12,Flexi Cap Fund SIP,Mutual Fund SIP,8320.0,UPI_AUTOPAY
I704241,2026-09-12,Index Fund SIP,Mutual Fund SIP,9800.0,UPI_AUTOPAY
I704242,2026-09-12,Small Cap Fund SIP,Mutual Fund SIP,1940.0,UPI_AUTOPAY
I704243,2026-09-12,ELSS SIP,Mutual Fund SIP,4580.0,UPI_AUTOPAY
I704244,2026-09-12,Debt Fund SIP,Mutual Fund SIP,2560.0,UPI_AUTOPAY
I704245,2026-09-12,IPO application,One-time Investment,6100.0,UPI_APP
I704246,2026-09-12,ELSS SIP,Mutual Fund SIP,4320.0,UPI_AUTOPAY
I704247,2026-09-12,ELSS SIP,Mutual Fund SIP,1730.0,UPI_AUTOPAY
I704248,2026-09-12,Demat top-up,One-time Investment,7300.0,UPI_APP
I704249,2026-09-12,Broker wallet top-up,One-time Investment,99000.0,UPI_APP
I704250,2026-09-12,Small Cap Fund SIP,Mutual Fund SIP,7010.0,UPI_AUTOPAY
I704251,2026-09-12,ELSS SIP,Mutual Fund SIP,11860.0,UPI_AUTOPAY
I704252,2026-09-13,ELSS SIP,Mutual Fund SIP,12490.0,UPI_AUTOPAY
I704253,2026-09-13,ELSS SIP,Mutual Fund SIP,4450.0,UPI_AUTOPAY
I704254,2026-09-13,One-time fund purchase,One-time Investment,36400.0,UPI_APP
I704255,2026-09-13,Flexi Cap Fund SIP,Mutual Fund SIP,13990.0,UPI_AUTOPAY
I704256,2026-09-13,Flexi Cap Fund SIP,Mutual Fund SIP,4730.0,UPI_AUTOPAY
I704257,2026-09-13,Debt Fund SIP,Mutual Fund SIP,2470.0,UPI_AUTOPAY
I704258,2026-09-13,ELSS SIP,Mutual Fund SIP,1800.0,UPI_AUTOPAY
I704259,2026-09-13,Flexi Cap Fund SIP,Mutual Fund SIP,4090.0,UPI_AUTOPAY
I704260,2026-09-13,Small Cap Fund SIP,Mutual Fund SIP,5100.0,UPI_AUTOPAY
I704261,2026-09-13,Debt Fund SIP,Mutual Fund SIP,6930.0,UPI_AUTOPAY
I704262,2026-09-13,Flexi Cap Fund SIP,Mutual Fund SIP,3980.0,UPI_AUTOPAY
I704263,2026-09-13,Index Fund SIP,Mutual Fund SIP,4100.0,UPI_AUTOPAY
I704264,2026-09-13,Small Cap Fund SIP,Mutual Fund SIP,5240.0,UPI_AUTOPAY
I704265,2026-09-13,Small Cap Fund SIP,Mutual Fund SIP,10560.0,UPI_AUTOPAY
I704266,2026-09-14,Flexi Cap Fund SIP,Mutual Fund SIP,7770.0,UPI_AUTOPAY
I704267,2026-09-14,Debt Fund SIP,Mutual Fund SIP,1470.0,UPI_AUTOPAY
I704268,2026-09-14,One-time fund purchase,One-time Investment,30400.0,UPI_QR
I704269,2026-09-14,Flexi Cap Fund SIP,Mutual Fund SIP,1600.0,UPI_AUTOPAY
I704270,2026-09-14,Debt Fund SIP,Mutual Fund SIP,2840.0,UPI_AUTOPAY
I704271,2026-09-14,Small Cap Fund SIP,Mutual Fund SIP,10000.0,UPI_AUTOPAY
I704272,2026-09-14,Index Fund SIP,Mutual Fund SIP,3270.0,UPI_AUTOPAY
I704273,2026-09-14,Debt Fund SIP,Mutual Fund SIP,3030.0,UPI_AUTOPAY
I704274,2026-09-14,Index Fund SIP,Mutual Fund SIP,6210.0,UPI_AUTOPAY
I704275,2026-09-14,Index Fund SIP,Mutual Fund SIP,4450.0,UPI_AUTOPAY
I704276,2026-09-14,Small Cap Fund SIP,Mutual Fund SIP,15020.0,UPI_AUTOPAY
I704277,2026-09-15,Small Cap Fund SIP,Mutual Fund SIP,4560.0,UPI_AUTOPAY
I704278,2026-09-15,Flexi Cap Fund SIP,Mutual Fund SIP,3400.0,UPI_AUTOPAY
I704279,2026-09-15,Index Fund SIP,Mutual Fund SIP,9150.0,UPI_AUTOPAY
I704280,2026-09-15,Debt Fund SIP,Mutual Fund SIP,4200.0,UPI_AUTOPAY
I704281,2026-09-16,Small Cap Fund SIP,Mutual Fund SIP,17480.0,UPI_AUTOPAY
I704282,2026-09-16,Small Cap Fund SIP,Mutual Fund SIP,4540.0,UPI_AUTOPAY
I704283,2026-09-16,Demat top-up,One-time Investment,45700.0,UPI_APP
I704284,2026-09-16,IPO application,One-time Investment,11700.0,UPI_APP
I704285,2026-09-16,Small Cap Fund SIP,Mutual Fund SIP,3380.0,UPI_AUTOPAY
I704286,2026-09-16,Flexi Cap Fund SIP,Mutual Fund SIP,5760.0,UPI_AUTOPAY
I704287,2026-09-16,ELSS SIP,Mutual Fund SIP,3260.0,UPI_AUTOPAY
I704288,2026-09-16,Small Cap Fund SIP,Mutual Fund SIP,5090.0,UPI_AUTOPAY
I704289,2026-09-16,Flexi Cap Fund SIP,Mutual Fund SIP,1960.0,UPI_AUTOPAY
I704290,2026-09-16,Small Cap Fund SIP,Mutual Fund SIP,4370.0,UPI_AUTOPAY
I704291,2026-09-16,Flexi Cap Fund SIP,Mutual Fund SIP,5170.0,UPI_AUTOPAY
I704292,2026-09-16,Index Fund SIP,Mutual Fund SIP,4920.0,UPI_AUTOPAY
I704293,2026-09-16,Debt Fund SIP,Mutual Fund SIP,2240.0,UPI_AUTOPAY
I704294,2026-09-17,Debt Fund SIP,Mutual Fund SIP,4980.0,UPI_AUTOPAY
I704295,2026-09-17,ELSS SIP,Mutual Fund SIP,6830.0,UPI_AUTOPAY
I704296,2026-09-17,Flexi Cap Fund SIP,Mutual Fund SIP,2470.0,UPI_AUTOPAY
I704297,2026-09-17,Index Fund SIP,Mutual Fund SIP,5880.0,UPI_AUTOPAY
I704298,2026-09-17,Debt Fund SIP,Mutual Fund SIP,6410.0,UPI_AUTOPAY
I704299,2026-09-17,Small Cap Fund SIP,Mutual Fund SIP,11990.0,UPI_AUTOPAY
I704300,2026-09-18,Index Fund SIP,Mutual Fund SIP,4970.0,UPI_AUTOPAY
I704301,2026-09-18,Small Cap Fund SIP,Mutual Fund SIP,1110.0,UPI_AUTOPAY
I704302,2026-09-18,Small Cap Fund SIP,Mutual Fund SIP,9470.0,UPI_AUTOPAY
I704303,2026-09-18,ELSS SIP,Mutual Fund SIP,5490.0,UPI_AUTOPAY
I704304,2026-09-18,Small Cap Fund SIP,Mutual Fund SIP,6960.0,UPI_AUTOPAY
I704305,2026-09-18,Debt Fund SIP,Mutual Fund SIP,8330.0,UPI_AUTOPAY
I704306,2026-09-18,Small Cap Fund SIP,Mutual Fund SIP,4080.0,UPI_AUTOPAY
I704307,2026-09-18,Debt Fund SIP,Mutual Fund SIP,9160.0,UPI_AUTOPAY
I704308,2026-09-19,Index Fund SIP,Mutual Fund SIP,8170.0,UPI_AUTOPAY
I704309,2026-09-19,Debt Fund SIP,Mutual Fund SIP,7780.0,UPI_AUTOPAY
I704310,2026-09-19,ELSS SIP,Mutual Fund SIP,8150.0,UPI_AUTOPAY
I704311,2026-09-19,ELSS SIP,Mutual Fund SIP,6250.0,UPI_AUTOPAY
I704312,2026-09-19,Small Cap Fund SIP,Mutual Fund SIP,17670.0,UPI_AUTOPAY
I704313,2026-09-19,ELSS SIP,Mutual Fund SIP,11420.0,UPI_AUTOPAY
I704314,2026-09-19,Flexi Cap Fund SIP,Mutual Fund SIP,3430.0,UPI_AUTOPAY
I704315,2026-09-19,Index Fund SIP,Mutual Fund SIP,6030.0,UPI_AUTOPAY
I704316,2026-09-19,Debt Fund SIP,Mutual Fund SIP,6180.0,UPI_AUTOPAY
I704317,2026-09-19,Debt Fund SIP,Mutual Fund SIP,19880.0,UPI_AUTOPAY
I704318,2026-09-19,ELSS SIP,Mutual Fund SIP,3540.0,UPI_AUTOPAY
I704319,2026-09-19,Debt Fund SIP,Mutual Fund SIP,3810.0,UPI_AUTOPAY
I704320,2026-09-19,Index Fund SIP,Mutual Fund SIP,2540.0,UPI_AUTOPAY
I704321,2026-09-19,Demat top-up,One-time Investment,110900.0,UPI_APP
I704322,2026-09-19,Index Fund SIP,Mutual Fund SIP,3010.0,UPI_AUTOPAY
I704323,2026-09-19,Index Fund SIP,Mutual Fund SIP,1380.0,UPI_AUTOPAY
I704324,2026-09-19,Debt Fund SIP,Mutual Fund SIP,5400.0,UPI_AUTOPAY
I704325,2026-09-19,Small Cap Fund SIP,Mutual Fund SIP,5190.0,UPI_AUTOPAY
I704326,2026-09-19,ELSS SIP,Mutual Fund SIP,4960.0,UPI_AUTOPAY
I704327,2026-09-19,Flexi Cap Fund SIP,Mutual Fund SIP,2390.0,UPI_AUTOPAY
I704328,2026-09-19,Debt Fund SIP,Mutual Fund SIP,9160.0,UPI_AUTOPAY
I704329,2026-09-19,Index Fund SIP,Mutual Fund SIP,2820.0,UPI_AUTOPAY
I704330,2026-09-19,Index Fund SIP,Mutual Fund SIP,10820.0,UPI_AUTOPAY
I704331,2026-09-20,ELSS SIP,Mutual Fund SIP,28280.0,UPI_AUTOPAY
I704332,2026-09-20,Debt Fund SIP,Mutual Fund SIP,2740.0,UPI_AUTOPAY
I704333,2026-09-20,Index Fund SIP,Mutual Fund SIP,1740.0,UPI_AUTOPAY
I704334,2026-09-20,Flexi Cap Fund SIP,Mutual Fund SIP,4030.0,UPI_AUTOPAY
I704335,2026-09-20,Index Fund SIP,Mutual Fund SIP,3660.0,UPI_AUTOPAY
I704336,2026-09-20,ELSS SIP,Mutual Fund SIP,7530.0,UPI_AUTOPAY
I704337,2026-09-20,Index Fund SIP,Mutual Fund SIP,3640.0,UPI_AUTOPAY
I704338,2026-09-20,Index Fund SIP,Mutual Fund SIP,2170.0,UPI_AUTOPAY
I704339,2026-09-20,Index Fund SIP,Mutual Fund SIP,5710.0,UPI_AUTOPAY
I704340,2026-09-20,Small Cap Fund SIP,Mutual Fund SIP,2700.0,UPI_AUTOPAY
I704341,2026-09-20,Flexi Cap Fund SIP,Mutual Fund SIP,2310.0,UPI_AUTOPAY
I704342,2026-09-20,ELSS SIP,Mutual Fund SIP,4130.0,UPI_AUTOPAY
I704343,2026-09-20,Index Fund SIP,Mutual Fund SIP,2940.0,UPI_AUTOPAY
I704344,2026-09-20,ELSS SIP,Mutual Fund SIP,6000.0,UPI_AUTOPAY
I704345,2026-09-20,Debt Fund SIP,Mutual Fund SIP,3290.0,UPI_AUTOPAY
I704346,2026-09-20,ELSS SIP,Mutual Fund SIP,4910.0,UPI_AUTOPAY
I704347,2026-09-21,Small Cap Fund SIP,Mutual Fund SIP,1300.0,UPI_AUTOPAY
I704348,2026-09-21,Index Fund SIP,Mutual Fund SIP,2940.0,UPI_AUTOPAY
I704349,2026-09-21,Index Fund SIP,Mutual Fund SIP,6440.0,UPI_AUTOPAY
I704350,2026-09-21,ELSS SIP,Mutual Fund SIP,4480.0,UPI_AUTOPAY
I704351,2026-09-21,Small Cap Fund SIP,Mutual Fund SIP,9670.0,UPI_AUTOPAY
I704352,2026-09-21,Debt Fund SIP,Mutual Fund SIP,16890.0,UPI_AUTOPAY
I704353,2026-09-21,Small Cap Fund SIP,Mutual Fund SIP,13030.0,UPI_AUTOPAY
I704354,2026-09-21,Small Cap Fund SIP,Mutual Fund SIP,2340.0,UPI_AUTOPAY
I704355,2026-09-21,ELSS SIP,Mutual Fund SIP,4250.0,UPI_AUTOPAY
