transaction_id,date,product,category,amount,payment_method
S500000,2025-09-22,Oil 1L,Groceries,264.0,CASH
S500001,2025-09-22,Dal,Groceries,67.0,CASH
S500002,2025-09-22,Paneer,Dairy,200.0,UPI_QR
S500003,2025-09-22,Atta,Groceries,171.0,UPI_QR
S500004,2025-09-22,Butter,Dairy,89.0,UPI_QR
S500005,2025-09-22,Namkeen,Snacks,509.0,UPI_QR
S500006,2025-09-22,Dal,Groceries,262.0,UPI_QR
S500007,2025-09-22,Oil 1L,Groceries,388.0,UPI_QR
S500008,2025-09-22,Sugar,Groceries,109.0,CASH
S500009,2025-09-22,Atta,Groceries,70.0,UPI_QR
S500010,2025-09-23,Namkeen,Snacks,42.0,UPI_QR
S500011,2025-09-23,Milk,Dairy,250.0,UPI_QR
S500012,2025-09-23,Sugar,Groceries,128.0,CASH
S500013,2025-09-23,Paneer,Dairy,61.0,UPI_QR
S500014,2025-09-23,Dal,Groceries,53.0,CASH
S500015,2025-09-23,Sugar,Groceries,139.0,UPI_QR
S500016,2025-09-23,Oil 1L,Groceries,92.0,CASH
S500017,2025-09-23,Paneer,Dairy,386.0,CASH
S500018,2025-09-24,Oil 1L,Groceries,297.0,UPI_QR
S500019,2025-09-24,Festival hamper / bulk order,Groceries,4200.0,UPI_QR
S500020,2025-09-24,Sugar,Groceries,259.0,CASH
S500021,2025-09-24,Butter,Dairy,201.0,CASH
S500022,2025-09-24,Dal,Groceries,61.0,UPI_APP
S500023,2025-09-24,Milk,Dairy,250.0,UPI_QR
S500024,2025-09-24,Dal,Groceries,588.0,CASH
S500025,2025-09-25,Namkeen,Snacks,204.0,CASH
S500026,2025-09-25,Sugar,Groceries,275.0,UPI_QR
S500027,2025-09-25,Butter,Dairy,338.0,CASH
S500028,2025-09-25,Atta,Groceries,33.0,UPI_QR
S500029,2025-09-25,Sugar,Groceries,218.0,UPI_QR
S500030,2025-09-25,Rice 5kg,Groceries,108.0,UPI_QR
S500031,2025-09-25,Dal,Groceries,432.0,CASH
S500032,2025-09-25,Paneer,Dairy,165.0,CASH
S500033,2025-09-25,Sugar,Groceries,515.0,CASH
S500034,2025-09-25,Biscuits,Snacks,25.0,UPI_QR
S500035,2025-09-25,Chips,Snacks,355.0,UPI_QR
S500036,2025-09-25,Atta,Groceries,337.0,CASH
S500037,2025-09-26,Sugar,Groceries,339.0,UPI_QR
S500038,2025-09-26,Dal,Groceries,167.0,UPI_QR
S500039,2025-09-26,Oil 1L,Groceries,152.0,UPI_QR
S500040,2025-09-26,Butter,Dairy,194.0,UPI_QR
S500041,2025-09-26,Butter,Dairy,136.0,UPI_QR
S500042,2025-09-26,Atta,Groceries,516.0,UPI_QR
S500043,2025-09-26,Butter,Dairy,118.0,UPI_APP
S500044,2025-09-26,Milk,Dairy,191.0,UPI_QR
S500045,2025-09-26,Paneer,Dairy,508.0,UPI_QR
S500046,2025-09-26,Milk,Dairy,121.0,CASH
S500047,2025-09-27,Chocolates,Snacks,305.0,UPI_QR
S500048,2025-09-27,Curd,Dairy,152.0,UPI_QR
S500049,2025-09-27,Biscuits,Snacks,227.0,UPI_QR
S500050,2025-09-27,Chips,Snacks,357.0,UPI_QR
S500051,2025-09-27,Oil 1L,Groceries,150.0,UPI_QR
S500052,2025-09-27,Dal,Groceries,288.0,UPI_QR
S500053,2025-09-27,Dal,Groceries,166.0,UPI_QR
S500054,2025-09-27,Biscuits,Snacks,51.0,UPI_APP
S500055,2025-09-27,Milk,Dairy,181.0,UPI_QR
S500056,2025-09-27,Rice 5kg,Groceries,110.0,UPI_QR
S500057,2025-09-27,Paneer,Dairy,130.0,UPI_QR
S500058,2025-09-27,Paneer,Dairy,205.0,UPI_QR
S500059,2025-09-27,Sugar,Groceries,254.0,CASH
S500060,2025-09-27,Dal,Groceries,196.0,UPI_QR
S500061,2025-09-28,Oil 1L,Groceries,351.0,UPI_QR
S500062,2025-09-28,Sugar,Groceries,155.0,CASH
S500063,2025-09-28,Dal,Groceries,206.0,UPI_QR
S500064,2025-09-28,Butter,Dairy,106.0,UPI_QR
S500065,2025-09-28,Milk,Dairy,83.0,CASH
S500066,2025-09-28,Oil 1L,Groceries,204.0,CASH
S500067,2025-09-28,Oil 1L,Groceries,324.0,UPI_QR
S500068,2025-09-28,Atta,Groceries,495.0,UPI_QR
S500069,2025-09-28,Namkeen,Snacks,21.0,UPI_QR
S500070,2025-09-28,Dal,Groceries,790.0,UPI_QR
S500071,2025-09-28,Atta,Groceries,62.0,UPI_APP
S500072,2025-09-28,Chocolates,Snacks,71.0,UPI_QR
S500073,2025-09-29,Oil 1L,Groceries,78.0,UPI_QR
S500074,2025-09-29,Curd,Dairy,51.0,UPI_QR
S500075,2025-09-29,Oil 1L,Groceries,159.0,CASH
S500076,2025-09-29,Chips,Snacks,474.0,UPI_QR
S500077,2025-09-29,Curd,Dairy,52.0,UPI_APP
S500078,2025-09-29,Sugar,Groceries,528.0,UPI_QR
S500079,2025-09-29,Biscuits,Snacks,672.0,CASH
S500080,2025-09-29,Sugar,Groceries,342.0,UPI_QR
S500081,2025-09-29,Butter,Dairy,116.0,UPI_QR
S500082,2025-09-30,Sugar,Groceries,200.0,UPI_QR
S500083,2025-09-30,Rice 5kg,Groceries,379.0,UPI_QR
S500084,2025-09-30,Rice 5kg,Groceries,144.0,CASH
S500085,2025-09-30,Sugar,Groceries,147.0,CASH
S500086,2025-09-30,Milk,Dairy,332.0,CASH
S500087,2025-09-30,Curd,Dairy,42.0,UPI_QR
S500088,2025-09-30,Rice 5kg,Groceries,114.0,UPI_QR
S500089,2025-10-01,Namkeen,Snacks,472.0,UPI_QR
S500090,2025-10-01,Biscuits,Snacks,225.0,UPI_QR
S500091,2025-10-01,Oil 1L,Groceries,158.0,UPI_QR
S500092,2025-10-01,Sugar,Groceries,186.0,CASH
S500093,2025-10-01,Curd,Dairy,496.0,UPI_APP
S500094,2025-10-01,Biscuits,Snacks,154.0,CASH
S500095,2025-10-01,Atta,Groceries,29.0,UPI_QR
S500096,2025-10-01,Oil 1L,Groceries,434.0,CASH
S500097,2025-10-02,Atta,Groceries,197.0,UPI_QR
S500098,2025-10-02,Chocolates,Snacks,196.0,CASH
S500099,2025-10-02,Atta,Groceries,120.0,UPI_QR
S500100,2025-10-02,Chips,Snacks,67.0,UPI_QR
S500101,2025-10-02,Chocolates,Snacks,199.0,CASH
S500102,2025-10-02,Curd,Dairy,185.0,CASH
S500103,2025-10-03,Curd,Dairy,166.0,UPI_QR
S500104,2025-10-03,Oil 1L,Groceries,83.0,UPI_QR
S500105,2025-10-03,Atta,Groceries,65.0,UPI_QR
S500106,2025-10-03,Butter,Dairy,62.0,UPI_QR
S500107,2025-10-03,Atta,Groceries,185.0,UPI_QR
S500108,2025-10-03,Butter,Dairy,55.0,CASH
S500109,2025-10-03,Atta,Groceries,94.0,UPI_QR
S500110,2025-10-03,Dal,Groceries,511.0,UPI_QR
S500111,2025-10-04,Biscuits,Snacks,256.0,UPI_QR
S500112,2025-10-04,Rice 5kg,Groceries,70.0,UPI_QR
S500113,2025-10-04,Sugar,Groceries,182.0,UPI_QR
S500114,2025-10-04,Chips,Snacks,80.0,UPI_QR
S500115,2025-10-04,Dal,Groceries,526.0,UPI_QR
S500116,2025-10-04,Chocolates,Snacks,319.0,UPI_QR
S500117,2025-10-04,Atta,Groceries,92.0,UPI_QR
S500118,2025-10-05,Biscuits,Snacks,289.0,UPI_QR
S500119,2025-10-05,Curd,Dairy,37.0,UPI_QR
S500120,2025-10-05,Sugar,Groceries,225.0,UPI_APP
S500121,2025-10-05,Paneer,Dairy,271.0,UPI_QR
S500122,2025-10-05,Oil 1L,Groceries,101.0,UPI_QR
S500123,2025-10-05,Butter,Dairy,54.0,CASH
S500124,2025-10-05,Oil 1L,Groceries,108.0,UPI_QR
S500125,2025-10-05,Atta,Groceries,169.0,UPI_QR
S500126,2025-10-05,Dal,Groceries,229.0,UPI_QR
S500127,2025-10-05,Dal,Groceries,186.0,UPI_QR
S500128,2025-10-05,Dal,Groceries,137.0,UPI_QR
S500129,2025-10-05,Milk,Dairy,72.0,UPI_QR
S500130,2025-10-06,Oil 1L,Groceries,340.0,CASH
S500131,2025-10-06,Dal,Groceries,119.0,UPI_QR
S500132,2025-10-06,Namkeen,Snacks,99.0,UPI_QR
S500133,2025-10-06,Atta,Groceries,37.0,UPI_QR
S500134,2025-10-06,Oil 1L,Groceries,601.0,UPI_QR
S500135,2025-10-06,Oil 1L,Groceries,57.0,UPI_QR
S500136,2025-10-06,Chocolates,Snacks,136.0,UPI_QR
S500137,2025-10-06,Curd,Dairy,88.0,UPI_QR
S500138,2025-10-06,Paneer,Dairy,127.0,UPI_QR
S500139,2025-10-06,Atta,Groceries,127.0,UPI_QR
S500140,2025-10-06,Atta,Groceries,262.0,UPI_QR
S500141,2025-10-06,Sugar,Groceries,402.0,CASH
S500142,2025-10-06,Curd,Dairy,58.0,UPI_APP
S500143,2025-10-07,Atta,Groceries,110.0,CASH
S500144,2025-10-07,Rice 5kg,Groceries,228.0,UPI_QR
S500145,2025-10-07,Dal,Groceries,145.0,UPI_QR
S500146,2025-10-07,Milk,Dairy,334.0,CASH
S500147,2025-10-07,Atta,Groceries,88.0,CASH
S500148,2025-10-07,Chips,Snacks,86.0,UPI_QR
S500149,2025-10-07,Sugar,Groceries,432.0,UPI_QR
S500150,2025-10-07,Paneer,Dairy,139.0,UPI_QR
S500151,2025-10-07,Atta,Groceries,135.0,UPI_QR
S500152,2025-10-07,Curd,Dairy,144.0,UPI_QR
S500153,2025-10-08,Butter,Dairy,151.0,UPI_QR
S500154,2025-10-08,Dal,Groceries,135.0,UPI_QR
S500155,2025-10-08,Dal,Groceries,484.0,UPI_QR
S500156,2025-10-08,Dal,Groceries,157.0,UPI_QR
S500157,2025-10-08,Rice 5kg,Groceries,158.0,UPI_QR
S500158,2025-10-08,Dal,Groceries,20.0,UPI_APP
S500159,2025-10-08,Atta,Groceries,355.0,CASH
S500160,2025-10-08,Oil 1L,Groceries,527.0,UPI_QR
S500161,2025-10-08,Rice 5kg,Groceries,121.0,UPI_APP
S500162,2025-10-08,Atta,Groceries,358.0,UPI_QR
S500163,2025-10-09,Chips,Snacks,80.0,UPI_QR
S500164,2025-10-09,Atta,Groceries,153.0,UPI_QR
S500165,2025-10-09,Paneer,Dairy,106.0,UPI_QR
S500166,2025-10-09,Rice 5kg,Groceries,183.0,UPI_QR
S500167,2025-10-09,Dal,Groceries,127.0,CASH
S500168,2025-10-09,Atta,Groceries,385.0,UPI_APP
S500169,2025-10-10,Oil 1L,Groceries,293.0,CASH
S500170,2025-10-10,Rice 5kg,Groceries,430.0,UPI_QR
S500171,2025-10-10,Paneer,Dairy,59.0,UPI_QR
S500172,2025-10-10,Sugar,Groceries,476.0,CASH
S500173,2025-10-10,Atta,Groceries,89.0,UPI_APP
S500174,2025-10-10,Dal,Groceries,115.0,UPI_QR
S500175,2025-10-10,Namkeen,Snacks,266.0,UPI_QR
S500176,2025-10-10,Rice 5kg,Groceries,619.0,UPI_QR
S500177,2025-10-10,Biscuits,Snacks,391.0,UPI_QR
S500178,2025-10-10,Chocolates,Snacks,441.0,UPI_QR
S500179,2025-10-10,Atta,Groceries,88.0,UPI_QR
S500180,2025-10-10,Butter,Dairy,144.0,CASH
S500181,2025-10-11,Curd,Dairy,59.0,UPI_QR
S500182,2025-10-11,Curd,Dairy,94.0,UPI_QR
S500183,2025-10-11,Milk,Dairy,229.0,UPI_QR
S500184,2025-10-11,Namkeen,Snacks,148.0,UPI_QR
S500185,2025-10-11,Atta,Groceries,39.0,UPI_QR
S500186,2025-10-11,Curd,Dairy,120.0,UPI_QR
S500187,2025-10-11,Milk,Dairy,83.0,UPI_APP
S500188,2025-10-11,Curd,Dairy,67.0,CASH
S500189,2025-10-11,Biscuits,Snacks,108.0,UPI_QR
S500190,2025-10-11,Oil 1L,Groceries,253.0,UPI_QR
S500191,2025-10-11,Biscuits,Snacks,187.0,UPI_QR
S500192,2025-10-11,Milk,Dairy,172.0,UPI_QR
S500193,2025-10-11,Curd,Dairy,89.0,UPI_QR
S500194,2025-10-12,Paneer,Dairy,188.0,UPI_QR
S500195,2025-10-12,Paneer,Dairy,38.0,UPI_QR
S500196,2025-10-12,Sugar,Groceries,385.0,UPI_QR
S500197,2025-10-12,Butter,Dairy,84.0,UPI_QR
S500198,2025-10-12,Chocolates,Snacks,422.0,UPI_QR
S500199,2025-10-12,Curd,Dairy,300.0,CASH
S500200,2025-10-12,Oil 1L,Groceries,36.0,UPI_QR
S500201,2025-10-12,Oil 1L,Groceries,79.0,UPI_QR
S500202,2025-10-12,Sugar,Groceries,196.0,UPI_QR
S500203,2025-10-12,Atta,Groceries,138.0,UPI_QR
S500204,2025-10-12,Dal,Groceries,194.0,UPI_QR
S500205,2025-10-12,Paneer,Dairy,392.0,CASH
S500206,2025-10-12,Dal,Groceries,60.0,UPI_QR
S500207,2025-10-13,Dal,Groceries,308.0,UPI_QR
S500208,2025-10-13,Curd,Dairy,359.0,UPI_QR
S500209,2025-10-13,Curd,Dairy,265.0,UPI_QR
S500210,2025-10-13,Chocolates,Snacks,66.0,CASH
S500211,2025-10-13,Chocolates,Snacks,124.0,UPI_QR
S500212,2025-10-13,Atta,Groceries,63.0,UPI_QR
S500213,2025-10-14,Rice 5kg,Groceries,72.0,CASH
S500214,2025-10-14,Oil 1L,Groceries,129.0,UPI_QR
S500215,2025-10-14,Atta,Groceries,244.0,UPI_QR
S500216,2025-10-14,Rice 5kg,Groceries,105.0,UPI_QR
S500217,2025-10-14,Rice 5kg,Groceries,291.0,UPI_QR
S500218,2025-10-14,Atta,Groceries,71.0,CASH
S500219,2025-10-14,Dal,Groceries,168.0,UPI_QR
S500220,2025-10-14,Milk,Dairy,146.0,UPI_QR
S500221,2025-10-14,Atta,Groceries,213.0,UPI_APP
S500222,2025-10-14,Chocolates,Snacks,351.0,UPI_APP
S500223,2025-10-14,Atta,Groceries,85.0,UPI_QR
S500224,2025-10-15,Dal,Groceries,179.0,UPI_QR
S500225,2025-10-15,Biscuits,Snacks,193.0,CASH
S500226,2025-10-15,Chips,Snacks,264.0,UPI_QR
S500227,2025-10-15,Sugar,Groceries,92.0,CASH
S500228,2025-10-15,Butter,Dairy,405.0,UPI_QR
S500229,2025-10-15,Chips,Snacks,76.0,UPI_QR
S500230,2025-10-15,Paneer,Dairy,394.0,UPI_QR
S500231,2025-10-15,Chips,Snacks,174.0,CASH
S500232,2025-10-15,Rice 5kg,Groceries,412.0,UPI_QR
S500233,2025-10-15,Dal,Groceries,291.0,UPI_QR
S500234,2025-10-16,Rice 5kg,Groceries,97.0,UPI_QR
S500235,2025-10-16,Curd,Dairy,463.0,UPI_QR
S500236,2025-10-16,Curd,Dairy,24.0,UPI_QR
S500237,2025-10-16,Atta,Groceries,61.0,UPI_QR
S500238,2025-10-16,Sugar,Groceries,172.0,UPI_QR
S500239,2025-10-16,Paneer,Dairy,238.0,UPI_QR
S500240,2025-10-16,Atta,Groceries,351.0,UPI_QR
S500241,2025-10-16,Atta,Groceries,227.0,CASH
S500242,2025-10-16,Dal,Groceries,136.0,UPI_QR
S500243,2025-10-16,Chocolates,Snacks,79.0,UPI_QR
S500244,2025-10-16,Sugar,Groceries,278.0,UPI_QR
S500245,2025-10-16,Rice 5kg,Groceries,129.0,UPI_QR
S500246,2025-10-17,Dal,Groceries,43.0,CASH
S500247,2025-10-17,Dal,Groceries,162.0,UPI_QR
S500248,2025-10-17,Rice 5kg,Groceries,175.0,UPI_QR
S500249,2025-10-17,Oil 1L,Groceries,350.0,CASH
S500250,2025-10-18,Chocolates,Snacks,494.0,CASH
S500251,2025-10-18,Sugar,Groceries,162.0,UPI_QR
S500252,2025-10-18,Oil 1L,Groceries,352.0,UPI_QR
S500253,2025-10-18,Rice 5kg,Groceries,329.0,CASH
S500254,2025-10-18,Dal,Groceries,146.0,UPI_QR
S500255,2025-10-18,Oil 1L,Groceries,92.0,UPI_QR
S500256,2025-10-18,Rice 5kg,Groceries,84.0,UPI_QR
S500257,2025-10-18,Dal,Groceries,217.0,CASH
S500258,2025-10-18,Milk,Dairy,959.0,UPI_QR
S500259,2025-10-18,Oil 1L,Groceries,153.0,UPI_QR
S500260,2025-10-19,Biscuits,Snacks,76.0,UPI_QR
S500261,2025-10-19,Milk,Dairy,197.0,CASH
S500262,2025-10-19,Butter,Dairy,204.0,UPI_QR
S500263,2025-10-19,Biscuits,Snacks,132.0,UPI_QR
S500264,2025-10-19,Chips,Snacks,123.0,UPI_QR
S500265,2025-10-19,Rice 5kg,Groceries,58.0,CASH
S500266,2025-10-19,Oil 1L,Groceries,196.0,CASH
S500267,2025-10-19,Biscuits,Snacks,158.0,UPI_QR
S500268,2025-10-20,Biscuits,Snacks,195.0,CASH
S500269,2025-10-20,Oil 1L,Groceries,142.0,UPI_QR
S500270,2025-10-20,Chips,Snacks,188.0,UPI_QR
S500271,2025-10-20,Atta,Groceries,244.0,UPI_QR
S500272,2025-10-20,Oil 1L,Groceries,153.0,UPI_QR
S500273,2025-10-20,Butter,Dairy,653.0,UPI_QR
S500274,2025-10-20,Oil 1L,Groceries,140.0,UPI_QR
S500275,2025-10-20,Sugar,Groceries,193.0,CASH
S500276,2025-10-20,Dal,Groceries,190.0,CASH
S500277,2025-10-21,Atta,Groceries,63.0,UPI_QR
S500278,2025-10-21,Biscuits,Snacks,296.0,UPI_QR
S500279,2025-10-21,Butter,Dairy,352.0,UPI_QR
S500280,2025-10-22,Milk,Dairy,110.0,UPI_QR
S500281,2025-10-22,Sugar,Groceries,77.0,UPI_QR
S500282,2025-10-22,Dal,Groceries,272.0,UPI_QR
S500283,2025-10-22,Oil 1L,Groceries,138.0,UPI_QR
S500284,2025-10-22,Oil 1L,Groceries,417.0,CASH
S500285,2025-10-22,Chips,Snacks,215.0,UPI_QR
S500286,2025-10-22,Atta,Groceries,710.0,UPI_QR
S500287,2025-10-22,Chips,Snacks,177.0,UPI_QR
S500288,2025-10-22,Atta,Groceries,545.0,UPI_QR
S500289,2025-10-22,Milk,Dairy,827.0,UPI_QR
S500290,2025-10-22,Namkeen,Snacks,410.0,UPI_QR
S500291,2025-10-23,Sugar,Groceries,525.0,UPI_QR
S500292,2025-10-23,Rice 5kg,Groceries,52.0,CASH
S500293,2025-10-23,Chocolates,Snacks,182.0,CASH
S500294,2025-10-23,Biscuits,Snacks,382.0,UPI_QR
S500295,2025-10-23,Sugar,Groceries,176.0,UPI_QR
S500296,2025-10-23,Biscuits,Snacks,51.0,UPI_QR
S500297,2025-10-23,Chocolates,Snacks,87.0,UPI_APP
S500298,2025-10-23,Curd,Dairy,81.0,UPI_QR
S500299,2025-10-23,Rice 5kg,Groceries,137.0,UPI_QR
S500300,2025-10-23,Dal,Groceries,898.0,UPI_QR
S500301,2025-10-23,Oil 1L,Groceries,196.0,UPI_QR
S500302,2025-10-24,Curd,Dairy,211.0,UPI_QR
S500303,2025-10-24,Curd,Dairy,119.0,UPI_QR
S500304,2025-10-24,Milk,Dairy,288.0,UPI_QR
S500305,2025-10-24,Oil 1L,Groceries,166.0,UPI_QR
S500306,2025-10-24,Atta,Groceries,152.0,CASH
S500307,2025-10-24,Butter,Dairy,487.0,UPI_QR
S500308,2025-10-24,Chocolates,Snacks,224.0,UPI_QR
S500309,2025-10-24,Oil 1L,Groceries,55.0,UPI_QR
S500310,2025-10-24,Sugar,Groceries,74.0,CASH
S500311,2025-10-24,Oil 1L,Groceries,262.0,UPI_QR
S500312,2025-10-24,Chocolates,Snacks,262.0,UPI_QR
S500313,2025-10-25,Paneer,Dairy,166.0,UPI_QR
S500314,2025-10-25,Milk,Dairy,285.0,UPI_QR
S500315,2025-10-25,Atta,Groceries,50.0,UPI_APP
S500316,2025-10-25,Namkeen,Snacks,309.0,UPI_QR
S500317,2025-10-25,Chips,Snacks,590.0,UPI_QR
S500318,2025-10-25,Chocolates,Snacks,164.0,CASH
S500319,2025-10-25,Oil 1L,Groceries,74.0,UPI_QR
S500320,2025-10-25,Rice 5kg,Groceries,218.0,CASH
S500321,2025-10-25,Milk,Dairy,246.0,UPI_QR
S500322,2025-10-25,Dal,Groceries,228.0,UPI_QR
S500323,2025-10-25,Biscuits,Snacks,195.0,UPI_QR
S500324,2025-10-25,Curd,Dairy,30.0,UPI_QR
S500325,2025-10-26,Oil 1L,Groceries,764.0,UPI_QR
S500326,2025-10-26,Paneer,Dairy,81.0,CASH
S500327,2025-10-26,Milk,Dairy,65.0,UPI_QR
S500328,2025-10-26,Chocolates,Snacks,119.0,UPI_QR
S500329,2025-10-26,Sugar,Groceries,212.0,CASH
S500330,2025-10-26,Milk,Dairy,111.0,UPI_QR
S500331,2025-10-26,Paneer,Dairy,429.0,UPI_QR
S500332,2025-10-26,Milk,Dairy,39.0,UPI_QR
S500333,2025-10-26,Sugar,Groceries,129.0,UPI_QR
S500334,2025-10-26,Milk,Dairy,91.0,CASH
S500335,2025-10-26,Festival hamper / bulk order,Groceries,5000.0,UPI_QR
S500336,2025-10-27,Biscuits,Snacks,58.0,UPI_QR
S500337,2025-10-27,Paneer,Dairy,497.0,UPI_QR
S500338,2025-10-27,Atta,Groceries,52.0,UPI_QR
S500339,2025-10-27,Paneer,Dairy,152.0,UPI_QR
S500340,2025-10-28,Milk,Dairy,127.0,CASH
S500341,2025-10-28,Oil 1L,Groceries,421.0,CASH
S500342,2025-10-28,Rice 5kg,Groceries,212.0,UPI_QR
S500343,2025-10-28,Rice 5kg,Groceries,356.0,UPI_QR
S500344,2025-10-28,Paneer,Dairy,97.0,UPI_QR
S500345,2025-10-28,Paneer,Dairy,41.0,UPI_QR
S500346,2025-10-28,Sugar,Groceries,500.0,CASH
S500347,2025-10-28,Dal,Groceries,84.0,UPI_APP
S500348,2025-10-28,Chocolates,Snacks,90.0,UPI_QR
S500349,2025-10-29,Dal,Groceries,223.0,CASH
S500350,2025-10-29,Chips,Snacks,832.0,CASH
S500351,2025-10-29,Paneer,Dairy,58.0,CASH
S500352,2025-10-29,Paneer,Dairy,266.0,UPI_QR
S500353,2025-10-29,Festival hamper / bulk order,Groceries,3700.0,UPI_QR
S500354,2025-10-29,Chips,Snacks,218.0,UPI_QR
S500355,2025-10-29,Biscuits,Snacks,184.0,UPI_QR
S500356,2025-10-29,Rice 5kg,Groceries,66.0,CASH
S500357,2025-10-30,Oil 1L,Groceries,122.0,UPI_QR
S500358,2025-10-30,Atta,Groceries,76.0,UPI_QR
S500359,2025-10-30,Butter,Dairy,214.0,UPI_QR
S500360,2025-10-30,Atta,Groceries,58.0,CASH
S500361,2025-10-30,Dal,Groceries,57.0,CASH
S500362,2025-10-30,Paneer,Dairy,317.0,CASH
S500363,2025-10-30,Dal,Groceries,119.0,UPI_QR
S500364,2025-10-30,Rice 5kg,Groceries,103.0,UPI_QR
S500365,2025-10-31,Oil 1L,Groceries,134.0,CASH
S500366,2025-10-31,Dal,Groceries,63.0,UPI_QR
S500367,2025-10-31,Dal,Groceries,458.0,UPI_QR
S500368,2025-10-31,Chips,Snacks,222.0,UPI_QR
S500369,2025-10-31,Atta,Groceries,490.0,CASH
S500370,2025-10-31,Biscuits,Snacks,53.0,UPI_QR
S500371,2025-10-31,Atta,Groceries,116.0,UPI_QR
S500372,2025-10-31,Butter,Dairy,168.0,UPI_QR
S500373,2025-10-31,Biscuits,Snacks,227.0,UPI_QR
S500374,2025-10-31,Sugar,Groceries,165.0,CASH
S500375,2025-10-31,Atta,Groceries,97.0,UPI_QR
S500376,2025-11-01,Butter,Dairy,29.0,UPI_QR
S500377,2025-11-01,Biscuits,Snacks,84.0,UPI_QR
S500378,2025-11-01,Rice 5kg,Groceries,167.0,UPI_QR
S500379,2025-11-01,Atta,Groceries,46.0,CASH
S500380,2025-11-01,Butter,Dairy,202.0,UPI_QR
S500381,2025-11-01,Milk,Dairy,145.0,UPI_QR
S500382,2025-11-01,Atta,Groceries,253.0,UPI_QR
S500383,2025-11-01,Curd,Dairy,123.0,CASH
S500384,2025-11-01,Namkeen,Snacks,112.0,UPI_QR
S500385,2025-11-02,Chocolates,Snacks,117.0,UPI_QR
S500386,2025-11-02,Milk,Dairy,85.0,UPI_QR
S500387,2025-11-02,Dal,Groceries,64.0,UPI_QR
S500388,2025-11-02,Chips,Snacks,189.0,UPI_QR
S500389,2025-11-03,Atta,Groceries,36.0,UPI_QR
S500390,2025-11-03,Milk,Dairy,120.0,UPI_QR
S500391,2025-11-03,Namkeen,Snacks,93.0,UPI_QR
S500392,2025-11-03,Curd,Dairy,231.0,UPI_QR
S500393,2025-11-03,Atta,Groceries,310.0,UPI_APP
S500394,2025-11-03,Paneer,Dairy,985.0,CASH
S500395,2025-11-03,Oil 1L,Groceries,89.0,UPI_QR
S500396,2025-11-03,Curd,Dairy,341.0,UPI_QR
S500397,2025-11-03,Dal,Groceries,115.0,CASH
S500398,2025-11-03,Atta,Groceries,556.0,UPI_QR
S500399,2025-11-04,Chips,Snacks,288.0,UPI_QR
S500400,2025-11-04,Milk,Dairy,470.0,UPI_QR
S500401,2025-11-04,Atta,Groceries,258.0,CASH
S500402,2025-11-04,Oil 1L,Groceries,249.0,UPI_QR
S500403,2025-11-04,Chocolates,Snacks,136.0,UPI_QR
S500404,2025-11-04,Dal,Groceries,77.0,UPI_QR
S500405,2025-11-04,Chips,Snacks,66.0,UPI_QR
S500406,2025-11-04,Chips,Snacks,127.0,UPI_QR
S500407,2025-11-04,Biscuits,Snacks,180.0,UPI_QR
S500408,2025-11-04,Curd,Dairy,187.0,UPI_QR
S500409,2025-11-04,Festival hamper / bulk order,Groceries,5100.0,UPI_QR
S500410,2025-11-04,Dal,Groceries,81.0,UPI_QR
S500411,2025-11-05,Oil 1L,Groceries,268.0,UPI_QR
S500412,2025-11-05,Rice 5kg,Groceries,58.0,UPI_APP
S500413,2025-11-05,Chips,Snacks,71.0,UPI_QR
S500414,2025-11-05,Atta,Groceries,175.0,CASH
S500415,2025-11-05,Atta,Groceries,149.0,UPI_QR
S500416,2025-11-05,Chocolates,Snacks,27.0,UPI_APP
S500417,2025-11-05,Paneer,Dairy,60.0,CASH
S500418,2025-11-05,Curd,Dairy,167.0,UPI_QR
S500419,2025-11-05,Rice 5kg,Groceries,50.0,UPI_APP
S500420,2025-11-06,Chips,Snacks,272.0,UPI_QR
S500421,2025-11-06,Rice 5kg,Groceries,161.0,UPI_QR
S500422,2025-11-06,Oil 1L,Groceries,222.0,CASH
S500423,2025-11-06,Rice 5kg,Groceries,165.0,CASH
S500424,2025-11-06,Dal,Groceries,35.0,CASH
S500425,2025-11-06,Milk,Dairy,74.0,UPI_QR
S500426,2025-11-06,Chips,Snacks,274.0,CASH
S500427,2025-11-06,Sugar,Groceries,136.0,CASH
S500428,2025-11-06,Biscuits,Snacks,95.0,UPI_QR
S500429,2025-11-06,Butter,Dairy,483.0,UPI_QR
S500430,2025-11-06,Biscuits,Snacks,297.0,UPI_QR
S500431,2025-11-06,Curd,Dairy,194.0,UPI_QR
S500432,2025-11-06,Dal,Groceries,290.0,UPI_QR
S500433,2025-11-07,Chocolates,Snacks,392.0,CASH
S500434,2025-11-07,Butter,Dairy,222.0,UPI_QR
S500435,2025-11-07,Atta,Groceries,491.0,UPI_QR
S500436,2025-11-07,Namkeen,Snacks,100.0,UPI_QR
S500437,2025-11-07,Milk,Dairy,420.0,UPI_APP
S500438,2025-11-07,Oil 1L,Groceries,598.0,UPI_QR
S500439,2025-11-07,Sugar,Groceries,67.0,UPI_QR
S500440,2025-11-07,Rice 5kg,Groceries,62.0,UPI_QR
S500441,2025-11-07,Oil 1L,Groceries,481.0,UPI_QR
S500442,2025-11-07,Curd,Dairy,185.0,UPI_QR
S500443,2025-11-07,Curd,Dairy,75.0,UPI_QR
S500444,2025-11-07,Sugar,Groceries,336.0,UPI_QR
S500445,2025-11-08,Paneer,Dairy,358.0,UPI_QR
S500446,2025-11-08,Sugar,Groceries,211.0,UPI_QR
S500447,2025-11-08,Rice 5kg,Groceries,140.0,UPI_QR
S500448,2025-11-08,Atta,Groceries,257.0,UPI_QR
S500449,2025-11-08,Rice 5kg,Groceries,571.0,UPI_QR
S500450,2025-11-08,Butter,Dairy,162.0,CASH
S500451,2025-11-08,Rice 5kg,Groceries,99.0,UPI_QR
S500452,2025-11-08,Atta,Groceries,157.0,UPI_QR
S500453,2025-11-09,Milk,Dairy,164.0,CASH
S500454,2025-11-09,Dal,Groceries,815.0,UPI_QR
S500455,2025-11-09,Atta,Groceries,536.0,UPI_QR
S500456,2025-11-09,Dal,Groceries,402.0,UPI_QR
S500457,2025-11-09,Namkeen,Snacks,485.0,UPI_QR
S500458,2025-11-09,Rice 5kg,Groceries,356.0,UPI_QR
S500459,2025-11-09,Atta,Groceries,252.0,CASH
S500460,2025-11-09,Dal,Groceries,114.0,UPI_QR
S500461,2025-11-09,Biscuits,Snacks,132.0,UPI_QR
S500462,2025-11-09,Chips,Snacks,470.0,UPI_QR
S500463,2025-11-10,Chocolates,Snacks,76.0,UPI_QR
S500464,2025-11-10,Chocolates,Snacks,78.0,UPI_QR
S500465,2025-11-10,Rice 5kg,Groceries,78.0,UPI_QR
S500466,2025-11-10,Biscuits,Snacks,146.0,UPI_QR
S500467,2025-11-10,Oil 1L,Groceries,21.0,UPI_QR
S500468,2025-11-10,Chips,Snacks,278.0,UPI_QR
S500469,2025-11-10,Curd,Dairy,292.0,UPI_QR
S500470,2025-11-10,Paneer,Dairy,94.0,UPI_QR
S500471,2025-11-10,Namkeen,Snacks,237.0,UPI_APP
S500472,2025-11-10,Rice 5kg,Groceries,447.0,CASH
S500473,2025-11-10,Butter,Dairy,105.0,CASH
S500474,2025-11-11,Biscuits,Snacks,365.0,CASH
S500475,2025-11-11,Dal,Groceries,342.0,CASH
S500476,2025-11-11,Chips,Snacks,92.0,UPI_QR
S500477,2025-11-11,Oil 1L,Groceries,104.0,UPI_QR
S500478,2025-11-11,Chocolates,Snacks,300.0,CASH
S500479,2025-11-11,Paneer,Dairy,226.0,UPI_QR
S500480,2025-11-11,Rice 5kg,Groceries,468.0,UPI_QR
S500481,2025-11-11,Paneer,Dairy,184.0,CASH
S500482,2025-11-11,Sugar,Groceries,65.0,CASH
S500483,2025-11-12,Biscuits,Snacks,128.0,UPI_QR
S500484,2025-11-12,Sugar,Groceries,156.0,CASH
S500485,2025-11-12,Curd,Dairy,338.0,UPI_QR
S500486,2025-11-12,Chips,Snacks,167.0,CASH
S500487,2025-11-12,Atta,Groceries,172.0,UPI_QR
S500488,2025-11-12,Atta,Groceries,352.0,CASH
S500489,2025-11-12,Atta,Groceries,202.0,UPI_QR
S500490,2025-11-12,Atta,Groceries,172.0,UPI_QR
S500491,2025-11-13,Butter,Dairy,126.0,UPI_QR
S500492,2025-11-13,Atta,Groceries,942.0,CASH
S500493,2025-11-13,Butter,Dairy,414.0,UPI_QR
S500494,2025-11-13,Chips,Snacks,108.0,UPI_QR
S500495,2025-11-13,Oil 1L,Groceries,82.0,UPI_QR
S500496,2025-11-13,Biscuits,Snacks,127.0,UPI_QR
S500497,2025-11-14,Oil 1L,Groceries,221.0,UPI_QR
S500498,2025-11-14,Atta,Groceries,380.0,UPI_QR
S500499,2025-11-14,Paneer,Dairy,89.0,UPI_QR
S500500,2025-11-14,Milk,Dairy,119.0,UPI_APP
S500501,2025-11-14,Dal,Groceries,104.0,CASH
S500502,2025-11-15,Oil 1L,Groceries,303.0,UPI_QR
S500503,2025-11-15,Milk,Dairy,1548.0,CASH
S500504,2025-11-15,Butter,Dairy,92.0,UPI_QR
S500505,2025-11-15,Milk,Dairy,248.0,CASH
S500506,2025-11-15,Paneer,Dairy,90.0,CASH
S500507,2025-11-15,Atta,Groceries,32.0,UPI_QR
S500508,2025-11-15,Butter,Dairy,62.0,UPI_QR
S500509,2025-11-15,Butter,Dairy,302.0,UPI_QR
S500510,2025-11-16,Chocolates,Snacks,247.0,UPI_QR
S500511,2025-11-16,Butter,Dairy,557.0,UPI_QR
S500512,2025-11-16,Dal,Groceries,94.0,CASH
S500513,2025-11-16,Chips,Snacks,239.0,UPI_QR
S500514,2025-11-16,Butter,Dairy,145.0,UPI_QR
S500515,2025-11-16,Rice 5kg,Groceries,56.0,UPI_QR
S500516,2025-11-16,Paneer,Dairy,112.0,UPI_QR
S500517,2025-11-16,Oil 1L,Groceries,356.0,UPI_QR
S500518,2025-11-16,Dal,Groceries,229.0,CASH
S500519,2025-11-16,Biscuits,Snacks,357.0,UPI_QR
S500520,2025-11-16,Chocolates,Snacks,214.0,UPI_QR
S500521,2025-11-16,Paneer,Dairy,213.0,UPI_APP
S500522,2025-11-16,Rice 5kg,Groceries,88.0,UPI_QR
S500523,2025-11-16,Biscuits,Snacks,812.0,CASH
S500524,2025-11-17,Atta,Groceries,99.0,UPI_QR
S500525,2025-11-17,Paneer,Dairy,553.0,UPI_APP
S500526,2025-11-17,Atta,Groceries,446.0,UPI_QR
S500527,2025-11-17,Dal,Groceries,279.0,UPI_QR
S500528,2025-11-17,Oil 1L,Groceries,120.0,UPI_QR
S500529,2025-11-17,Sugar,Groceries,576.0,UPI_QR
S500530,2025-11-17,Sugar,Groceries,233.0,UPI_QR
S500531,2025-11-17,Atta,Groceries,116.0,CASH
S500532,2025-11-17,Paneer,Dairy,367.0,UPI_QR
S500533,2025-11-17,Atta,Groceries,64.0,CASH
S500534,2025-11-17,Chips,Snacks,264.0,UPI_APP
S500535,2025-11-18,Chips,Snacks,274.0,UPI_APP
S500536,2025-11-18,Sugar,Groceries,56.0,UPI_QR
S500537,2025-11-18,Curd,Dairy,77.0,UPI_QR
S500538,2025-11-18,Sugar,Groceries,176.0,UPI_QR
S500539,2025-11-18,Rice 5kg,Groceries,718.0,UPI_QR
S500540,2025-11-18,Oil 1L,Groceries,106.0,UPI_QR
S500541,2025-11-18,Biscuits,Snacks,365.0,UPI_QR
S500542,2025-11-18,Curd,Dairy,255.0,CASH
S500543,2025-11-19,Biscuits,Snacks,204.0,UPI_QR
S500544,2025-11-19,Oil 1L,Groceries,349.0,UPI_QR
S500545,2025-11-19,Namkeen,Snacks,37.0,CASH
S500546,2025-11-19,Chips,Snacks,949.0,UPI_QR
S500547,2025-11-19,Rice 5kg,Groceries,401.0,CASH
S500548,2025-11-20,Atta,Groceries,210.0,UPI_QR
S500549,2025-11-20,Atta,Groceries,287.0,UPI_QR
S500550,2025-11-20,Atta,Groceries,100.0,UPI_QR
S500551,2025-11-20,Curd,Dairy,69.0,UPI_QR
S500552,2025-11-20,Rice 5kg,Groceries,98.0,CASH
S500553,2025-11-20,Butter,Dairy,72.0,UPI_QR
S500554,2025-11-20,Butter,Dairy,84.0,UPI_APP
S500555,2025-11-20,Oil 1L,Groceries,151.0,CASH
S500556,2025-11-21,Rice 5kg,Groceries,46.0,UPI_QR
S500557,2025-11-21,Paneer,Dairy,188.0,UPI_QR
S500558,2025-11-22,Rice 5kg,Groceries,168.0,UPI_QR
S500559,2025-11-22,Curd,Dairy,202.0,UPI_QR
S500560,2025-11-22,Dal,Groceries,283.0,UPI_QR
S500561,2025-11-22,Oil 1L,Groceries,147.0,UPI_QR
S500562,2025-11-22,Rice 5kg,Groceries,161.0,UPI_QR
S500563,2025-11-22,Butter,Dairy,240.0,CASH
S500564,2025-11-22,Rice 5kg,Groceries,60.0,UPI_QR
S500565,2025-11-22,Butter,Dairy,267.0,CASH
S500566,2025-11-22,Oil 1L,Groceries,79.0,CASH
S500567,2025-11-22,Milk,Dairy,112.0,UPI_QR
S500568,2025-11-22,Paneer,Dairy,425.0,UPI_APP
S500569,2025-11-23,Sugar,Groceries,159.0,UPI_QR
S500570,2025-11-23,Milk,Dairy,109.0,CASH
S500571,2025-11-23,Dal,Groceries,96.0,UPI_APP
S500572,2025-11-23,Sugar,Groceries,145.0,CASH
S500573,2025-11-23,Atta,Groceries,132.0,UPI_QR
S500574,2025-11-23,Butter,Dairy,219.0,UPI_QR
S500575,2025-11-23,Oil 1L,Groceries,67.0,UPI_QR
S500576,2025-11-23,Oil 1L,Groceries,255.0,UPI_QR
S500577,2025-11-23,Sugar,Groceries,94.0,UPI_QR
S500578,2025-11-24,Sugar,Groceries,90.0,UPI_QR
S500579,2025-11-24,Rice 5kg,Groceries,91.0,UPI_QR
S500580,2025-11-24,Rice 5kg,Groceries,299.0,UPI_QR
S500581,2025-11-24,Paneer,Dairy,144.0,UPI_QR
S500582,2025-11-24,Butter,Dairy,32.0,CASH
S500583,2025-11-24,Oil 1L,Groceries,202.0,UPI_QR
S500584,2025-11-24,Sugar,Groceries,237.0,CASH
S500585,2025-11-24,Rice 5kg,Groceries,60.0,UPI_QR
S500586,2025-11-25,Namkeen,Snacks,181.0,UPI_QR
S500587,2025-11-25,Sugar,Groceries,68.0,UPI_QR
S500588,2025-11-25,Butter,Dairy,232.0,CASH
S500589,2025-11-25,Oil 1L,Groceries,254.0,UPI_QR
S500590,2025-11-25,Rice 5kg,Groceries,142.0,CASH
S500591,2025-11-25,Milk,Dairy,239.0,UPI_QR
S500592,2025-11-26,Biscuits,Snacks,25.0,UPI_QR
S500593,2025-11-26,Oil 1L,Groceries,79.0,UPI_APP
S500594,2025-11-26,Curd,Dairy,55.0,UPI_QR
S500595,2025-11-26,Oil 1L,Groceries,579.0,CASH
S500596,2025-11-26,Atta,Groceries,91.0,CASH
S500597,2025-11-26,Atta,Groceries,193.0,UPI_QR
S500598,2025-11-26,Milk,Dairy,125.0,CASH
S500599,2025-11-26,Dal,Groceries,201.0,UPI_QR
S500600,2025-11-27,Curd,Dairy,59.0,CASH
S500601,2025-11-27,Milk,Dairy,162.0,UPI_QR
S500602,2025-11-27,Rice 5kg,Groceries,84.0,UPI_QR
S500603,2025-11-27,Namkeen,Snacks,472.0,UPI_QR
S500604,2025-11-27,Chocolates,Snacks,462.0,UPI_QR
S500605,2025-11-27,Curd,Dairy,61.0,CASH
S500606,2025-11-27,Rice 5kg,Groceries,301.0,CASH
S500607,2025-11-27,Curd,Dairy,105.0,UPI_QR
S500608,2025-11-28,Butter,Dairy,131.0,UPI_QR
S500609,2025-11-28,Namkeen,Snacks,191.0,CASH
S500610,2025-11-28,Paneer,Dairy,140.0,UPI_QR
S500611,2025-11-28,Oil 1L,Groceries,160.0,UPI_QR
S500612,2025-11-29,Curd,Dairy,157.0,UPI_QR
S500613,2025-11-29,Sugar,Groceries,218.0,UPI_QR
S500614,2025-11-29,Biscuits,Snacks,307.0,CASH
S500615,2025-11-29,Namkeen,Snacks,732.0,UPI_QR
S500616,2025-11-29,Milk,Dairy,181.0,UPI_QR
S500617,2025-11-29,Rice 5kg,Groceries,132.0,UPI_QR
S500618,2025-11-29,Paneer,Dairy,30.0,UPI_QR
S500619,2025-11-29,Namkeen,Snacks,280.0,UPI_QR
S500620,2025-11-30,Sugar,Groceries,158.0,UPI_QR
S500621,2025-11-30,Dal,Groceries,173.0,UPI_QR
S500622,2025-11-30,Rice 5kg,Groceries,203.0,UPI_APP
S500623,2025-11-30,Paneer,Dairy,82.0,CASH
S500624,2025-11-30,Chips,Snacks,69.0,UPI_QR
S500625,2025-11-30,Chocolates,Snacks,744.0,CASH
S500626,2025-11-30,Chips,Snacks,155.0,UPI_QR
S500627,2025-11-30,Dal,Groceries,96.0,UPI_QR
S500628,2025-11-30,Chips,Snacks,612.0,UPI_QR
S500629,2025-11-30,Butter,Dairy,172.0,UPI_QR
S500630,2025-11-30,Sugar,Groceries,68.0,UPI_QR
S500631,2025-11-30,Rice 5kg,Groceries,162.0,UPI_QR
S500632,2025-12-01,Butter,Dairy,117.0,UPI_QR
S500633,2025-12-01,Curd,Dairy,369.0,UPI_QR
S500634,2025-12-01,Rice 5kg,Groceries,339.0,UPI_QR
S500635,2025-12-01,Curd,Dairy,52.0,CASH
S500636,2025-12-01,Paneer,Dairy,263.0,CASH
S500637,2025-12-01,Namkeen,Snacks,72.0,UPI_QR
S500638,2025-12-01,Biscuits,Snacks,212.0,UPI_QR
S500639,2025-12-01,Butter,Dairy,512.0,UPI_QR
S500640,2025-12-02,Rice 5kg,Groceries,60.0,CASH
S500641,2025-12-02,Biscuits,Snacks,233.0,UPI_QR
S500642,2025-12-02,Atta,Groceries,91.0,CASH
S500643,2025-12-02,Paneer,Dairy,113.0,UPI_QR
S500644,2025-12-02,Paneer,Dairy,134.0,UPI_QR
S500645,2025-12-02,Paneer,Dairy,97.0,UPI_QR
S500646,2025-12-03,Atta,Groceries,334.0,CASH
S500647,2025-12-03,Sugar,Groceries,413.0,UPI_QR
S500648,2025-12-03,Paneer,Dairy,83.0,CASH
S500649,2025-12-03,Butter,Dairy,459.0,UPI_QR
S500650,2025-12-03,Chocolates,Snacks,301.0,UPI_QR
S500651,2025-12-04,Atta,Groceries,142.0,UPI_QR
S500652,2025-12-04,Chocolates,Snacks,221.0,UPI_QR
S500653,2025-12-04,Namkeen,Snacks,273.0,UPI_QR
S500654,2025-12-04,Namkeen,Snacks,87.0,UPI_QR
S500655,2025-12-04,Butter,Dairy,154.0,UPI_APP
S500656,2025-12-04,Chocolates,Snacks,579.0,UPI_QR
S500657,2025-12-05,Curd,Dairy,345.0,UPI_QR
S500658,2025-12-05,Oil 1L,Groceries,203.0,UPI_QR
S500659,2025-12-05,Oil 1L,Groceries,18.0,UPI_QR
S500660,2025-12-05,Paneer,Dairy,593.0,UPI_QR
S500661,2025-12-05,Chips,Snacks,375.0,UPI_QR
S500662,2025-12-05,Chocolates,Snacks,1788.0,UPI_QR
S500663,2025-12-05,Namkeen,Snacks,254.0,UPI_QR
S500664,2025-12-05,Sugar,Groceries,396.0,UPI_QR
S500665,2025-12-05,Curd,Dairy,123.0,CASH
S500666,2025-12-06,Dal,Groceries,145.0,CASH
S500667,2025-12-06,Biscuits,Snacks,73.0,UPI_QR
S500668,2025-12-06,Milk,Dairy,362.0,CASH
S500669,2025-12-06,Dal,Groceries,684.0,UPI_QR
S500670,2025-12-06,Biscuits,Snacks,335.0,UPI_QR
S500671,2025-12-06,Dal,Groceries,360.0,UPI_QR
S500672,2025-12-06,Chocolates,Snacks,144.0,CASH
S500673,2025-12-06,Rice 5kg,Groceries,209.0,UPI_QR
S500674,2025-12-06,Atta,Groceries,100.0,UPI_QR
S500675,2025-12-06,Namkeen,Snacks,394.0,UPI_QR
S500676,2025-12-06,Atta,Groceries,330.0,UPI_QR
S500677,2025-12-06,Sugar,Groceries,937.0,UPI_QR
S500678,2025-12-06,Sugar,Groceries,404.0,CASH
S500679,2025-12-07,Sugar,Groceries,573.0,CASH
S500680,2025-12-07,Dal,Groceries,158.0,UPI_QR
S500681,2025-12-07,Atta,Groceries,30.0,CASH
S500682,2025-12-07,Oil 1L,Groceries,36.0,UPI_QR
S500683,2025-12-07,Dal,Groceries,34.0,UPI_QR
S500684,2025-12-07,Atta,Groceries,108.0,UPI_APP
S500685,2025-12-07,Rice 5kg,Groceries,58.0,UPI_QR
S500686,2025-12-07,Dal,Groceries,182.0,CASH
S500687,2025-12-07,Sugar,Groceries,138.0,UPI_QR
S500688,2025-12-07,Atta,Groceries,141.0,CASH
S500689,2025-12-07,Namkeen,Snacks,198.0,UPI_QR
S500690,2025-12-07,Rice 5kg,Groceries,275.0,CASH
S500691,2025-12-07,Dal,Groceries,72.0,UPI_QR
S500692,2025-12-07,Chips,Snacks,92.0,CASH
S500693,2025-12-07,Chips,Snacks,412.0,UPI_QR
S500694,2025-12-07,Biscuits,Snacks,42.0,UPI_QR
S500695,2025-12-08,Biscuits,Snacks,101.0,UPI_QR
S500696,2025-12-08,Biscuits,Snacks,385.0,UPI_QR
S500697,2025-12-08,Sugar,Groceries,453.0,UPI_QR
S500698,2025-12-08,Dal,Groceries,240.0,UPI_QR
S500699,2025-12-08,Curd,Dairy,283.0,CASH
S500700,2025-12-08,Atta,Groceries,130.0,UPI_QR
S500701,2025-12-08,Sugar,Groceries,130.0,CASH
S500702,2025-12-08,Dal,Groceries,98.0,CASH
S500703,2025-12-08,Sugar,Groceries,392.0,UPI_QR
S500704,2025-12-08,Chocolates,Snacks,190.0,CASH
S500705,2025-12-09,Sugar,Groceries,51.0,UPI_QR
S500706,2025-12-09,Atta,Groceries,129.0,UPI_QR
S500707,2025-12-09,Sugar,Groceries,43.0,UPI_QR
S500708,2025-12-09,Milk,Dairy,143.0,CASH
S500709,2025-12-09,Sugar,Groceries,49.0,UPI_QR
S500710,2025-12-09,Chocolates,Snacks,571.0,UPI_QR
S500711,2025-12-09,Butter,Dairy,93.0,UPI_QR
S500712,2025-12-09,Dal,Groceries,267.0,UPI_QR
S500713,2025-12-10,Sugar,Groceries,293.0,UPI_QR
S500714,2025-12-10,Curd,Dairy,311.0,UPI_QR
S500715,2025-12-10,Dal,Groceries,95.0,CASH
S500716,2025-12-10,Curd,Dairy,140.0,UPI_QR
S500717,2025-12-10,Dal,Groceries,205.0,CASH
S500718,2025-12-10,Curd,Dairy,45.0,CASH
S500719,2025-12-11,Chips,Snacks,130.0,UPI_QR
S500720,2025-12-11,Sugar,Groceries,146.0,CASH
S500721,2025-12-11,Namkeen,Snacks,498.0,CASH
S500722,2025-12-11,Curd,Dairy,661.0,UPI_QR
S500723,2025-12-11,Rice 5kg,Groceries,131.0,UPI_QR
S500724,2025-12-11,Chips,Snacks,69.0,UPI_QR
S500725,2025-12-11,Namkeen,Snacks,184.0,UPI_QR
S500726,2025-12-11,Paneer,Dairy,324.0,UPI_APP
S500727,2025-12-11,Oil 1L,Groceries,81.0,UPI_QR
S500728,2025-12-11,Sugar,Groceries,159.0,UPI_QR
S500729,2025-12-11,Dal,Groceries,166.0,CASH
S500730,2025-12-12,Paneer,Dairy,48.0,CASH
S500731,2025-12-12,Atta,Groceries,425.0,UPI_QR
S500732,2025-12-12,Rice 5kg,Groceries,69.0,UPI_QR
S500733,2025-12-12,Rice 5kg,Groceries,638.0,CASH
S500734,2025-12-12,Oil 1L,Groceries,171.0,UPI_QR
S500735,2025-12-12,Chips,Snacks,290.0,UPI_QR
S500736,2025-12-12,Butter,Dairy,131.0,CASH
S500737,2025-12-12,Atta,Groceries,274.0,UPI_QR
S500738,2025-12-12,Atta,Groceries,730.0,UPI_QR
S500739,2025-12-12,Oil 1L,Groceries,269.0,UPI_QR
S500740,2025-12-12,Atta,Groceries,85.0,UPI_QR
S500741,2025-12-12,Biscuits,Snacks,80.0,CASH
S500742,2025-12-12,Rice 5kg,Groceries,648.0,CASH
S500743,2025-12-13,Dal,Groceries,273.0,UPI_QR
S500744,2025-12-13,Sugar,Groceries,135.0,UPI_QR
S500745,2025-12-13,Chocolates,Snacks,175.0,UPI_QR
S500746,2025-12-13,Atta,Groceries,140.0,CASH
S500747,2025-12-13,Rice 5kg,Groceries,157.0,CASH
S500748,2025-12-13,Atta,Groceries,290.0,CASH
S500749,2025-12-13,Oil 1L,Groceries,35.0,CASH
S500750,2025-12-13,Dal,Groceries,91.0,UPI_QR
S500751,2025-12-13,Chocolates,Snacks,278.0,UPI_QR
S500752,2025-12-13,Chips,Snacks,80.0,UPI_QR
S500753,2025-12-13,Chocolates,Snacks,267.0,CASH
S500754,2025-12-13,Atta,Groceries,101.0,CASH
S500755,2025-12-13,Chocolates,Snacks,244.0,UPI_QR
S500756,2025-12-13,Paneer,Dairy,275.0,UPI_QR
S500757,2025-12-14,Milk,Dairy,85.0,CASH
S500758,2025-12-14,Chocolates,Snacks,41.0,CASH
S500759,2025-12-14,Atta,Groceries,496.0,UPI_QR
S500760,2025-12-14,Rice 5kg,Groceries,54.0,UPI_QR
S500761,2025-12-14,Sugar,Groceries,52.0,UPI_QR
S500762,2025-12-14,Milk,Dairy,1700.0,UPI_QR
S500763,2025-12-14,Atta,Groceries,144.0,UPI_QR
S500764,2025-12-14,Curd,Dairy,185.0,UPI_QR
S500765,2025-12-14,Oil 1L,Groceries,128.0,UPI_QR
S500766,2025-12-15,Milk,Dairy,802.0,CASH
S500767,2025-12-15,Oil 1L,Groceries,185.0,UPI_QR
S500768,2025-12-15,Paneer,Dairy,288.0,UPI_QR
S500769,2025-12-16,Milk,Dairy,619.0,CASH
S500770,2025-12-16,Dal,Groceries,633.0,UPI_QR
S500771,2025-12-16,Chips,Snacks,762.0,CASH
S500772,2025-12-16,Rice 5kg,Groceries,172.0,UPI_QR
S500773,2025-12-16,Dal,Groceries,201.0,UPI_QR
S500774,2025-12-16,Sugar,Groceries,268.0,UPI_QR
S500775,2025-12-16,Rice 5kg,Groceries,291.0,UPI_QR
S500776,2025-12-16,Rice 5kg,Groceries,495.0,UPI_QR
S500777,2025-12-16,Butter,Dairy,307.0,CASH
S500778,2025-12-17,Sugar,Groceries,71.0,UPI_QR
S500779,2025-12-17,Paneer,Dairy,294.0,UPI_QR
S500780,2025-12-17,Namkeen,Snacks,159.0,UPI_QR
S500781,2025-12-17,Paneer,Dairy,308.0,UPI_QR
S500782,2025-12-17,Dal,Groceries,99.0,UPI_QR
S500783,2025-12-17,Atta,Groceries,97.0,UPI_QR
S500784,2025-12-18,Biscuits,Snacks,46.0,CASH
S500785,2025-12-18,Dal,Groceries,24.0,UPI_APP
S500786,2025-12-18,Sugar,Groceries,74.0,UPI_QR
S500787,2025-12-18,Milk,Dairy,105.0,CASH
S500788,2025-12-19,Rice 5kg,Groceries,297.0,UPI_QR
S500789,2025-12-19,Milk,Dairy,133.0,UPI_QR
S500790,2025-12-19,Atta,Groceries,75.0,UPI_QR
S500791,2025-12-19,Atta,Groceries,232.0,CASH
S500792,2025-12-19,Butter,Dairy,673.0,UPI_QR
S500793,2025-12-19,Rice 5kg,Groceries,195.0,UPI_QR
S500794,2025-12-19,Atta,Groceries,366.0,CASH
S500795,2025-12-19,Milk,Dairy,206.0,UPI_QR
S500796,2025-12-19,Rice 5kg,Groceries,371.0,UPI_QR
S500797,2025-12-19,Atta,Groceries,70.0,UPI_QR
S500798,2025-12-19,Chocolates,Snacks,332.0,UPI_QR
S500799,2025-12-19,Atta,Groceries,70.0,UPI_QR
S500800,2025-12-20,Oil 1L,Groceries,69.0,CASH
S500801,2025-12-20,Milk,Dairy,615.0,UPI_APP
S500802,2025-12-20,Curd,Dairy,42.0,UPI_QR
S500803,2025-12-20,Milk,Dairy,157.0,UPI_QR
S500804,2025-12-20,Dal,Groceries,148.0,UPI_QR
S500805,2025-12-20,Biscuits,Snacks,437.0,CASH
S500806,2025-12-21,Dal,Groceries,479.0,CASH
S500807,2025-12-21,Butter,Dairy,75.0,UPI_QR
S500808,2025-12-21,Curd,Dairy,63.0,UPI_QR
S500809,2025-12-21,Atta,Groceries,94.0,UPI_QR
S500810,2025-12-21,Chocolates,Snacks,103.0,CASH
S500811,2025-12-21,Curd,Dairy,75.0,UPI_QR
S500812,2025-12-21,Namkeen,Snacks,58.0,UPI_QR
S500813,2025-12-21,Namkeen,Snacks,78.0,UPI_QR
S500814,2025-12-21,Chips,Snacks,126.0,UPI_QR
S500815,2025-12-21,Milk,Dairy,52.0,CASH
S500816,2025-12-21,Rice 5kg,Groceries,944.0,UPI_QR
S500817,2025-12-21,Sugar,Groceries,96.0,CASH
S500818,2025-12-21,Chips,Snacks,108.0,UPI_QR
S500819,2025-12-22,Curd,Dairy,219.0,UPI_QR
S500820,2025-12-22,Rice 5kg,Groceries,900.0,UPI_QR
S500821,2025-12-22,Butter,Dairy,80.0,CASH
S500822,2025-12-22,Dal,Groceries,320.0,CASH
S500823,2025-12-22,Rice 5kg,Groceries,373.0,UPI_QR
S500824,2025-12-22,Rice 5kg,Groceries,97.0,UPI_QR
S500825,2025-12-23,Dal,Groceries,120.0,UPI_APP
S500826,2025-12-23,Rice 5kg,Groceries,105.0,UPI_QR
S500827,2025-12-23,Dal,Groceries,82.0,CASH
S500828,2025-12-23,Dal,Groceries,101.0,UPI_QR
S500829,2025-12-23,Dal,Groceries,76.0,UPI_QR
S500830,2025-12-23,Chips,Snacks,180.0,UPI_QR
S500831,2025-12-23,Butter,Dairy,103.0,UPI_QR
S500832,2025-12-24,Chips,Snacks,53.0,UPI_QR
S500833,2025-12-24,Butter,Dairy,140.0,UPI_QR
S500834,2025-12-24,Sugar,Groceries,101.0,UPI_QR
S500835,2025-12-24,Oil 1L,Groceries,175.0,UPI_QR
S500836,2025-12-25,Dal,Groceries,33.0,CASH
S500837,2025-12-25,Dal,Groceries,202.0,UPI_QR
S500838,2025-12-25,Biscuits,Snacks,171.0,UPI_QR
S500839,2025-12-25,Chips,Snacks,76.0,UPI_QR
S500840,2025-12-25,Dal,Groceries,217.0,CASH
S500841,2025-12-25,Sugar,Groceries,86.0,UPI_QR
S500842,2025-12-25,Milk,Dairy,157.0,CASH
S500843,2025-12-25,Curd,Dairy,199.0,UPI_QR
S500844,2025-12-25,Milk,Dairy,116.0,CASH
S500845,2025-12-26,Dal,Groceries,455.0,CASH
S500846,2025-12-26,Oil 1L,Groceries,90.0,UPI_QR
S500847,2025-12-26,Sugar,Groceries,203.0,UPI_QR
S500848,2025-12-26,Paneer,Dairy,91.0,UPI_QR
S500849,2025-12-26,Sugar,Groceries,178.0,CASH
S500850,2025-12-26,Butter,Dairy,302.0,UPI_APP
S500851,2025-12-27,Atta,Groceries,34.0,UPI_QR
S500852,2025-12-27,Atta,Groceries,153.0,CASH
S500853,2025-12-27,Chips,Snacks,212.0,CASH
S500854,2025-12-27,Namkeen,Snacks,427.0,CASH
S500855,2025-12-27,Curd,Dairy,185.0,UPI_QR
S500856,2025-12-27,Rice 5kg,Groceries,128.0,UPI_QR
S500857,2025-12-27,Butter,Dairy,49.0,UPI_QR
S500858,2025-12-27,Curd,Dairy,65.0,UPI_QR
S500859,2025-12-27,Oil 1L,Groceries,208.0,UPI_QR
S500860,2025-12-27,Sugar,Groceries,275.0,UPI_QR
S500861,2025-12-28,Oil 1L,Groceries,143.0,UPI_QR
S500862,2025-12-28,Butter,Dairy,272.0,CASH
S500863,2025-12-28,Dal,Groceries,82.0,UPI_QR
S500864,2025-12-28,Namkeen,Snacks,191.0,CASH
S500865,2025-12-28,Butter,Dairy,75.0,UPI_QR
S500866,2025-12-28,Paneer,Dairy,39.0,CASH
S500867,2025-12-28,Atta,Groceries,154.0,UPI_QR
S500868,2025-12-28,Oil 1L,Groceries,65.0,CASH
S500869,2025-12-28,Paneer,Dairy,212.0,UPI_QR
S500870,2025-12-28,Biscuits,Snacks,239.0,UPI_QR
S500871,2025-12-29,Curd,Dairy,176.0,UPI_QR
S500872,2025-12-29,Milk,Dairy,266.0,UPI_QR
S500873,2025-12-29,Curd,Dairy,193.0,UPI_QR
S500874,2025-12-29,Oil 1L,Groceries,178.0,UPI_QR
S500875,2025-12-29,Namkeen,Snacks,127.0,UPI_QR
S500876,2025-12-30,Paneer,Dairy,122.0,CASH
S500877,2025-12-30,Rice 5kg,Groceries,244.0,UPI_QR
S500878,2025-12-30,Atta,Groceries,351.0,UPI_QR
S500879,2025-12-30,Milk,Dairy,60.0,UPI_QR
S500880,2025-12-31,Milk,Dairy,172.0,CASH
S500881,2025-12-31,Paneer,Dairy,179.0,CASH
S500882,2025-12-31,Sugar,Groceries,23.0,UPI_QR
S500883,2025-12-31,Butter,Dairy,49.0,CASH
S500884,2025-12-31,Biscuits,Snacks,736.0,CASH
S500885,2025-12-31,Dal,Groceries,76.0,CASH
S500886,2025-12-31,Chips,Snacks,77.0,UPI_QR
S500887,2025-12-31,Atta,Groceries,235.0,UPI_QR
S500888,2025-12-31,Rice 5kg,Groceries,209.0,CASH
S500889,2025-12-31,Chocolates,Snacks,239.0,UPI_QR
S500890,2025-12-31,Chips,Snacks,412.0,UPI_QR
S500891,2025-12-31,Paneer,Dairy,113.0,UPI_QR
S500892,2026-01-01,Chips,Snacks,475.0,UPI_QR
S500893,2026-01-01,Festival hamper / bulk order,Groceries,3900.0,UPI_QR
S500894,2026-01-01,Dal,Groceries,115.0,UPI_QR
S500895,2026-01-01,Chips,Snacks,240.0,UPI_QR
S500896,2026-01-01,Butter,Dairy,80.0,CASH
S500897,2026-01-01,Sugar,Groceries,266.0,UPI_QR
S500898,2026-01-01,Chocolates,Snacks,428.0,UPI_QR
S500899,2026-01-01,Oil 1L,Groceries,134.0,UPI_QR
S500900,2026-01-01,Oil 1L,Groceries,125.0,CASH
S500901,2026-01-02,Sugar,Groceries,157.0,CASH
S500902,2026-01-02,Oil 1L,Groceries,71.0,UPI_QR
S500903,2026-01-02,Milk,Dairy,164.0,UPI_QR
S500904,2026-01-02,Rice 5kg,Groceries,163.0,UPI_QR
S500905,2026-01-03,Milk,Dairy,65.0,UPI_QR
S500906,2026-01-03,Namkeen,Snacks,176.0,UPI_QR
S500907,2026-01-03,Milk,Dairy,174.0,UPI_QR
S500908,2026-01-03,Biscuits,Snacks,163.0,UPI_QR
S500909,2026-01-03,Milk,Dairy,68.0,UPI_QR
S500910,2026-01-03,Butter,Dairy,267.0,UPI_APP
S500911,2026-01-04,Chocolates,Snacks,60.0,UPI_QR
S500912,2026-01-04,Curd,Dairy,240.0,UPI_QR
S500913,2026-01-04,Curd,Dairy,99.0,UPI_QR
S500914,2026-01-04,Chips,Snacks,1378.0,UPI_APP
S500915,2026-01-04,Atta,Groceries,1289.0,UPI_QR
S500916,2026-01-04,Rice 5kg,Groceries,214.0,UPI_QR
S500917,2026-01-04,Butter,Dairy,73.0,UPI_QR
S500918,2026-01-04,Dal,Groceries,382.0,UPI_QR
S500919,2026-01-05,Sugar,Groceries,288.0,UPI_APP
S500920,2026-01-05,Atta,Groceries,461.0,UPI_QR
S500921,2026-01-05,Oil 1L,Groceries,323.0,UPI_QR
S500922,2026-01-05,Biscuits,Snacks,118.0,UPI_QR
S500923,2026-01-05,Paneer,Dairy,59.0,UPI_QR
S500924,2026-01-05,Rice 5kg,Groceries,380.0,UPI_QR
S500925,2026-01-05,Atta,Groceries,158.0,UPI_QR
S500926,2026-01-05,Atta,Groceries,151.0,UPI_QR
S500927,2026-01-05,Sugar,Groceries,374.0,CASH
S500928,2026-01-05,Sugar,Groceries,205.0,CASH
S500929,2026-01-05,Oil 1L,Groceries,71.0,UPI_QR
S500930,2026-01-05,Sugar,Groceries,176.0,UPI_QR
S500931,2026-01-05,Paneer,Dairy,50.0,CASH
S500932,2026-01-05,Oil 1L,Groceries,290.0,UPI_APP
S500933,2026-01-05,Curd,Dairy,168.0,CASH
S500934,2026-01-05,Atta,Groceries,214.0,UPI_QR
S500935,2026-01-06,Sugar,Groceries,101.0,UPI_QR
S500936,2026-01-06,Dal,Groceries,259.0,CASH
S500937,2026-01-06,Paneer,Dairy,463.0,UPI_QR
S500938,2026-01-06,Chips,Snacks,128.0,CASH
S500939,2026-01-06,Butter,Dairy,94.0,UPI_QR
S500940,2026-01-06,Chocolates,Snacks,191.0,CASH
S500941,2026-01-07,Chips,Snacks,171.0,CASH
S500942,2026-01-07,Curd,Dairy,370.0,UPI_QR
S500943,2026-01-07,Chocolates,Snacks,71.0,UPI_QR
S500944,2026-01-07,Biscuits,Snacks,295.0,UPI_QR
S500945,2026-01-07,Namkeen,Snacks,58.0,UPI_QR
S500946,2026-01-07,Dal,Groceries,184.0,UPI_QR
S500947,2026-01-07,Paneer,Dairy,67.0,UPI_QR
S500948,2026-01-07,Milk,Dairy,207.0,UPI_QR
S500949,2026-01-08,Curd,Dairy,107.0,UPI_QR
S500950,2026-01-08,Curd,Dairy,50.0,UPI_QR
S500951,2026-01-08,Chips,Snacks,447.0,UPI_QR
S500952,2026-01-08,Curd,Dairy,94.0,UPI_QR
S500953,2026-01-08,Namkeen,Snacks,464.0,UPI_QR
S500954,2026-01-08,Curd,Dairy,45.0,CASH
S500955,2026-01-08,Dal,Groceries,171.0,UPI_QR
S500956,2026-01-08,Dal,Groceries,184.0,UPI_QR
S500957,2026-01-08,Dal,Groceries,77.0,CASH
S500958,2026-01-08,Namkeen,Snacks,306.0,CASH
S500959,2026-01-08,Butter,Dairy,135.0,UPI_QR
S500960,2026-01-09,Chips,Snacks,147.0,UPI_QR
S500961,2026-01-09,Sugar,Groceries,133.0,UPI_QR
S500962,2026-01-09,Dal,Groceries,110.0,UPI_QR
S500963,2026-01-09,Biscuits,Snacks,442.0,UPI_QR
S500964,2026-01-09,Paneer,Dairy,341.0,UPI_APP
S500965,2026-01-09,Paneer,Dairy,140.0,UPI_QR
S500966,2026-01-09,Sugar,Groceries,111.0,UPI_QR
S500967,2026-01-10,Milk,Dairy,256.0,CASH
S500968,2026-01-10,Namkeen,Snacks,202.0,UPI_QR
S500969,2026-01-10,Biscuits,Snacks,113.0,UPI_QR
S500970,2026-01-10,Sugar,Groceries,817.0,CASH
S500971,2026-01-10,Milk,Dairy,83.0,CASH
S500972,2026-01-10,Butter,Dairy,111.0,UPI_QR
S500973,2026-01-10,Sugar,Groceries,395.0,UPI_QR
S500974,2026-01-10,Chips,Snacks,278.0,UPI_QR
S500975,2026-01-11,Butter,Dairy,312.0,UPI_QR
S500976,2026-01-11,Oil 1L,Groceries,198.0,UPI_QR
S500977,2026-01-11,Rice 5kg,Groceries,119.0,CASH
S500978,2026-01-11,Milk,Dairy,54.0,UPI_QR
S500979,2026-01-11,Chips,Snacks,1134.0,UPI_QR
S500980,2026-01-11,Oil 1L,Groceries,23.0,UPI_QR
S500981,2026-01-11,Dal,Groceries,576.0,UPI_QR
S500982,2026-01-11,Atta,Groceries,98.0,UPI_QR
S500983,2026-01-11,Butter,Dairy,386.0,UPI_QR
S500984,2026-01-11,Curd,Dairy,130.0,CASH
S500985,2026-01-11,Milk,Dairy,281.0,UPI_QR
S500986,2026-01-11,Butter,Dairy,56.0,UPI_QR
S500987,2026-01-12,Butter,Dairy,117.0,UPI_QR
S500988,2026-01-12,Chips,Snacks,139.0,UPI_QR
S500989,2026-01-12,Curd,Dairy,317.0,UPI_APP
S500990,2026-01-12,Curd,Dairy,393.0,CASH
S500991,2026-01-13,Rice 5kg,Groceries,258.0,UPI_QR
S500992,2026-01-13,Atta,Groceries,460.0,UPI_QR
S500993,2026-01-13,Curd,Dairy,171.0,UPI_QR
S500994,2026-01-13,Butter,Dairy,118.0,UPI_QR
S500995,2026-01-13,Oil 1L,Groceries,89.0,UPI_QR
S500996,2026-01-13,Curd,Dairy,236.0,UPI_QR
S500997,2026-01-13,Oil 1L,Groceries,183.0,UPI_QR
S500998,2026-01-13,Rice 5kg,Groceries,51.0,UPI_QR
S500999,2026-01-13,Atta,Groceries,108.0,UPI_APP
S501000,2026-01-14,Atta,Groceries,376.0,CASH
S501001,2026-01-14,Rice 5kg,Groceries,180.0,UPI_QR
S501002,2026-01-14,Butter,Dairy,245.0,UPI_QR
S501003,2026-01-14,Milk,Dairy,191.0,UPI_QR
S501004,2026-01-14,Butter,Dairy,352.0,UPI_QR
S501005,2026-01-14,Rice 5kg,Groceries,622.0,UPI_QR
S501006,2026-01-15,Sugar,Groceries,79.0,CASH
S501007,2026-01-15,Chocolates,Snacks,106.0,UPI_QR
S501008,2026-01-15,Dal,Groceries,219.0,UPI_QR
S501009,2026-01-15,Dal,Groceries,103.0,CASH
S501010,2026-01-15,Rice 5kg,Groceries,375.0,UPI_QR
S501011,2026-01-16,Dal,Groceries,121.0,CASH
S501012,2026-01-16,Curd,Dairy,64.0,UPI_QR
S501013,2026-01-16,Sugar,Groceries,94.0,UPI_QR
S501014,2026-01-16,Rice 5kg,Groceries,86.0,UPI_QR
S501015,2026-01-16,Sugar,Groceries,98.0,UPI_APP
S501016,2026-01-16,Paneer,Dairy,74.0,UPI_QR
S501017,2026-01-17,Milk,Dairy,680.0,UPI_QR
S501018,2026-01-17,Curd,Dairy,153.0,CASH
S501019,2026-01-17,Sugar,Groceries,246.0,UPI_QR
S501020,2026-01-17,Namkeen,Snacks,98.0,CASH
S501021,2026-01-17,Curd,Dairy,127.0,UPI_QR
S501022,2026-01-17,Rice 5kg,Groceries,283.0,UPI_QR
S501023,2026-01-17,Namkeen,Snacks,229.0,UPI_QR
S501024,2026-01-18,Sugar,Groceries,141.0,UPI_QR
S501025,2026-01-18,Butter,Dairy,85.0,UPI_QR
S501026,2026-01-18,Sugar,Groceries,73.0,UPI_APP
S501027,2026-01-18,Butter,Dairy,236.0,UPI_QR
S501028,2026-01-18,Oil 1L,Groceries,173.0,UPI_APP
S501029,2026-01-18,Rice 5kg,Groceries,223.0,CASH
S501030,2026-01-18,Dal,Groceries,105.0,UPI_QR
S501031,2026-01-18,Paneer,Dairy,22.0,UPI_QR
S501032,2026-01-18,Namkeen,Snacks,232.0,UPI_QR
S501033,2026-01-18,Dal,Groceries,136.0,UPI_QR
S501034,2026-01-18,Dal,Groceries,132.0,UPI_QR
S501035,2026-01-19,Curd,Dairy,126.0,UPI_QR
S501036,2026-01-19,Paneer,Dairy,73.0,UPI_QR
S501037,2026-01-19,Oil 1L,Groceries,64.0,UPI_QR
S501038,2026-01-19,Sugar,Groceries,107.0,UPI_QR
S501039,2026-01-19,Biscuits,Snacks,166.0,UPI_QR
S501040,2026-01-19,Namkeen,Snacks,111.0,UPI_QR
S501041,2026-01-19,Milk,Dairy,107.0,UPI_QR
S501042,2026-01-19,Sugar,Groceries,510.0,UPI_QR
S501043,2026-01-19,Curd,Dairy,144.0,UPI_QR
S501044,2026-01-19,Biscuits,Snacks,334.0,CASH
S501045,2026-01-19,Rice 5kg,Groceries,83.0,UPI_QR
S501046,2026-01-19,Dal,Groceries,69.0,CASH
S501047,2026-01-20,Dal,Groceries,113.0,UPI_QR
S501048,2026-01-20,Paneer,Dairy,184.0,CASH
S501049,2026-01-20,Butter,Dairy,136.0,UPI_QR
S501050,2026-01-20,Rice 5kg,Groceries,963.0,UPI_QR
S501051,2026-01-20,Chips,Snacks,629.0,UPI_QR
S501052,2026-01-20,Dal,Groceries,382.0,CASH
S501053,2026-01-20,Namkeen,Snacks,128.0,UPI_QR
S501054,2026-01-20,Dal,Groceries,116.0,UPI_QR
S501055,2026-01-20,Paneer,Dairy,1090.0,CASH
S501056,2026-01-20,Curd,Dairy,322.0,UPI_QR
S501057,2026-01-20,Dal,Groceries,451.0,CASH
S501058,2026-01-20,Paneer,Dairy,21.0,UPI_QR
S501059,2026-01-21,Curd,Dairy,278.0,UPI_QR
S501060,2026-01-21,Atta,Groceries,118.0,UPI_QR
S501061,2026-01-21,Atta,Groceries,29.0,CASH
S501062,2026-01-21,Oil 1L,Groceries,240.0,CASH
S501063,2026-01-21,Dal,Groceries,417.0,CASH
S501064,2026-01-21,Chips,Snacks,106.0,CASH
S501065,2026-01-22,Atta,Groceries,164.0,CASH
S501066,2026-01-22,Milk,Dairy,133.0,UPI_QR
S501067,2026-01-22,Dal,Groceries,128.0,UPI_APP
S501068,2026-01-22,Chips,Snacks,66.0,UPI_QR
S501069,2026-01-22,Dal,Groceries,69.0,CASH
S501070,2026-01-22,Atta,Groceries,152.0,UPI_APP
S501071,2026-01-23,Namkeen,Snacks,62.0,UPI_QR
S501072,2026-01-23,Biscuits,Snacks,112.0,CASH
S501073,2026-01-23,Curd,Dairy,44.0,UPI_QR
S501074,2026-01-23,Atta,Groceries,419.0,UPI_QR
S501075,2026-01-23,Oil 1L,Groceries,153.0,UPI_QR
S501076,2026-01-23,Butter,Dairy,158.0,UPI_QR
S501077,2026-01-23,Oil 1L,Groceries,51.0,UPI_QR
S501078,2026-01-23,Biscuits,Snacks,195.0,UPI_QR
S501079,2026-01-23,Dal,Groceries,268.0,CASH
S501080,2026-01-23,Curd,Dairy,791.0,CASH
S501081,2026-01-23,Butter,Dairy,191.0,UPI_APP
S501082,2026-01-23,Dal,Groceries,208.0,UPI_APP
S501083,2026-01-24,Chips,Snacks,188.0,UPI_QR
S501084,2026-01-24,Curd,Dairy,70.0,UPI_QR
S501085,2026-01-24,Butter,Dairy,291.0,UPI_QR
S501086,2026-01-24,Curd,Dairy,195.0,CASH
S501087,2026-01-24,Dal,Groceries,674.0,CASH
S501088,2026-01-24,Biscuits,Snacks,26.0,UPI_QR
S501089,2026-01-24,Biscuits,Snacks,268.0,CASH
S501090,2026-01-24,Oil 1L,Groceries,190.0,UPI_QR
S501091,2026-01-24,Chocolates,Snacks,240.0,CASH
S501092,2026-01-24,Sugar,Groceries,51.0,CASH
S501093,2026-01-25,Dal,Groceries,157.0,UPI_QR
S501094,2026-01-25,Chocolates,Snacks,223.0,CASH
S501095,2026-01-25,Rice 5kg,Groceries,189.0,UPI_QR
S501096,2026-01-25,Milk,Dairy,39.0,UPI_QR
S501097,2026-01-25,Milk,Dairy,472.0,UPI_QR
S501098,2026-01-25,Curd,Dairy,132.0,UPI_QR
S501099,2026-01-25,Paneer,Dairy,108.0,UPI_QR
S501100,2026-01-25,Milk,Dairy,505.0,UPI_QR
S501101,2026-01-25,Oil 1L,Groceries,993.0,UPI_QR
S501102,2026-01-25,Biscuits,Snacks,135.0,UPI_QR
S501103,2026-01-25,Namkeen,Snacks,290.0,UPI_QR
S501104,2026-01-26,Sugar,Groceries,125.0,UPI_QR
S501105,2026-01-26,Atta,Groceries,50.0,UPI_QR
S501106,2026-01-26,Biscuits,Snacks,134.0,UPI_QR
S501107,2026-01-26,Dal,Groceries,77.0,UPI_QR
S501108,2026-01-26,Atta,Groceries,36.0,UPI_APP
S501109,2026-01-26,Atta,Groceries,472.0,UPI_QR
S501110,2026-01-26,Paneer,Dairy,151.0,UPI_QR
S501111,2026-01-26,Dal,Groceries,274.0,UPI_QR
S501112,2026-01-27,Rice 5kg,Groceries,248.0,UPI_QR
S501113,2026-01-27,Dal,Groceries,260.0,UPI_QR
S501114,2026-01-27,Atta,Groceries,157.0,UPI_QR
S501115,2026-01-27,Chips,Snacks,115.0,UPI_QR
S501116,2026-01-27,Rice 5kg,Groceries,25.0,UPI_QR
S501117,2026-01-27,Dal,Groceries,106.0,UPI_QR
S501118,2026-01-27,Paneer,Dairy,120.0,UPI_QR
S501119,2026-01-27,Atta,Groceries,187.0,CASH
S501120,2026-01-27,Butter,Dairy,230.0,UPI_QR
S501121,2026-01-27,Atta,Groceries,222.0,UPI_QR
S501122,2026-01-27,Chips,Snacks,94.0,UPI_QR
S501123,2026-01-27,Rice 5kg,Groceries,350.0,UPI_QR
S501124,2026-01-27,Namkeen,Snacks,166.0,UPI_QR
S501125,2026-01-28,Chips,Snacks,89.0,UPI_QR
S501126,2026-01-28,Sugar,Groceries,129.0,CASH
S501127,2026-01-28,Atta,Groceries,129.0,CASH
S501128,2026-01-28,Curd,Dairy,168.0,UPI_QR
S501129,2026-01-28,Atta,Groceries,134.0,CASH
S501130,2026-01-28,Dal,Groceries,343.0,CASH
S501131,2026-01-28,Biscuits,Snacks,278.0,CASH
S501132,2026-01-28,Namkeen,Snacks,141.0,UPI_QR
S501133,2026-01-28,Paneer,Dairy,484.0,UPI_APP
S501134,2026-01-28,Namkeen,Snacks,296.0,UPI_QR
S501135,2026-01-28,Milk,Dairy,142.0,CASH
S501136,2026-01-28,Chips,Snacks,93.0,UPI_APP
S501137,2026-01-29,Rice 5kg,Groceries,333.0,UPI_QR
S501138,2026-01-29,Dal,Groceries,229.0,CASH
S501139,2026-01-29,Sugar,Groceries,122.0,UPI_QR
S501140,2026-01-29,Rice 5kg,Groceries,201.0,UPI_APP
S501141,2026-01-29,Rice 5kg,Groceries,100.0,UPI_QR
S501142,2026-01-29,Chocolates,Snacks,566.0,UPI_QR
S501143,2026-01-29,Sugar,Groceries,225.0,CASH
S501144,2026-01-30,Curd,Dairy,189.0,UPI_QR
S501145,2026-01-30,Milk,Dairy,100.0,UPI_QR
S501146,2026-01-30,Namkeen,Snacks,211.0,UPI_QR
S501147,2026-01-30,Atta,Groceries,169.0,CASH
S501148,2026-01-30,Curd,Dairy,155.0,UPI_QR
S501149,2026-01-30,Atta,Groceries,55.0,UPI_QR
S501150,2026-01-30,Sugar,Groceries,137.0,UPI_QR
S501151,2026-01-30,Milk,Dairy,149.0,UPI_QR
S501152,2026-01-30,Chips,Snacks,257.0,UPI_QR
S501153,2026-01-30,Dal,Groceries,199.0,CASH
S501154,2026-01-30,Milk,Dairy,187.0,UPI_QR
S501155,2026-01-31,Sugar,Groceries,172.0,UPI_QR
S501156,2026-01-31,Rice 5kg,Groceries,447.0,UPI_QR
S501157,2026-01-31,Butter,Dairy,193.0,UPI_QR
S501158,2026-01-31,Milk,Dairy,423.0,CASH
S501159,2026-01-31,Curd,Dairy,316.0,UPI_QR
S501160,2026-01-31,Paneer,Dairy,148.0,UPI_QR
S501161,2026-01-31,Atta,Groceries,197.0,UPI_APP
S501162,2026-01-31,Sugar,Groceries,185.0,UPI_QR
S501163,2026-01-31,Curd,Dairy,224.0,UPI_QR
S501164,2026-01-31,Sugar,Groceries,219.0,UPI_QR
S501165,2026-01-31,Curd,Dairy,173.0,CASH
S501166,2026-01-31,Biscuits,Snacks,110.0,UPI_QR
S501167,2026-01-31,Butter,Dairy,242.0,CASH
S501168,2026-01-31,Oil 1L,Groceries,245.0,UPI_QR
S501169,2026-01-31,Atta,Groceries,64.0,CASH
S501170,2026-02-01,Chocolates,Snacks,115.0,UPI_QR
S501171,2026-02-01,Sugar,Groceries,92.0,CASH
S501172,2026-02-01,Paneer,Dairy,63.0,UPI_QR
S501173,2026-02-01,Sugar,Groceries,95.0,UPI_APP
S501174,2026-02-01,Curd,Dairy,65.0,UPI_QR
S501175,2026-02-01,Dal,Groceries,256.0,UPI_QR
S501176,2026-02-01,Milk,Dairy,304.0,CASH
S501177,2026-02-01,Oil 1L,Groceries,280.0,CASH
S501178,2026-02-01,Milk,Dairy,75.0,UPI_QR
S501179,2026-02-01,Curd,Dairy,194.0,UPI_QR
S501180,2026-02-01,Atta,Groceries,80.0,UPI_QR
S501181,2026-02-02,Dal,Groceries,109.0,UPI_QR
S501182,2026-02-02,Dal,Groceries,66.0,UPI_QR
S501183,2026-02-02,Chips,Snacks,84.0,UPI_QR
S501184,2026-02-03,Curd,Dairy,206.0,UPI_QR
S501185,2026-02-03,Rice 5kg,Groceries,808.0,UPI_QR
S501186,2026-02-03,Atta,Groceries,219.0,UPI_QR
S501187,2026-02-03,Dal,Groceries,254.0,UPI_QR
S501188,2026-02-03,Dal,Groceries,299.0,UPI_QR
S501189,2026-02-03,Chips,Snacks,172.0,UPI_QR
S501190,2026-02-03,Sugar,Groceries,304.0,UPI_QR
S501191,2026-02-03,Sugar,Groceries,137.0,CASH
S501192,2026-02-03,Rice 5kg,Groceries,194.0,UPI_QR
S501193,2026-02-03,Dal,Groceries,115.0,UPI_QR
S501194,2026-02-03,Biscuits,Snacks,862.0,UPI_QR
S501195,2026-02-04,Paneer,Dairy,209.0,CASH
S501196,2026-02-04,Dal,Groceries,97.0,UPI_QR
S501197,2026-02-04,Dal,Groceries,864.0,UPI_QR
S501198,2026-02-04,Rice 5kg,Groceries,266.0,UPI_QR
S501199,2026-02-04,Oil 1L,Groceries,415.0,UPI_QR
S501200,2026-02-04,Dal,Groceries,337.0,UPI_QR
S501201,2026-02-04,Namkeen,Snacks,143.0,UPI_QR
S501202,2026-02-04,Oil 1L,Groceries,181.0,UPI_QR
S501203,2026-02-05,Biscuits,Snacks,231.0,CASH
S501204,2026-02-05,Dal,Groceries,56.0,UPI_QR
S501205,2026-02-05,Curd,Dairy,248.0,UPI_QR
S501206,2026-02-05,Sugar,Groceries,140.0,UPI_QR
S501207,2026-02-05,Atta,Groceries,143.0,UPI_QR
S501208,2026-02-05,Dal,Groceries,171.0,UPI_QR
S501209,2026-02-05,Sugar,Groceries,236.0,UPI_QR
S501210,2026-02-06,Dal,Groceries,201.0,UPI_QR
S501211,2026-02-06,Rice 5kg,Groceries,36.0,UPI_QR
S501212,2026-02-06,Rice 5kg,Groceries,329.0,UPI_QR
S501213,2026-02-06,Chips,Snacks,388.0,UPI_QR
S501214,2026-02-06,Dal,Groceries,126.0,CASH
S501215,2026-02-06,Rice 5kg,Groceries,601.0,UPI_QR
S501216,2026-02-07,Butter,Dairy,159.0,UPI_QR
S501217,2026-02-07,Namkeen,Snacks,73.0,UPI_APP
S501218,2026-02-07,Biscuits,Snacks,64.0,UPI_QR
S501219,2026-02-07,Butter,Dairy,506.0,CASH
S501220,2026-02-07,Oil 1L,Groceries,93.0,CASH
S501221,2026-02-07,Sugar,Groceries,124.0,CASH
S501222,2026-02-07,Milk,Dairy,260.0,CASH
S501223,2026-02-07,Paneer,Dairy,197.0,UPI_QR
S501224,2026-02-07,Oil 1L,Groceries,191.0,UPI_QR
S501225,2026-02-07,Dal,Groceries,128.0,CASH
S501226,2026-02-07,Sugar,Groceries,281.0,UPI_QR
S501227,2026-02-07,Oil 1L,Groceries,141.0,UPI_QR
S501228,2026-02-08,Atta,Groceries,58.0,UPI_QR
S501229,2026-02-08,Atta,Groceries,102.0,UPI_QR
S501230,2026-02-08,Namkeen,Snacks,988.0,UPI_QR
S501231,2026-02-08,Atta,Groceries,416.0,UPI_QR
S501232,2026-02-08,Atta,Groceries,175.0,CASH
S501233,2026-02-08,Dal,Groceries,347.0,UPI_QR
S501234,2026-02-08,Sugar,Groceries,373.0,UPI_QR
S501235,2026-02-08,Milk,Dairy,211.0,UPI_QR
S501236,2026-02-08,Butter,Dairy,325.0,UPI_QR
S501237,2026-02-08,Curd,Dairy,135.0,UPI_QR
S501238,2026-02-09,Dal,Groceries,258.0,UPI_QR
S501239,2026-02-09,Atta,Groceries,134.0,CASH
S501240,2026-02-09,Sugar,Groceries,41.0,UPI_QR
S501241,2026-02-09,Sugar,Groceries,303.0,CASH
S501242,2026-02-09,Dal,Groceries,367.0,CASH
S501243,2026-02-09,Chips,Snacks,239.0,UPI_QR
S501244,2026-02-09,Oil 1L,Groceries,351.0,UPI_QR
S501245,2026-02-09,Paneer,Dairy,1159.0,UPI_QR
S501246,2026-02-09,Atta,Groceries,141.0,CASH
S501247,2026-02-09,Namkeen,Snacks,221.0,CASH
S501248,2026-02-10,Paneer,Dairy,110.0,UPI_QR
S501249,2026-02-10,Milk,Dairy,59.0,UPI_APP
S501250,2026-02-10,Chocolates,Snacks,68.0,UPI_APP
S501251,2026-02-10,Chocolates,Snacks,555.0,CASH
S501252,2026-02-10,Rice 5kg,Groceries,86.0,UPI_QR
S501253,2026-02-10,Biscuits,Snacks,195.0,UPI_QR
S501254,2026-02-10,Atta,Groceries,74.0,UPI_QR
S501255,2026-02-10,Rice 5kg,Groceries,408.0,CASH
S501256,2026-02-10,Dal,Groceries,144.0,UPI_QR
S501257,2026-02-10,Curd,Dairy,138.0,UPI_QR
S501258,2026-02-10,Paneer,Dairy,391.0,UPI_QR
S501259,2026-02-10,Rice 5kg,Groceries,139.0,UPI_QR
S501260,2026-02-11,Dal,Groceries,212.0,UPI_QR
S501261,2026-02-11,Chips,Snacks,95.0,CASH
S501262,2026-02-11,Rice 5kg,Groceries,460.0,UPI_QR
S501263,2026-02-11,Chips,Snacks,109.0,UPI_QR
S501264,2026-02-12,Oil 1L,Groceries,368.0,UPI_QR
S501265,2026-02-12,Sugar,Groceries,58.0,UPI_QR
S501266,2026-02-12,Chips,Snacks,135.0,UPI_QR
S501267,2026-02-12,Atta,Groceries,127.0,UPI_QR
S501268,2026-02-12,Atta,Groceries,111.0,UPI_QR
S501269,2026-02-12,Milk,Dairy,140.0,UPI_QR
S501270,2026-02-12,Milk,Dairy,340.0,UPI_QR
S501271,2026-02-12,Sugar,Groceries,163.0,UPI_QR
S501272,2026-02-12,Dal,Groceries,147.0,UPI_QR
S501273,2026-02-12,Rice 5kg,Groceries,85.0,UPI_QR
S501274,2026-02-12,Rice 5kg,Groceries,104.0,UPI_QR
S501275,2026-02-12,Curd,Dairy,64.0,CASH
S501276,2026-02-12,Biscuits,Snacks,62.0,UPI_QR
S501277,2026-02-12,Biscuits,Snacks,59.0,UPI_QR
S501278,2026-02-12,Atta,Groceries,546.0,UPI_QR
S501279,2026-02-13,Atta,Groceries,79.0,UPI_QR
S501280,2026-02-13,Chips,Snacks,77.0,CASH
S501281,2026-02-13,Biscuits,Snacks,292.0,UPI_APP
S501282,2026-02-13,Dal,Groceries,392.0,CASH
S501283,2026-02-13,Sugar,Groceries,133.0,UPI_QR
S501284,2026-02-13,Curd,Dairy,154.0,UPI_QR
S501285,2026-02-13,Oil 1L,Groceries,104.0,CASH
S501286,2026-02-13,Rice 5kg,Groceries,148.0,UPI_APP
S501287,2026-02-13,Oil 1L,Groceries,159.0,UPI_QR
S501288,2026-02-13,Oil 1L,Groceries,179.0,UPI_APP
S501289,2026-02-14,Oil 1L,Groceries,97.0,CASH
S501290,2026-02-14,Chocolates,Snacks,739.0,UPI_QR
S501291,2026-02-14,Sugar,Groceries,105.0,UPI_QR
S501292,2026-02-14,Oil 1L,Groceries,251.0,UPI_QR
S501293,2026-02-14,Butter,Dairy,494.0,CASH
S501294,2026-02-14,Paneer,Dairy,149.0,UPI_QR
S501295,2026-02-14,Dal,Groceries,149.0,CASH
S501296,2026-02-14,Sugar,Groceries,116.0,UPI_QR
S501297,2026-02-14,Oil 1L,Groceries,56.0,UPI_QR
S501298,2026-02-14,Namkeen,Snacks,472.0,UPI_QR
S501299,2026-02-14,Atta,Groceries,337.0,UPI_QR
S501300,2026-02-14,Oil 1L,Groceries,161.0,UPI_QR
S501301,2026-02-14,Dal,Groceries,201.0,UPI_QR
S501302,2026-02-14,Rice 5kg,Groceries,203.0,UPI_QR
S501303,2026-02-14,Rice 5kg,Groceries,76.0,UPI_QR
S501304,2026-02-14,Butter,Dairy,649.0,UPI_QR
S501305,2026-02-15,Atta,Groceries,66.0,UPI_QR
S501306,2026-02-15,Rice 5kg,Groceries,104.0,UPI_QR
S501307,2026-02-15,Dal,Groceries,227.0,UPI_QR
S501308,2026-02-15,Curd,Dairy,53.0,UPI_QR
S501309,2026-02-15,Atta,Groceries,63.0,CASH
S501310,2026-02-15,Rice 5kg,Groceries,138.0,UPI_QR
S501311,2026-02-15,Milk,Dairy,186.0,CASH
S501312,2026-02-16,Curd,Dairy,298.0,CASH
S501313,2026-02-16,Milk,Dairy,155.0,UPI_QR
S501314,2026-02-16,Atta,Groceries,257.0,UPI_QR
S501315,2026-02-16,Dal,Groceries,480.0,UPI_QR
S501316,2026-02-16,Rice 5kg,Groceries,375.0,CASH
S501317,2026-02-16,Dal,Groceries,78.0,CASH
S501318,2026-02-16,Chips,Snacks,39.0,UPI_QR
S501319,2026-02-16,Namkeen,Snacks,371.0,UPI_QR
S501320,2026-02-16,Chips,Snacks,118.0,UPI_QR
S501321,2026-02-17,Chocolates,Snacks,77.0,UPI_QR
S501322,2026-02-17,Dal,Groceries,498.0,UPI_QR
S501323,2026-02-17,Chocolates,Snacks,183.0,UPI_QR
S501324,2026-02-17,Dal,Groceries,130.0,UPI_QR
S501325,2026-02-17,Atta,Groceries,161.0,UPI_QR
S501326,2026-02-17,Butter,Dairy,251.0,CASH
S501327,2026-02-17,Sugar,Groceries,112.0,UPI_QR
S501328,2026-02-17,Sugar,Groceries,123.0,UPI_QR
S501329,2026-02-17,Chips,Snacks,919.0,CASH
S501330,2026-02-17,Atta,Groceries,48.0,UPI_QR
S501331,2026-02-17,Dal,Groceries,189.0,UPI_QR
S501332,2026-02-17,Chocolates,Snacks,246.0,UPI_QR
S501333,2026-02-17,Rice 5kg,Groceries,25.0,UPI_QR
S501334,2026-02-17,Curd,Dairy,394.0,UPI_QR
S501335,2026-02-17,Curd,Dairy,258.0,UPI_QR
S501336,2026-02-18,Biscuits,Snacks,152.0,UPI_QR
S501337,2026-02-18,Paneer,Dairy,83.0,CASH
S501338,2026-02-18,Paneer,Dairy,185.0,UPI_QR
S501339,2026-02-18,Rice 5kg,Groceries,212.0,UPI_QR
S501340,2026-02-18,Oil 1L,Groceries,1518.0,UPI_QR
S501341,2026-02-18,Butter,Dairy,334.0,UPI_QR
S501342,2026-02-18,Curd,Dairy,104.0,UPI_QR
S501343,2026-02-18,Butter,Dairy,142.0,UPI_QR
S501344,2026-02-18,Sugar,Groceries,273.0,UPI_QR
S501345,2026-02-18,Namkeen,Snacks,64.0,UPI_QR
S501346,2026-02-19,Oil 1L,Groceries,131.0,UPI_QR
S501347,2026-02-19,Dal,Groceries,113.0,UPI_QR
S501348,2026-02-19,Oil 1L,Groceries,120.0,CASH
S501349,2026-02-19,Atta,Groceries,492.0,CASH
S501350,2026-02-19,Milk,Dairy,308.0,UPI_APP
S501351,2026-02-19,Curd,Dairy,336.0,UPI_QR
S501352,2026-02-19,Atta,Groceries,315.0,CASH
S501353,2026-02-19,Atta,Groceries,99.0,UPI_QR
S501354,2026-02-19,Oil 1L,Groceries,428.0,UPI_QR
S501355,2026-02-19,Rice 5kg,Groceries,1026.0,CASH
S501356,2026-02-19,Biscuits,Snacks,222.0,CASH
S501357,2026-02-20,Curd,Dairy,572.0,UPI_QR
S501358,2026-02-20,Atta,Groceries,112.0,UPI_QR
S501359,2026-02-20,Dal,Groceries,119.0,CASH
S501360,2026-02-20,Sugar,Groceries,424.0,CASH
S501361,2026-02-20,Rice 5kg,Groceries,279.0,UPI_QR
S501362,2026-02-20,Atta,Groceries,118.0,UPI_QR
S501363,2026-02-20,Rice 5kg,Groceries,60.0,UPI_QR
S501364,2026-02-20,Sugar,Groceries,90.0,CASH
S501365,2026-02-20,Dal,Groceries,325.0,UPI_QR
S501366,2026-02-21,Atta,Groceries,129.0,CASH
S501367,2026-02-21,Namkeen,Snacks,198.0,UPI_QR
S501368,2026-02-21,Chips,Snacks,73.0,UPI_QR
S501369,2026-02-21,Curd,Dairy,176.0,CASH
S501370,2026-02-21,Curd,Dairy,146.0,UPI_QR
S501371,2026-02-21,Rice 5kg,Groceries,363.0,UPI_QR
S501372,2026-02-21,Atta,Groceries,67.0,UPI_QR
S501373,2026-02-21,Rice 5kg,Groceries,165.0,CASH
S501374,2026-02-21,Curd,Dairy,137.0,UPI_APP
S501375,2026-02-21,Oil 1L,Groceries,153.0,UPI_QR
S501376,2026-02-21,Rice 5kg,Groceries,204.0,CASH
S501377,2026-02-21,Dal,Groceries,534.0,UPI_APP
S501378,2026-02-22,Namkeen,Snacks,61.0,CASH
S501379,2026-02-22,Paneer,Dairy,245.0,UPI_QR
S501380,2026-02-22,Chips,Snacks,744.0,UPI_QR
S501381,2026-02-22,Namkeen,Snacks,84.0,CASH
S501382,2026-02-22,Paneer,Dairy,258.0,UPI_QR
S501383,2026-02-22,Atta,Groceries,399.0,UPI_QR
S501384,2026-02-22,Biscuits,Snacks,118.0,UPI_QR
S501385,2026-02-22,Oil 1L,Groceries,884.0,UPI_QR
S501386,2026-02-22,Namkeen,Snacks,51.0,UPI_QR
S501387,2026-02-22,Rice 5kg,Groceries,75.0,UPI_QR
S501388,2026-02-23,Dal,Groceries,70.0,UPI_QR
S501389,2026-02-23,Atta,Groceries,239.0,UPI_QR
S501390,2026-02-23,Dal,Groceries,174.0,UPI_QR
S501391,2026-02-23,Namkeen,Snacks,48.0,UPI_QR
S501392,2026-02-23,Rice 5kg,Groceries,153.0,UPI_QR
S501393,2026-02-23,Atta,Groceries,142.0,UPI_QR
S501394,2026-02-23,Curd,Dairy,311.0,UPI_QR
S501395,2026-02-23,Atta,Groceries,177.0,UPI_QR
S501396,2026-02-23,Oil 1L,Groceries,217.0,UPI_QR
S501397,2026-02-23,Atta,Groceries,121.0,UPI_QR
S501398,2026-02-24,Oil 1L,Groceries,545.0,UPI_QR
S501399,2026-02-24,Oil 1L,Groceries,63.0,UPI_QR
S501400,2026-02-24,Atta,Groceries,200.0,UPI_QR
S501401,2026-02-24,Milk,Dairy,129.0,CASH
S501402,2026-02-24,Milk,Dairy,355.0,CASH
S501403,2026-02-24,Paneer,Dairy,496.0,CASH
S501404,2026-02-24,Milk,Dairy,150.0,UPI_QR
S501405,2026-02-24,Rice 5kg,Groceries,257.0,CASH
S501406,2026-02-24,Sugar,Groceries,274.0,UPI_QR
S501407,2026-02-24,Sugar,Groceries,115.0,UPI_QR
S501408,2026-02-24,Atta,Groceries,155.0,UPI_QR
S501409,2026-02-24,Oil 1L,Groceries,33.0,CASH
S501410,2026-02-25,Namkeen,Snacks,430.0,UPI_QR
S501411,2026-02-25,Butter,Dairy,386.0,CASH
S501412,2026-02-26,Chips,Snacks,271.0,UPI_APP
S501413,2026-02-26,Sugar,Groceries,58.0,UPI_QR
S501414,2026-02-26,Sugar,Groceries,287.0,UPI_QR
S501415,2026-02-26,Namkeen,Snacks,243.0,UPI_QR
S501416,2026-02-26,Sugar,Groceries,374.0,UPI_QR
S501417,2026-02-26,Oil 1L,Groceries,488.0,CASH
S501418,2026-02-26,Curd,Dairy,153.0,UPI_QR
S501419,2026-02-26,Chips,Snacks,322.0,UPI_QR
S501420,2026-02-26,Sugar,Groceries,221.0,UPI_QR
S501421,2026-02-27,Butter,Dairy,291.0,CASH
S501422,2026-02-27,Milk,Dairy,239.0,UPI_QR
S501423,2026-02-27,Chocolates,Snacks,1194.0,UPI_QR
S501424,2026-02-27,Curd,Dairy,1459.0,UPI_QR
S501425,2026-02-27,Curd,Dairy,219.0,CASH
S501426,2026-02-27,Milk,Dairy,230.0,UPI_QR
S501427,2026-02-27,Dal,Groceries,266.0,UPI_APP
S501428,2026-02-28,Butter,Dairy,171.0,UPI_QR
S501429,2026-02-28,Namkeen,Snacks,608.0,UPI_QR
S501430,2026-02-28,Oil 1L,Groceries,183.0,UPI_QR
S501431,2026-02-28,Atta,Groceries,93.0,UPI_QR
S501432,2026-02-28,Biscuits,Snacks,73.0,UPI_QR
S501433,2026-02-28,Curd,Dairy,308.0,CASH
S501434,2026-02-28,Milk,Dairy,98.0,CASH
S501435,2026-02-28,Atta,Groceries,124.0,UPI_QR
S501436,2026-02-28,Dal,Groceries,220.0,CASH
S501437,2026-02-28,Butter,Dairy,148.0,UPI_QR
S501438,2026-02-28,Milk,Dairy,278.0,UPI_QR
S501439,2026-02-28,Paneer,Dairy,279.0,UPI_QR
S501440,2026-02-28,Dal,Groceries,376.0,UPI_QR
S501441,2026-03-01,Oil 1L,Groceries,135.0,UPI_QR
S501442,2026-03-01,Sugar,Groceries,280.0,CASH
S501443,2026-03-01,Milk,Dairy,59.0,UPI_QR
S501444,2026-03-01,Milk,Dairy,85.0,UPI_QR
S501445,2026-03-01,Rice 5kg,Groceries,171.0,CASH
S501446,2026-03-01,Sugar,Groceries,211.0,UPI_QR
S501447,2026-03-01,Atta,Groceries,156.0,UPI_QR
S501448,2026-03-01,Dal,Groceries,654.0,UPI_QR
S501449,2026-03-01,Namkeen,Snacks,203.0,UPI_QR
S501450,2026-03-01,Rice 5kg,Groceries,90.0,UPI_APP
S501451,2026-03-01,Oil 1L,Groceries,62.0,UPI_QR
S501452,2026-03-01,Sugar,Groceries,85.0,UPI_QR
S501453,2026-03-01,Sugar,Groceries,213.0,CASH
S501454,2026-03-01,Rice 5kg,Groceries,639.0,UPI_QR
S501455,2026-03-01,Dal,Groceries,207.0,CASH
S501456,2026-03-01,Rice 5kg,Groceries,257.0,CASH
S501457,2026-03-02,Sugar,Groceries,94.0,UPI_QR
S501458,2026-03-02,Oil 1L,Groceries,486.0,UPI_QR
S501459,2026-03-02,Oil 1L,Groceries,149.0,CASH
S501460,2026-03-02,Namkeen,Snacks,122.0,UPI_APP
S501461,2026-03-03,Chocolates,Snacks,71.0,UPI_QR
S501462,2026-03-03,Sugar,Groceries,219.0,UPI_APP
S501463,2026-03-04,Chocolates,Snacks,222.0,UPI_QR
S501464,2026-03-04,Butter,Dairy,128.0,UPI_QR
S501465,2026-03-04,Dal,Groceries,342.0,UPI_QR
S501466,2026-03-04,Chocolates,Snacks,337.0,CASH
S501467,2026-03-04,Chips,Snacks,104.0,UPI_QR
S501468,2026-03-04,Rice 5kg,Groceries,42.0,UPI_QR
S501469,2026-03-05,Namkeen,Snacks,358.0,UPI_QR
S501470,2026-03-05,Atta,Groceries,834.0,UPI_QR
S501471,2026-03-05,Dal,Groceries,362.0,UPI_QR
S501472,2026-03-05,Dal,Groceries,243.0,CASH
S501473,2026-03-05,Atta,Groceries,403.0,UPI_QR
S501474,2026-03-05,Butter,Dairy,148.0,CASH
S501475,2026-03-05,Curd,Dairy,229.0,UPI_QR
S501476,2026-03-05,Sugar,Groceries,108.0,UPI_QR
S501477,2026-03-05,Curd,Dairy,33.0,UPI_QR
S501478,2026-03-06,Paneer,Dairy,307.0,CASH
S501479,2026-03-06,Sugar,Groceries,209.0,UPI_QR
S501480,2026-03-07,Atta,Groceries,356.0,CASH
S501481,2026-03-07,Dal,Groceries,201.0,UPI_QR
S501482,2026-03-07,Rice 5kg,Groceries,324.0,UPI_QR
S501483,2026-03-07,Milk,Dairy,208.0,CASH
S501484,2026-03-07,Biscuits,Snacks,83.0,CASH
S501485,2026-03-07,Oil 1L,Groceries,80.0,CASH
S501486,2026-03-07,Rice 5kg,Groceries,905.0,UPI_APP
S501487,2026-03-07,Dal,Groceries,56.0,UPI_QR
S501488,2026-03-07,Dal,Groceries,379.0,UPI_QR
S501489,2026-03-07,Curd,Dairy,106.0,UPI_QR
S501490,2026-03-08,Chocolates,Snacks,141.0,UPI_QR
S501491,2026-03-08,Atta,Groceries,447.0,UPI_QR
S501492,2026-03-08,Milk,Dairy,85.0,UPI_APP
S501493,2026-03-08,Sugar,Groceries,143.0,CASH
S501494,2026-03-08,Rice 5kg,Groceries,340.0,UPI_QR
S501495,2026-03-08,Sugar,Groceries,277.0,UPI_QR
S501496,2026-03-08,Curd,Dairy,405.0,UPI_QR
S501497,2026-03-08,Sugar,Groceries,745.0,CASH
S501498,2026-03-08,Atta,Groceries,196.0,CASH
S501499,2026-03-08,Chips,Snacks,185.0,UPI_QR
S501500,2026-03-08,Namkeen,Snacks,239.0,CASH
S501501,2026-03-09,Sugar,Groceries,122.0,CASH
S501502,2026-03-09,Milk,Dairy,171.0,CASH
S501503,2026-03-09,Paneer,Dairy,183.0,UPI_QR
S501504,2026-03-09,Chips,Snacks,63.0,CASH
S501505,2026-03-09,Biscuits,Snacks,240.0,CASH
S501506,2026-03-09,Rice 5kg,Groceries,202.0,UPI_QR
S501507,2026-03-09,Milk,Dairy,995.0,UPI_QR
S501508,2026-03-10,Oil 1L,Groceries,167.0,UPI_QR
S501509,2026-03-10,Atta,Groceries,267.0,UPI_QR
S501510,2026-03-10,Chocolates,Snacks,977.0,UPI_APP
S501511,2026-03-10,Oil 1L,Groceries,84.0,UPI_QR
S501512,2026-03-10,Atta,Groceries,535.0,UPI_QR
S501513,2026-03-10,Milk,Dairy,294.0,CASH
S501514,2026-03-10,Paneer,Dairy,253.0,UPI_QR
S501515,2026-03-11,Curd,Dairy,211.0,UPI_APP
S501516,2026-03-11,Paneer,Dairy,115.0,CASH
S501517,2026-03-11,Oil 1L,Groceries,164.0,UPI_QR
S501518,2026-03-11,Chocolates,Snacks,241.0,UPI_QR
S501519,2026-03-11,Paneer,Dairy,131.0,UPI_QR
S501520,2026-03-11,Chips,Snacks,286.0,UPI_QR
S501521,2026-03-11,Milk,Dairy,171.0,UPI_QR
S501522,2026-03-11,Dal,Groceries,247.0,UPI_QR
S501523,2026-03-11,Paneer,Dairy,72.0,CASH
S501524,2026-03-11,Milk,Dairy,130.0,CASH
S501525,2026-03-11,Paneer,Dairy,67.0,UPI_QR
S501526,2026-03-11,Namkeen,Snacks,140.0,UPI_QR
S501527,2026-03-11,Paneer,Dairy,591.0,UPI_QR
S501528,2026-03-11,Curd,Dairy,107.0,CASH
S501529,2026-03-12,Rice 5kg,Groceries,129.0,UPI_QR
S501530,2026-03-12,Chocolates,Snacks,165.0,UPI_QR
S501531,2026-03-12,Rice 5kg,Groceries,535.0,UPI_QR
S501532,2026-03-12,Sugar,Groceries,271.0,CASH
S501533,2026-03-12,Atta,Groceries,421.0,UPI_QR
S501534,2026-03-12,Rice 5kg,Groceries,350.0,UPI_QR
S501535,2026-03-12,Sugar,Groceries,231.0,UPI_QR
S501536,2026-03-12,Chocolates,Snacks,427.0,UPI_QR
S501537,2026-03-12,Milk,Dairy,143.0,UPI_QR
S501538,2026-03-12,Atta,Groceries,106.0,UPI_QR
S501539,2026-03-13,Oil 1L,Groceries,294.0,CASH
S501540,2026-03-13,Milk,Dairy,68.0,UPI_QR
S501541,2026-03-13,Milk,Dairy,167.0,UPI_QR
S501542,2026-03-13,Atta,Groceries,437.0,UPI_APP
S501543,2026-03-13,Sugar,Groceries,91.0,CASH
S501544,2026-03-13,Sugar,Groceries,304.0,CASH
S501545,2026-03-14,Dal,Groceries,307.0,UPI_QR
S501546,2026-03-14,Atta,Groceries,246.0,UPI_QR
S501547,2026-03-14,Atta,Groceries,128.0,UPI_APP
S501548,2026-03-14,Dal,Groceries,70.0,UPI_QR
S501549,2026-03-14,Sugar,Groceries,45.0,UPI_QR
S501550,2026-03-14,Oil 1L,Groceries,76.0,UPI_QR
S501551,2026-03-14,Namkeen,Snacks,403.0,CASH
S501552,2026-03-14,Oil 1L,Groceries,127.0,CASH
S501553,2026-03-14,Atta,Groceries,94.0,UPI_QR
S501554,2026-03-15,Oil 1L,Groceries,190.0,CASH
S501555,2026-03-15,Rice 5kg,Groceries,174.0,UPI_QR
S501556,2026-03-15,Butter,Dairy,111.0,UPI_QR
S501557,2026-03-15,Dal,Groceries,141.0,UPI_QR
S501558,2026-03-15,Sugar,Groceries,26.0,CASH
S501559,2026-03-15,Oil 1L,Groceries,60.0,UPI_QR
S501560,2026-03-16,Curd,Dairy,111.0,UPI_QR
S501561,2026-03-16,Dal,Groceries,296.0,UPI_QR
S501562,2026-03-16,Atta,Groceries,171.0,CASH
S501563,2026-03-16,Rice 5kg,Groceries,85.0,UPI_QR
S501564,2026-03-16,Namkeen,Snacks,259.0,UPI_QR
S501565,2026-03-16,Rice 5kg,Groceries,227.0,UPI_QR
S501566,2026-03-16,Atta,Groceries,626.0,UPI_QR
S501567,2026-03-16,Chips,Snacks,337.0,CASH
S501568,2026-03-17,Atta,Groceries,121.0,UPI_QR
S501569,2026-03-17,Chips,Snacks,57.0,UPI_QR
S501570,2026-03-17,Milk,Dairy,99.0,CASH
S501571,2026-03-17,Oil 1L,Groceries,179.0,UPI_QR
S501572,2026-03-17,Dal,Groceries,153.0,UPI_QR
S501573,2026-03-17,Chocolates,Snacks,160.0,UPI_QR
S501574,2026-03-17,Curd,Dairy,937.0,UPI_QR
S501575,2026-03-17,Oil 1L,Groceries,366.0,UPI_APP
S501576,2026-03-17,Dal,Groceries,109.0,UPI_QR
S501577,2026-03-17,Atta,Groceries,496.0,UPI_QR
S501578,2026-03-18,Oil 1L,Groceries,210.0,CASH
S501579,2026-03-18,Paneer,Dairy,63.0,CASH
S501580,2026-03-18,Butter,Dairy,223.0,UPI_QR
S501581,2026-03-18,Paneer,Dairy,536.0,CASH
S501582,2026-03-18,Oil 1L,Groceries,684.0,UPI_QR
S501583,2026-03-18,Rice 5kg,Groceries,131.0,UPI_QR
S501584,2026-03-18,Sugar,Groceries,293.0,CASH
S501585,2026-03-19,Biscuits,Snacks,118.0,UPI_QR
S501586,2026-03-19,Namkeen,Snacks,118.0,UPI_QR
S501587,2026-03-19,Namkeen,Snacks,100.0,UPI_QR
S501588,2026-03-19,Oil 1L,Groceries,51.0,CASH
S501589,2026-03-19,Chocolates,Snacks,58.0,UPI_QR
S501590,2026-03-19,Paneer,Dairy,180.0,CASH
S501591,2026-03-19,Namkeen,Snacks,123.0,UPI_QR
S501592,2026-03-19,Sugar,Groceries,276.0,UPI_QR
S501593,2026-03-19,Curd,Dairy,179.0,UPI_QR
S501594,2026-03-20,Chips,Snacks,345.0,CASH
S501595,2026-03-20,Curd,Dairy,134.0,CASH
S501596,2026-03-20,Atta,Groceries,312.0,UPI_QR
S501597,2026-03-20,Chips,Snacks,108.0,UPI_QR
S501598,2026-03-20,Namkeen,Snacks,509.0,CASH
S501599,2026-03-20,Sugar,Groceries,118.0,UPI_QR
S501600,2026-03-20,Dal,Groceries,173.0,UPI_QR
S501601,2026-03-20,Chips,Snacks,104.0,UPI_QR
S501602,2026-03-21,Oil 1L,Groceries,192.0,CASH
S501603,2026-03-21,Namkeen,Snacks,106.0,UPI_QR
S501604,2026-03-21,Atta,Groceries,132.0,CASH
S501605,2026-03-21,Dal,Groceries,833.0,UPI_QR
S501606,2026-03-21,Paneer,Dairy,485.0,UPI_QR
S501607,2026-03-21,Atta,Groceries,337.0,CASH
S501608,2026-03-21,Paneer,Dairy,43.0,UPI_QR
S501609,2026-03-21,Biscuits,Snacks,557.0,UPI_QR
S501610,2026-03-21,Chocolates,Snacks,132.0,CASH
S501611,2026-03-21,Chips,Snacks,103.0,CASH
S501612,2026-03-22,Chips,Snacks,323.0,CASH
S501613,2026-03-22,Biscuits,Snacks,61.0,UPI_QR
S501614,2026-03-22,Paneer,Dairy,189.0,UPI_QR
S501615,2026-03-22,Chips,Snacks,196.0,UPI_QR
S501616,2026-03-22,Oil 1L,Groceries,401.0,UPI_QR
S501617,2026-03-22,Butter,Dairy,62.0,CASH
S501618,2026-03-22,Atta,Groceries,113.0,CASH
S501619,2026-03-22,Dal,Groceries,396.0,UPI_QR
S501620,2026-03-22,Oil 1L,Groceries,146.0,UPI_QR
S501621,2026-03-22,Atta,Groceries,268.0,CASH
S501622,2026-03-23,Milk,Dairy,264.0,UPI_QR
S501623,2026-03-23,Sugar,Groceries,82.0,UPI_QR
S501624,2026-03-23,Curd,Dairy,50.0,UPI_QR
S501625,2026-03-23,Rice 5kg,Groceries,464.0,UPI_QR
S501626,2026-03-23,Sugar,Groceries,947.0,UPI_QR
S501627,2026-03-23,Oil 1L,Groceries,170.0,UPI_QR
S501628,2026-03-23,Oil 1L,Groceries,207.0,UPI_QR
S501629,2026-03-23,Sugar,Groceries,533.0,UPI_QR
S501630,2026-03-23,Rice 5kg,Groceries,240.0,UPI_QR
S501631,2026-03-23,Namkeen,Snacks,62.0,UPI_QR
S501632,2026-03-23,Festival hamper / bulk order,Groceries,5400.0,UPI_QR
S501633,2026-03-24,Chips,Snacks,160.0,UPI_QR
S501634,2026-03-24,Atta,Groceries,74.0,CASH
S501635,2026-03-24,Dal,Groceries,289.0,UPI_QR
S501636,2026-03-24,Sugar,Groceries,164.0,UPI_QR
S501637,2026-03-24,Oil 1L,Groceries,100.0,UPI_QR
S501638,2026-03-25,Butter,Dairy,148.0,CASH
S501639,2026-03-26,Biscuits,Snacks,189.0,UPI_QR
S501640,2026-03-26,Dal,Groceries,104.0,UPI_QR
S501641,2026-03-26,Atta,Groceries,185.0,UPI_QR
S501642,2026-03-27,Chocolates,Snacks,368.0,UPI_APP
S501643,2026-03-27,Oil 1L,Groceries,221.0,CASH
S501644,2026-03-27,Dal,Groceries,115.0,UPI_QR
S501645,2026-03-27,Rice 5kg,Groceries,198.0,UPI_QR
S501646,2026-03-27,Rice 5kg,Groceries,63.0,UPI_QR
S501647,2026-03-27,Atta,Groceries,101.0,UPI_QR
S501648,2026-03-27,Biscuits,Snacks,388.0,CASH
S501649,2026-03-27,Sugar,Groceries,766.0,UPI_QR
S501650,2026-03-27,Curd,Dairy,250.0,UPI_QR
S501651,2026-03-27,Oil 1L,Groceries,105.0,UPI_QR
S501652,2026-03-27,Sugar,Groceries,30.0,CASH
S501653,2026-03-27,Oil 1L,Groceries,267.0,UPI_QR
S501654,2026-03-28,Dal,Groceries,407.0,UPI_QR
S501655,2026-03-28,Oil 1L,Groceries,255.0,UPI_QR
S501656,2026-03-28,Chips,Snacks,48.0,UPI_QR
S501657,2026-03-28,Butter,Dairy,87.0,CASH
S501658,2026-03-28,Atta,Groceries,214.0,CASH
S501659,2026-03-28,Rice 5kg,Groceries,459.0,UPI_QR
S501660,2026-03-28,Rice 5kg,Groceries,132.0,CASH
S501661,2026-03-28,Sugar,Groceries,350.0,UPI_APP
S501662,2026-03-28,Rice 5kg,Groceries,478.0,UPI_QR
S501663,2026-03-28,Sugar,Groceries,178.0,UPI_QR
S501664,2026-03-28,Milk,Dairy,92.0,UPI_QR
S501665,2026-03-28,Dal,Groceries,246.0,UPI_QR
S501666,2026-03-29,Chips,Snacks,532.0,UPI_QR
S501667,2026-03-29,Chips,Snacks,109.0,UPI_QR
S501668,2026-03-29,Sugar,Groceries,209.0,UPI_QR
S501669,2026-03-29,Chips,Snacks,515.0,UPI_QR
S501670,2026-03-29,Butter,Dairy,208.0,UPI_QR
S501671,2026-03-30,Sugar,Groceries,181.0,UPI_QR
S501672,2026-03-30,Curd,Dairy,126.0,UPI_QR
S501673,2026-03-30,Butter,Dairy,287.0,UPI_QR
S501674,2026-03-30,Atta,Groceries,257.0,UPI_QR
S501675,2026-03-30,Atta,Groceries,173.0,UPI_QR
S501676,2026-03-30,Biscuits,Snacks,232.0,UPI_QR
S501677,2026-03-30,Atta,Groceries,131.0,UPI_QR
S501678,2026-03-30,Curd,Dairy,125.0,UPI_APP
S501679,2026-03-30,Chips,Snacks,276.0,UPI_QR
S501680,2026-03-31,Sugar,Groceries,122.0,UPI_QR
S501681,2026-03-31,Rice 5kg,Groceries,178.0,UPI_QR
S501682,2026-03-31,Milk,Dairy,158.0,UPI_QR
S501683,2026-03-31,Atta,Groceries,63.0,UPI_QR
S501684,2026-03-31,Rice 5kg,Groceries,426.0,UPI_QR
S501685,2026-03-31,Biscuits,Snacks,92.0,CASH
S501686,2026-04-01,Dal,Groceries,79.0,CASH
S501687,2026-04-01,Rice 5kg,Groceries,95.0,CASH
S501688,2026-04-01,Sugar,Groceries,144.0,UPI_QR
S501689,2026-04-01,Curd,Dairy,91.0,UPI_QR
S501690,2026-04-01,Atta,Groceries,17.0,UPI_QR
S501691,2026-04-01,Oil 1L,Groceries,184.0,CASH
S501692,2026-04-01,Rice 5kg,Groceries,432.0,UPI_QR
S501693,2026-04-01,Biscuits,Snacks,251.0,UPI_QR
S501694,2026-04-01,Paneer,Dairy,676.0,UPI_QR
S501695,2026-04-02,Chips,Snacks,584.0,UPI_QR
S501696,2026-04-02,Sugar,Groceries,101.0,UPI_QR
S501697,2026-04-03,Biscuits,Snacks,172.0,UPI_QR
S501698,2026-04-03,Chocolates,Snacks,137.0,CASH
S501699,2026-04-03,Sugar,Groceries,191.0,CASH
S501700,2026-04-03,Dal,Groceries,136.0,UPI_QR
S501701,2026-04-03,Butter,Dairy,198.0,UPI_QR
S501702,2026-04-03,Paneer,Dairy,181.0,CASH
S501703,2026-04-03,Atta,Groceries,198.0,UPI_APP
S501704,2026-04-04,Milk,Dairy,98.0,UPI_QR
S501705,2026-04-04,Milk,Dairy,47.0,UPI_QR
S501706,2026-04-04,Oil 1L,Groceries,52.0,CASH
S501707,2026-04-04,Dal,Groceries,419.0,CASH
S501708,2026-04-04,Chocolates,Snacks,103.0,CASH
S501709,2026-04-04,Paneer,Dairy,108.0,UPI_QR
S501710,2026-04-04,Rice 5kg,Groceries,486.0,CASH
S501711,2026-04-04,Namkeen,Snacks,274.0,CASH
S501712,2026-04-04,Rice 5kg,Groceries,513.0,CASH
S501713,2026-04-04,Rice 5kg,Groceries,123.0,UPI_QR
S501714,2026-04-04,Dal,Groceries,269.0,UPI_QR
S501715,2026-04-05,Paneer,Dairy,220.0,UPI_QR
S501716,2026-04-05,Biscuits,Snacks,131.0,UPI_QR
S501717,2026-04-05,Rice 5kg,Groceries,141.0,UPI_QR
S501718,2026-04-05,Oil 1L,Groceries,83.0,UPI_QR
S501719,2026-04-05,Sugar,Groceries,212.0,UPI_QR
S501720,2026-04-05,Dal,Groceries,216.0,CASH
S501721,2026-04-05,Chips,Snacks,89.0,UPI_QR
S501722,2026-04-05,Oil 1L,Groceries,121.0,UPI_QR
S501723,2026-04-05,Milk,Dairy,60.0,UPI_QR
S501724,2026-04-05,Oil 1L,Groceries,133.0,UPI_QR
S501725,2026-04-05,Paneer,Dairy,217.0,UPI_QR
S501726,2026-04-06,Curd,Dairy,56.0,UPI_QR
S501727,2026-04-06,Festival hamper / bulk order,Groceries,3800.0,UPI_QR
S501728,2026-04-06,Oil 1L,Groceries,144.0,UPI_QR
S501729,2026-04-06,Oil 1L,Groceries,158.0,UPI_QR
S501730,2026-04-06,Sugar,Groceries,259.0,UPI_QR
S501731,2026-04-07,Milk,Dairy,76.0,UPI_QR
S501732,2026-04-07,Chips,Snacks,95.0,UPI_QR
S501733,2026-04-07,Chocolates,Snacks,187.0,UPI_QR
S501734,2026-04-07,Festival hamper / bulk order,Groceries,3600.0,UPI_QR
S501735,2026-04-07,Paneer,Dairy,437.0,UPI_QR
S501736,2026-04-07,Paneer,Dairy,154.0,UPI_QR
S501737,2026-04-07,Atta,Groceries,195.0,UPI_QR
S501738,2026-04-07,Rice 5kg,Groceries,67.0,UPI_APP
S501739,2026-04-08,Namkeen,Snacks,235.0,UPI_QR
S501740,2026-04-08,Namkeen,Snacks,320.0,CASH
S501741,2026-04-08,Chocolates,Snacks,298.0,UPI_QR
S501742,2026-04-08,Butter,Dairy,60.0,CASH
S501743,2026-04-08,Namkeen,Snacks,34.0,CASH
S501744,2026-04-08,Sugar,Groceries,91.0,UPI_QR
S501745,2026-04-08,Atta,Groceries,53.0,UPI_QR
S501746,2026-04-09,Paneer,Dairy,83.0,UPI_QR
S501747,2026-04-09,Dal,Groceries,74.0,CASH
S501748,2026-04-09,Oil 1L,Groceries,162.0,CASH
S501749,2026-04-09,Dal,Groceries,193.0,UPI_QR
S501750,2026-04-09,Curd,Dairy,224.0,CASH
S501751,2026-04-09,Paneer,Dairy,73.0,CASH
S501752,2026-04-10,Dal,Groceries,111.0,CASH
S501753,2026-04-10,Curd,Dairy,549.0,UPI_QR
S501754,2026-04-10,Oil 1L,Groceries,823.0,UPI_APP
S501755,2026-04-10,Rice 5kg,Groceries,383.0,CASH
S501756,2026-04-10,Dal,Groceries,225.0,CASH
S501757,2026-04-10,Namkeen,Snacks,311.0,CASH
S501758,2026-04-11,Atta,Groceries,331.0,UPI_QR
S501759,2026-04-11,Sugar,Groceries,231.0,UPI_QR
S501760,2026-04-11,Dal,Groceries,180.0,UPI_QR
S501761,2026-04-11,Atta,Groceries,60.0,UPI_QR
S501762,2026-04-11,Dal,Groceries,130.0,CASH
S501763,2026-04-11,Dal,Groceries,55.0,UPI_QR
S501764,2026-04-11,Paneer,Dairy,527.0,UPI_QR
S501765,2026-04-11,Sugar,Groceries,443.0,UPI_QR
S501766,2026-04-11,Dal,Groceries,226.0,UPI_QR
S501767,2026-04-11,Atta,Groceries,129.0,UPI_QR
S501768,2026-04-11,Atta,Groceries,92.0,UPI_QR
S501769,2026-04-11,Paneer,Dairy,253.0,UPI_QR
S501770,2026-04-11,Sugar,Groceries,165.0,UPI_QR
S501771,2026-04-12,Sugar,Groceries,205.0,CASH
S501772,2026-04-12,Sugar,Groceries,311.0,UPI_APP
S501773,2026-04-12,Sugar,Groceries,366.0,UPI_QR
S501774,2026-04-12,Curd,Dairy,206.0,UPI_QR
S501775,2026-04-12,Biscuits,Snacks,71.0,UPI_QR
S501776,2026-04-12,Oil 1L,Groceries,115.0,UPI_QR
S501777,2026-04-12,Rice 5kg,Groceries,14.0,UPI_QR
S501778,2026-04-12,Paneer,Dairy,78.0,UPI_QR
S501779,2026-04-12,Butter,Dairy,72.0,UPI_QR
S501780,2026-04-12,Sugar,Groceries,324.0,UPI_QR
S501781,2026-04-12,Namkeen,Snacks,84.0,CASH
S501782,2026-04-12,Oil 1L,Groceries,257.0,UPI_QR
S501783,2026-04-12,Atta,Groceries,53.0,UPI_QR
S501784,2026-04-12,Sugar,Groceries,339.0,CASH
S501785,2026-04-12,Dal,Groceries,92.0,CASH
S501786,2026-04-12,Chips,Snacks,111.0,UPI_QR
S501787,2026-04-13,Atta,Groceries,159.0,CASH
S501788,2026-04-13,Namkeen,Snacks,108.0,UPI_QR
S501789,2026-04-13,Biscuits,Snacks,210.0,UPI_QR
S501790,2026-04-13,Chocolates,Snacks,291.0,UPI_QR
S501791,2026-04-13,Chocolates,Snacks,86.0,UPI_QR
S501792,2026-04-13,Curd,Dairy,138.0,CASH
S501793,2026-04-13,Oil 1L,Groceries,27.0,CASH
S501794,2026-04-13,Sugar,Groceries,146.0,UPI_QR
S501795,2026-04-13,Atta,Groceries,106.0,UPI_QR
S501796,2026-04-13,Namkeen,Snacks,1800.0,CASH
S501797,2026-04-14,Oil 1L,Groceries,479.0,UPI_QR
S501798,2026-04-14,Curd,Dairy,214.0,UPI_QR
S501799,2026-04-14,Sugar,Groceries,61.0,UPI_QR
S501800,2026-04-14,Dal,Groceries,427.0,UPI_QR
S501801,2026-04-14,Paneer,Dairy,218.0,UPI_QR
S501802,2026-04-14,Atta,Groceries,64.0,UPI_QR
S501803,2026-04-14,Paneer,Dairy,148.0,CASH
S501804,2026-04-14,Chips,Snacks,116.0,UPI_APP
S501805,2026-04-14,Sugar,Groceries,262.0,CASH
S501806,2026-04-14,Sugar,Groceries,584.0,UPI_QR
S501807,2026-04-15,Paneer,Dairy,447.0,UPI_QR
S501808,2026-04-15,Curd,Dairy,672.0,UPI_QR
S501809,2026-04-15,Sugar,Groceries,344.0,CASH
S501810,2026-04-15,Butter,Dairy,57.0,UPI_APP
S501811,2026-04-15,Oil 1L,Groceries,84.0,UPI_QR
S501812,2026-04-15,Biscuits,Snacks,617.0,UPI_APP
S501813,2026-04-16,Curd,Dairy,179.0,UPI_QR
S501814,2026-04-16,Butter,Dairy,281.0,UPI_QR
S501815,2026-04-16,Namkeen,Snacks,302.0,CASH
S501816,2026-04-16,Paneer,Dairy,243.0,UPI_QR
S501817,2026-04-16,Milk,Dairy,284.0,CASH
S501818,2026-04-16,Dal,Groceries,207.0,UPI_QR
S501819,2026-04-16,Butter,Dairy,219.0,UPI_QR
S501820,2026-04-16,Oil 1L,Groceries,457.0,UPI_QR
S501821,2026-04-16,Paneer,Dairy,646.0,UPI_QR
S501822,2026-04-16,Sugar,Groceries,461.0,CASH
S501823,2026-04-17,Milk,Dairy,219.0,UPI_QR
S501824,2026-04-17,Chips,Snacks,87.0,UPI_QR
S501825,2026-04-17,Chocolates,Snacks,696.0,CASH
S501826,2026-04-17,Sugar,Groceries,63.0,UPI_QR
S501827,2026-04-17,Butter,Dairy,212.0,UPI_QR
S501828,2026-04-17,Biscuits,Snacks,255.0,UPI_QR
S501829,2026-04-17,Atta,Groceries,210.0,UPI_QR
S501830,2026-04-17,Chips,Snacks,439.0,UPI_QR
S501831,2026-04-17,Oil 1L,Groceries,283.0,CASH
S501832,2026-04-18,Atta,Groceries,49.0,UPI_QR
S501833,2026-04-18,Milk,Dairy,100.0,UPI_QR
S501834,2026-04-18,Curd,Dairy,644.0,UPI_QR
S501835,2026-04-18,Oil 1L,Groceries,560.0,UPI_QR
S501836,2026-04-18,Paneer,Dairy,105.0,UPI_QR
S501837,2026-04-18,Paneer,Dairy,210.0,CASH
S501838,2026-04-18,Paneer,Dairy,207.0,UPI_APP
S501839,2026-04-18,Curd,Dairy,305.0,UPI_QR
S501840,2026-04-18,Paneer,Dairy,88.0,UPI_QR
S501841,2026-04-18,Milk,Dairy,152.0,CASH
S501842,2026-04-18,Atta,Groceries,128.0,UPI_QR
S501843,2026-04-18,Oil 1L,Groceries,84.0,UPI_QR
S501844,2026-04-18,Curd,Dairy,43.0,CASH
S501845,2026-04-18,Chips,Snacks,316.0,UPI_APP
S501846,2026-04-19,Atta,Groceries,42.0,UPI_QR
S501847,2026-04-19,Rice 5kg,Groceries,71.0,UPI_QR
S501848,2026-04-19,Oil 1L,Groceries,758.0,CASH
S501849,2026-04-19,Namkeen,Snacks,73.0,UPI_QR
S501850,2026-04-19,Dal,Groceries,277.0,CASH
S501851,2026-04-19,Rice 5kg,Groceries,45.0,UPI_QR
S501852,2026-04-19,Sugar,Groceries,156.0,UPI_QR
S501853,2026-04-19,Butter,Dairy,94.0,UPI_QR
S501854,2026-04-20,Rice 5kg,Groceries,152.0,UPI_APP
S501855,2026-04-20,Paneer,Dairy,248.0,UPI_QR
S501856,2026-04-20,Dal,Groceries,204.0,UPI_QR
S501857,2026-04-20,Chips,Snacks,118.0,CASH
S501858,2026-04-20,Atta,Groceries,640.0,CASH
S501859,2026-04-20,Dal,Groceries,28.0,UPI_QR
S501860,2026-04-21,Chips,Snacks,100.0,UPI_QR
S501861,2026-04-21,Atta,Groceries,81.0,UPI_QR
S501862,2026-04-21,Atta,Groceries,69.0,UPI_QR
S501863,2026-04-21,Chips,Snacks,121.0,CASH
S501864,2026-04-21,Rice 5kg,Groceries,240.0,UPI_QR
S501865,2026-04-21,Paneer,Dairy,85.0,UPI_QR
S501866,2026-04-21,Milk,Dairy,101.0,UPI_QR
S501867,2026-04-21,Namkeen,Snacks,279.0,UPI_QR
S501868,2026-04-22,Namkeen,Snacks,134.0,UPI_QR
S501869,2026-04-22,Rice 5kg,Groceries,78.0,CASH
S501870,2026-04-22,Sugar,Groceries,365.0,UPI_QR
S501871,2026-04-22,Rice 5kg,Groceries,106.0,UPI_QR
S501872,2026-04-22,Rice 5kg,Groceries,162.0,UPI_QR
S501873,2026-04-23,Sugar,Groceries,68.0,UPI_QR
S501874,2026-04-23,Namkeen,Snacks,323.0,UPI_QR
S501875,2026-04-23,Dal,Groceries,31.0,UPI_QR
S501876,2026-04-23,Sugar,Groceries,443.0,UPI_APP
S501877,2026-04-24,Butter,Dairy,123.0,UPI_QR
S501878,2026-04-24,Milk,Dairy,571.0,UPI_QR
S501879,2026-04-24,Namkeen,Snacks,205.0,UPI_APP
S501880,2026-04-25,Biscuits,Snacks,137.0,UPI_QR
S501881,2026-04-25,Biscuits,Snacks,191.0,UPI_QR
S501882,2026-04-25,Rice 5kg,Groceries,256.0,UPI_QR
S501883,2026-04-25,Atta,Groceries,246.0,UPI_QR
S501884,2026-04-25,Rice 5kg,Groceries,172.0,UPI_QR
S501885,2026-04-25,Rice 5kg,Groceries,366.0,UPI_QR
S501886,2026-04-25,Namkeen,Snacks,117.0,UPI_QR
S501887,2026-04-25,Oil 1L,Groceries,127.0,UPI_QR
S501888,2026-04-25,Namkeen,Snacks,104.0,CASH
S501889,2026-04-26,Chips,Snacks,138.0,UPI_QR
S501890,2026-04-26,Chips,Snacks,289.0,UPI_QR
S501891,2026-04-26,Rice 5kg,Groceries,147.0,UPI_QR
S501892,2026-04-26,Milk,Dairy,251.0,UPI_QR
S501893,2026-04-26,Chocolates,Snacks,262.0,CASH
S501894,2026-04-26,Dal,Groceries,276.0,UPI_QR
S501895,2026-04-26,Butter,Dairy,412.0,CASH
S501896,2026-04-26,Oil 1L,Groceries,478.0,UPI_QR
S501897,2026-04-26,Rice 5kg,Groceries,148.0,UPI_QR
S501898,2026-04-26,Chocolates,Snacks,462.0,UPI_QR
S501899,2026-04-26,Curd,Dairy,83.0,UPI_QR
S501900,2026-04-26,Curd,Dairy,278.0,CASH
S501901,2026-04-26,Atta,Groceries,333.0,UPI_QR
S501902,2026-04-26,Dal,Groceries,661.0,UPI_QR
S501903,2026-04-26,Paneer,Dairy,310.0,CASH
S501904,2026-04-27,Atta,Groceries,329.0,UPI_QR
S501905,2026-04-27,Biscuits,Snacks,107.0,UPI_QR
S501906,2026-04-27,Dal,Groceries,44.0,CASH
S501907,2026-04-27,Paneer,Dairy,280.0,CASH
S501908,2026-04-27,Oil 1L,Groceries,141.0,CASH
S501909,2026-04-27,Sugar,Groceries,126.0,CASH
S501910,2026-04-28,Chips,Snacks,57.0,UPI_QR
S501911,2026-04-28,Butter,Dairy,36.0,CASH
S501912,2026-04-28,Paneer,Dairy,402.0,UPI_QR
S501913,2026-04-28,Chocolates,Snacks,324.0,UPI_QR
S501914,2026-04-28,Biscuits,Snacks,304.0,UPI_QR
S501915,2026-04-29,Rice 5kg,Groceries,151.0,UPI_QR
S501916,2026-04-29,Chips,Snacks,172.0,UPI_QR
S501917,2026-04-29,Atta,Groceries,211.0,UPI_QR
S501918,2026-04-29,Milk,Dairy,38.0,UPI_QR
S501919,2026-04-29,Paneer,Dairy,116.0,CASH
S501920,2026-04-29,Oil 1L,Groceries,288.0,UPI_QR
S501921,2026-04-29,Chips,Snacks,128.0,CASH
S501922,2026-04-29,Rice 5kg,Groceries,160.0,CASH
S501923,2026-04-29,Chips,Snacks,81.0,UPI_QR
S501924,2026-04-30,Rice 5kg,Groceries,207.0,CASH
S501925,2026-04-30,Namkeen,Snacks,181.0,UPI_QR
S501926,2026-04-30,Biscuits,Snacks,160.0,UPI_QR
S501927,2026-04-30,Dal,Groceries,193.0,UPI_QR
S501928,2026-04-30,Sugar,Groceries,618.0,UPI_QR
S501929,2026-04-30,Atta,Groceries,242.0,UPI_QR
S501930,2026-05-01,Butter,Dairy,158.0,CASH
S501931,2026-05-01,Sugar,Groceries,654.0,UPI_QR
S501932,2026-05-01,Dal,Groceries,141.0,CASH
S501933,2026-05-01,Atta,Groceries,106.0,UPI_QR
S501934,2026-05-01,Rice 5kg,Groceries,99.0,UPI_QR
S501935,2026-05-01,Milk,Dairy,247.0,UPI_QR
S501936,2026-05-01,Atta,Groceries,178.0,CASH
S501937,2026-05-02,Curd,Dairy,726.0,UPI_QR
S501938,2026-05-02,Atta,Groceries,109.0,CASH
S501939,2026-05-02,Curd,Dairy,747.0,UPI_QR
S501940,2026-05-02,Milk,Dairy,55.0,UPI_QR
S501941,2026-05-02,Biscuits,Snacks,683.0,UPI_QR
S501942,2026-05-02,Dal,Groceries,95.0,UPI_QR
S501943,2026-05-02,Chips,Snacks,159.0,CASH
S501944,2026-05-02,Oil 1L,Groceries,391.0,UPI_APP
S501945,2026-05-02,Dal,Groceries,51.0,CASH
S501946,2026-05-02,Rice 5kg,Groceries,386.0,UPI_QR
S501947,2026-05-03,Biscuits,Snacks,466.0,CASH
S501948,2026-05-03,Oil 1L,Groceries,310.0,UPI_QR
S501949,2026-05-03,Oil 1L,Groceries,308.0,UPI_QR
S501950,2026-05-03,Dal,Groceries,171.0,UPI_QR
S501951,2026-05-03,Rice 5kg,Groceries,39.0,UPI_APP
S501952,2026-05-03,Butter,Dairy,242.0,CASH
S501953,2026-05-03,Sugar,Groceries,254.0,CASH
S501954,2026-05-03,Curd,Dairy,829.0,CASH
S501955,2026-05-03,Curd,Dairy,198.0,UPI_QR
S501956,2026-05-03,Namkeen,Snacks,408.0,UPI_QR
S501957,2026-05-03,Paneer,Dairy,230.0,UPI_QR
S501958,2026-05-03,Oil 1L,Groceries,156.0,CASH
S501959,2026-05-03,Dal,Groceries,189.0,UPI_QR
S501960,2026-05-04,Sugar,Groceries,395.0,UPI_QR
S501961,2026-05-04,Oil 1L,Groceries,272.0,CASH
S501962,2026-05-04,Sugar,Groceries,68.0,CASH
S501963,2026-05-04,Butter,Dairy,185.0,UPI_QR
S501964,2026-05-04,Atta,Groceries,112.0,UPI_QR
S501965,2026-05-04,Dal,Groceries,346.0,UPI_QR
S501966,2026-05-04,Dal,Groceries,548.0,UPI_QR
S501967,2026-05-04,Atta,Groceries,169.0,UPI_QR
S501968,2026-05-04,Curd,Dairy,48.0,UPI_QR
S501969,2026-05-04,Dal,Groceries,537.0,UPI_QR
S501970,2026-05-04,Rice 5kg,Groceries,121.0,CASH
S501971,2026-05-05,Milk,Dairy,192.0,UPI_QR
S501972,2026-05-05,Rice 5kg,Groceries,202.0,UPI_QR
S501973,2026-05-05,Oil 1L,Groceries,113.0,UPI_QR
S501974,2026-05-05,Milk,Dairy,201.0,UPI_QR
S501975,2026-05-05,Butter,Dairy,95.0,CASH
S501976,2026-05-05,Atta,Groceries,274.0,UPI_QR
S501977,2026-05-06,Dal,Groceries,221.0,CASH
S501978,2026-05-06,Dal,Groceries,241.0,UPI_QR
S501979,2026-05-06,Namkeen,Snacks,71.0,UPI_QR
S501980,2026-05-06,Chocolates,Snacks,306.0,UPI_QR
S501981,2026-05-06,Sugar,Groceries,272.0,UPI_QR
S501982,2026-05-06,Paneer,Dairy,118.0,UPI_QR
S501983,2026-05-06,Chocolates,Snacks,118.0,UPI_QR
S501984,2026-05-06,Dal,Groceries,220.0,CASH
S501985,2026-05-06,Atta,Groceries,280.0,CASH
S501986,2026-05-06,Rice 5kg,Groceries,110.0,UPI_QR
S501987,2026-05-07,Atta,Groceries,49.0,UPI_QR
S501988,2026-05-07,Butter,Dairy,338.0,UPI_QR
S501989,2026-05-07,Milk,Dairy,131.0,UPI_QR
S501990,2026-05-07,Chocolates,Snacks,160.0,UPI_QR
S501991,2026-05-07,Sugar,Groceries,32.0,UPI_QR
S501992,2026-05-08,Rice 5kg,Groceries,227.0,UPI_QR
S501993,2026-05-08,Namkeen,Snacks,282.0,UPI_QR
S501994,2026-05-08,Curd,Dairy,213.0,CASH
S501995,2026-05-08,Sugar,Groceries,29.0,UPI_APP
S501996,2026-05-08,Dal,Groceries,505.0,UPI_APP
S501997,2026-05-08,Dal,Groceries,149.0,CASH
S501998,2026-05-08,Paneer,Dairy,277.0,UPI_QR
S501999,2026-05-08,Oil 1L,Groceries,160.0,CASH
S502000,2026-05-08,Atta,Groceries,475.0,UPI_QR
S502001,2026-05-08,Atta,Groceries,81.0,UPI_QR
S502002,2026-05-09,Rice 5kg,Groceries,276.0,UPI_QR
S502003,2026-05-09,Atta,Groceries,70.0,UPI_QR
S502004,2026-05-09,Sugar,Groceries,613.0,UPI_QR
S502005,2026-05-09,Paneer,Dairy,82.0,CASH
S502006,2026-05-09,Atta,Groceries,163.0,UPI_QR
S502007,2026-05-09,Butter,Dairy,195.0,CASH
S502008,2026-05-09,Biscuits,Snacks,276.0,UPI_APP
S502009,2026-05-10,Sugar,Groceries,122.0,CASH
S502010,2026-05-10,Sugar,Groceries,237.0,UPI_QR
S502011,2026-05-10,Chocolates,Snacks,107.0,UPI_QR
S502012,2026-05-10,Sugar,Groceries,119.0,CASH
S502013,2026-05-10,Dal,Groceries,1329.0,UPI_APP
S502014,2026-05-10,Oil 1L,Groceries,549.0,UPI_QR
S502015,2026-05-10,Chocolates,Snacks,75.0,UPI_QR
S502016,2026-05-10,Biscuits,Snacks,342.0,UPI_QR
S502017,2026-05-10,Paneer,Dairy,261.0,CASH
S502018,2026-05-10,Curd,Dairy,260.0,UPI_QR
S502019,2026-05-10,Curd,Dairy,80.0,UPI_QR
S502020,2026-05-11,Sugar,Groceries,218.0,UPI_QR
S502021,2026-05-11,Sugar,Groceries,389.0,CASH
S502022,2026-05-11,Paneer,Dairy,106.0,CASH
S502023,2026-05-11,Namkeen,Snacks,324.0,CASH
S502024,2026-05-11,Sugar,Groceries,88.0,UPI_QR
S502025,2026-05-11,Chips,Snacks,96.0,UPI_QR
S502026,2026-05-11,Sugar,Groceries,191.0,CASH
S502027,2026-05-12,Chips,Snacks,207.0,UPI_QR
S502028,2026-05-12,Atta,Groceries,105.0,UPI_QR
S502029,2026-05-12,Chips,Snacks,326.0,UPI_QR
S502030,2026-05-12,Dal,Groceries,86.0,UPI_APP
S502031,2026-05-12,Chips,Snacks,153.0,UPI_QR
S502032,2026-05-12,Rice 5kg,Groceries,600.0,UPI_QR
S502033,2026-05-12,Oil 1L,Groceries,246.0,UPI_QR
S502034,2026-05-13,Chocolates,Snacks,376.0,UPI_QR
S502035,2026-05-13,Chips,Snacks,823.0,UPI_QR
S502036,2026-05-13,Dal,Groceries,215.0,UPI_QR
S502037,2026-05-13,Sugar,Groceries,224.0,UPI_QR
S502038,2026-05-13,Sugar,Groceries,246.0,UPI_APP
S502039,2026-05-14,Butter,Dairy,473.0,UPI_QR
S502040,2026-05-14,Oil 1L,Groceries,502.0,CASH
S502041,2026-05-14,Butter,Dairy,282.0,UPI_APP
S502042,2026-05-14,Butter,Dairy,62.0,UPI_QR
S502043,2026-05-14,Biscuits,Snacks,85.0,UPI_APP
S502044,2026-05-15,Oil 1L,Groceries,192.0,CASH
S502045,2026-05-15,Rice 5kg,Groceries,61.0,CASH
S502046,2026-05-15,Oil 1L,Groceries,228.0,UPI_QR
S502047,2026-05-15,Atta,Groceries,1469.0,UPI_QR
S502048,2026-05-15,Dal,Groceries,250.0,UPI_QR
S502049,2026-05-15,Sugar,Groceries,252.0,UPI_QR
S502050,2026-05-15,Curd,Dairy,51.0,UPI_QR
S502051,2026-05-15,Dal,Groceries,400.0,UPI_QR
S502052,2026-05-15,Atta,Groceries,80.0,UPI_QR
S502053,2026-05-15,Curd,Dairy,397.0,CASH
S502054,2026-05-15,Milk,Dairy,414.0,UPI_QR
S502055,2026-05-16,Dal,Groceries,478.0,CASH
S502056,2026-05-16,Dal,Groceries,80.0,UPI_QR
S502057,2026-05-16,Chocolates,Snacks,272.0,UPI_QR
S502058,2026-05-16,Namkeen,Snacks,136.0,UPI_QR
S502059,2026-05-16,Milk,Dairy,168.0,UPI_QR
S502060,2026-05-16,Butter,Dairy,405.0,UPI_QR
S502061,2026-05-16,Sugar,Groceries,419.0,CASH
S502062,2026-05-16,Atta,Groceries,131.0,CASH
S502063,2026-05-16,Dal,Groceries,96.0,CASH
S502064,2026-05-17,Dal,Groceries,120.0,CASH
S502065,2026-05-17,Oil 1L,Groceries,83.0,UPI_QR
S502066,2026-05-17,Oil 1L,Groceries,210.0,UPI_QR
S502067,2026-05-17,Paneer,Dairy,160.0,CASH
S502068,2026-05-17,Dal,Groceries,44.0,UPI_QR
S502069,2026-05-17,Sugar,Groceries,146.0,UPI_QR
S502070,2026-05-17,Biscuits,Snacks,628.0,CASH
S502071,2026-05-17,Rice 5kg,Groceries,262.0,CASH
S502072,2026-05-17,Chips,Snacks,69.0,UPI_QR
S502073,2026-05-18,Sugar,Groceries,169.0,CASH
S502074,2026-05-18,Rice 5kg,Groceries,203.0,UPI_QR
S502075,2026-05-18,Butter,Dairy,163.0,UPI_QR
S502076,2026-05-18,Paneer,Dairy,91.0,CASH
S502077,2026-05-18,Butter,Dairy,187.0,CASH
S502078,2026-05-18,Milk,Dairy,163.0,UPI_QR
S502079,2026-05-18,Atta,Groceries,271.0,CASH
S502080,2026-05-18,Milk,Dairy,52.0,UPI_QR
S502081,2026-05-18,Atta,Groceries,65.0,UPI_QR
S502082,2026-05-18,Butter,Dairy,473.0,CASH
S502083,2026-05-19,Butter,Dairy,270.0,CASH
S502084,2026-05-19,Dal,Groceries,155.0,UPI_QR
S502085,2026-05-19,Sugar,Groceries,218.0,UPI_QR
S502086,2026-05-19,Rice 5kg,Groceries,308.0,UPI_QR
S502087,2026-05-19,Paneer,Dairy,625.0,UPI_QR
S502088,2026-05-19,Chips,Snacks,328.0,UPI_QR
S502089,2026-05-19,Oil 1L,Groceries,107.0,UPI_QR
S502090,2026-05-20,Atta,Groceries,120.0,CASH
S502091,2026-05-20,Atta,Groceries,238.0,UPI_QR
S502092,2026-05-20,Namkeen,Snacks,633.0,UPI_QR
S502093,2026-05-20,Paneer,Dairy,124.0,CASH
S502094,2026-05-20,Atta,Groceries,85.0,UPI_QR
S502095,2026-05-20,Sugar,Groceries,105.0,UPI_APP
S502096,2026-05-20,Butter,Dairy,240.0,UPI_QR
S502097,2026-05-20,Biscuits,Snacks,262.0,CASH
S502098,2026-05-20,Dal,Groceries,274.0,UPI_QR
S502099,2026-05-20,Dal,Groceries,193.0,UPI_QR
S502100,2026-05-20,Rice 5kg,Groceries,1450.0,CASH
S502101,2026-05-20,Chocolates,Snacks,223.0,UPI_QR
S502102,2026-05-21,Rice 5kg,Groceries,72.0,CASH
S502103,2026-05-21,Atta,Groceries,34.0,CASH
S502104,2026-05-21,Oil 1L,Groceries,276.0,UPI_QR
S502105,2026-05-21,Rice 5kg,Groceries,68.0,UPI_QR
S502106,2026-05-21,Butter,Dairy,112.0,UPI_QR
S502107,2026-05-21,Dal,Groceries,127.0,UPI_QR
S502108,2026-05-21,Sugar,Groceries,306.0,UPI_QR
S502109,2026-05-21,Chips,Snacks,170.0,UPI_QR
S502110,2026-05-21,Biscuits,Snacks,118.0,CASH
S502111,2026-05-21,Chips,Snacks,239.0,UPI_QR
S502112,2026-05-22,Atta,Groceries,107.0,UPI_QR
S502113,2026-05-22,Atta,Groceries,534.0,UPI_QR
S502114,2026-05-22,Chocolates,Snacks,89.0,UPI_QR
S502115,2026-05-22,Rice 5kg,Groceries,193.0,UPI_QR
S502116,2026-05-22,Curd,Dairy,415.0,UPI_QR
S502117,2026-05-22,Rice 5kg,Groceries,26.0,CASH
S502118,2026-05-22,Butter,Dairy,159.0,UPI_QR
S502119,2026-05-23,Chips,Snacks,285.0,UPI_QR
S502120,2026-05-23,Dal,Groceries,76.0,CASH
S502121,2026-05-23,Chips,Snacks,188.0,UPI_QR
S502122,2026-05-23,Namkeen,Snacks,102.0,UPI_QR
S502123,2026-05-23,Paneer,Dairy,176.0,UPI_QR
S502124,2026-05-23,Chips,Snacks,182.0,CASH
S502125,2026-05-23,Chocolates,Snacks,520.0,CASH
S502126,2026-05-23,Chips,Snacks,139.0,CASH
S502127,2026-05-23,Oil 1L,Groceries,296.0,UPI_QR
S502128,2026-05-23,Biscuits,Snacks,78.0,UPI_QR
S502129,2026-05-23,Milk,Dairy,75.0,UPI_APP
S502130,2026-05-23,Rice 5kg,Groceries,111.0,UPI_QR
S502131,2026-05-23,Biscuits,Snacks,167.0,UPI_QR
S502132,2026-05-23,Namkeen,Snacks,412.0,UPI_QR
S502133,2026-05-23,Dal,Groceries,205.0,UPI_QR
S502134,2026-05-23,Paneer,Dairy,91.0,UPI_QR
S502135,2026-05-23,Rice 5kg,Groceries,65.0,UPI_QR
S502136,2026-05-23,Sugar,Groceries,177.0,UPI_QR
S502137,2026-05-23,Rice 5kg,Groceries,351.0,UPI_QR
S502138,2026-05-24,Butter,Dairy,120.0,UPI_QR
S502139,2026-05-24,Curd,Dairy,171.0,CASH
S502140,2026-05-24,Chips,Snacks,308.0,UPI_QR
S502141,2026-05-24,Oil 1L,Groceries,177.0,UPI_QR
S502142,2026-05-24,Oil 1L,Groceries,180.0,UPI_QR
S502143,2026-05-24,Oil 1L,Groceries,62.0,UPI_APP
S502144,2026-05-24,Dal,Groceries,376.0,UPI_APP
S502145,2026-05-24,Atta,Groceries,203.0,UPI_QR
S502146,2026-05-24,Dal,Groceries,97.0,CASH
S502147,2026-05-24,Rice 5kg,Groceries,243.0,UPI_APP
S502148,2026-05-24,Oil 1L,Groceries,354.0,UPI_QR
S502149,2026-05-24,Sugar,Groceries,89.0,UPI_QR
S502150,2026-05-24,Milk,Dairy,208.0,UPI_QR
S502151,2026-05-24,Oil 1L,Groceries,114.0,UPI_QR
S502152,2026-05-24,Rice 5kg,Groceries,158.0,CASH
S502153,2026-05-24,Rice 5kg,Groceries,141.0,CASH
S502154,2026-05-25,Oil 1L,Groceries,174.0,UPI_QR
S502155,2026-05-25,Curd,Dairy,224.0,CASH
S502156,2026-05-25,Rice 5kg,Groceries,71.0,CASH
S502157,2026-05-25,Atta,Groceries,176.0,CASH
S502158,2026-05-25,Chocolates,Snacks,227.0,UPI_QR
S502159,2026-05-25,Biscuits,Snacks,366.0,CASH
S502160,2026-05-25,Milk,Dairy,38.0,UPI_QR
S502161,2026-05-25,Butter,Dairy,128.0,UPI_QR
S502162,2026-05-26,Rice 5kg,Groceries,198.0,CASH
S502163,2026-05-26,Sugar,Groceries,289.0,UPI_APP
S502164,2026-05-26,Oil 1L,Groceries,142.0,UPI_QR
S502165,2026-05-26,Dal,Groceries,40.0,CASH
S502166,2026-05-26,Butter,Dairy,364.0,CASH
S502167,2026-05-26,Curd,Dairy,67.0,UPI_QR
S502168,2026-05-26,Sugar,Groceries,195.0,UPI_QR
S502169,2026-05-27,Paneer,Dairy,62.0,UPI_QR
S502170,2026-05-27,Namkeen,Snacks,771.0,UPI_QR
S502171,2026-05-27,Oil 1L,Groceries,223.0,CASH
S502172,2026-05-27,Paneer,Dairy,465.0,UPI_QR
S502173,2026-05-27,Butter,Dairy,523.0,UPI_QR
S502174,2026-05-28,Curd,Dairy,76.0,UPI_QR
S502175,2026-05-28,Chocolates,Snacks,168.0,UPI_QR
S502176,2026-05-28,Atta,Groceries,327.0,CASH
S502177,2026-05-28,Milk,Dairy,101.0,UPI_QR
S502178,2026-05-28,Dal,Groceries,406.0,UPI_QR
S502179,2026-05-28,Dal,Groceries,168.0,UPI_QR
S502180,2026-05-28,Sugar,Groceries,93.0,UPI_QR
S502181,2026-05-29,Butter,Dairy,39.0,UPI_QR
S502182,2026-05-29,Dal,Groceries,186.0,UPI_QR
S502183,2026-05-29,Sugar,Groceries,164.0,CASH
S502184,2026-05-29,Dal,Groceries,62.0,UPI_QR
S502185,2026-05-29,Rice 5kg,Groceries,55.0,UPI_QR
S502186,2026-05-29,Namkeen,Snacks,280.0,CASH
S502187,2026-05-29,Sugar,Groceries,69.0,UPI_QR
S502188,2026-05-29,Chips,Snacks,84.0,CASH
S502189,2026-05-29,Dal,Groceries,152.0,UPI_QR
S502190,2026-05-30,Oil 1L,Groceries,89.0,UPI_APP
S502191,2026-05-30,Dal,Groceries,161.0,UPI_QR
S502192,2026-05-30,Curd,Dairy,257.0,UPI_QR
S502193,2026-05-30,Rice 5kg,Groceries,261.0,UPI_QR
S502194,2026-05-30,Oil 1L,Groceries,176.0,CASH
S502195,2026-05-30,Oil 1L,Groceries,453.0,UPI_QR
S502196,2026-05-30,Oil 1L,Groceries,683.0,UPI_QR
S502197,2026-05-30,Atta,Groceries,295.0,UPI_QR
S502198,2026-05-30,Paneer,Dairy,147.0,UPI_QR
S502199,2026-05-30,Milk,Dairy,160.0,CASH
S502200,2026-05-30,Sugar,Groceries,558.0,UPI_QR
S502201,2026-05-30,Rice 5kg,Groceries,139.0,UPI_QR
S502202,2026-05-30,Rice 5kg,Groceries,368.0,UPI_QR
S502203,2026-05-30,Sugar,Groceries,141.0,UPI_APP
S502204,2026-05-31,Sugar,Groceries,148.0,CASH
S502205,2026-05-31,Sugar,Groceries,34.0,UPI_QR
S502206,2026-05-31,Namkeen,Snacks,99.0,CASH
S502207,2026-05-31,Atta,Groceries,389.0,UPI_QR
S502208,2026-05-31,Sugar,Groceries,77.0,UPI_QR
S502209,2026-05-31,Milk,Dairy,320.0,CASH
S502210,2026-05-31,Oil 1L,Groceries,215.0,CASH
S502211,2026-05-31,Sugar,Groceries,378.0,UPI_QR
S502212,2026-05-31,Paneer,Dairy,66.0,UPI_QR
S502213,2026-06-01,Paneer,Dairy,89.0,UPI_QR
S502214,2026-06-01,Oil 1L,Groceries,73.0,CASH
S502215,2026-06-01,Biscuits,Snacks,120.0,UPI_QR
S502216,2026-06-01,Atta,Groceries,680.0,CASH
S502217,2026-06-02,Sugar,Groceries,298.0,UPI_QR
S502218,2026-06-02,Curd,Dairy,407.0,UPI_QR
S502219,2026-06-02,Sugar,Groceries,63.0,UPI_QR
S502220,2026-06-02,Milk,Dairy,159.0,UPI_APP
S502221,2026-06-02,Atta,Groceries,197.0,CASH
S502222,2026-06-02,Chips,Snacks,184.0,UPI_QR
S502223,2026-06-02,Biscuits,Snacks,55.0,UPI_QR
S502224,2026-06-02,Oil 1L,Groceries,47.0,UPI_QR
S502225,2026-06-02,Curd,Dairy,601.0,CASH
S502226,2026-06-03,Dal,Groceries,806.0,UPI_QR
S502227,2026-06-03,Sugar,Groceries,1320.0,UPI_QR
S502228,2026-06-03,Oil 1L,Groceries,379.0,UPI_QR
S502229,2026-06-03,Atta,Groceries,203.0,UPI_QR
S502230,2026-06-03,Sugar,Groceries,240.0,UPI_QR
S502231,2026-06-03,Milk,Dairy,199.0,UPI_QR
S502232,2026-06-03,Curd,Dairy,51.0,CASH
S502233,2026-06-03,Curd,Dairy,398.0,UPI_APP
S502234,2026-06-03,Chips,Snacks,296.0,UPI_QR
S502235,2026-06-03,Milk,Dairy,34.0,UPI_QR
S502236,2026-06-03,Milk,Dairy,349.0,CASH
S502237,2026-06-03,Butter,Dairy,187.0,UPI_QR
S502238,2026-06-04,Sugar,Groceries,120.0,UPI_QR
S502239,2026-06-04,Paneer,Dairy,42.0,UPI_QR
S502240,2026-06-04,Paneer,Dairy,174.0,UPI_QR
S502241,2026-06-04,Atta,Groceries,363.0,CASH
S502242,2026-06-04,Rice 5kg,Groceries,53.0,CASH
S502243,2026-06-04,Sugar,Groceries,212.0,UPI_QR
S502244,2026-06-05,Butter,Dairy,82.0,UPI_APP
S502245,2026-06-05,Namkeen,Snacks,182.0,UPI_QR
S502246,2026-06-05,Milk,Dairy,838.0,CASH
S502247,2026-06-05,Oil 1L,Groceries,129.0,CASH
S502248,2026-06-05,Oil 1L,Groceries,94.0,UPI_QR
S502249,2026-06-05,Oil 1L,Groceries,96.0,CASH
S502250,2026-06-05,Sugar,Groceries,78.0,UPI_QR
S502251,2026-06-05,Paneer,Dairy,222.0,CASH
S502252,2026-06-05,Rice 5kg,Groceries,174.0,UPI_QR
S502253,2026-06-06,Biscuits,Snacks,58.0,UPI_QR
S502254,2026-06-06,Rice 5kg,Groceries,543.0,UPI_QR
S502255,2026-06-06,Biscuits,Snacks,146.0,UPI_QR
S502256,2026-06-06,Rice 5kg,Groceries,255.0,UPI_QR
S502257,2026-06-06,Milk,Dairy,378.0,UPI_QR
S502258,2026-06-06,Oil 1L,Groceries,148.0,UPI_QR
S502259,2026-06-06,Oil 1L,Groceries,243.0,UPI_QR
S502260,2026-06-06,Sugar,Groceries,58.0,UPI_APP
S502261,2026-06-06,Rice 5kg,Groceries,139.0,UPI_QR
S502262,2026-06-06,Namkeen,Snacks,62.0,UPI_QR
S502263,2026-06-06,Rice 5kg,Groceries,165.0,CASH
S502264,2026-06-06,Atta,Groceries,137.0,UPI_QR
S502265,2026-06-06,Curd,Dairy,75.0,CASH
S502266,2026-06-06,Atta,Groceries,207.0,UPI_QR
S502267,2026-06-06,Oil 1L,Groceries,104.0,UPI_QR
S502268,2026-06-06,Chocolates,Snacks,245.0,UPI_QR
S502269,2026-06-07,Chips,Snacks,82.0,UPI_APP
S502270,2026-06-07,Rice 5kg,Groceries,128.0,CASH
S502271,2026-06-07,Butter,Dairy,114.0,UPI_APP
S502272,2026-06-07,Sugar,Groceries,56.0,UPI_QR
S502273,2026-06-07,Butter,Dairy,118.0,UPI_QR
S502274,2026-06-07,Milk,Dairy,489.0,UPI_QR
S502275,2026-06-07,Namkeen,Snacks,270.0,UPI_QR
S502276,2026-06-07,Rice 5kg,Groceries,344.0,UPI_QR
S502277,2026-06-07,Rice 5kg,Groceries,241.0,CASH
S502278,2026-06-07,Dal,Groceries,25.0,CASH
S502279,2026-06-07,Dal,Groceries,103.0,UPI_QR
S502280,2026-06-07,Dal,Groceries,313.0,UPI_QR
S502281,2026-06-07,Atta,Groceries,592.0,UPI_QR
S502282,2026-06-07,Sugar,Groceries,66.0,UPI_QR
S502283,2026-06-08,Sugar,Groceries,113.0,UPI_APP
S502284,2026-06-08,Namkeen,Snacks,134.0,UPI_QR
S502285,2026-06-08,Oil 1L,Groceries,71.0,UPI_QR
S502286,2026-06-08,Sugar,Groceries,143.0,UPI_QR
S502287,2026-06-08,Namkeen,Snacks,107.0,UPI_QR
S502288,2026-06-08,Paneer,Dairy,59.0,CASH
S502289,2026-06-08,Oil 1L,Groceries,246.0,UPI_QR
S502290,2026-06-08,Namkeen,Snacks,125.0,UPI_QR
S502291,2026-06-08,Chips,Snacks,79.0,CASH
S502292,2026-06-09,Rice 5kg,Groceries,257.0,UPI_QR
S502293,2026-06-09,Curd,Dairy,212.0,CASH
S502294,2026-06-09,Oil 1L,Groceries,256.0,UPI_QR
S502295,2026-06-09,Namkeen,Snacks,113.0,UPI_QR
S502296,2026-06-09,Sugar,Groceries,493.0,UPI_QR
S502297,2026-06-09,Sugar,Groceries,300.0,CASH
S502298,2026-06-09,Curd,Dairy,125.0,UPI_QR
S502299,2026-06-09,Chips,Snacks,74.0,CASH
S502300,2026-06-09,Rice 5kg,Groceries,224.0,CASH
S502301,2026-06-09,Dal,Groceries,150.0,UPI_QR
S502302,2026-06-09,Paneer,Dairy,80.0,CASH
S502303,2026-06-10,Dal,Groceries,215.0,UPI_QR
S502304,2026-06-10,Curd,Dairy,217.0,UPI_QR
S502305,2026-06-10,Rice 5kg,Groceries,160.0,UPI_QR
S502306,2026-06-10,Paneer,Dairy,36.0,CASH
S502307,2026-06-10,Namkeen,Snacks,134.0,UPI_QR
S502308,2026-06-10,Dal,Groceries,1157.0,UPI_QR
S502309,2026-06-10,Butter,Dairy,273.0,UPI_QR
S502310,2026-06-11,Chocolates,Snacks,166.0,UPI_QR
S502311,2026-06-11,Sugar,Groceries,122.0,UPI_QR
S502312,2026-06-11,Namkeen,Snacks,99.0,UPI_QR
S502313,2026-06-11,Namkeen,Snacks,316.0,UPI_QR
S502314,2026-06-12,Chocolates,Snacks,25.0,UPI_QR
S502315,2026-06-12,Rice 5kg,Groceries,316.0,UPI_QR
S502316,2026-06-12,Chocolates,Snacks,290.0,UPI_QR
S502317,2026-06-12,Atta,Groceries,459.0,UPI_QR
S502318,2026-06-12,Sugar,Groceries,282.0,UPI_QR
S502319,2026-06-12,Sugar,Groceries,93.0,UPI_QR
S502320,2026-06-12,Sugar,Groceries,492.0,UPI_QR
S502321,2026-06-12,Sugar,Groceries,130.0,UPI_QR
S502322,2026-06-12,Namkeen,Snacks,143.0,UPI_QR
S502323,2026-06-12,Sugar,Groceries,210.0,UPI_QR
S502324,2026-06-12,Sugar,Groceries,127.0,CASH
S502325,2026-06-12,Rice 5kg,Groceries,81.0,CASH
S502326,2026-06-13,Milk,Dairy,131.0,UPI_QR
S502327,2026-06-13,Sugar,Groceries,188.0,UPI_APP
S502328,2026-06-13,Sugar,Groceries,188.0,UPI_QR
S502329,2026-06-13,Dal,Groceries,169.0,UPI_QR
S502330,2026-06-13,Chips,Snacks,79.0,UPI_QR
S502331,2026-06-13,Paneer,Dairy,261.0,UPI_QR
S502332,2026-06-13,Chips,Snacks,137.0,UPI_QR
S502333,2026-06-13,Paneer,Dairy,176.0,UPI_QR
S502334,2026-06-13,Curd,Dairy,122.0,UPI_QR
S502335,2026-06-13,Paneer,Dairy,671.0,UPI_APP
S502336,2026-06-13,Chips,Snacks,119.0,UPI_APP
S502337,2026-06-13,Oil 1L,Groceries,112.0,UPI_QR
S502338,2026-06-14,Atta,Groceries,162.0,UPI_QR
S502339,2026-06-14,Sugar,Groceries,1097.0,UPI_QR
S502340,2026-06-14,Biscuits,Snacks,162.0,UPI_QR
S502341,2026-06-14,Biscuits,Snacks,76.0,CASH
S502342,2026-06-14,Rice 5kg,Groceries,379.0,UPI_QR
S502343,2026-06-14,Oil 1L,Groceries,118.0,UPI_QR
S502344,2026-06-14,Milk,Dairy,126.0,UPI_QR
S502345,2026-06-15,Rice 5kg,Groceries,96.0,UPI_QR
S502346,2026-06-15,Curd,Dairy,84.0,CASH
S502347,2026-06-15,Dal,Groceries,453.0,UPI_QR
S502348,2026-06-15,Oil 1L,Groceries,219.0,UPI_QR
S502349,2026-06-15,Oil 1L,Groceries,153.0,UPI_QR
S502350,2026-06-15,Chips,Snacks,83.0,UPI_QR
S502351,2026-06-16,Namkeen,Snacks,219.0,UPI_QR
S502352,2026-06-16,Dal,Groceries,193.0,UPI_QR
S502353,2026-06-16,Butter,Dairy,109.0,UPI_QR
S502354,2026-06-16,Sugar,Groceries,163.0,CASH
S502355,2026-06-16,Curd,Dairy,68.0,UPI_QR
S502356,2026-06-16,Oil 1L,Groceries,92.0,UPI_QR
S502357,2026-06-17,Chocolates,Snacks,219.0,UPI_QR
S502358,2026-06-17,Paneer,Dairy,157.0,UPI_QR
S502359,2026-06-17,Atta,Groceries,162.0,UPI_QR
S502360,2026-06-17,Oil 1L,Groceries,106.0,UPI_QR
S502361,2026-06-17,Biscuits,Snacks,68.0,CASH
S502362,2026-06-17,Atta,Groceries,218.0,UPI_QR
S502363,2026-06-17,Oil 1L,Groceries,83.0,UPI_QR
S502364,2026-06-17,Chocolates,Snacks,433.0,CASH
S502365,2026-06-17,Rice 5kg,Groceries,216.0,UPI_QR
S502366,2026-06-17,Butter,Dairy,263.0,UPI_QR
S502367,2026-06-18,Oil 1L,Groceries,95.0,UPI_QR
S502368,2026-06-18,Paneer,Dairy,102.0,CASH
S502369,2026-06-18,Oil 1L,Groceries,242.0,UPI_QR
S502370,2026-06-18,Curd,Dairy,59.0,UPI_QR
S502371,2026-06-18,Dal,Groceries,141.0,UPI_QR
S502372,2026-06-18,Dal,Groceries,143.0,UPI_QR
S502373,2026-06-18,Rice 5kg,Groceries,37.0,UPI_QR
S502374,2026-06-19,Namkeen,Snacks,159.0,UPI_QR
S502375,2026-06-19,Chocolates,Snacks,206.0,UPI_QR
S502376,2026-06-19,Curd,Dairy,71.0,UPI_QR
S502377,2026-06-19,Rice 5kg,Groceries,340.0,UPI_QR
S502378,2026-06-19,Oil 1L,Groceries,204.0,CASH
S502379,2026-06-20,Butter,Dairy,146.0,CASH
S502380,2026-06-20,Oil 1L,Groceries,206.0,UPI_QR
S502381,2026-06-20,Chips,Snacks,61.0,UPI_QR
S502382,2026-06-20,Oil 1L,Groceries,191.0,CASH
S502383,2026-06-20,Butter,Dairy,201.0,UPI_QR
S502384,2026-06-20,Oil 1L,Groceries,619.0,UPI_QR
S502385,2026-06-20,Rice 5kg,Groceries,53.0,UPI_QR
S502386,2026-06-20,Rice 5kg,Groceries,46.0,CASH
S502387,2026-06-20,Dal,Groceries,290.0,UPI_APP
S502388,2026-06-20,Atta,Groceries,258.0,UPI_QR
S502389,2026-06-20,Oil 1L,Groceries,127.0,UPI_QR
S502390,2026-06-21,Chips,Snacks,149.0,UPI_QR
S502391,2026-06-21,Oil 1L,Groceries,84.0,CASH
S502392,2026-06-21,Atta,Groceries,276.0,UPI_QR
S502393,2026-06-21,Chips,Snacks,162.0,CASH
S502394,2026-06-21,Atta,Groceries,89.0,CASH
S502395,2026-06-21,Dal,Groceries,211.0,CASH
S502396,2026-06-21,Butter,Dairy,123.0,UPI_QR
S502397,2026-06-21,Paneer,Dairy,171.0,UPI_QR
S502398,2026-06-22,Chips,Snacks,216.0,UPI_QR
S502399,2026-06-22,Oil 1L,Groceries,86.0,CASH
S502400,2026-06-22,Rice 5kg,Groceries,192.0,UPI_QR
S502401,2026-06-23,Chocolates,Snacks,242.0,UPI_APP
S502402,2026-06-23,Atta,Groceries,42.0,CASH
S502403,2026-06-23,Paneer,Dairy,376.0,CASH
S502404,2026-06-23,Dal,Groceries,227.0,UPI_APP
S502405,2026-06-23,Atta,Groceries,308.0,UPI_QR
S502406,2026-06-23,Rice 5kg,Groceries,234.0,CASH
S502407,2026-06-23,Butter,Dairy,249.0,UPI_QR
S502408,2026-06-23,Dal,Groceries,361.0,UPI_QR
S502409,2026-06-24,Dal,Groceries,187.0,UPI_QR
S502410,2026-06-24,Sugar,Groceries,492.0,UPI_QR
S502411,2026-06-24,Sugar,Groceries,120.0,UPI_QR
S502412,2026-06-24,Oil 1L,Groceries,821.0,CASH
S502413,2026-06-24,Dal,Groceries,63.0,CASH
S502414,2026-06-24,Namkeen,Snacks,236.0,CASH
S502415,2026-06-24,Butter,Dairy,117.0,UPI_QR
S502416,2026-06-24,Chocolates,Snacks,103.0,UPI_QR
S502417,2026-06-25,Chips,Snacks,185.0,UPI_QR
S502418,2026-06-25,Atta,Groceries,40.0,UPI_QR
S502419,2026-06-25,Atta,Groceries,81.0,CASH
S502420,2026-06-25,Dal,Groceries,324.0,UPI_QR
S502421,2026-06-25,Atta,Groceries,362.0,UPI_QR
S502422,2026-06-25,Dal,Groceries,152.0,CASH
S502423,2026-06-25,Chips,Snacks,189.0,CASH
S502424,2026-06-26,Rice 5kg,Groceries,145.0,UPI_QR
S502425,2026-06-26,Atta,Groceries,57.0,CASH
S502426,2026-06-26,Paneer,Dairy,147.0,UPI_APP
S502427,2026-06-26,Dal,Groceries,500.0,UPI_QR
S502428,2026-06-26,Curd,Dairy,145.0,UPI_QR
S502429,2026-06-26,Paneer,Dairy,94.0,UPI_QR
S502430,2026-06-26,Dal,Groceries,302.0,CASH
S502431,2026-06-26,Curd,Dairy,50.0,CASH
S502432,2026-06-26,Atta,Groceries,91.0,UPI_QR
S502433,2026-06-26,Atta,Groceries,196.0,UPI_QR
S502434,2026-06-26,Oil 1L,Groceries,87.0,UPI_QR
S502435,2026-06-27,Paneer,Dairy,46.0,UPI_QR
S502436,2026-06-27,Paneer,Dairy,90.0,CASH
S502437,2026-06-27,Chocolates,Snacks,42.0,UPI_QR
S502438,2026-06-27,Chocolates,Snacks,434.0,UPI_QR
S502439,2026-06-27,Sugar,Groceries,51.0,UPI_QR
S502440,2026-06-27,Rice 5kg,Groceries,188.0,UPI_QR
S502441,2026-06-27,Butter,Dairy,797.0,CASH
S502442,2026-06-27,Oil 1L,Groceries,267.0,CASH
S502443,2026-06-27,Butter,Dairy,139.0,UPI_QR
S502444,2026-06-27,Biscuits,Snacks,131.0,CASH
S502445,2026-06-28,Biscuits,Snacks,129.0,UPI_QR
S502446,2026-06-28,Chips,Snacks,170.0,UPI_QR
S502447,2026-06-28,Curd,Dairy,323.0,UPI_QR
S502448,2026-06-28,Butter,Dairy,534.0,UPI_QR
S502449,2026-06-28,Sugar,Groceries,43.0,UPI_QR
S502450,2026-06-28,Curd,Dairy,57.0,CASH
S502451,2026-06-28,Oil 1L,Groceries,105.0,UPI_QR
S502452,2026-06-28,Dal,Groceries,152.0,UPI_QR
S502453,2026-06-28,Milk,Dairy,49.0,UPI_APP
S502454,2026-06-29,Chips,Snacks,217.0,CASH
S502455,2026-06-29,Rice 5kg,Groceries,306.0,UPI_QR
S502456,2026-06-29,Dal,Groceries,122.0,UPI_QR
S502457,2026-06-29,Sugar,Groceries,163.0,UPI_QR
S502458,2026-06-30,Oil 1L,Groceries,152.0,CASH
S502459,2026-06-30,Curd,Dairy,835.0,UPI_QR
S502460,2026-06-30,Rice 5kg,Groceries,261.0,UPI_QR
S502461,2026-06-30,Chocolates,Snacks,423.0,UPI_QR
S502462,2026-06-30,Atta,Groceries,251.0,UPI_QR
S502463,2026-07-01,Atta,Groceries,295.0,CASH
S502464,2026-07-01,Namkeen,Snacks,291.0,UPI_QR
S502465,2026-07-01,Curd,Dairy,1800.0,UPI_QR
S502466,2026-07-01,Sugar,Groceries,332.0,UPI_APP
S502467,2026-07-01,Sugar,Groceries,52.0,UPI_QR
S502468,2026-07-01,Oil 1L,Groceries,186.0,UPI_QR
S502469,2026-07-02,Chips,Snacks,65.0,CASH
S502470,2026-07-02,Rice 5kg,Groceries,118.0,CASH
S502471,2026-07-02,Sugar,Groceries,264.0,UPI_QR
S502472,2026-07-02,Rice 5kg,Groceries,279.0,UPI_QR
S502473,2026-07-02,Oil 1L,Groceries,113.0,UPI_QR
S502474,2026-07-02,Chocolates,Snacks,280.0,CASH
S502475,2026-07-02,Oil 1L,Groceries,248.0,UPI_QR
S502476,2026-07-02,Namkeen,Snacks,471.0,UPI_QR
S502477,2026-07-02,Rice 5kg,Groceries,366.0,UPI_QR
S502478,2026-07-02,Rice 5kg,Groceries,154.0,UPI_QR
S502479,2026-07-03,Chocolates,Snacks,155.0,UPI_QR
S502480,2026-07-03,Atta,Groceries,424.0,UPI_QR
S502481,2026-07-03,Dal,Groceries,232.0,UPI_APP
S502482,2026-07-03,Chocolates,Snacks,56.0,UPI_QR
S502483,2026-07-03,Rice 5kg,Groceries,480.0,UPI_QR
S502484,2026-07-03,Atta,Groceries,73.0,UPI_QR
S502485,2026-07-03,Atta,Groceries,45.0,CASH
S502486,2026-07-04,Dal,Groceries,261.0,CASH
S502487,2026-07-04,Rice 5kg,Groceries,36.0,UPI_QR
S502488,2026-07-04,Butter,Dairy,177.0,CASH
S502489,2026-07-04,Butter,Dairy,129.0,UPI_QR
S502490,2026-07-04,Paneer,Dairy,231.0,UPI_QR
S502491,2026-07-04,Dal,Groceries,167.0,CASH
S502492,2026-07-04,Curd,Dairy,343.0,UPI_APP
S502493,2026-07-04,Milk,Dairy,236.0,CASH
S502494,2026-07-04,Rice 5kg,Groceries,369.0,UPI_QR
S502495,2026-07-04,Dal,Groceries,70.0,CASH
S502496,2026-07-04,Chocolates,Snacks,104.0,UPI_QR
S502497,2026-07-04,Biscuits,Snacks,68.0,UPI_QR
S502498,2026-07-05,Butter,Dairy,80.0,UPI_QR
S502499,2026-07-05,Chocolates,Snacks,549.0,UPI_QR
S502500,2026-07-05,Butter,Dairy,229.0,UPI_QR
S502501,2026-07-05,Rice 5kg,Groceries,160.0,UPI_QR
S502502,2026-07-05,Chips,Snacks,457.0,UPI_QR
S502503,2026-07-05,Oil 1L,Groceries,70.0,UPI_QR
S502504,2026-07-05,Rice 5kg,Groceries,136.0,CASH
S502505,2026-07-05,Atta,Groceries,189.0,UPI_QR
S502506,2026-07-05,Chips,Snacks,64.0,UPI_QR
S502507,2026-07-05,Butter,Dairy,373.0,CASH
S502508,2026-07-05,Dal,Groceries,60.0,CASH
S502509,2026-07-06,Chocolates,Snacks,103.0,CASH
S502510,2026-07-06,Atta,Groceries,214.0,UPI_QR
S502511,2026-07-06,Dal,Groceries,514.0,CASH
S502512,2026-07-06,Chocolates,Snacks,199.0,UPI_QR
S502513,2026-07-06,Dal,Groceries,178.0,CASH
S502514,2026-07-06,Paneer,Dairy,65.0,UPI_QR
S502515,2026-07-06,Sugar,Groceries,82.0,UPI_QR
S502516,2026-07-06,Biscuits,Snacks,62.0,CASH
S502517,2026-07-06,Sugar,Groceries,86.0,UPI_QR
S502518,2026-07-06,Atta,Groceries,130.0,UPI_QR
S502519,2026-07-06,Curd,Dairy,225.0,CASH
S502520,2026-07-06,Chocolates,Snacks,294.0,CASH
S502521,2026-07-07,Sugar,Groceries,70.0,CASH
S502522,2026-07-07,Oil 1L,Groceries,164.0,UPI_QR
S502523,2026-07-07,Atta,Groceries,207.0,UPI_QR
S502524,2026-07-07,Butter,Dairy,141.0,UPI_QR
S502525,2026-07-08,Butter,Dairy,495.0,UPI_QR
S502526,2026-07-08,Biscuits,Snacks,159.0,UPI_APP
S502527,2026-07-08,Oil 1L,Groceries,183.0,UPI_QR
S502528,2026-07-08,Dal,Groceries,157.0,UPI_QR
S502529,2026-07-08,Chips,Snacks,213.0,UPI_QR
S502530,2026-07-08,Rice 5kg,Groceries,363.0,UPI_QR
S502531,2026-07-08,Butter,Dairy,245.0,UPI_QR
S502532,2026-07-08,Biscuits,Snacks,207.0,UPI_QR
S502533,2026-07-08,Rice 5kg,Groceries,882.0,UPI_QR
S502534,2026-07-09,Sugar,Groceries,414.0,UPI_QR
S502535,2026-07-09,Rice 5kg,Groceries,232.0,UPI_QR
S502536,2026-07-09,Atta,Groceries,246.0,CASH
S502537,2026-07-09,Oil 1L,Groceries,276.0,UPI_QR
S502538,2026-07-09,Biscuits,Snacks,58.0,UPI_QR
S502539,2026-07-09,Chips,Snacks,30.0,CASH
S502540,2026-07-09,Rice 5kg,Groceries,172.0,UPI_APP
S502541,2026-07-10,Butter,Dairy,47.0,UPI_QR
S502542,2026-07-10,Namkeen,Snacks,201.0,UPI_QR
S502543,2026-07-10,Oil 1L,Groceries,77.0,UPI_QR
S502544,2026-07-10,Sugar,Groceries,85.0,UPI_QR
S502545,2026-07-10,Biscuits,Snacks,301.0,CASH
S502546,2026-07-10,Butter,Dairy,65.0,CASH
S502547,2026-07-10,Atta,Groceries,173.0,UPI_QR
S502548,2026-07-10,Biscuits,Snacks,456.0,UPI_QR
S502549,2026-07-11,Chocolates,Snacks,222.0,UPI_QR
S502550,2026-07-11,Milk,Dairy,55.0,UPI_QR
S502551,2026-07-11,Sugar,Groceries,251.0,UPI_QR
S502552,2026-07-12,Rice 5kg,Groceries,330.0,CASH
S502553,2026-07-12,Oil 1L,Groceries,116.0,UPI_QR
S502554,2026-07-12,Biscuits,Snacks,202.0,UPI_QR
S502555,2026-07-12,Dal,Groceries,366.0,UPI_QR
S502556,2026-07-12,Dal,Groceries,86.0,CASH
S502557,2026-07-12,Atta,Groceries,238.0,UPI_QR
S502558,2026-07-12,Oil 1L,Groceries,116.0,UPI_APP
S502559,2026-07-12,Sugar,Groceries,102.0,CASH
S502560,2026-07-12,Dal,Groceries,109.0,UPI_QR
S502561,2026-07-12,Chocolates,Snacks,208.0,CASH
S502562,2026-07-13,Namkeen,Snacks,90.0,UPI_QR
S502563,2026-07-13,Dal,Groceries,188.0,UPI_QR
S502564,2026-07-13,Sugar,Groceries,34.0,CASH
S502565,2026-07-13,Oil 1L,Groceries,183.0,UPI_QR
S502566,2026-07-13,Oil 1L,Groceries,62.0,UPI_QR
S502567,2026-07-13,Atta,Groceries,289.0,UPI_QR
S502568,2026-07-13,Rice 5kg,Groceries,156.0,UPI_QR
S502569,2026-07-13,Curd,Dairy,306.0,UPI_QR
S502570,2026-07-13,Butter,Dairy,119.0,UPI_QR
S502571,2026-07-14,Paneer,Dairy,409.0,UPI_QR
S502572,2026-07-14,Atta,Groceries,245.0,UPI_QR
S502573,2026-07-14,Sugar,Groceries,232.0,UPI_QR
S502574,2026-07-14,Chips,Snacks,391.0,CASH
S502575,2026-07-14,Sugar,Groceries,333.0,UPI_QR
S502576,2026-07-14,Chips,Snacks,111.0,UPI_QR
S502577,2026-07-14,Chocolates,Snacks,400.0,UPI_QR
S502578,2026-07-14,Oil 1L,Groceries,142.0,UPI_QR
S502579,2026-07-14,Rice 5kg,Groceries,102.0,UPI_QR
S502580,2026-07-15,Atta,Groceries,91.0,CASH
S502581,2026-07-15,Atta,Groceries,247.0,CASH
S502582,2026-07-15,Butter,Dairy,161.0,CASH
S502583,2026-07-15,Biscuits,Snacks,57.0,UPI_QR
S502584,2026-07-15,Curd,Dairy,505.0,UPI_QR
S502585,2026-07-15,Curd,Dairy,601.0,UPI_APP
S502586,2026-07-15,Paneer,Dairy,331.0,UPI_QR
S502587,2026-07-15,Sugar,Groceries,237.0,CASH
S502588,2026-07-15,Atta,Groceries,703.0,CASH
S502589,2026-07-16,Atta,Groceries,386.0,UPI_QR
S502590,2026-07-16,Rice 5kg,Groceries,49.0,UPI_QR
S502591,2026-07-16,Sugar,Groceries,58.0,UPI_QR
S502592,2026-07-16,Rice 5kg,Groceries,695.0,UPI_QR
S502593,2026-07-16,Oil 1L,Groceries,131.0,UPI_QR
S502594,2026-07-16,Paneer,Dairy,170.0,CASH
S502595,2026-07-16,Sugar,Groceries,192.0,CASH
S502596,2026-07-16,Oil 1L,Groceries,260.0,UPI_APP
S502597,2026-07-16,Oil 1L,Groceries,36.0,UPI_QR
S502598,2026-07-16,Atta,Groceries,318.0,CASH
S502599,2026-07-16,Curd,Dairy,154.0,UPI_QR
S502600,2026-07-17,Atta,Groceries,238.0,UPI_QR
S502601,2026-07-17,Butter,Dairy,46.0,UPI_QR
S502602,2026-07-17,Atta,Groceries,42.0,CASH
S502603,2026-07-17,Biscuits,Snacks,86.0,UPI_QR
S502604,2026-07-17,Chips,Snacks,359.0,UPI_QR
S502605,2026-07-17,Milk,Dairy,214.0,CASH
S502606,2026-07-17,Dal,Groceries,53.0,CASH
S502607,2026-07-17,Paneer,Dairy,151.0,UPI_QR
S502608,2026-07-17,Biscuits,Snacks,214.0,CASH
S502609,2026-07-18,Butter,Dairy,52.0,UPI_QR
S502610,2026-07-18,Namkeen,Snacks,258.0,UPI_QR
S502611,2026-07-18,Chips,Snacks,88.0,UPI_QR
S502612,2026-07-18,Paneer,Dairy,137.0,UPI_QR
S502613,2026-07-18,Curd,Dairy,64.0,CASH
S502614,2026-07-18,Butter,Dairy,592.0,UPI_QR
S502615,2026-07-18,Milk,Dairy,173.0,UPI_QR
S502616,2026-07-18,Paneer,Dairy,158.0,UPI_QR
S502617,2026-07-18,Oil 1L,Groceries,308.0,UPI_QR
S502618,2026-07-18,Biscuits,Snacks,146.0,UPI_QR
S502619,2026-07-18,Namkeen,Snacks,232.0,CASH
S502620,2026-07-18,Biscuits,Snacks,150.0,UPI_QR
S502621,2026-07-18,Sugar,Groceries,122.0,CASH
S502622,2026-07-19,Oil 1L,Groceries,162.0,UPI_QR
S502623,2026-07-19,Butter,Dairy,161.0,UPI_QR
S502624,2026-07-19,Chips,Snacks,69.0,UPI_QR
S502625,2026-07-19,Oil 1L,Groceries,169.0,CASH
S502626,2026-07-19,Paneer,Dairy,123.0,CASH
S502627,2026-07-19,Oil 1L,Groceries,58.0,CASH
S502628,2026-07-19,Dal,Groceries,248.0,UPI_QR
S502629,2026-07-20,Sugar,Groceries,268.0,UPI_QR
S502630,2026-07-20,Butter,Dairy,73.0,UPI_QR
S502631,2026-07-20,Curd,Dairy,195.0,UPI_QR
S502632,2026-07-20,Namkeen,Snacks,99.0,UPI_QR
S502633,2026-07-20,Atta,Groceries,293.0,UPI_APP
S502634,2026-07-20,Atta,Groceries,93.0,UPI_QR
S502635,2026-07-20,Rice 5kg,Groceries,142.0,UPI_QR
S502636,2026-07-20,Rice 5kg,Groceries,180.0,CASH
S502637,2026-07-21,Paneer,Dairy,190.0,UPI_QR
S502638,2026-07-21,Sugar,Groceries,134.0,UPI_QR
S502639,2026-07-21,Rice 5kg,Groceries,111.0,UPI_QR
S502640,2026-07-21,Oil 1L,Groceries,92.0,UPI_QR
S502641,2026-07-21,Atta,Groceries,221.0,CASH
S502642,2026-07-21,Oil 1L,Groceries,225.0,UPI_QR
S502643,2026-07-22,Paneer,Dairy,169.0,UPI_APP
S502644,2026-07-22,Atta,Groceries,71.0,UPI_QR
S502645,2026-07-22,Atta,Groceries,251.0,UPI_QR
S502646,2026-07-22,Chips,Snacks,292.0,UPI_QR
S502647,2026-07-22,Milk,Dairy,144.0,UPI_QR
S502648,2026-07-22,Rice 5kg,Groceries,151.0,UPI_QR
S502649,2026-07-22,Milk,Dairy,97.0,UPI_QR
S502650,2026-07-23,Chips,Snacks,249.0,UPI_QR
S502651,2026-07-23,Dal,Groceries,159.0,UPI_QR
S502652,2026-07-23,Rice 5kg,Groceries,77.0,UPI_QR
S502653,2026-07-23,Atta,Groceries,381.0,UPI_APP
S502654,2026-07-23,Biscuits,Snacks,152.0,UPI_QR
S502655,2026-07-24,Atta,Groceries,760.0,CASH
S502656,2026-07-24,Namkeen,Snacks,1077.0,UPI_QR
S502657,2026-07-24,Namkeen,Snacks,71.0,UPI_APP
S502658,2026-07-24,Milk,Dairy,425.0,UPI_QR
S502659,2026-07-24,Atta,Groceries,149.0,UPI_QR
S502660,2026-07-24,Rice 5kg,Groceries,169.0,UPI_QR
S502661,2026-07-24,Butter,Dairy,84.0,UPI_QR
S502662,2026-07-24,Paneer,Dairy,111.0,CASH
S502663,2026-07-25,Atta,Groceries,48.0,UPI_QR
S502664,2026-07-25,Sugar,Groceries,211.0,UPI_QR
S502665,2026-07-25,Atta,Groceries,87.0,CASH
S502666,2026-07-25,Rice 5kg,Groceries,201.0,UPI_QR
S502667,2026-07-25,Curd,Dairy,322.0,UPI_APP
S502668,2026-07-25,Chocolates,Snacks,160.0,UPI_QR
S502669,2026-07-25,Atta,Groceries,174.0,UPI_QR
S502670,2026-07-25,Chocolates,Snacks,133.0,UPI_QR
S502671,2026-07-25,Paneer,Dairy,199.0,UPI_QR
S502672,2026-07-25,Rice 5kg,Groceries,277.0,UPI_QR
S502673,2026-07-25,Biscuits,Snacks,123.0,CASH
S502674,2026-07-25,Sugar,Groceries,280.0,UPI_QR
S502675,2026-07-25,Butter,Dairy,125.0,UPI_QR
S502676,2026-07-26,Atta,Groceries,188.0,UPI_QR
S502677,2026-07-26,Sugar,Groceries,99.0,UPI_QR
S502678,2026-07-26,Milk,Dairy,240.0,UPI_QR
S502679,2026-07-26,Milk,Dairy,150.0,UPI_QR
S502680,2026-07-26,Milk,Dairy,88.0,UPI_QR
S502681,2026-07-26,Dal,Groceries,37.0,UPI_QR
S502682,2026-07-26,Atta,Groceries,456.0,UPI_QR
S502683,2026-07-26,Atta,Groceries,276.0,UPI_APP
S502684,2026-07-26,Sugar,Groceries,359.0,UPI_QR
S502685,2026-07-26,Sugar,Groceries,120.0,CASH
S502686,2026-07-26,Oil 1L,Groceries,120.0,UPI_QR
S502687,2026-07-26,Oil 1L,Groceries,165.0,UPI_QR
S502688,2026-07-27,Rice 5kg,Groceries,149.0,UPI_QR
S502689,2026-07-27,Sugar,Groceries,160.0,UPI_APP
S502690,2026-07-27,Rice 5kg,Groceries,66.0,UPI_QR
S502691,2026-07-28,Paneer,Dairy,55.0,UPI_QR
S502692,2026-07-28,Sugar,Groceries,198.0,CASH
S502693,2026-07-28,Dal,Groceries,470.0,UPI_QR
S502694,2026-07-28,Atta,Groceries,37.0,CASH
S502695,2026-07-28,Butter,Dairy,142.0,CASH
S502696,2026-07-28,Milk,Dairy,306.0,CASH
S502697,2026-07-28,Atta,Groceries,244.0,UPI_QR
S502698,2026-07-29,Milk,Dairy,106.0,UPI_QR
S502699,2026-07-29,Oil 1L,Groceries,313.0,UPI_QR
S502700,2026-07-29,Sugar,Groceries,260.0,UPI_QR
S502701,2026-07-29,Atta,Groceries,273.0,UPI_QR
S502702,2026-07-29,Dal,Groceries,79.0,CASH
S502703,2026-07-29,Sugar,Groceries,189.0,CASH
S502704,2026-07-29,Chocolates,Snacks,254.0,UPI_QR
S502705,2026-07-30,Dal,Groceries,242.0,UPI_QR
S502706,2026-07-30,Biscuits,Snacks,69.0,UPI_QR
S502707,2026-07-30,Biscuits,Snacks,106.0,UPI_APP
S502708,2026-07-30,Oil 1L,Groceries,97.0,UPI_QR
S502709,2026-07-30,Festival hamper / bulk order,Groceries,4700.0,UPI_QR
S502710,2026-07-30,Curd,Dairy,85.0,UPI_QR
S502711,2026-07-30,Chocolates,Snacks,422.0,CASH
S502712,2026-07-30,Oil 1L,Groceries,224.0,UPI_QR
S502713,2026-07-30,Namkeen,Snacks,534.0,UPI_QR
S502714,2026-07-30,Milk,Dairy,78.0,UPI_APP
S502715,2026-07-30,Curd,Dairy,141.0,CASH
S502716,2026-07-30,Sugar,Groceries,217.0,UPI_APP
S502717,2026-07-30,Namkeen,Snacks,70.0,UPI_QR
S502718,2026-07-30,Atta,Groceries,117.0,UPI_APP
S502719,2026-07-31,Dal,Groceries,25.0,UPI_QR
S502720,2026-07-31,Milk,Dairy,109.0,CASH
S502721,2026-07-31,Rice 5kg,Groceries,181.0,UPI_QR
S502722,2026-07-31,Biscuits,Snacks,94.0,UPI_QR
S502723,2026-07-31,Dal,Groceries,377.0,UPI_QR
S502724,2026-07-31,Biscuits,Snacks,525.0,UPI_QR
S502725,2026-07-31,Sugar,Groceries,153.0,UPI_QR
S502726,2026-07-31,Rice 5kg,Groceries,240.0,UPI_QR
S502727,2026-07-31,Butter,Dairy,85.0,UPI_QR
S502728,2026-07-31,Biscuits,Snacks,489.0,UPI_QR
S502729,2026-07-31,Dal,Groceries,102.0,CASH
S502730,2026-08-01,Curd,Dairy,88.0,UPI_QR
S502731,2026-08-01,Rice 5kg,Groceries,189.0,UPI_QR
S502732,2026-08-01,Chips,Snacks,96.0,UPI_QR
S502733,2026-08-01,Dal,Groceries,70.0,UPI_QR
S502734,2026-08-01,Rice 5kg,Groceries,361.0,UPI_QR
S502735,2026-08-01,Sugar,Groceries,284.0,UPI_QR
S502736,2026-08-01,Rice 5kg,Groceries,229.0,CASH
S502737,2026-08-01,Rice 5kg,Groceries,366.0,UPI_QR
S502738,2026-08-01,Namkeen,Snacks,196.0,CASH
S502739,2026-08-01,Dal,Groceries,611.0,CASH
S502740,2026-08-01,Milk,Dairy,777.0,UPI_QR
S502741,2026-08-02,Paneer,Dairy,73.0,UPI_QR
S502742,2026-08-02,Namkeen,Snacks,56.0,CASH
S502743,2026-08-02,Rice 5kg,Groceries,25.0,UPI_QR
S502744,2026-08-02,Dal,Groceries,336.0,CASH
S502745,2026-08-02,Namkeen,Snacks,583.0,CASH
S502746,2026-08-02,Paneer,Dairy,200.0,UPI_QR
S502747,2026-08-02,Paneer,Dairy,244.0,UPI_QR
S502748,2026-08-02,Chips,Snacks,250.0,UPI_QR
S502749,2026-08-02,Butter,Dairy,278.0,UPI_QR
S502750,2026-08-02,Paneer,Dairy,36.0,UPI_QR
S502751,2026-08-03,Curd,Dairy,75.0,CASH
S502752,2026-08-03,Curd,Dairy,207.0,CASH
S502753,2026-08-03,Sugar,Groceries,157.0,CASH
S502754,2026-08-03,Chocolates,Snacks,120.0,UPI_QR
S502755,2026-08-03,Sugar,Groceries,355.0,CASH
S502756,2026-08-03,Biscuits,Snacks,102.0,UPI_QR
S502757,2026-08-03,Namkeen,Snacks,200.0,CASH
S502758,2026-08-03,Chips,Snacks,567.0,UPI_APP
S502759,2026-08-04,Chips,Snacks,143.0,CASH
S502760,2026-08-04,Curd,Dairy,124.0,UPI_QR
S502761,2026-08-04,Paneer,Dairy,19.0,CASH
S502762,2026-08-04,Rice 5kg,Groceries,52.0,UPI_QR
S502763,2026-08-04,Chips,Snacks,275.0,CASH
S502764,2026-08-04,Dal,Groceries,148.0,UPI_QR
S502765,2026-08-04,Atta,Groceries,185.0,UPI_QR
S502766,2026-08-04,Atta,Groceries,198.0,CASH
S502767,2026-08-04,Oil 1L,Groceries,153.0,UPI_QR
S502768,2026-08-04,Atta,Groceries,120.0,UPI_QR
S502769,2026-08-04,Paneer,Dairy,182.0,UPI_QR
S502770,2026-08-04,Oil 1L,Groceries,809.0,UPI_QR
S502771,2026-08-04,Chips,Snacks,636.0,UPI_QR
S502772,2026-08-04,Oil 1L,Groceries,117.0,UPI_QR
S502773,2026-08-04,Butter,Dairy,60.0,CASH
S502774,2026-08-04,Atta,Groceries,241.0,UPI_QR
S502775,2026-08-04,Paneer,Dairy,401.0,UPI_QR
S502776,2026-08-04,Oil 1L,Groceries,187.0,UPI_QR
S502777,2026-08-04,Atta,Groceries,83.0,UPI_QR
S502778,2026-08-04,Dal,Groceries,320.0,UPI_QR
S502779,2026-08-05,Biscuits,Snacks,128.0,UPI_QR
S502780,2026-08-05,Paneer,Dairy,212.0,CASH
S502781,2026-08-05,Milk,Dairy,54.0,CASH
S502782,2026-08-06,Namkeen,Snacks,134.0,UPI_QR
S502783,2026-08-06,Oil 1L,Groceries,114.0,UPI_QR
S502784,2026-08-06,Oil 1L,Groceries,167.0,UPI_QR
S502785,2026-08-06,Dal,Groceries,450.0,UPI_QR
S502786,2026-08-06,Oil 1L,Groceries,49.0,UPI_QR
S502787,2026-08-07,Chocolates,Snacks,1521.0,UPI_QR
S502788,2026-08-07,Sugar,Groceries,158.0,CASH
S502789,2026-08-07,Biscuits,Snacks,344.0,UPI_QR
S502790,2026-08-07,Atta,Groceries,85.0,UPI_QR
S502791,2026-08-08,Butter,Dairy,439.0,CASH
S502792,2026-08-08,Rice 5kg,Groceries,47.0,UPI_QR
S502793,2026-08-08,Dal,Groceries,95.0,CASH
S502794,2026-08-08,Curd,Dairy,161.0,UPI_QR
S502795,2026-08-08,Sugar,Groceries,300.0,CASH
S502796,2026-08-08,Dal,Groceries,141.0,UPI_QR
S502797,2026-08-08,Rice 5kg,Groceries,70.0,UPI_QR
S502798,2026-08-08,Butter,Dairy,201.0,CASH
S502799,2026-08-08,Atta,Groceries,192.0,CASH
S502800,2026-08-08,Dal,Groceries,511.0,UPI_QR
S502801,2026-08-08,Sugar,Groceries,211.0,UPI_QR
S502802,2026-08-08,Rice 5kg,Groceries,320.0,CASH
S502803,2026-08-08,Milk,Dairy,688.0,CASH
S502804,2026-08-08,Paneer,Dairy,207.0,UPI_QR
S502805,2026-08-08,Milk,Dairy,413.0,UPI_QR
S502806,2026-08-08,Atta,Groceries,348.0,UPI_QR
S502807,2026-08-08,Chocolates,Snacks,558.0,UPI_QR
S502808,2026-08-08,Oil 1L,Groceries,232.0,UPI_QR
S502809,2026-08-09,Curd,Dairy,195.0,UPI_QR
S502810,2026-08-09,Dal,Groceries,46.0,UPI_APP
S502811,2026-08-09,Dal,Groceries,372.0,UPI_QR
S502812,2026-08-09,Atta,Groceries,398.0,UPI_QR
S502813,2026-08-09,Atta,Groceries,101.0,UPI_QR
S502814,2026-08-09,Biscuits,Snacks,497.0,UPI_QR
S502815,2026-08-09,Sugar,Groceries,372.0,UPI_QR
S502816,2026-08-09,Rice 5kg,Groceries,213.0,UPI_QR
S502817,2026-08-10,Paneer,Dairy,141.0,UPI_QR
S502818,2026-08-10,Dal,Groceries,141.0,UPI_APP
S502819,2026-08-10,Atta,Groceries,201.0,UPI_QR
S502820,2026-08-10,Chips,Snacks,127.0,UPI_QR
S502821,2026-08-10,Oil 1L,Groceries,119.0,CASH
S502822,2026-08-10,Rice 5kg,Groceries,162.0,UPI_APP
S502823,2026-08-10,Sugar,Groceries,461.0,CASH
S502824,2026-08-10,Atta,Groceries,158.0,UPI_QR
S502825,2026-08-11,Paneer,Dairy,155.0,CASH
S502826,2026-08-11,Milk,Dairy,134.0,UPI_QR
S502827,2026-08-11,Oil 1L,Groceries,364.0,UPI_QR
S502828,2026-08-11,Biscuits,Snacks,26.0,UPI_QR
S502829,2026-08-11,Paneer,Dairy,120.0,UPI_QR
S502830,2026-08-11,Curd,Dairy,39.0,UPI_QR
S502831,2026-08-12,Paneer,Dairy,404.0,UPI_QR
S502832,2026-08-12,Atta,Groceries,320.0,UPI_QR
S502833,2026-08-12,Rice 5kg,Groceries,58.0,CASH
S502834,2026-08-12,Oil 1L,Groceries,173.0,CASH
S502835,2026-08-12,Rice 5kg,Groceries,519.0,CASH
S502836,2026-08-12,Namkeen,Snacks,94.0,UPI_QR
S502837,2026-08-12,Paneer,Dairy,86.0,CASH
S502838,2026-08-12,Sugar,Groceries,27.0,UPI_QR
S502839,2026-08-12,Atta,Groceries,96.0,UPI_QR
S502840,2026-08-12,Chocolates,Snacks,291.0,UPI_QR
S502841,2026-08-12,Butter,Dairy,58.0,UPI_APP
S502842,2026-08-12,Dal,Groceries,138.0,UPI_QR
S502843,2026-08-12,Curd,Dairy,41.0,UPI_QR
S502844,2026-08-12,Rice 5kg,Groceries,194.0,UPI_APP
S502845,2026-08-12,Curd,Dairy,152.0,UPI_QR
S502846,2026-08-12,Sugar,Groceries,194.0,CASH
S502847,2026-08-13,Dal,Groceries,317.0,UPI_QR
S502848,2026-08-13,Butter,Dairy,450.0,UPI_QR
S502849,2026-08-13,Butter,Dairy,207.0,CASH
S502850,2026-08-13,Atta,Groceries,202.0,CASH
S502851,2026-08-13,Oil 1L,Groceries,91.0,UPI_QR
S502852,2026-08-13,Atta,Groceries,164.0,UPI_QR
S502853,2026-08-13,Rice 5kg,Groceries,63.0,CASH
S502854,2026-08-13,Atta,Groceries,164.0,CASH
S502855,2026-08-13,Rice 5kg,Groceries,170.0,UPI_QR
S502856,2026-08-14,Rice 5kg,Groceries,841.0,UPI_QR
S502857,2026-08-14,Butter,Dairy,220.0,CASH
S502858,2026-08-14,Paneer,Dairy,171.0,UPI_QR
S502859,2026-08-14,Rice 5kg,Groceries,143.0,CASH
S502860,2026-08-14,Oil 1L,Groceries,532.0,UPI_QR
S502861,2026-08-14,Curd,Dairy,611.0,UPI_QR
S502862,2026-08-14,Rice 5kg,Groceries,327.0,UPI_QR
S502863,2026-08-14,Chips,Snacks,134.0,UPI_QR
S502864,2026-08-14,Dal,Groceries,99.0,UPI_QR
S502865,2026-08-14,Atta,Groceries,330.0,UPI_QR
S502866,2026-08-15,Sugar,Groceries,36.0,UPI_QR
S502867,2026-08-15,Curd,Dairy,328.0,UPI_QR
S502868,2026-08-15,Dal,Groceries,238.0,CASH
S502869,2026-08-15,Biscuits,Snacks,117.0,UPI_QR
S502870,2026-08-15,Paneer,Dairy,32.0,CASH
S502871,2026-08-15,Oil 1L,Groceries,210.0,CASH
S502872,2026-08-15,Sugar,Groceries,62.0,UPI_QR
S502873,2026-08-15,Atta,Groceries,65.0,UPI_QR
S502874,2026-08-15,Sugar,Groceries,228.0,UPI_QR
S502875,2026-08-15,Oil 1L,Groceries,116.0,UPI_QR
S502876,2026-08-15,Curd,Dairy,118.0,UPI_QR
S502877,2026-08-15,Milk,Dairy,99.0,UPI_QR
S502878,2026-08-15,Oil 1L,Groceries,387.0,CASH
S502879,2026-08-15,Oil 1L,Groceries,308.0,UPI_QR
S502880,2026-08-15,Oil 1L,Groceries,272.0,UPI_QR
S502881,2026-08-15,Paneer,Dairy,107.0,UPI_QR
S502882,2026-08-15,Rice 5kg,Groceries,94.0,UPI_QR
S502883,2026-08-15,Dal,Groceries,214.0,UPI_QR
S502884,2026-08-15,Paneer,Dairy,218.0,CASH
S502885,2026-08-16,Sugar,Groceries,417.0,UPI_QR
S502886,2026-08-16,Milk,Dairy,366.0,UPI_QR
S502887,2026-08-16,Biscuits,Snacks,187.0,UPI_QR
S502888,2026-08-16,Rice 5kg,Groceries,103.0,CASH
S502889,2026-08-16,Rice 5kg,Groceries,80.0,UPI_QR
S502890,2026-08-16,Oil 1L,Groceries,21.0,UPI_QR
S502891,2026-08-16,Atta,Groceries,252.0,UPI_QR
S502892,2026-08-16,Rice 5kg,Groceries,37.0,UPI_QR
S502893,2026-08-16,Namkeen,Snacks,298.0,UPI_QR
S502894,2026-08-16,Milk,Dairy,64.0,UPI_QR
S502895,2026-08-16,Atta,Groceries,225.0,CASH
S502896,2026-08-16,Milk,Dairy,175.0,UPI_QR
S502897,2026-08-16,Namkeen,Snacks,305.0,CASH
S502898,2026-08-17,Milk,Dairy,46.0,CASH
S502899,2026-08-17,Paneer,Dairy,79.0,CASH
S502900,2026-08-17,Milk,Dairy,56.0,CASH
S502901,2026-08-17,Chocolates,Snacks,266.0,UPI_QR
S502902,2026-08-17,Atta,Groceries,116.0,CASH
S502903,2026-08-17,Namkeen,Snacks,64.0,CASH
S502904,2026-08-17,Namkeen,Snacks,114.0,UPI_QR
S502905,2026-08-17,Atta,Groceries,100.0,UPI_QR
S502906,2026-08-18,Butter,Dairy,214.0,CASH
S502907,2026-08-18,Chips,Snacks,90.0,UPI_QR
S502908,2026-08-18,Curd,Dairy,189.0,CASH
S502909,2026-08-18,Butter,Dairy,41.0,UPI_QR
S502910,2026-08-18,Rice 5kg,Groceries,185.0,UPI_QR
S502911,2026-08-18,Curd,Dairy,111.0,UPI_QR
S502912,2026-08-19,Sugar,Groceries,229.0,UPI_QR
S502913,2026-08-19,Namkeen,Snacks,561.0,UPI_QR
S502914,2026-08-19,Atta,Groceries,440.0,UPI_QR
S502915,2026-08-19,Rice 5kg,Groceries,139.0,UPI_QR
S502916,2026-08-19,Curd,Dairy,137.0,UPI_QR
S502917,2026-08-19,Chips,Snacks,154.0,CASH
S502918,2026-08-19,Sugar,Groceries,166.0,CASH
S502919,2026-08-19,Curd,Dairy,336.0,UPI_QR
S502920,2026-08-20,Dal,Groceries,140.0,UPI_QR
S502921,2026-08-20,Chocolates,Snacks,115.0,UPI_QR
S502922,2026-08-20,Oil 1L,Groceries,208.0,UPI_QR
S502923,2026-08-20,Oil 1L,Groceries,384.0,UPI_QR
S502924,2026-08-20,Oil 1L,Groceries,531.0,UPI_QR
S502925,2026-08-20,Paneer,Dairy,371.0,UPI_QR
S502926,2026-08-20,Dal,Groceries,33.0,UPI_QR
S502927,2026-08-20,Festival hamper / bulk order,Groceries,4100.0,UPI_QR
S502928,2026-08-20,Chips,Snacks,348.0,UPI_QR
S502929,2026-08-21,Milk,Dairy,40.0,CASH
S502930,2026-08-21,Oil 1L,Groceries,101.0,UPI_QR
S502931,2026-08-21,Dal,Groceries,149.0,UPI_QR
S502932,2026-08-21,Rice 5kg,Groceries,425.0,CASH
S502933,2026-08-21,Milk,Dairy,484.0,UPI_APP
S502934,2026-08-21,Chocolates,Snacks,359.0,CASH
S502935,2026-08-21,Milk,Dairy,55.0,UPI_QR
S502936,2026-08-21,Sugar,Groceries,418.0,UPI_QR
S502937,2026-08-21,Oil 1L,Groceries,79.0,UPI_QR
S502938,2026-08-21,Oil 1L,Groceries,150.0,UPI_QR
S502939,2026-08-22,Oil 1L,Groceries,131.0,UPI_QR
S502940,2026-08-22,Dal,Groceries,129.0,UPI_QR
S502941,2026-08-22,Milk,Dairy,211.0,UPI_QR
S502942,2026-08-22,Milk,Dairy,124.0,CASH
S502943,2026-08-22,Dal,Groceries,165.0,UPI_QR
S502944,2026-08-22,Oil 1L,Groceries,225.0,CASH
S502945,2026-08-22,Rice 5kg,Groceries,96.0,UPI_QR
S502946,2026-08-22,Biscuits,Snacks,163.0,UPI_QR
S502947,2026-08-23,Milk,Dairy,88.0,UPI_QR
S502948,2026-08-23,Chocolates,Snacks,621.0,UPI_QR
S502949,2026-08-23,Butter,Dairy,86.0,CASH
S502950,2026-08-23,Oil 1L,Groceries,240.0,UPI_QR
S502951,2026-08-23,Biscuits,Snacks,124.0,UPI_QR
S502952,2026-08-23,Rice 5kg,Groceries,344.0,UPI_QR
S502953,2026-08-23,Sugar,Groceries,163.0,UPI_QR
S502954,2026-08-23,Paneer,Dairy,338.0,UPI_QR
S502955,2026-08-23,Namkeen,Snacks,178.0,UPI_QR
S502956,2026-08-23,Sugar,Groceries,368.0,CASH
S502957,2026-08-23,Chips,Snacks,189.0,CASH
S502958,2026-08-23,Chips,Snacks,382.0,UPI_QR
S502959,2026-08-24,Paneer,Dairy,177.0,UPI_QR
S502960,2026-08-24,Paneer,Dairy,197.0,CASH
S502961,2026-08-24,Sugar,Groceries,428.0,UPI_QR
S502962,2026-08-24,Dal,Groceries,97.0,UPI_QR
S502963,2026-08-24,Butter,Dairy,146.0,UPI_QR
S502964,2026-08-24,Milk,Dairy,115.0,UPI_QR
S502965,2026-08-24,Atta,Groceries,158.0,UPI_QR
S502966,2026-08-25,Rice 5kg,Groceries,154.0,UPI_QR
S502967,2026-08-25,Atta,Groceries,301.0,UPI_QR
S502968,2026-08-25,Rice 5kg,Groceries,459.0,UPI_QR
S502969,2026-08-25,Atta,Groceries,139.0,UPI_QR
S502970,2026-08-25,Biscuits,Snacks,90.0,UPI_APP
S502971,2026-08-25,Rice 5kg,Groceries,328.0,UPI_QR
S502972,2026-08-26,Oil 1L,Groceries,86.0,UPI_APP
S502973,2026-08-26,Butter,Dairy,42.0,CASH
S502974,2026-08-26,Dal,Groceries,391.0,UPI_QR
S502975,2026-08-26,Rice 5kg,Groceries,213.0,UPI_QR
S502976,2026-08-26,Atta,Groceries,157.0,UPI_QR
S502977,2026-08-27,Milk,Dairy,81.0,UPI_QR
S502978,2026-08-27,Rice 5kg,Groceries,178.0,UPI_QR
S502979,2026-08-27,Milk,Dairy,356.0,CASH
S502980,2026-08-27,Oil 1L,Groceries,41.0,CASH
S502981,2026-08-27,Rice 5kg,Groceries,127.0,CASH
S502982,2026-08-27,Sugar,Groceries,738.0,UPI_QR
S502983,2026-08-27,Rice 5kg,Groceries,294.0,UPI_QR
S502984,2026-08-27,Rice 5kg,Groceries,198.0,UPI_QR
S502985,2026-08-28,Oil 1L,Groceries,198.0,CASH
S502986,2026-08-28,Atta,Groceries,228.0,UPI_QR
S502987,2026-08-28,Paneer,Dairy,49.0,UPI_QR
S502988,2026-08-28,Namkeen,Snacks,247.0,UPI_QR
S502989,2026-08-28,Atta,Groceries,635.0,CASH
S502990,2026-08-28,Oil 1L,Groceries,509.0,UPI_APP
S502991,2026-08-28,Dal,Groceries,354.0,UPI_QR
S502992,2026-08-28,Butter,Dairy,124.0,UPI_QR
S502993,2026-08-28,Sugar,Groceries,92.0,UPI_QR
S502994,2026-08-28,Sugar,Groceries,316.0,UPI_QR
S502995,2026-08-28,Namkeen,Snacks,148.0,UPI_QR
S502996,2026-08-29,Oil 1L,Groceries,394.0,UPI_QR
S502997,2026-08-29,Oil 1L,Groceries,281.0,CASH
S502998,2026-08-29,Paneer,Dairy,124.0,UPI_QR
S502999,2026-08-29,Rice 5kg,Groceries,169.0,UPI_QR
S503000,2026-08-29,Butter,Dairy,312.0,UPI_QR
S503001,2026-08-29,Oil 1L,Groceries,137.0,UPI_QR
S503002,2026-08-29,Milk,Dairy,210.0,CASH
S503003,2026-08-29,Namkeen,Snacks,37.0,UPI_QR
S503004,2026-08-29,Milk,Dairy,292.0,UPI_QR
S503005,2026-08-29,Biscuits,Snacks,234.0,UPI_QR
S503006,2026-08-29,Festival hamper / bulk order,Groceries,3200.0,UPI_QR
S503007,2026-08-29,Butter,Dairy,411.0,UPI_QR
S503008,2026-08-29,Dal,Groceries,260.0,UPI_QR
S503009,2026-08-29,Sugar,Groceries,587.0,CASH
S503010,2026-08-30,Sugar,Groceries,69.0,UPI_QR
S503011,2026-08-30,Biscuits,Snacks,169.0,CASH
S503012,2026-08-30,Curd,Dairy,121.0,UPI_QR
S503013,2026-08-30,Oil 1L,Groceries,231.0,UPI_QR
S503014,2026-08-30,Milk,Dairy,106.0,UPI_QR
S503015,2026-08-30,Dal,Groceries,186.0,UPI_APP
S503016,2026-08-30,Milk,Dairy,67.0,UPI_QR
S503017,2026-08-31,Rice 5kg,Groceries,731.0,UPI_QR
S503018,2026-08-31,Chips,Snacks,329.0,UPI_QR
S503019,2026-08-31,Curd,Dairy,45.0,UPI_QR
S503020,2026-08-31,Biscuits,Snacks,368.0,UPI_QR
S503021,2026-08-31,Atta,Groceries,153.0,UPI_QR
S503022,2026-08-31,Rice 5kg,Groceries,202.0,CASH
S503023,2026-08-31,Dal,Groceries,73.0,UPI_QR
S503024,2026-08-31,Paneer,Dairy,251.0,UPI_QR
S503025,2026-08-31,Atta,Groceries,158.0,UPI_APP
S503026,2026-08-31,Paneer,Dairy,170.0,UPI_QR
S503027,2026-08-31,Sugar,Groceries,328.0,UPI_QR
S503028,2026-08-31,Rice 5kg,Groceries,172.0,UPI_QR
S503029,2026-09-01,Oil 1L,Groceries,232.0,UPI_QR
S503030,2026-09-01,Dal,Groceries,165.0,UPI_QR
S503031,2026-09-01,Dal,Groceries,68.0,UPI_QR
S503032,2026-09-01,Dal,Groceries,291.0,CASH
S503033,2026-09-01,Biscuits,Snacks,121.0,UPI_QR
S503034,2026-09-01,Dal,Groceries,316.0,UPI_QR
S503035,2026-09-01,Namkeen,Snacks,94.0,UPI_QR
S503036,2026-09-01,Paneer,Dairy,750.0,UPI_QR
S503037,2026-09-01,Oil 1L,Groceries,118.0,CASH
S503038,2026-09-01,Biscuits,Snacks,206.0,UPI_QR
S503039,2026-09-02,Butter,Dairy,333.0,UPI_APP
S503040,2026-09-02,Rice 5kg,Groceries,189.0,CASH
S503041,2026-09-02,Oil 1L,Groceries,168.0,UPI_APP
S503042,2026-09-02,Atta,Groceries,336.0,UPI_QR
S503043,2026-09-02,Rice 5kg,Groceries,133.0,CASH
S503044,2026-09-02,Sugar,Groceries,180.0,UPI_QR
S503045,2026-09-02,Milk,Dairy,119.0,UPI_QR
S503046,2026-09-03,Namkeen,Snacks,206.0,UPI_QR
S503047,2026-09-03,Atta,Groceries,346.0,UPI_QR
S503048,2026-09-03,Chips,Snacks,206.0,CASH
S503049,2026-09-03,Atta,Groceries,217.0,UPI_QR
S503050,2026-09-03,Festival hamper / bulk order,Groceries,5600.0,UPI_QR
S503051,2026-09-03,Oil 1L,Groceries,159.0,UPI_QR
S503052,2026-09-03,Rice 5kg,Groceries,136.0,CASH
S503053,2026-09-03,Sugar,Groceries,178.0,UPI_QR
S503054,2026-09-04,Sugar,Groceries,216.0,UPI_QR
S503055,2026-09-04,Chocolates,Snacks,167.0,UPI_QR
S503056,2026-09-04,Chocolates,Snacks,267.0,CASH
S503057,2026-09-04,Biscuits,Snacks,101.0,CASH
S503058,2026-09-04,Milk,Dairy,140.0,CASH
S503059,2026-09-04,Milk,Dairy,80.0,CASH
S503060,2026-09-04,Rice 5kg,Groceries,100.0,UPI_QR
S503061,2026-09-04,Festival hamper / bulk order,Groceries,3600.0,UPI_QR
S503062,2026-09-04,Dal,Groceries,640.0,UPI_QR
S503063,2026-09-04,Dal,Groceries,253.0,CASH
S503064,2026-09-04,Namkeen,Snacks,173.0,CASH
S503065,2026-09-04,Paneer,Dairy,198.0,UPI_QR
S503066,2026-09-05,Oil 1L,Groceries,249.0,UPI_QR
S503067,2026-09-05,Oil 1L,Groceries,120.0,UPI_QR
S503068,2026-09-05,Atta,Groceries,99.0,UPI_QR
S503069,2026-09-05,Oil 1L,Groceries,260.0,CASH
S503070,2026-09-05,Oil 1L,Groceries,81.0,UPI_QR
S503071,2026-09-05,Sugar,Groceries,110.0,CASH
S503072,2026-09-05,Sugar,Groceries,160.0,UPI_QR
S503073,2026-09-05,Chips,Snacks,327.0,UPI_QR
S503074,2026-09-05,Curd,Dairy,92.0,UPI_QR
S503075,2026-09-05,Atta,Groceries,118.0,UPI_QR
S503076,2026-09-05,Atta,Groceries,465.0,UPI_QR
S503077,2026-09-06,Atta,Groceries,59.0,UPI_QR
S503078,2026-09-06,Biscuits,Snacks,196.0,CASH
S503079,2026-09-06,Milk,Dairy,48.0,UPI_QR
S503080,2026-09-06,Dal,Groceries,260.0,CASH
S503081,2026-09-06,Paneer,Dairy,50.0,UPI_QR
S503082,2026-09-06,Milk,Dairy,136.0,UPI_QR
S503083,2026-09-06,Sugar,Groceries,308.0,CASH
S503084,2026-09-06,Namkeen,Snacks,282.0,UPI_QR
S503085,2026-09-06,Chips,Snacks,165.0,CASH
S503086,2026-09-06,Biscuits,Snacks,349.0,UPI_QR
S503087,2026-09-06,Oil 1L,Groceries,150.0,CASH
S503088,2026-09-06,Biscuits,Snacks,281.0,UPI_QR
S503089,2026-09-07,Atta,Groceries,517.0,CASH
S503090,2026-09-07,Atta,Groceries,265.0,UPI_QR
S503091,2026-09-07,Atta,Groceries,248.0,UPI_QR
S503092,2026-09-07,Sugar,Groceries,129.0,UPI_QR
S503093,2026-09-07,Biscuits,Snacks,213.0,UPI_QR
S503094,2026-09-07,Atta,Groceries,144.0,UPI_QR
S503095,2026-09-07,Curd,Dairy,139.0,UPI_QR
S503096,2026-09-07,Sugar,Groceries,195.0,UPI_QR
S503097,2026-09-08,Chocolates,Snacks,30.0,UPI_QR
S503098,2026-09-08,Oil 1L,Groceries,83.0,UPI_QR
S503099,2026-09-08,Oil 1L,Groceries,106.0,UPI_APP
S503100,2026-09-08,Chips,Snacks,114.0,CASH
S503101,2026-09-08,Atta,Groceries,112.0,UPI_QR
S503102,2026-09-08,Milk,Dairy,83.0,UPI_QR
S503103,2026-09-09,Atta,Groceries,185.0,CASH
S503104,2026-09-09,Chips,Snacks,239.0,UPI_QR
S503105,2026-09-09,Chocolates,Snacks,765.0,CASH
S503106,2026-09-09,Oil 1L,Groceries,170.0,UPI_QR
S503107,2026-09-09,Oil 1L,Groceries,104.0,UPI_QR
S503108,2026-09-09,Butter,Dairy,215.0,UPI_QR
S503109,2026-09-09,Atta,Groceries,44.0,UPI_QR
S503110,2026-09-09,Atta,Groceries,180.0,CASH
S503111,2026-09-09,Sugar,Groceries,140.0,UPI_QR
S503112,2026-09-09,Namkeen,Snacks,582.0,UPI_QR
S503113,2026-09-09,Atta,Groceries,168.0,UPI_QR
S503114,2026-09-09,Rice 5kg,Groceries,35.0,UPI_QR
S503115,2026-09-09,Dal,Groceries,260.0,UPI_QR
S503116,2026-09-10,Atta,Groceries,193.0,UPI_QR
S503117,2026-09-10,Atta,Groceries,313.0,UPI_QR
S503118,2026-09-10,Atta,Groceries,51.0,UPI_QR
S503119,2026-09-10,Rice 5kg,Groceries,240.0,CASH
S503120,2026-09-10,Atta,Groceries,185.0,UPI_QR
S503121,2026-09-10,Oil 1L,Groceries,280.0,CASH
S503122,2026-09-11,Sugar,Groceries,185.0,UPI_QR
S503123,2026-09-11,Butter,Dairy,93.0,CASH
S503124,2026-09-11,Rice 5kg,Groceries,87.0,UPI_QR
S503125,2026-09-11,Chips,Snacks,173.0,UPI_QR
S503126,2026-09-11,Milk,Dairy,162.0,UPI_QR
S503127,2026-09-12,Sugar,Groceries,165.0,UPI_QR
S503128,2026-09-12,Curd,Dairy,122.0,UPI_QR
S503129,2026-09-12,Milk,Dairy,475.0,UPI_QR
S503130,2026-09-12,Sugar,Groceries,200.0,CASH
S503131,2026-09-12,Namkeen,Snacks,126.0,CASH
S503132,2026-09-12,Biscuits,Snacks,107.0,UPI_QR
S503133,2026-09-12,Oil 1L,Groceries,328.0,UPI_QR
S503134,2026-09-12,Sugar,Groceries,457.0,UPI_QR
S503135,2026-09-13,Sugar,Groceries,492.0,UPI_QR
S503136,2026-09-13,Namkeen,Snacks,258.0,CASH
S503137,2026-09-13,Chips,Snacks,283.0,UPI_QR
S503138,2026-09-13,Rice 5kg,Groceries,456.0,UPI_QR
S503139,2026-09-13,Rice 5kg,Groceries,259.0,UPI_QR
S503140,2026-09-13,Dal,Groceries,216.0,UPI_QR
S503141,2026-09-13,Rice 5kg,Groceries,554.0,UPI_QR
S503142,2026-09-13,Rice 5kg,Groceries,612.0,UPI_QR
S503143,2026-09-14,Rice 5kg,Groceries,166.0,UPI_APP
S503144,2026-09-14,Sugar,Groceries,174.0,UPI_QR
S503145,2026-09-14,Rice 5kg,Groceries,80.0,UPI_QR
S503146,2026-09-14,Milk,Dairy,100.0,CASH
S503147,2026-09-14,Rice 5kg,Groceries,299.0,UPI_QR
S503148,2026-09-14,Dal,Groceries,236.0,UPI_QR
S503149,2026-09-14,Milk,Dairy,148.0,UPI_QR
S503150,2026-09-14,Sugar,Groceries,166.0,UPI_QR
S503151,2026-09-14,Rice 5kg,Groceries,261.0,UPI_QR
S503152,2026-09-14,Atta,Groceries,130.0,UPI_QR
S503153,2026-09-14,Biscuits,Snacks,364.0,UPI_QR
S503154,2026-09-15,Biscuits,Snacks,40.0,UPI_QR
S503155,2026-09-15,Rice 5kg,Groceries,163.0,UPI_APP
S503156,2026-09-15,Dal,Groceries,199.0,UPI_QR
S503157,2026-09-15,Oil 1L,Groceries,204.0,UPI_APP
S503158,2026-09-15,Butter,Dairy,151.0,UPI_QR
S503159,2026-09-15,Chocolates,Snacks,593.0,UPI_APP
S503160,2026-09-15,Curd,Dairy,314.0,UPI_QR
S503161,2026-09-15,Biscuits,Snacks,76.0,UPI_QR
S503162,2026-09-16,Butter,Dairy,257.0,CASH
S503163,2026-09-16,Sugar,Groceries,153.0,CASH
S503164,2026-09-16,Oil 1L,Groceries,169.0,UPI_QR
S503165,2026-09-16,Atta,Groceries,246.0,UPI_QR
S503166,2026-09-16,Rice 5kg,Groceries,445.0,UPI_QR
S503167,2026-09-16,Rice 5kg,Groceries,68.0,CASH
S503168,2026-09-16,Milk,Dairy,100.0,CASH
S503169,2026-09-16,Curd,Dairy,124.0,UPI_QR
S503170,2026-09-16,Atta,Groceries,738.0,UPI_QR
S503171,2026-09-16,Dal,Groceries,173.0,UPI_QR
S503172,2026-09-17,Oil 1L,Groceries,61.0,CASH
S503173,2026-09-17,Butter,Dairy,158.0,UPI_QR
S503174,2026-09-17,Atta,Groceries,294.0,CASH
S503175,2026-09-17,Dal,Groceries,454.0,UPI_QR
S503176,2026-09-17,Dal,Groceries,94.0,UPI_QR
S503177,2026-09-17,Oil 1L,Groceries,60.0,UPI_QR
S503178,2026-09-17,Sugar,Groceries,422.0,UPI_QR
S503179,2026-09-17,Dal,Groceries,437.0,UPI_QR
S503180,2026-09-17,Namkeen,Snacks,133.0,UPI_QR
S503181,2026-09-17,Rice 5kg,Groceries,70.0,UPI_QR
S503182,2026-09-17,Sugar,Groceries,66.0,UPI_QR
S503183,2026-09-18,Rice 5kg,Groceries,327.0,UPI_QR
S503184,2026-09-18,Rice 5kg,Groceries,40.0,CASH
S503185,2026-09-18,Dal,Groceries,154.0,UPI_QR
S503186,2026-09-18,Atta,Groceries,79.0,CASH
S503187,2026-09-18,Chocolates,Snacks,1031.0,CASH
S503188,2026-09-18,Dal,Groceries,251.0,UPI_QR
S503189,2026-09-18,Chocolates,Snacks,102.0,UPI_QR
S503190,2026-09-19,Rice 5kg,Groceries,37.0,UPI_QR
S503191,2026-09-19,Atta,Groceries,335.0,CASH
S503192,2026-09-19,Atta,Groceries,794.0,UPI_QR
S503193,2026-09-19,Curd,Dairy,382.0,UPI_QR
S503194,2026-09-19,Festival hamper / bulk order,Groceries,3500.0,UPI_QR
S503195,2026-09-19,Biscuits,Snacks,217.0,CASH
S503196,2026-09-19,Paneer,Dairy,258.0,CASH
S503197,2026-09-19,Butter,Dairy,495.0,UPI_QR
S503198,2026-09-20,Sugar,Groceries,102.0,UPI_QR
S503199,2026-09-20,Dal,Groceries,112.0,UPI_QR
S503200,2026-09-20,Biscuits,Snacks,133.0,UPI_QR
S503201,2026-09-20,Oil 1L,Groceries,140.0,UPI_QR
S503202,2026-09-20,Dal,Groceries,152.0,UPI_QR
S503203,2026-09-20,Rice 5kg,Groceries,255.0,UPI_QR
S503204,2026-09-20,Paneer,Dairy,344.0,UPI_QR
S503205,2026-09-20,Biscuits,Snacks,160.0,UPI_QR
S503206,2026-09-21,Oil 1L,Groceries,742.0,UPI_QR
S503207,2026-09-21,Oil 1L,Groceries,758.0,CASH
S503208,2026-09-21,Butter,Dairy,340.0,CASH
S503209,2026-09-21,Atta,Groceries,92.0,UPI_QR
S503210,2026-09-21,Butter,Dairy,170.0,CASH
S503211,2026-09-21,Rice 5kg,Groceries,512.0,UPI_QR
S503212,2026-09-21,Atta,Groceries,787.0,UPI_APP
S503213,2026-09-21,Oil 1L,Groceries,522.0,UPI_QR
